,n_events,n_unique_activities,n_traces,trace_len_mean,trace_len_max,number_of_ties,lempel_ziv_complexity,n_variants,ratio_variants_per_number_of_traces,distinct_activities_mean,deviation_from_random,epa_variant_entropy,epa_normalized_variant_entropy,epa_sequence_entropy,epa_normalized_sequence_entropy
Sepsis_40000_ABSENCE_0.1_3.xes,579426,16,40000,14.48565,185,30,59558,882,0.02205,9.131271718207044,0.7874855922406337,42339.73146129206,0.6987036354097291,2882531.185785678,0.37489692620165116
BPIC2012_40000_INSERTION_0.2_4.xes,799519,65,40000,19.987975,175,94,52336,4238,0.10595,8.173445663858404,0.7515117913026519,42339.73146129206,0.6987036354097291,2882531.185785678,0.37489692620165116
BPIC2012_20000_SUBSTITUTION_0.1_3.xes,396166,35,20000,19.8083,175,47,28878,3528,0.1764,8.136643167841608,0.7526947044632546,42339.73146129206,0.6987036354097291,2882531.185785678,0.37489692620165116
BPIC2012_1000_INSERTION_0.4_4.xes,19599,25,1000,19.599,159,31,2486,434,0.434,8.0999000999001,0.7546120384704633,42339.73146129206,0.6987036354097291,2882531.185785678,0.37489692620165116
BPIC2012_20000_MIXED_10.0_5.xes,396205,514,20000,19.81025,175,698,30024,4779,0.23895,8.143992800359982,0.7520866912802966,42339.73146129206,0.6987036354097291,2882531.185785678,0.37489692620165116
RTFMS_4000_SUBSTITUTION_0.4_3.xes,14915,19,4000,3.72875,12,37,1543,64,0.016,3.6798300424893777,0.593132930590659,42339.73146129206,0.6987036354097291,2882531.185785678,0.37489692620165116
Sepsis_1000_ORDERING_0.4_1.xes,13900,16,1000,13.9,118,24,2549,542,0.542,9.031968031968033,0.7895959953171343,42339.73146129206,0.6987036354097291,2882531.185785678,0.37489692620165116
BPIC2012_40000_SUBSTITUTION_10.0_4.xes,799439,2048,40000,19.985975,175,2458,54580,7418,0.18545,8.19192020199495,0.7526636696540013,42339.73146129206,0.6987036354097291,2882531.185785678,0.37489692620165116
BPIC2012_4000_ABSENCE_1.0_3.xes,79163,24,4000,19.79075,175,33,7627,1384,0.346,8.170957260684828,0.756297491306267,42339.73146129206,0.6987036354097291,2882531.185785678,0.37489692620165116
Sepsis_10000_SUBSTITUTION_2.0_3.xes,142645,119,10000,14.2645,185,211,18400,1037,0.1037,9.077892210778922,0.7795704166530454,42339.73146129206,0.6987036354097291,2882531.185785678,0.37489692620165116
Sepsis_4000_INSERTION_1.0_4.xes,57048,41,4000,14.262,185,79,8453,866,0.2165,9.090727318170458,0.7816276967194181,42339.73146129206,0.6987036354097291,2882531.185785678,0.37489692620165116
Sepsis_20000_INSERTION_4.0_5.xes,289334,417,20000,14.4667,185,711,33677,1628,0.0814,9.146892655367232,0.7792374039197014,42339.73146129206,0.6987036354097291,2882531.185785678,0.37489692620165116
BPIC2012_10000_ORDERING_0.2_4.xes,198864,24,10000,19.8864,175,26,16286,2516,0.2516,8.17988201179882,0.7546642031052054,42339.73146129206,0.6987036354097291,2882531.185785678,0.37489692620165116
Sepsis_100000_MIXED_0.1_4.xes,1449819,39,100000,14.49819,185,65,126810,942,0.00942,9.143718562814373,0.7802080144117882,42339.73146129206,0.6987036354097291,2882531.185785678,0.37489692620165116
RTFMS_100000_ORDERING_10.0_5.xes,373119,11,100000,3.73119,17,5,29310,414,0.00414,3.6791232087679124,0.6270911708876807,42339.73146129206,0.6987036354097291,2882531.185785678,0.37489692620165116
RTFMS_4000_ABSENCE_0.1_2.xes,14911,11,4000,3.72775,12,23,1519,50,0.0125,3.6795801049737564,0.599182523207189,42339.73146129206,0.6987036354097291,2882531.185785678,0.37489692620165116
Sepsis_10000_INSERTION_2.0_2.xes,142845,104,10000,14.2845,185,187,18405,1046,0.1046,9.09039096090391,0.7795663015787702,42339.73146129206,0.6987036354097291,2882531.185785678,0.37489692620165116
Sepsis_2000_ABSENCE_10.0_3.xes,28187,16,2000,14.0935,185,28,4679,892,0.446,8.987506246876562,0.789300991993124,42339.73146129206,0.6987036354097291,2882531.185785678,0.37489692620165116
Sepsis_10000_ABSENCE_0.4_1.xes,142605,16,10000,14.2605,185,30,18273,884,0.0884,9.075592440755925,0.7879122795285831,42339.73146129206,0.6987036354097291,2882531.185785678,0.37489692620165116
RTFMS_10000_MIXED_0.1_5.xes,37500,13,10000,3.75,12,26,3304,77,0.0077,3.698230176982302,0.598834339894032,42339.73146129206,0.6987036354097291,2882531.185785678,0.37489692620165116
RTFMS_1000_SUBSTITUTION_10.0_2.xes,3785,63,1000,3.785,10,94,558,104,0.104,3.704295704295704,0.6093794909978355,42339.73146129206,0.6987036354097291,2882531.185785678,0.37489692620165116
BPIC2012_20000_MIXED_0.4_5.xes,396173,45,20000,19.80865,175,62,28913,3573,0.17865,8.136943152842358,0.7520712865182575,42339.73146129206,0.6987036354097291,2882531.185785678,0.37489692620165116
BPIC2012_100000_MIXED_4.0_3.xes,1996853,1019,100000,19.96853,175,1295,116945,7084,0.07084,8.159768402315978,0.7515534286390315,42339.73146129206,0.6987036354097291,2882531.185785678,0.37489692620165116
BPIC2012_20000_ABSENCE_0.2_1.xes,396126,24,20000,19.8063,175,32,28886,3541,0.17705,8.135293235338233,0.7545428050805507,42339.73146129206,0.6987036354097291,2882531.185785678,0.37489692620165116
BPIC2012_1000_INSERTION_0.2_2.xes,19597,25,1000,19.597,159,30,2489,432,0.432,8.0999000999001,0.7545560009639893,42339.73146129206,0.6987036354097291,2882531.185785678,0.37489692620165116
RTFMS_10000_SUBSTITUTION_10.0_1.xes,37497,502,10000,3.7497,12,694,3862,687,0.0687,3.6682331766823317,0.6106994924733431,42339.73146129206,0.6987036354097291,2882531.185785678,0.37489692620165116
RTFMS_4000_SUBSTITUTION_4.0_5.xes,14915,88,4000,3.72875,12,135,1628,164,0.041,3.6680829792551863,0.5968116863408859,42339.73146129206,0.6987036354097291,2882531.185785678,0.37489692620165116
RTFMS_2000_ABSENCE_2.0_1.xes,7418,11,2000,3.709,11,22,877,46,0.023,3.6626686656671663,0.598895521629376,42339.73146129206,0.6987036354097291,2882531.185785678,0.37489692620165116
RTFMS_1000_SUBSTITUTION_10.0_4.xes,3785,57,1000,3.785,10,87,559,97,0.097,3.698301698301698,0.6068660846523796,42339.73146129206,0.6987036354097291,2882531.185785678,0.37489692620165116
RTFMS_4000_SUBSTITUTION_4.0_4.xes,14915,81,4000,3.72875,12,122,1618,157,0.03925,3.6665833541614594,0.5963719106417874,42339.73146129206,0.6987036354097291,2882531.185785678,0.37489692620165116
BPIC2012_1000_INSERTION_0.1_3.xes,19596,24,1000,19.596,159,29,2486,430,0.43,8.098901098901099,0.7548524408080693,42339.73146129206,0.6987036354097291,2882531.185785678,0.37489692620165116
Sepsis_100000_INSERTION_0.4_4.xes,1450219,214,100000,14.50219,185,378,126990,1241,0.01241,9.146258537414626,0.7788412226983652,42339.73146129206,0.6987036354097291,2882531.185785678,0.37489692620165116
RTFMS_4000_ABSENCE_10.0_1.xes,14515,11,4000,3.62875,12,26,1664,72,0.018,3.5823544113971506,0.6034248799561401,42339.73146129206,0.6987036354097291,2882531.185785678,0.37489692620165116
RTFMS_100000_ABSENCE_0.2_4.xes,372919,11,100000,3.72919,17,17,24079,194,0.00194,3.677143228567714,0.601842358016182,42339.73146129206,0.6987036354097291,2882531.185785678,0.37489692620165116
Sepsis_10000_MIXED_4.0_4.xes,142641,113,10000,14.2641,185,193,18457,1225,0.1225,9.076592340765924,0.779919026794743,42339.73146129206,0.6987036354097291,2882531.185785678,0.37489692620165116
BPIC2012_4000_MIXED_0.2_3.xes,79204,28,4000,19.801,175,30,7629,1372,0.343,8.17845538615346,0.755404882957416,42339.73146129206,0.6987036354097291,2882531.185785678,0.37489692620165116
RTFMS_2000_MIXED_1.0_1.xes,7458,16,2000,3.729,11,27,882,52,0.026,3.6796601699150426,0.5953574063452509,42339.73146129206,0.6987036354097291,2882531.185785678,0.37489692620165116
Sepsis_20000_SUBSTITUTION_10.0_5.xes,288534,1016,20000,14.4267,185,1717,34222,2794,0.1397,9.12014399280036,0.7808743950441082,42339.73146129206,0.6987036354097291,2882531.185785678,0.37489692620165116
Sepsis_20000_INSERTION_2.0_3.xes,288934,200,20000,14.4467,185,364,33390,1240,0.062,9.133443327833609,0.7787708748115263,42339.73146129206,0.6987036354097291,2882531.185785678,0.37489692620165116
Sepsis_1000_SUBSTITUTION_10.0_3.xes,13900,69,1000,13.9,118,122,2597,607,0.607,9.028971028971029,0.7836664059867707,42339.73146129206,0.6987036354097291,2882531.185785678,0.37489692620165116
Sepsis_40000_ORDERING_1.0_1.xes,579466,16,40000,14.48665,185,26,59756,1196,0.0299,9.132046698832529,0.7877236147008619,42339.73146129206,0.6987036354097291,2882531.185785678,0.37489692620165116
Sepsis_40000_INSERTION_0.4_4.xes,579626,94,40000,14.49065,185,171,59688,1003,0.025075,9.134471638209044,0.7788259493286263,42339.73146129206,0.6987036354097291,2882531.185785678,0.37489692620165116
Sepsis_100000_SUBSTITUTION_10.0_1.xes,1449819,4627,100000,14.49819,185,8035,132452,10132,0.10132,9.140758592414075,0.7812226266528525,42339.73146129206,0.6987036354097291,2882531.185785678,0.37489692620165116
BPIC2012_100000_ORDERING_0.2_5.xes,1996892,24,100000,19.96892,175,36,114856,4458,0.04458,8.156708432915671,0.7546834528819031,42339.73146129206,0.6987036354097291,2882531.185785678,0.37489692620165116
RTFMS_100000_SUBSTITUTION_0.2_5.xes,373119,109,100000,3.73119,17,153,24064,310,0.0031,3.6784932150678493,0.5919850527046573,42339.73146129206,0.6987036354097291,2882531.185785678,0.37489692620165116
RTFMS_100000_MIXED_0.2_5.xes,373100,42,100000,3.731,17,53,24127,271,0.00271,3.6785432145678545,0.5925064437455158,42339.73146129206,0.6987036354097291,2882531.185785678,0.37489692620165116
Sepsis_2000_INSERTION_0.4_5.xes,28395,19,2000,14.1975,185,36,4677,752,0.376,9.063968015992003,0.7861000349758017,42339.73146129206,0.6987036354097291,2882531.185785678,0.37489692620165116
Sepsis_4000_ABSENCE_4.0_2.xes,56848,16,4000,14.212,185,29,8437,966,0.2415,9.052236940764809,0.7892037608089945,42339.73146129206,0.6987036354097291,2882531.185785678,0.37489692620165116
Sepsis_4000_ABSENCE_0.1_2.xes,57004,16,4000,14.251,185,30,8415,831,0.20775,9.083479130217446,0.7891170684735854,42339.73146129206,0.6987036354097291,2882531.185785678,0.37489692620165116
BPIC2012_2000_MIXED_10.0_4.xes,38859,73,2000,19.4295,159,109,4419,871,0.4355,8.083958020989506,0.755095274384168,42339.73146129206,0.6987036354097291,2882531.185785678,0.37489692620165116
RTFMS_20000_MIXED_0.2_1.xes,74710,23,20000,3.7355,12,39,5987,124,0.0062,3.6832658367081645,0.5944205065201654,42339.73146129206,0.6987036354097291,2882531.185785678,0.37489692620165116
Sepsis_2000_ORDERING_0.2_1.xes,28387,16,2000,14.1935,185,28,4657,749,0.3745,9.061969015492254,0.7887732434442078,42339.73146129206,0.6987036354097291,2882531.185785678,0.37489692620165116
RTFMS_1000_MIXED_0.2_4.xes,3785,12,1000,3.785,10,21,502,28,0.028,3.734265734265734,0.5983691009261798,42339.73146129206,0.6987036354097291,2882531.185785678,0.37489692620165116
Sepsis_2000_ABSENCE_0.4_3.xes,28379,16,2000,14.1895,185,29,4666,751,0.3755,9.05897051474263,0.7887153094042696,42339.73146129206,0.6987036354097291,2882531.185785678,0.37489692620165116
Sepsis_2000_INSERTION_0.1_1.xes,28389,17,2000,14.1945,185,31,4652,748,0.374,9.06296851574213,0.7876672321068554,42339.73146129206,0.6987036354097291,2882531.185785678,0.37489692620165116
Sepsis_2000_INSERTION_0.2_3.xes,28391,19,2000,14.1955,185,34,4655,748,0.374,9.063468265867067,0.7860669877059596,42339.73146129206,0.6987036354097291,2882531.185785678,0.37489692620165116
RTFMS_2000_INSERTION_0.4_1.xes,7466,14,2000,3.733,11,26,871,42,0.021,3.68415792103948,0.5955329423012534,42339.73146129206,0.6987036354097291,2882531.185785678,0.37489692620165116
Sepsis_40000_ORDERING_2.0_2.xes,579466,16,40000,14.48665,185,19,60036,1529,0.038225,9.132046698832529,0.7880172264799572,42339.73146129206,0.6987036354097291,2882531.185785678,0.37489692620165116
RTFMS_40000_ORDERING_4.0_1.xes,148998,11,40000,3.72495,16,13,11880,245,0.006125,3.6725081872953176,0.6123093925326235,42339.73146129206,0.6987036354097291,2882531.185785678,0.37489692620165116
Sepsis_4000_ORDERING_2.0_2.xes,57008,16,4000,14.252,185,27,8459,898,0.2245,9.083979005248688,0.7896848344441801,42339.73146129206,0.6987036354097291,2882531.185785678,0.37489692620165116
BPIC2012_4000_ABSENCE_10.0_2.xes,78803,24,4000,19.70075,175,35,7738,1488,0.372,8.123969007748062,0.7560652167729461,42339.73146129206,0.6987036354097291,2882531.185785678,0.37489692620165116
BPIC2012_10000_ABSENCE_4.0_4.xes,198464,24,10000,19.8464,175,33,16352,2666,0.2666,8.156984301569842,0.7545364967842243,42339.73146129206,0.6987036354097291,2882531.185785678,0.37489692620165116
RTFMS_10000_INSERTION_10.0_4.xes,38497,489,10000,3.8497,12,751,3905,711,0.0711,3.7661233876612337,0.6108413340680028,42339.73146129206,0.6987036354097291,2882531.185785678,0.37489692620165116
BPIC2012_40000_INSERTION_0.2_1.xes,799519,59,40000,19.987975,175,82,52340,4238,0.10595,8.173395665108373,0.7516136749983803,42339.73146129206,0.6987036354097291,2882531.185785678,0.37489692620165116
Sepsis_10000_ABSENCE_10.0_2.xes,141645,16,10000,14.1645,185,31,18395,1634,0.1634,9.002699730026997,0.7883141994894355,42339.73146129206,0.6987036354097291,2882531.185785678,0.37489692620165116
Sepsis_2000_MIXED_1.0_1.xes,28392,21,2000,14.196,185,38,4679,763,0.3815,9.063968015992003,0.7851556365050653,42339.73146129206,0.6987036354097291,2882531.185785678,0.37489692620165116
RTFMS_4000_ABSENCE_0.2_1.xes,14907,11,4000,3.72675,12,24,1530,53,0.01325,3.6788302924268934,0.5992541294418634,42339.73146129206,0.6987036354097291,2882531.185785678,0.37489692620165116
Sepsis_100000_INSERTION_4.0_2.xes,1453819,1860,100000,14.53819,186,3256,129305,4657,0.04657,9.167768322316777,0.7796481514402203,42339.73146129206,0.6987036354097291,2882531.185785678,0.37489692620165116
RTFMS_100000_ORDERING_0.2_4.xes,373119,11,100000,3.73119,17,8,24125,207,0.00207,3.6791232087679124,0.6022556465493356,42339.73146129206,0.6987036354097291,2882531.185785678,0.37489692620165116
Sepsis_20000_MIXED_0.2_4.xes,288533,26,20000,14.42665,185,46,33192,885,0.04425,9.121293935303235,0.7816533753414534,42339.73146129206,0.6987036354097291,2882531.185785678,0.37489692620165116
BPIC2012_4000_ABSENCE_1.0_2.xes,79163,24,4000,19.79075,175,28,7648,1381,0.34525,8.170457385653586,0.7562791566140732,42339.73146129206,0.6987036354097291,2882531.185785678,0.37489692620165116
RTFMS_4000_SUBSTITUTION_10.0_2.xes,14915,219,4000,3.72875,12,299,1753,336,0.084,3.653586603349163,0.6089553629604685,42339.73146129206,0.6987036354097291,2882531.185785678,0.37489692620165116
BPIC2012_10000_SUBSTITUTION_4.0_2.xes,198864,244,10000,19.8864,175,328,16506,2813,0.2813,8.188081191880812,0.7517827474457257,42339.73146129206,0.6987036354097291,2882531.185785678,0.37489692620165116
Sepsis_20000_SUBSTITUTION_2.0_5.xes,288534,207,20000,14.4267,185,355,33381,1246,0.0623,9.12014399280036,0.778825696978771,42339.73146129206,0.6987036354097291,2882531.185785678,0.37489692620165116
BPIC2012_2000_INSERTION_2.0_4.xes,38918,43,2000,19.459,159,59,4336,805,0.4025,8.093953023488256,0.7551737004579337,42339.73146129206,0.6987036354097291,2882531.185785678,0.37489692620165116
Sepsis_100000_ABSENCE_4.0_3.xes,1445819,16,100000,14.45819,185,31,127572,3471,0.03471,9.114168858311418,0.7878981639590701,42339.73146129206,0.6987036354097291,2882531.185785678,0.37489692620165116
Sepsis_40000_MIXED_1.0_3.xes,579485,123,40000,14.487125,185,214,59862,1223,0.030575,9.131821704457389,0.778831217539368,42339.73146129206,0.6987036354097291,2882531.185785678,0.37489692620165116
Sepsis_2000_SUBSTITUTION_0.1_4.xes,28387,18,2000,14.1935,185,33,4644,748,0.374,9.061969015492254,0.786791455342257,42339.73146129206,0.6987036354097291,2882531.185785678,0.37489692620165116
RTFMS_2000_ORDERING_2.0_1.xes,7458,11,2000,3.729,11,15,898,51,0.0255,3.6816591704147927,0.6037660227330561,42339.73146129206,0.6987036354097291,2882531.185785678,0.37489692620165116
BPIC2012_20000_ABSENCE_4.0_1.xes,395366,24,20000,19.7683,175,36,29120,3858,0.1929,8.113344332783361,0.7544133669561044,42339.73146129206,0.6987036354097291,2882531.185785678,0.37489692620165116
RTFMS_100000_MIXED_2.0_4.xes,373116,443,100000,3.73116,17,631,25226,904,0.00904,3.6756932430675695,0.5950043201930324,42339.73146129206,0.6987036354097291,2882531.185785678,0.37489692620165116
Sepsis_10000_INSERTION_4.0_5.xes,143045,225,10000,14.3045,185,403,18553,1239,0.1239,9.103989601039896,0.7799079798513616,42339.73146129206,0.6987036354097291,2882531.185785678,0.37489692620165116
RTFMS_40000_ABSENCE_10.0_5.xes,144998,11,40000,3.62495,16,22,11960,186,0.00465,3.574585635359116,0.6058456132943466,42339.73146129206,0.6987036354097291,2882531.185785678,0.37489692620165116
RTFMS_20000_SUBSTITUTION_10.0_4.xes,74702,962,20000,3.7351,12,1318,7081,1223,0.06115,3.6532673366331685,0.6110270720159003,42339.73146129206,0.6987036354097291,2882531.185785678,0.37489692620165116
RTFMS_4000_MIXED_4.0_4.xes,14904,39,4000,3.726,12,69,1626,133,0.03325,3.670582354411397,0.5966253313326291,42339.73146129206,0.6987036354097291,2882531.185785678,0.37489692620165116
BPIC2012_40000_ABSENCE_1.0_4.xes,799039,24,40000,19.975975,175,33,52406,4373,0.109325,8.166420839479013,0.7544875271816682,42339.73146129206,0.6987036354097291,2882531.185785678,0.37489692620165116
Sepsis_4000_INSERTION_10.0_2.xes,57408,207,4000,14.352,185,370,8650,1218,0.3045,9.144213946513371,0.7825337330425173,42339.73146129206,0.6987036354097291,2882531.185785678,0.37489692620165116
BPIC2012_4000_MIXED_0.1_2.xes,79202,26,4000,19.8005,175,30,7637,1368,0.342,8.177955511122219,0.7558169220881665,42339.73146129206,0.6987036354097291,2882531.185785678,0.37489692620165116
BPIC2012_20000_SUBSTITUTION_0.1_2.xes,396166,35,20000,19.8083,175,42,28884,3526,0.1763,8.136593170341483,0.7526913971100655,42339.73146129206,0.6987036354097291,2882531.185785678,0.37489692620165116
BPIC2012_20000_MIXED_4.0_2.xes,396161,218,20000,19.80805,175,293,29344,4032,0.2016,8.138443077846107,0.7514700110771635,42339.73146129206,0.6987036354097291,2882531.185785678,0.37489692620165116
BPIC2012_2000_MIXED_0.4_5.xes,38880,27,2000,19.44,159,31,4314,783,0.3915,8.08095952023988,0.7566125715386767,42339.73146129206,0.6987036354097291,2882531.185785678,0.37489692620165116
Sepsis_2000_ORDERING_0.2_3.xes,28387,16,2000,14.1935,185,28,4654,748,0.374,9.061969015492254,0.7887439944205521,42339.73146129206,0.6987036354097291,2882531.185785678,0.37489692620165116
Sepsis_2000_ORDERING_10.0_1.xes,28387,16,2000,14.1935,185,31,4729,894,0.447,9.061969015492254,0.7911294057805982,42339.73146129206,0.6987036354097291,2882531.185785678,0.37489692620165116
RTFMS_100000_ABSENCE_10.0_5.xes,363119,11,100000,3.63119,17,17,26851,278,0.00278,3.580964190358096,0.6054528303609317,42339.73146129206,0.6987036354097291,2882531.185785678,0.37489692620165116
BPIC2012_10000_ABSENCE_1.0_5.xes,198764,24,10000,19.8764,175,30,16273,2551,0.2551,8.174482551744825,0.7545833115087179,42339.73146129206,0.6987036354097291,2882531.185785678,0.37489692620165116
BPIC2012_100000_MIXED_10.0_4.xes,1996897,2479,100000,19.96897,175,3091,120109,10687,0.10687,8.164758352416476,0.7521723004493721,42339.73146129206,0.6987036354097291,2882531.185785678,0.37489692620165116
RTFMS_100000_ORDERING_4.0_1.xes,373119,11,100000,3.73119,17,10,26550,349,0.00349,3.6791232087679124,0.611985089735183,42339.73146129206,0.6987036354097291,2882531.185785678,0.37489692620165116
BPIC2012_2000_ORDERING_10.0_1.xes,38878,24,2000,19.439,159,42,4434,831,0.4155,8.080459770114942,0.7581630125618949,42339.73146129206,0.6987036354097291,2882531.185785678,0.37489692620165116
RTFMS_100000_SUBSTITUTION_1.0_1.xes,373119,502,100000,3.73119,17,686,24618,793,0.00793,3.6761332386676133,0.5934749825847655,42339.73146129206,0.6987036354097291,2882531.185785678,0.37489692620165116
BPIC2012_1000_MIXED_0.1_5.xes,19595,24,1000,19.595,159,29,2489,431,0.431,8.098901098901099,0.7548388823468115,42339.73146129206,0.6987036354097291,2882531.185785678,0.37489692620165116
RTFMS_4000_MIXED_1.0_1.xes,14923,23,4000,3.73075,12,42,1565,80,0.02,3.6810797300674833,0.5936099832587685,42339.73146129206,0.6987036354097291,2882531.185785678,0.37489692620165116
BPIC2012_1000_ABSENCE_4.0_4.xes,19555,24,1000,19.555,159,30,2491,443,0.443,8.072927072927072,0.754639840150577,42339.73146129206,0.6987036354097291,2882531.185785678,0.37489692620165116
Sepsis_4000_ORDERING_2.0_5.xes,57008,16,4000,14.252,185,27,8464,901,0.22525,9.083979005248688,0.7895863573904118,42339.73146129206,0.6987036354097291,2882531.185785678,0.37489692620165116
Sepsis_40000_MIXED_0.4_4.xes,579466,47,40000,14.48665,185,75,59681,998,0.02495,9.131671708207294,0.7795879061888334,42339.73146129206,0.6987036354097291,2882531.185785678,0.37489692620165116
BPIC2012_10000_INSERTION_0.1_1.xes,198874,28,10000,19.8874,175,31,16251,2510,0.251,8.18048195180482,0.7537247118044266,42339.73146129206,0.6987036354097291,2882531.185785678,0.37489692620165116
RTFMS_100000_MIXED_10.0_2.xes,373180,2446,100000,3.7318,17,3463,29210,3279,0.03279,3.6654833451665483,0.6087030287051327,42339.73146129206,0.6987036354097291,2882531.185785678,0.37489692620165116
RTFMS_10000_INSERTION_0.2_5.xes,37517,22,10000,3.7517,12,41,3303,85,0.0085,3.6994300569943004,0.5942038356377196,42339.73146129206,0.6987036354097291,2882531.185785678,0.37489692620165116
BPIC2012_4000_ABSENCE_0.1_5.xes,79199,24,4000,19.79975,175,26,7617,1367,0.34175,8.176955761059736,0.7563201917491568,42339.73146129206,0.6987036354097291,2882531.185785678,0.37489692620165116
BPIC2012_100000_SUBSTITUTION_0.4_2.xes,1996892,244,100000,19.96892,175,329,114892,4728,0.04728,8.157528424715753,0.7512469214887465,42339.73146129206,0.6987036354097291,2882531.185785678,0.37489692620165116
Sepsis_40000_INSERTION_0.4_3.xes,579626,89,40000,14.49065,185,170,59616,1004,0.0251,9.13444663883403,0.7788595175124836,42339.73146129206,0.6987036354097291,2882531.185785678,0.37489692620165116
RTFMS_4000_SUBSTITUTION_0.1_4.xes,14915,14,4000,3.72875,12,27,1531,52,0.013,3.6805798550362407,0.595380166795779,42339.73146129206,0.6987036354097291,2882531.185785678,0.37489692620165116
BPIC2012_4000_ORDERING_0.4_4.xes,79203,24,4000,19.80075,175,26,7647,1371,0.34275,8.177955511122219,0.7563675191462544,42339.73146129206,0.6987036354097291,2882531.185785678,0.37489692620165116
BPIC2012_2000_MIXED_0.4_4.xes,38876,27,2000,19.438,159,30,4299,780,0.39,8.08095952023988,0.7566105514662452,42339.73146129206,0.6987036354097291,2882531.185785678,0.37489692620165116
RTFMS_100000_INSERTION_0.2_5.xes,373319,109,100000,3.73319,17,156,24088,312,0.00312,3.6804331956680434,0.5920035040504945,42339.73146129206,0.6987036354097291,2882531.185785678,0.37489692620165116
RTFMS_4000_ABSENCE_0.1_3.xes,14911,11,4000,3.72775,12,25,1531,51,0.01275,3.6795801049737564,0.5993688931314063,42339.73146129206,0.6987036354097291,2882531.185785678,0.37489692620165116
Sepsis_1000_MIXED_4.0_4.xes,13899,26,1000,13.899,118,41,2588,569,0.569,9.03096903096903,0.7846352418553807,42339.73146129206,0.6987036354097291,2882531.185785678,0.37489692620165116
RTFMS_2000_ORDERING_1.0_2.xes,7458,11,2000,3.729,11,16,886,47,0.0235,3.6816591704147927,0.6016782838408565,42339.73146129206,0.6987036354097291,2882531.185785678,0.37489692620165116
RTFMS_100000_INSERTION_0.2_1.xes,373319,92,100000,3.73319,17,135,24086,319,0.00319,3.680473195268047,0.5920625481294262,42339.73146129206,0.6987036354097291,2882531.185785678,0.37489692620165116
RTFMS_10000_ABSENCE_0.2_5.xes,37477,11,10000,3.7477,12,26,3305,79,0.0079,3.696230376962304,0.6015883519515262,42339.73146129206,0.6987036354097291,2882531.185785678,0.37489692620165116
BPIC2012_10000_INSERTION_0.1_4.xes,198874,28,10000,19.8874,175,29,16252,2512,0.2512,8.18038196180382,0.7537201238191801,42339.73146129206,0.6987036354097291,2882531.185785678,0.37489692620165116
BPIC2012_2000_MIXED_10.0_3.xes,38883,78,2000,19.4415,159,118,4434,887,0.4435,8.093953023488256,0.7550781955751709,42339.73146129206,0.6987036354097291,2882531.185785678,0.37489692620165116
RTFMS_2000_INSERTION_4.0_5.xes,7538,51,2000,3.769,11,82,916,98,0.049,3.706646676661669,0.5969060423124959,42339.73146129206,0.6987036354097291,2882531.185785678,0.37489692620165116
BPIC2012_20000_SUBSTITUTION_0.4_5.xes,396166,70,20000,19.8083,175,104,28886,3577,0.17885,8.137493125343733,0.7515160885413008,42339.73146129206,0.6987036354097291,2882531.185785678,0.37489692620165116
Sepsis_10000_SUBSTITUTION_2.0_4.xes,142645,110,10000,14.2645,185,189,18381,1043,0.1043,9.078292170782921,0.7795930536910785,42339.73146129206,0.6987036354097291,2882531.185785678,0.37489692620165116
BPIC2012_40000_SUBSTITUTION_10.0_5.xes,799439,2052,40000,19.985975,175,2417,54616,7364,0.1841,8.191970200744981,0.7527297916745245,42339.73146129206,0.6987036354097291,2882531.185785678,0.37489692620165116
BPIC2012_10000_INSERTION_0.2_3.xes,198884,34,10000,19.8884,175,39,16232,2522,0.2522,8.18128187181282,0.7529079996011439,42339.73146129206,0.6987036354097291,2882531.185785678,0.37489692620165116
RTFMS_40000_MIXED_1.0_2.xes,149019,105,40000,3.725475,16,153,11045,323,0.008075,3.6713332166695833,0.5935896455822173,42339.73146129206,0.6987036354097291,2882531.185785678,0.37489692620165116
BPIC2012_20000_SUBSTITUTION_2.0_3.xes,396166,222,20000,19.8083,175,311,29136,3847,0.19235,8.140792960351982,0.7513873429455562,42339.73146129206,0.6987036354097291,2882531.185785678,0.37489692620165116
BPIC2012_100000_INSERTION_0.4_2.xes,1997292,208,100000,19.97292,175,298,114903,4719,0.04719,8.159308406915931,0.7512657153243344,42339.73146129206,0.6987036354097291,2882531.185785678,0.37489692620165116
Sepsis_1000_MIXED_2.0_1.xes,13905,21,1000,13.905,118,34,2567,552,0.552,9.035964035964035,0.7862017500245779,42339.73146129206,0.6987036354097291,2882531.185785678,0.37489692620165116
Sepsis_100000_MIXED_2.0_1.xes,1449802,509,100000,14.49802,185,879,127739,2690,0.0269,9.143038569614303,0.7790962294048001,42339.73146129206,0.6987036354097291,2882531.185785678,0.37489692620165116
BPIC2012_40000_MIXED_1.0_4.xes,799438,120,40000,19.98595,175,180,52584,4467,0.111675,8.172445688857778,0.7512443582490262,42339.73146129206,0.6987036354097291,2882531.185785678,0.37489692620165116
RTFMS_1000_SUBSTITUTION_0.4_5.xes,3785,12,1000,3.785,10,22,508,29,0.029,3.733266733266733,0.5985572585593611,42339.73146129206,0.6987036354097291,2882531.185785678,0.37489692620165116
BPIC2012_10000_ABSENCE_2.0_4.xes,198664,24,10000,19.8664,175,32,16298,2586,0.2586,8.168083191680832,0.7545620515496609,42339.73146129206,0.6987036354097291,2882531.185785678,0.37489692620165116
BPIC2012_2000_INSERTION_0.1_2.xes,38880,25,2000,19.44,159,26,4308,778,0.389,8.08095952023988,0.757014573593796,42339.73146129206,0.6987036354097291,2882531.185785678,0.37489692620165116
BPIC2012_40000_ABSENCE_2.0_4.xes,798639,24,40000,19.965975,175,37,52554,4583,0.114575,8.161145971350717,0.7544578048105991,42339.73146129206,0.6987036354097291,2882531.185785678,0.37489692620165116
RTFMS_4000_MIXED_2.0_5.xes,14910,26,4000,3.7275,12,45,1583,101,0.02525,3.675581104723819,0.5939523980467423,42339.73146129206,0.6987036354097291,2882531.185785678,0.37489692620165116
BPIC2012_40000_SUBSTITUTION_0.4_5.xes,799439,118,40000,19.985975,175,168,52407,4314,0.10785,8.17307067323317,0.7512171396050263,42339.73146129206,0.6987036354097291,2882531.185785678,0.37489692620165116
BPIC2012_10000_MIXED_10.0_3.xes,198851,277,10000,19.8851,175,390,16800,3115,0.3115,8.188381161883811,0.7521550275294264,42339.73146129206,0.6987036354097291,2882531.185785678,0.37489692620165116
RTFMS_1000_ORDERING_1.0_4.xes,3785,11,1000,3.785,10,18,515,32,0.032,3.7352647352647352,0.6019046265349794,42339.73146129206,0.6987036354097291,2882531.185785678,0.37489692620165116
RTFMS_1000_ABSENCE_0.4_1.xes,3781,11,1000,3.781,10,20,502,28,0.028,3.7322677322677325,0.5999356450544077,42339.73146129206,0.6987036354097291,2882531.185785678,0.37489692620165116
Sepsis_10000_MIXED_1.0_2.xes,142641,45,10000,14.2641,185,78,18329,943,0.0943,9.078492150784921,0.7801981771691108,42339.73146129206,0.6987036354097291,2882531.185785678,0.37489692620165116
RTFMS_100000_INSERTION_0.2_4.xes,373319,101,100000,3.73319,17,160,24089,316,0.00316,3.6804131958680415,0.5920356815434763,42339.73146129206,0.6987036354097291,2882531.185785678,0.37489692620165116
BPIC2012_100000_MIXED_0.1_5.xes,1996904,52,100000,19.96904,175,73,114710,4450,0.0445,8.156848431515686,0.7519095036256854,42339.73146129206,0.6987036354097291,2882531.185785678,0.37489692620165116
Sepsis_2000_MIXED_10.0_2.xes,28386,78,2000,14.193,185,130,4745,905,0.4525,9.06046976511744,0.7821069315408207,42339.73146129206,0.6987036354097291,2882531.185785678,0.37489692620165116
BPIC2012_20000_SUBSTITUTION_0.4_3.xes,396166,57,20000,19.8083,175,101,28921,3581,0.17905,8.137093145342734,0.7517078046058825,42339.73146129206,0.6987036354097291,2882531.185785678,0.37489692620165116
Sepsis_100000_INSERTION_4.0_3.xes,1453819,1849,100000,14.53819,186,3297,129270,4661,0.04661,9.16838831611684,0.7796519509907072,42339.73146129206,0.6987036354097291,2882531.185785678,0.37489692620165116
Sepsis_20000_INSERTION_10.0_2.xes,290534,937,20000,14.5267,185,1644,34370,2778,0.1389,9.180340982950852,0.780583913569948,42339.73146129206,0.6987036354097291,2882531.185785678,0.37489692620165116
Sepsis_10000_MIXED_0.1_3.xes,142642,17,10000,14.2642,185,29,18276,856,0.0856,9.078292170782921,0.7868625812227599,42339.73146129206,0.6987036354097291,2882531.185785678,0.37489692620165116
RTFMS_20000_ABSENCE_2.0_5.xes,74302,11,20000,3.7151,12,24,6090,120,0.006,3.663416829158542,0.6026369998190589,42339.73146129206,0.6987036354097291,2882531.185785678,0.37489692620165116
Sepsis_100000_ORDERING_2.0_5.xes,1449819,16,100000,14.49819,185,15,128080,2493,0.02493,9.14379856201438,0.788251950202255,42339.73146129206,0.6987036354097291,2882531.185785678,0.37489692620165116
Sepsis_1000_INSERTION_2.0_5.xes,13920,26,1000,13.92,118,43,2575,556,0.556,9.042957042957044,0.7841768061454003,42339.73146129206,0.6987036354097291,2882531.185785678,0.37489692620165116
BPIC2012_20000_ORDERING_0.1_3.xes,396166,24,20000,19.8083,175,28,28870,3521,0.17605,8.136493175341233,0.7545494744933445,42339.73146129206,0.6987036354097291,2882531.185785678,0.37489692620165116
Sepsis_20000_SUBSTITUTION_0.1_2.xes,288534,26,20000,14.4267,185,53,33190,866,0.0433,9.121093945302734,0.7816348234932485,42339.73146129206,0.6987036354097291,2882531.185785678,0.37489692620165116
BPIC2012_2000_ORDERING_2.0_5.xes,38878,24,2000,19.439,159,27,4341,793,0.3965,8.080459770114942,0.7574197624056745,42339.73146129206,0.6987036354097291,2882531.185785678,0.37489692620165116
BPIC2012_40000_MIXED_4.0_5.xes,799467,416,40000,19.986675,175,581,53253,5272,0.1318,8.174970625734357,0.7514373508932973,42339.73146129206,0.6987036354097291,2882531.185785678,0.37489692620165116
RTFMS_1000_ORDERING_0.1_4.xes,3785,11,1000,3.785,10,20,500,27,0.027,3.7352647352647352,0.6000664091204373,42339.73146129206,0.6987036354097291,2882531.185785678,0.37489692620165116
Sepsis_10000_ABSENCE_2.0_2.xes,142445,16,10000,14.2445,185,29,18328,1020,0.102,9.062993700629937,0.7879411967301564,42339.73146129206,0.6987036354097291,2882531.185785678,0.37489692620165116
BPIC2012_4000_SUBSTITUTION_0.1_4.xes,79203,25,4000,19.80075,175,31,7631,1368,0.342,8.177705573606598,0.7560520141706508,42339.73146129206,0.6987036354097291,2882531.185785678,0.37489692620165116
BPIC2012_4000_ABSENCE_0.1_2.xes,79199,24,4000,19.79975,175,26,7626,1367,0.34175,8.177205698575357,0.7563156271472966,42339.73146129206,0.6987036354097291,2882531.185785678,0.37489692620165116
BPIC2012_4000_SUBSTITUTION_0.1_1.xes,79203,25,4000,19.80075,175,27,7629,1367,0.34175,8.177955511122219,0.7560440767545957,42339.73146129206,0.6987036354097291,2882531.185785678,0.37489692620165116
Sepsis_1000_INSERTION_0.4_2.xes,13904,17,1000,13.904,118,27,2569,544,0.544,9.033966033966035,0.7884565758771117,42339.73146129206,0.6987036354097291,2882531.185785678,0.37489692620165116
BPIC2012_10000_ABSENCE_0.4_3.xes,198824,24,10000,19.8824,175,32,16243,2529,0.2529,8.177082291770823,0.7546334078132158,42339.73146129206,0.6987036354097291,2882531.185785678,0.37489692620165116
RTFMS_100000_SUBSTITUTION_10.0_2.xes,373119,4712,100000,3.73119,17,6368,29457,5414,0.05414,3.6489635103648963,0.6108495935704035,42339.73146129206,0.6987036354097291,2882531.185785678,0.37489692620165116
RTFMS_2000_ABSENCE_0.2_3.xes,7454,11,2000,3.727,11,21,868,37,0.0185,3.6796601699150426,0.5989102591569632,42339.73146129206,0.6987036354097291,2882531.185785678,0.37489692620165116
Sepsis_1000_ORDERING_0.4_2.xes,13900,16,1000,13.9,118,27,2557,543,0.543,9.031968031968033,0.7895510458116476,42339.73146129206,0.6987036354097291,2882531.185785678,0.37489692620165116
Sepsis_20000_SUBSTITUTION_2.0_1.xes,288534,225,20000,14.4267,185,402,33414,1241,0.06205,9.12124393780311,0.7788310575964695,42339.73146129206,0.6987036354097291,2882531.185785678,0.37489692620165116
Sepsis_100000_MIXED_4.0_1.xes,1449855,995,100000,14.49855,185,1717,128990,4449,0.04449,9.142768572314276,0.779492943037972,42339.73146129206,0.6987036354097291,2882531.185785678,0.37489692620165116
RTFMS_4000_ABSENCE_0.4_3.xes,14899,11,4000,3.72475,12,26,1534,56,0.014,3.6765808547863035,0.5994010604864229,42339.73146129206,0.6987036354097291,2882531.185785678,0.37489692620165116
Sepsis_2000_ORDERING_10.0_4.xes,28387,16,2000,14.1935,185,25,4759,896,0.448,9.061969015492254,0.7913857737587541,42339.73146129206,0.6987036354097291,2882531.185785678,0.37489692620165116
Sepsis_20000_MIXED_4.0_2.xes,288526,220,20000,14.4263,185,380,33531,1605,0.08025,9.119494025298735,0.7790544870918541,42339.73146129206,0.6987036354097291,2882531.185785678,0.37489692620165116
Sepsis_10000_INSERTION_4.0_2.xes,143045,207,10000,14.3045,185,370,18488,1243,0.1243,9.102789721027897,0.7799149654008474,42339.73146129206,0.6987036354097291,2882531.185785678,0.37489692620165116
BPIC2012_10000_ORDERING_1.0_5.xes,198864,24,10000,19.8864,175,26,16352,2548,0.2548,8.17988201179882,0.7547148908190611,42339.73146129206,0.6987036354097291,2882531.185785678,0.37489692620165116
RTFMS_100000_ABSENCE_10.0_1.xes,363119,11,100000,3.63119,17,18,26814,275,0.00275,3.5809041909580905,0.6052537104767524,42339.73146129206,0.6987036354097291,2882531.185785678,0.37489692620165116
BPIC2012_20000_MIXED_10.0_3.xes,396163,545,20000,19.80815,175,711,29979,4810,0.2405,8.145742712864356,0.7520362592726537,42339.73146129206,0.6987036354097291,2882531.185785678,0.37489692620165116
BPIC2012_10000_ABSENCE_1.0_1.xes,198764,24,10000,19.8764,175,31,16280,2558,0.2558,8.173382661733827,0.7546243035363234,42339.73146129206,0.6987036354097291,2882531.185785678,0.37489692620165116
Sepsis_2000_ABSENCE_0.1_1.xes,28385,16,2000,14.1925,185,29,4658,748,0.374,9.060969515242379,0.7887166533246257,42339.73146129206,0.6987036354097291,2882531.185785678,0.37489692620165116
Sepsis_40000_SUBSTITUTION_2.0_5.xes,579466,405,40000,14.48665,185,684,60093,1637,0.040925,9.131596710082247,0.7790160969902391,42339.73146129206,0.6987036354097291,2882531.185785678,0.37489692620165116
Sepsis_2000_ABSENCE_1.0_1.xes,28367,16,2000,14.1835,185,29,4647,764,0.382,9.053973013493254,0.7887668368180356,42339.73146129206,0.6987036354097291,2882531.185785678,0.37489692620165116
RTFMS_4000_MIXED_1.0_5.xes,14915,19,4000,3.72875,12,31,1550,77,0.01925,3.678580354911272,0.5939593839900877,42339.73146129206,0.6987036354097291,2882531.185785678,0.37489692620165116
RTFMS_100000_MIXED_0.2_1.xes,373128,65,100000,3.73128,17,93,24112,294,0.00294,3.6789632103678964,0.5921492196166465,42339.73146129206,0.6987036354097291,2882531.185785678,0.37489692620165116
RTFMS_20000_INSERTION_4.0_2.xes,75502,389,20000,3.7751,12,600,6469,607,0.03035,3.7093145342732865,0.5997444940848848,42339.73146129206,0.6987036354097291,2882531.185785678,0.37489692620165116
Sepsis_100000_ABSENCE_4.0_4.xes,1445819,16,100000,14.45819,185,31,127552,3414,0.03414,9.113958860411396,0.7878898612740575,42339.73146129206,0.6987036354097291,2882531.185785678,0.37489692620165116
RTFMS_2000_ABSENCE_10.0_1.xes,7258,11,2000,3.629,11,22,937,54,0.027,3.5837081459270363,0.6030671224581248,42339.73146129206,0.6987036354097291,2882531.185785678,0.37489692620165116
Sepsis_10000_ABSENCE_2.0_3.xes,142445,16,10000,14.2445,185,29,18292,1022,0.1022,9.063793620637936,0.7880154419463004,42339.73146129206,0.6987036354097291,2882531.185785678,0.37489692620165116
BPIC2012_4000_ABSENCE_2.0_1.xes,79123,24,4000,19.78075,175,32,7665,1404,0.351,8.166208447888028,0.7562970436180082,42339.73146129206,0.6987036354097291,2882531.185785678,0.37489692620165116
Sepsis_1000_INSERTION_1.0_2.xes,13910,21,1000,13.91,119,33,2579,549,0.549,9.037962037962037,0.7858345678033845,42339.73146129206,0.6987036354097291,2882531.185785678,0.37489692620165116
RTFMS_40000_ABSENCE_1.0_1.xes,148598,11,40000,3.71495,16,21,10945,146,0.00365,3.6626834329141773,0.60246848163365,42339.73146129206,0.6987036354097291,2882531.185785678,0.37489692620165116
BPIC2012_20000_MIXED_4.0_4.xes,396172,226,20000,19.8086,175,316,29347,4060,0.203,8.139343032848357,0.7514893182299102,42339.73146129206,0.6987036354097291,2882531.185785678,0.37489692620165116
BPIC2012_10000_MIXED_0.4_4.xes,198851,32,10000,19.8851,175,39,16254,2530,0.253,8.17968203179682,0.7531317234364124,42339.73146129206,0.6987036354097291,2882531.185785678,0.37489692620165116
RTFMS_40000_MIXED_0.1_1.xes,149006,23,40000,3.72515,16,36,10790,153,0.003825,3.672558186045349,0.5943386169981933,42339.73146129206,0.6987036354097291,2882531.185785678,0.37489692620165116
Sepsis_4000_ABSENCE_0.4_4.xes,56992,16,4000,14.248,185,30,8406,842,0.2105,9.081729567608098,0.7891332747395772,42339.73146129206,0.6987036354097291,2882531.185785678,0.37489692620165116
BPIC2012_100000_SUBSTITUTION_0.4_3.xes,1996892,222,100000,19.96892,175,311,114959,4734,0.04734,8.157568424315757,0.7512549649009608,42339.73146129206,0.6987036354097291,2882531.185785678,0.37489692620165116
RTFMS_40000_ORDERING_0.1_5.xes,148998,11,40000,3.72495,16,15,10808,132,0.0033,3.6725081872953176,0.6022651644338071,42339.73146129206,0.6987036354097291,2882531.185785678,0.37489692620165116
Sepsis_1000_ABSENCE_2.0_2.xes,13880,16,1000,13.88,118,24,2554,552,0.552,9.01898101898102,0.789478829390128,42339.73146129206,0.6987036354097291,2882531.185785678,0.37489692620165116
BPIC2012_40000_ORDERING_0.2_2.xes,799439,24,40000,19.985975,175,35,52402,4204,0.1051,8.17214569635759,0.754541143941295,42339.73146129206,0.6987036354097291,2882531.185785678,0.37489692620165116
Sepsis_40000_SUBSTITUTION_0.2_3.xes,579466,58,40000,14.48665,185,107,59617,925,0.023125,9.13192170195745,0.7792065549569064,42339.73146129206,0.6987036354097291,2882531.185785678,0.37489692620165116
Sepsis_20000_ORDERING_4.0_4.xes,288534,16,20000,14.4267,185,25,33622,1527,0.07635,9.12134393280336,0.7883348413767617,42339.73146129206,0.6987036354097291,2882531.185785678,0.37489692620165116
BPIC2012_1000_ORDERING_1.0_5.xes,19595,24,1000,19.595,159,31,2501,434,0.434,8.098901098901099,0.7548466800088482,42339.73146129206,0.6987036354097291,2882531.185785678,0.37489692620165116
RTFMS_20000_SUBSTITUTION_0.4_3.xes,74702,41,20000,3.7351,12,67,5996,152,0.0076,3.6817159142042897,0.593095269165197,42339.73146129206,0.6987036354097291,2882531.185785678,0.37489692620165116
Sepsis_20000_MIXED_10.0_2.xes,288498,487,20000,14.4249,185,842,34089,2695,0.13475,9.11524423778811,0.7802214172240568,42339.73146129206,0.6987036354097291,2882531.185785678,0.37489692620165116
BPIC2012_2000_SUBSTITUTION_1.0_5.xes,38878,35,2000,19.439,159,41,4323,787,0.3935,8.08295852073963,0.7555887805030291,42339.73146129206,0.6987036354097291,2882531.185785678,0.37489692620165116
RTFMS_40000_SUBSTITUTION_0.1_4.xes,148998,29,40000,3.72495,16,45,10790,155,0.003875,3.6721831954201143,0.5934453274994962,42339.73146129206,0.6987036354097291,2882531.185785678,0.37489692620165116
BPIC2012_40000_MIXED_10.0_3.xes,799400,1019,40000,19.985,175,1295,54456,6818,0.17045,8.179795505112372,0.7520005050176966,42339.73146129206,0.6987036354097291,2882531.185785678,0.37489692620165116
BPIC2012_20000_SUBSTITUTION_10.0_4.xes,396166,1047,20000,19.8083,175,1262,30012,5091,0.25455,8.156642167891606,0.752751544453282,42339.73146129206,0.6987036354097291,2882531.185785678,0.37489692620165116
BPIC2012_40000_INSERTION_1.0_4.xes,799839,239,40000,19.995975,175,374,52606,4524,0.1131,8.179245518862029,0.7512001914191198,42339.73146129206,0.6987036354097291,2882531.185785678,0.37489692620165116
RTFMS_2000_INSERTION_0.4_3.xes,7466,16,2000,3.733,11,28,863,41,0.0205,3.684657671164418,0.5941436565379721,42339.73146129206,0.6987036354097291,2882531.185785678,0.37489692620165116
RTFMS_10000_SUBSTITUTION_4.0_4.xes,37497,193,10000,3.7497,12,269,3535,329,0.0329,3.6863313668633135,0.598831699771182,42339.73146129206,0.6987036354097291,2882531.185785678,0.37489692620165116
BPIC2012_100000_MIXED_10.0_3.xes,1996903,2433,100000,19.96903,175,3093,119968,10724,0.10724,8.164348356516435,0.7521742767279362,42339.73146129206,0.6987036354097291,2882531.185785678,0.37489692620165116
Sepsis_100000_SUBSTITUTION_0.1_1.xes,1449819,68,100000,14.49819,185,123,126728,946,0.00946,9.143748562514375,0.7792128716989392,42339.73146129206,0.6987036354097291,2882531.185785678,0.37489692620165116
RTFMS_1000_MIXED_0.2_3.xes,3785,11,1000,3.785,10,19,502,28,0.028,3.734265734265734,0.6001302445183734,42339.73146129206,0.6987036354097291,2882531.185785678,0.37489692620165116
BPIC2012_10000_ABSENCE_10.0_5.xes,197864,24,10000,19.7864,175,37,16534,2877,0.2877,8.122087791220878,0.7542892835551822,42339.73146129206,0.6987036354097291,2882531.185785678,0.37489692620165116
Sepsis_40000_MIXED_0.2_2.xes,579465,41,40000,14.486625,185,70,59641,924,0.0231,9.132046698832529,0.7798686130272918,42339.73146129206,0.6987036354097291,2882531.185785678,0.37489692620165116
RTFMS_1000_INSERTION_10.0_5.xes,3885,65,1000,3.885,10,101,566,104,0.104,3.8011988011988014,0.6088531417818451,42339.73146129206,0.6987036354097291,2882531.185785678,0.37489692620165116
RTFMS_20000_MIXED_0.1_2.xes,74705,16,20000,3.73525,12,29,5967,108,0.0054,3.6830658467076645,0.5966214600195245,42339.73146129206,0.6987036354097291,2882531.185785678,0.37489692620165116
BPIC2012_2000_SUBSTITUTION_0.4_1.xes,38878,27,2000,19.439,159,27,4304,778,0.389,8.080459770114942,0.7566346828327363,42339.73146129206,0.6987036354097291,2882531.185785678,0.37489692620165116
RTFMS_2000_INSERTION_2.0_1.xes,7498,29,2000,3.749,11,53,890,73,0.0365,3.6981509245377313,0.5941439316912018,42339.73146129206,0.6987036354097291,2882531.185785678,0.37489692620165116
BPIC2012_10000_SUBSTITUTION_4.0_1.xes,198864,225,10000,19.8864,175,301,16475,2799,0.2799,8.187281271872813,0.7517678571403436,42339.73146129206,0.6987036354097291,2882531.185785678,0.37489692620165116
Sepsis_1000_SUBSTITUTION_10.0_4.xes,13900,63,1000,13.9,118,105,2614,612,0.612,9.025974025974026,0.7837780553566649,42339.73146129206,0.6987036354097291,2882531.185785678,0.37489692620165116
BPIC2012_4000_MIXED_4.0_2.xes,79203,65,4000,19.80075,175,102,7713,1467,0.36675,8.180454886278431,0.7536758833660359,42339.73146129206,0.6987036354097291,2882531.185785678,0.37489692620165116
BPIC2012_10000_INSERTION_1.0_3.xes,198964,68,10000,19.8964,175,100,16296,2580,0.258,8.186281371862814,0.7517179167852331,42339.73146129206,0.6987036354097291,2882531.185785678,0.37489692620165116
Sepsis_20000_ABSENCE_2.0_2.xes,288134,16,20000,14.4067,185,29,33201,1189,0.05945,9.105794710264487,0.7873019592492758,42339.73146129206,0.6987036354097291,2882531.185785678,0.37489692620165116
RTFMS_100000_SUBSTITUTION_4.0_4.xes,373119,1921,100000,3.73119,17,2607,26332,2370,0.0237,3.66720332796672,0.5992716747168125,42339.73146129206,0.6987036354097291,2882531.185785678,0.37489692620165116
BPIC2012_10000_MIXED_2.0_5.xes,198870,73,10000,19.887,175,102,16397,2644,0.2644,8.181181881811819,0.7517451064361163,42339.73146129206,0.6987036354097291,2882531.185785678,0.37489692620165116
BPIC2012_10000_SUBSTITUTION_0.2_5.xes,198864,35,10000,19.8864,175,41,16276,2516,0.2516,8.18038196180382,0.7528113155869793,42339.73146129206,0.6987036354097291,2882531.185785678,0.37489692620165116
RTFMS_4000_INSERTION_0.4_3.xes,14931,19,4000,3.73275,12,36,1534,61,0.01525,3.683579105223694,0.5933142795972314,42339.73146129206,0.6987036354097291,2882531.185785678,0.37489692620165116
RTFMS_1000_INSERTION_0.2_4.xes,3787,12,1000,3.787,10,21,504,28,0.028,3.7362637362637363,0.5983833654893865,42339.73146129206,0.6987036354097291,2882531.185785678,0.37489692620165116
RTFMS_4000_MIXED_0.1_4.xes,14914,12,4000,3.7285,12,24,1525,52,0.013,3.6800799800049986,0.5977200553216693,42339.73146129206,0.6987036354097291,2882531.185785678,0.37489692620165116
Sepsis_20000_MIXED_10.0_3.xes,288557,523,20000,14.42785,185,906,34089,2690,0.1345,9.11844407779611,0.7802894602960423,42339.73146129206,0.6987036354097291,2882531.185785678,0.37489692620165116
Sepsis_40000_ORDERING_0.4_1.xes,579466,16,40000,14.48665,185,30,59721,993,0.024825,9.132046698832529,0.7875850704313792,42339.73146129206,0.6987036354097291,2882531.185785678,0.37489692620165116
Sepsis_2000_ABSENCE_0.1_2.xes,28385,16,2000,14.1925,185,29,4646,748,0.374,9.061469265367316,0.7887000177652768,42339.73146129206,0.6987036354097291,2882531.185785678,0.37489692620165116
Sepsis_4000_ABSENCE_0.2_1.xes,57000,16,4000,14.25,185,30,8407,835,0.20875,9.08222944263934,0.7891169933625992,42339.73146129206,0.6987036354097291,2882531.185785678,0.37489692620165116
RTFMS_10000_ORDERING_1.0_4.xes,37497,11,10000,3.7497,12,19,3390,95,0.0095,3.698130186981302,0.6041069819559193,42339.73146129206,0.6987036354097291,2882531.185785678,0.37489692620165116
BPIC2012_2000_SUBSTITUTION_2.0_2.xes,38878,45,2000,19.439,159,57,4317,802,0.401,8.085457271364318,0.7551191255077383,42339.73146129206,0.6987036354097291,2882531.185785678,0.37489692620165116
BPIC2012_4000_SUBSTITUTION_1.0_3.xes,79203,41,4000,19.80075,175,70,7654,1393,0.34825,8.180954761309673,0.7541604310928576,42339.73146129206,0.6987036354097291,2882531.185785678,0.37489692620165116
BPIC2012_2000_ORDERING_0.1_1.xes,38878,24,2000,19.439,159,26,4306,778,0.389,8.080459770114942,0.7573019756032189,42339.73146129206,0.6987036354097291,2882531.185785678,0.37489692620165116
Sepsis_10000_SUBSTITUTION_2.0_2.xes,142645,115,10000,14.2645,185,219,18423,1042,0.1042,9.077392260773923,0.7795604944981082,42339.73146129206,0.6987036354097291,2882531.185785678,0.37489692620165116
BPIC2012_40000_SUBSTITUTION_0.1_2.xes,799439,45,40000,19.985975,175,60,52302,4204,0.1051,8.172395690107747,0.7520147072935218,42339.73146129206,0.6987036354097291,2882531.185785678,0.37489692620165116
BPIC2012_100000_SUBSTITUTION_0.2_5.xes,1996892,142,100000,19.96892,175,198,114786,4557,0.04557,8.157178428215717,0.7512847170434542,42339.73146129206,0.6987036354097291,2882531.185785678,0.37489692620165116
BPIC2012_4000_MIXED_0.1_4.xes,79201,25,4000,19.80025,175,28,7633,1367,0.34175,8.177705573606598,0.7560523604509273,42339.73146129206,0.6987036354097291,2882531.185785678,0.37489692620165116
BPIC2012_40000_ORDERING_10.0_5.xes,799439,24,40000,19.985975,175,41,54856,5721,0.143025,8.17214569635759,0.7555277933737117,42339.73146129206,0.6987036354097291,2882531.185785678,0.37489692620165116
BPIC2012_1000_MIXED_2.0_4.xes,19589,30,1000,19.589,159,39,2502,443,0.443,8.098901098901099,0.7537816405454794,42339.73146129206,0.6987036354097291,2882531.185785678,0.37489692620165116
RTFMS_40000_ABSENCE_4.0_4.xes,147398,11,40000,3.68495,16,20,11360,170,0.00425,3.6331591710207243,0.6036514708821337,42339.73146129206,0.6987036354097291,2882531.185785678,0.37489692620165116
BPIC2012_4000_ABSENCE_10.0_4.xes,78803,24,4000,19.70075,175,34,7704,1484,0.371,8.12071982004499,0.7560591403659002,42339.73146129206,0.6987036354097291,2882531.185785678,0.37489692620165116
Sepsis_1000_MIXED_10.0_3.xes,13907,42,1000,13.907,118,66,2595,602,0.602,9.023976023976024,0.7837750070500815,42339.73146129206,0.6987036354097291,2882531.185785678,0.37489692620165116
RTFMS_10000_SUBSTITUTION_0.2_1.xes,37497,20,10000,3.7497,12,40,3302,87,0.0087,3.6973302669733026,0.5948046205486243,42339.73146129206,0.6987036354097291,2882531.185785678,0.37489692620165116
BPIC2012_4000_SUBSTITUTION_0.2_3.xes,79203,29,4000,19.80075,175,33,7638,1370,0.3425,8.177955511122219,0.7552157867273351,42339.73146129206,0.6987036354097291,2882531.185785678,0.37489692620165116
RTFMS_20000_SUBSTITUTION_10.0_5.xes,74702,941,20000,3.7351,12,1276,7070,1210,0.0605,3.6524673766311686,0.6108982639377964,42339.73146129206,0.6987036354097291,2882531.185785678,0.37489692620165116
BPIC2012_4000_INSERTION_10.0_5.xes,79603,204,4000,19.90075,175,283,7897,1613,0.40325,8.244688827793052,0.7545980713222571,42339.73146129206,0.6987036354097291,2882531.185785678,0.37489692620165116
RTFMS_1000_SUBSTITUTION_0.2_3.xes,3785,12,1000,3.785,10,20,500,28,0.028,3.734265734265734,0.5981787853682887,42339.73146129206,0.6987036354097291,2882531.185785678,0.37489692620165116
RTFMS_40000_ORDERING_4.0_2.xes,148998,11,40000,3.72495,16,9,11896,236,0.0059,3.6725081872953176,0.6126051084401225,42339.73146129206,0.6987036354097291,2882531.185785678,0.37489692620165116
Sepsis_1000_ORDERING_2.0_4.xes,13900,16,1000,13.9,118,23,2571,554,0.554,9.031968031968033,0.7899745918704777,42339.73146129206,0.6987036354097291,2882531.185785678,0.37489692620165116
BPIC2012_4000_INSERTION_0.4_2.xes,79219,33,4000,19.80475,175,34,7625,1377,0.34425,8.180204948762809,0.7547205901115263,42339.73146129206,0.6987036354097291,2882531.185785678,0.37489692620165116
BPIC2012_2000_ORDERING_0.4_3.xes,38878,24,2000,19.439,159,29,4308,781,0.3905,8.080459770114942,0.7573205604694357,42339.73146129206,0.6987036354097291,2882531.185785678,0.37489692620165116
Sepsis_10000_INSERTION_1.0_3.xes,142745,62,10000,14.2745,185,123,18331,944,0.0944,9.084491550844916,0.779702049148152,42339.73146129206,0.6987036354097291,2882531.185785678,0.37489692620165116
Sepsis_10000_ORDERING_10.0_2.xes,142645,16,10000,14.2645,185,19,18745,1691,0.1691,9.078692130786921,0.7905861042742746,42339.73146129206,0.6987036354097291,2882531.185785678,0.37489692620165116
BPIC2012_4000_ORDERING_0.1_3.xes,79203,24,4000,19.80075,175,25,7620,1368,0.342,8.177955511122219,0.7563333628061636,42339.73146129206,0.6987036354097291,2882531.185785678,0.37489692620165116
Sepsis_40000_ABSENCE_4.0_3.xes,577866,16,40000,14.44665,185,31,59822,2057,0.051425,9.102322441938952,0.7876888250157105,42339.73146129206,0.6987036354097291,2882531.185785678,0.37489692620165116
RTFMS_1000_ORDERING_10.0_1.xes,3785,11,1000,3.785,10,15,581,62,0.062,3.7352647352647352,0.6260985643546394,42339.73146129206,0.6987036354097291,2882531.185785678,0.37489692620165116
BPIC2012_20000_ABSENCE_4.0_5.xes,395366,24,20000,19.7683,175,37,29124,3871,0.19355,8.11304434778261,0.7543930158748507,42339.73146129206,0.6987036354097291,2882531.185785678,0.37489692620165116
BPIC2012_4000_ORDERING_0.2_4.xes,79203,24,4000,19.80075,175,26,7641,1370,0.3425,8.177955511122219,0.7563481115804296,42339.73146129206,0.6987036354097291,2882531.185785678,0.37489692620165116
BPIC2012_20000_SUBSTITUTION_10.0_1.xes,396166,1056,20000,19.8083,175,1337,30032,5062,0.2531,8.15659217039148,0.7526537942652756,42339.73146129206,0.6987036354097291,2882531.185785678,0.37489692620165116
Sepsis_100000_ORDERING_0.4_1.xes,1449819,16,100000,14.49819,185,26,126765,1196,0.01196,9.14379856201438,0.7878038473908604,42339.73146129206,0.6987036354097291,2882531.185785678,0.37489692620165116
BPIC2012_40000_ORDERING_2.0_5.xes,799439,24,40000,19.985975,175,48,52964,4525,0.113125,8.17214569635759,0.7547280300054661,42339.73146129206,0.6987036354097291,2882531.185785678,0.37489692620165116
BPIC2012_1000_MIXED_1.0_1.xes,19594,27,1000,19.594,159,33,2503,435,0.435,8.0999000999001,0.754149332618181,42339.73146129206,0.6987036354097291,2882531.185785678,0.37489692620165116
Sepsis_20000_MIXED_4.0_1.xes,288540,208,20000,14.427,185,364,33527,1602,0.0801,9.12024398780061,0.7791279924683516,42339.73146129206,0.6987036354097291,2882531.185785678,0.37489692620165116
BPIC2012_1000_MIXED_2.0_2.xes,19586,28,1000,19.586,159,43,2500,444,0.444,8.093906093906094,0.7540946306039046,42339.73146129206,0.6987036354097291,2882531.185785678,0.37489692620165116
Sepsis_4000_ORDERING_0.4_4.xes,57008,16,4000,14.252,185,28,8409,842,0.2105,9.083979005248688,0.7892154111512101,42339.73146129206,0.6987036354097291,2882531.185785678,0.37489692620165116
Sepsis_2000_MIXED_4.0_4.xes,28387,36,2000,14.1935,185,62,4693,816,0.408,9.059470264867565,0.7822047368457857,42339.73146129206,0.6987036354097291,2882531.185785678,0.37489692620165116
Sepsis_10000_SUBSTITUTION_0.4_3.xes,142645,37,10000,14.2645,185,70,18286,885,0.0885,9.078492150784921,0.7806367753138345,42339.73146129206,0.6987036354097291,2882531.185785678,0.37489692620165116
BPIC2012_10000_ABSENCE_0.1_4.xes,198854,24,10000,19.8854,175,25,16242,2511,0.2511,8.179282071792821,0.754641766187294,42339.73146129206,0.6987036354097291,2882531.185785678,0.37489692620165116
Sepsis_40000_ORDERING_0.4_4.xes,579466,16,40000,14.48665,185,26,59651,987,0.024675,9.132046698832529,0.7875905327677006,42339.73146129206,0.6987036354097291,2882531.185785678,0.37489692620165116
Sepsis_2000_MIXED_10.0_4.xes,28385,54,2000,14.1925,185,85,4747,915,0.4575,9.051974012993503,0.7825852184284778,42339.73146129206,0.6987036354097291,2882531.185785678,0.37489692620165116
Sepsis_4000_ABSENCE_2.0_1.xes,56928,16,4000,14.232,185,29,8444,896,0.224,9.069482629342664,0.7891803454052263,42339.73146129206,0.6987036354097291,2882531.185785678,0.37489692620165116
BPIC2012_20000_ABSENCE_10.0_3.xes,394166,24,20000,19.7083,175,36,29390,4306,0.2153,8.078746062696865,0.7542507742086569,42339.73146129206,0.6987036354097291,2882531.185785678,0.37489692620165116
RTFMS_2000_MIXED_10.0_5.xes,7439,42,2000,3.7195,11,60,982,136,0.068,3.652673663168416,0.6044932421108437,42339.73146129206,0.6987036354097291,2882531.185785678,0.37489692620165116
BPIC2012_40000_INSERTION_4.0_2.xes,801039,744,40000,20.025975,175,1008,53334,5500,0.1375,8.198070048248793,0.7516608329354527,42339.73146129206,0.6987036354097291,2882531.185785678,0.37489692620165116
RTFMS_10000_MIXED_0.2_1.xes,37497,16,10000,3.7497,12,32,3308,86,0.0086,3.6977302269773022,0.5965090265326057,42339.73146129206,0.6987036354097291,2882531.185785678,0.37489692620165116
Sepsis_20000_SUBSTITUTION_0.4_1.xes,288534,56,20000,14.4267,185,103,33201,926,0.0463,9.121193940302986,0.7790722659315449,42339.73146129206,0.6987036354097291,2882531.185785678,0.37489692620165116
Sepsis_20000_MIXED_0.2_3.xes,288532,25,20000,14.4266,185,41,33157,885,0.04425,9.12094395280236,0.7819240252097013,42339.73146129206,0.6987036354097291,2882531.185785678,0.37489692620165116
BPIC2012_10000_SUBSTITUTION_10.0_3.xes,198864,499,10000,19.8864,175,642,16832,3227,0.3227,8.195180481951805,0.7527210165486374,42339.73146129206,0.6987036354097291,2882531.185785678,0.37489692620165116
Sepsis_2000_SUBSTITUTION_4.0_4.xes,28387,51,2000,14.1935,185,88,4713,819,0.4095,9.057471264367816,0.7816405249004729,42339.73146129206,0.6987036354097291,2882531.185785678,0.37489692620165116
BPIC2012_2000_MIXED_4.0_3.xes,38881,44,2000,19.4405,159,57,4339,828,0.414,8.083458270864568,0.7551735714270753,42339.73146129206,0.6987036354097291,2882531.185785678,0.37489692620165116
Sepsis_1000_ORDERING_4.0_4.xes,13900,16,1000,13.9,118,26,2584,566,0.566,9.031968031968033,0.7906062941728629,42339.73146129206,0.6987036354097291,2882531.185785678,0.37489692620165116
BPIC2012_10000_SUBSTITUTION_4.0_3.xes,198864,222,10000,19.8864,175,312,16519,2813,0.2813,8.188481151884812,0.751798793235158,42339.73146129206,0.6987036354097291,2882531.185785678,0.37489692620165116
BPIC2012_100000_ORDERING_10.0_2.xes,1996892,24,100000,19.96892,175,26,120844,8131,0.08131,8.156708432915671,0.7556911864024956,42339.73146129206,0.6987036354097291,2882531.185785678,0.37489692620165116
Sepsis_1000_ORDERING_4.0_2.xes,13900,16,1000,13.9,118,27,2577,573,0.573,9.031968031968033,0.7905793194595754,42339.73146129206,0.6987036354097291,2882531.185785678,0.37489692620165116
Sepsis_100000_MIXED_1.0_2.xes,1449822,264,100000,14.49822,185,462,127239,1789,0.01789,9.143328566714333,0.7789197355821766,42339.73146129206,0.6987036354097291,2882531.185785678,0.37489692620165116
RTFMS_40000_ABSENCE_0.4_3.xes,148838,11,40000,3.72095,16,21,10843,142,0.00355,3.668558286042849,0.6022309095411067,42339.73146129206,0.6987036354097291,2882531.185785678,0.37489692620165116
BPIC2012_1000_SUBSTITUTION_2.0_2.xes,19595,35,1000,19.595,159,43,2496,442,0.442,8.1008991008991,0.7532816917717993,42339.73146129206,0.6987036354097291,2882531.185785678,0.37489692620165116
BPIC2012_1000_INSERTION_10.0_3.xes,19695,68,1000,19.695,159,104,2547,483,0.483,8.162837162837162,0.7532996446599778,42339.73146129206,0.6987036354097291,2882531.185785678,0.37489692620165116
Sepsis_4000_INSERTION_2.0_4.xes,57088,55,4000,14.272,185,104,8473,903,0.22575,9.095726068482879,0.7812420426523066,42339.73146129206,0.6987036354097291,2882531.185785678,0.37489692620165116
RTFMS_1000_ORDERING_2.0_2.xes,3785,11,1000,3.785,10,16,521,39,0.039,3.7352647352647352,0.605654821434884,42339.73146129206,0.6987036354097291,2882531.185785678,0.37489692620165116
Sepsis_2000_MIXED_0.1_5.xes,28388,16,2000,14.194,185,29,4671,747,0.3735,9.061969015492254,0.7886867717669146,42339.73146129206,0.6987036354097291,2882531.185785678,0.37489692620165116
Sepsis_100000_SUBSTITUTION_0.4_5.xes,1449819,207,100000,14.49819,185,355,126877,1246,0.01246,9.143558564414356,0.7788552338421642,42339.73146129206,0.6987036354097291,2882531.185785678,0.37489692620165116
Sepsis_100000_MIXED_0.2_2.xes,1449818,78,100000,14.49818,185,130,126738,1041,0.01041,9.143768562314376,0.7791109677622092,42339.73146129206,0.6987036354097291,2882531.185785678,0.37489692620165116
Sepsis_2000_ABSENCE_10.0_1.xes,28187,16,2000,14.0935,185,28,4669,896,0.448,8.989505247376313,0.7892471330856574,42339.73146129206,0.6987036354097291,2882531.185785678,0.37489692620165116
Sepsis_4000_INSERTION_1.0_2.xes,57048,36,4000,14.262,185,60,8446,866,0.2165,9.089727568107973,0.7820273702042628,42339.73146129206,0.6987036354097291,2882531.185785678,0.37489692620165116
RTFMS_40000_SUBSTITUTION_0.1_5.xes,148998,26,40000,3.72495,16,40,10777,151,0.003775,3.6721081972950675,0.5937880191416048,42339.73146129206,0.6987036354097291,2882531.185785678,0.37489692620165116
BPIC2012_20000_INSERTION_2.0_4.xes,396566,239,20000,19.8283,175,374,29160,3837,0.19185,8.15069246537673,0.7513924847190687,42339.73146129206,0.6987036354097291,2882531.185785678,0.37489692620165116
RTFMS_2000_ORDERING_10.0_3.xes,7458,11,2000,3.729,11,14,1006,72,0.036,3.6816591704147927,0.625070454046512,42339.73146129206,0.6987036354097291,2882531.185785678,0.37489692620165116
RTFMS_1000_SUBSTITUTION_0.2_5.xes,3785,11,1000,3.785,10,19,504,27,0.027,3.734265734265734,0.5997747658388035,42339.73146129206,0.6987036354097291,2882531.185785678,0.37489692620165116
BPIC2012_100000_MIXED_4.0_2.xes,1996851,965,100000,19.96851,176,1207,116982,7045,0.07045,8.159448405515946,0.7515601104987655,42339.73146129206,0.6987036354097291,2882531.185785678,0.37489692620165116
Sepsis_1000_ABSENCE_0.2_4.xes,13898,16,1000,13.898,118,25,2554,541,0.541,9.03096903096903,0.7894394975321306,42339.73146129206,0.6987036354097291,2882531.185785678,0.37489692620165116
BPIC2012_20000_ABSENCE_4.0_4.xes,395366,24,20000,19.7683,175,37,29108,3885,0.19425,8.114494275286235,0.7544296122385593,42339.73146129206,0.6987036354097291,2882531.185785678,0.37489692620165116
BPIC2012_100000_MIXED_2.0_2.xes,1996871,486,100000,19.96871,175,632,115891,5747,0.05747,8.157968420315797,0.7513614556987469,42339.73146129206,0.6987036354097291,2882531.185785678,0.37489692620165116
BPIC2012_1000_SUBSTITUTION_4.0_3.xes,19595,41,1000,19.595,159,73,2513,452,0.452,8.110889110889111,0.7532138354298663,42339.73146129206,0.6987036354097291,2882531.185785678,0.37489692620165116
BPIC2012_4000_ABSENCE_2.0_5.xes,79123,24,4000,19.78075,175,30,7649,1396,0.349,8.167208197950512,0.7561959745920621,42339.73146129206,0.6987036354097291,2882531.185785678,0.37489692620165116
BPIC2012_2000_MIXED_0.2_3.xes,38880,26,2000,19.44,159,27,4305,779,0.3895,8.081459270364817,0.7567894870300597,42339.73146129206,0.6987036354097291,2882531.185785678,0.37489692620165116
Sepsis_1000_INSERTION_0.1_1.xes,13901,16,1000,13.901,118,25,2555,541,0.541,9.032967032967033,0.7894671893930907,42339.73146129206,0.6987036354097291,2882531.185785678,0.37489692620165116
BPIC2012_40000_MIXED_0.4_1.xes,799440,59,40000,19.986,175,77,52420,4289,0.107225,8.172570685732857,0.7516205273323514,42339.73146129206,0.6987036354097291,2882531.185785678,0.37489692620165116
Sepsis_20000_ORDERING_0.2_3.xes,288534,16,20000,14.4267,185,25,33196,884,0.0442,9.12134393280336,0.7873029282937101,42339.73146129206,0.6987036354097291,2882531.185785678,0.37489692620165116
RTFMS_10000_ORDERING_1.0_5.xes,37497,11,10000,3.7497,12,19,3382,89,0.0089,3.698130186981302,0.6039637940885845,42339.73146129206,0.6987036354097291,2882531.185785678,0.37489692620165116
Sepsis_4000_MIXED_1.0_2.xes,57010,28,4000,14.2525,185,50,8451,866,0.2165,9.085228692826794,0.783187546393521,42339.73146129206,0.6987036354097291,2882531.185785678,0.37489692620165116
RTFMS_20000_ORDERING_0.2_2.xes,74702,11,20000,3.7351,12,19,6001,107,0.00535,3.6831658417079147,0.6024469508765393,42339.73146129206,0.6987036354097291,2882531.185785678,0.37489692620165116
Sepsis_40000_ORDERING_10.0_4.xes,579466,16,40000,14.48665,185,17,61898,4036,0.1009,9.132046698832529,0.7901143328377985,42339.73146129206,0.6987036354097291,2882531.185785678,0.37489692620165116
BPIC2012_20000_ABSENCE_1.0_5.xes,395966,24,20000,19.7983,175,33,28921,3617,0.18085,8.130393480325983,0.7544891624967791,42339.73146129206,0.6987036354097291,2882531.185785678,0.37489692620165116
Sepsis_40000_INSERTION_1.0_4.xes,579866,214,40000,14.49665,185,378,59837,1241,0.031025,9.138196545086373,0.7787657499650902,42339.73146129206,0.6987036354097291,2882531.185785678,0.37489692620165116
Sepsis_4000_ORDERING_0.4_5.xes,57008,16,4000,14.252,185,30,8402,841,0.21025,9.083979005248688,0.789219124000853,42339.73146129206,0.6987036354097291,2882531.185785678,0.37489692620165116
BPIC2012_1000_ORDERING_0.2_4.xes,19595,24,1000,19.595,159,30,2495,430,0.43,8.098901098901099,0.7548574508637054,42339.73146129206,0.6987036354097291,2882531.185785678,0.37489692620165116
Sepsis_20000_SUBSTITUTION_2.0_3.xes,288534,219,20000,14.4267,185,373,33338,1232,0.0616,9.12064396780161,0.7788228009397395,42339.73146129206,0.6987036354097291,2882531.185785678,0.37489692620165116
BPIC2012_20000_ORDERING_0.1_4.xes,396166,24,20000,19.8083,175,27,28925,3523,0.17615,8.136493175341233,0.7545524912004695,42339.73146129206,0.6987036354097291,2882531.185785678,0.37489692620165116
BPIC2012_2000_ORDERING_2.0_4.xes,38878,24,2000,19.439,159,30,4339,790,0.395,8.080459770114942,0.7574629967620724,42339.73146129206,0.6987036354097291,2882531.185785678,0.37489692620165116
RTFMS_40000_ORDERING_2.0_2.xes,148998,11,40000,3.72495,16,10,11414,196,0.0049,3.6725081872953176,0.607354967490848,42339.73146129206,0.6987036354097291,2882531.185785678,0.37489692620165116
Sepsis_40000_INSERTION_1.0_1.xes,579866,211,40000,14.49665,185,394,59886,1244,0.0311,9.138596535086624,0.7787807525711289,42339.73146129206,0.6987036354097291,2882531.185785678,0.37489692620165116
Sepsis_4000_ORDERING_10.0_5.xes,57008,16,4000,14.252,185,24,8603,1167,0.29175,9.083979005248688,0.7918452241049831,42339.73146129206,0.6987036354097291,2882531.185785678,0.37489692620165116
Sepsis_2000_ABSENCE_0.1_3.xes,28385,16,2000,14.1925,185,29,4662,747,0.3735,9.060969515242379,0.7886937296338086,42339.73146129206,0.6987036354097291,2882531.185785678,0.37489692620165116
BPIC2012_1000_INSERTION_4.0_5.xes,19635,39,1000,19.635,159,51,2511,454,0.454,8.123876123876125,0.7534245115229652,42339.73146129206,0.6987036354097291,2882531.185785678,0.37489692620165116
BPIC2012_10000_MIXED_0.1_1.xes,198863,27,10000,19.8863,175,29,16263,2510,0.251,8.17998200179982,0.7539072910633856,42339.73146129206,0.6987036354097291,2882531.185785678,0.37489692620165116
BPIC2012_100000_ORDERING_10.0_1.xes,1996892,24,100000,19.96892,175,26,120849,8122,0.08122,8.156708432915671,0.7556762198489988,42339.73146129206,0.6987036354097291,2882531.185785678,0.37489692620165116
BPIC2012_20000_SUBSTITUTION_0.1_4.xes,396166,33,20000,19.8083,175,44,28915,3529,0.17645,8.136543172841359,0.7528893546028996,42339.73146129206,0.6987036354097291,2882531.185785678,0.37489692620165116
RTFMS_10000_INSERTION_0.2_2.xes,37517,21,10000,3.7517,12,34,3311,86,0.0086,3.6994300569943004,0.5944283456602176,42339.73146129206,0.6987036354097291,2882531.185785678,0.37489692620165116
BPIC2012_10000_ORDERING_10.0_5.xes,198864,24,10000,19.8864,175,48,16909,2825,0.2825,8.17988201179882,0.75569007276005,42339.73146129206,0.6987036354097291,2882531.185785678,0.37489692620165116
BPIC2012_1000_SUBSTITUTION_0.4_3.xes,19595,26,1000,19.595,159,34,2488,431,0.431,8.097902097902098,0.7543426184007496,42339.73146129206,0.6987036354097291,2882531.185785678,0.37489692620165116
BPIC2012_40000_ABSENCE_10.0_4.xes,795439,24,40000,19.885975,175,41,53434,5896,0.1474,8.115822104447389,0.754198289768791,42339.73146129206,0.6987036354097291,2882531.185785678,0.37489692620165116
Sepsis_1000_ABSENCE_0.4_2.xes,13896,16,1000,13.896,118,25,2564,544,0.544,9.02997002997003,0.7894579932049677,42339.73146129206,0.6987036354097291,2882531.185785678,0.37489692620165116
Sepsis_10000_INSERTION_0.1_5.xes,142655,20,10000,14.2655,185,38,18259,856,0.0856,9.079192080791922,0.7846249616626476,42339.73146129206,0.6987036354097291,2882531.185785678,0.37489692620165116
Sepsis_10000_SUBSTITUTION_1.0_2.xes,142645,66,10000,14.2645,185,121,18312,945,0.0945,9.077892210778922,0.77965788454926,42339.73146129206,0.6987036354097291,2882531.185785678,0.37489692620165116
RTFMS_100000_ABSENCE_10.0_4.xes,363119,11,100000,3.63119,17,18,26855,273,0.00273,3.5810841891581084,0.6055120550147386,42339.73146129206,0.6987036354097291,2882531.185785678,0.37489692620165116
BPIC2012_10000_INSERTION_0.4_5.xes,198904,39,10000,19.8904,175,47,16263,2535,0.2535,8.182381761823818,0.7525322556792708,42339.73146129206,0.6987036354097291,2882531.185785678,0.37489692620165116
Sepsis_100000_INSERTION_0.1_3.xes,1449919,62,100000,14.49919,185,123,126760,944,0.00944,9.144378556214438,0.7793100275760094,42339.73146129206,0.6987036354097291,2882531.185785678,0.37489692620165116
Sepsis_4000_SUBSTITUTION_2.0_5.xes,57008,53,4000,14.252,185,103,8468,906,0.2265,9.081729567608098,0.7814176561544526,42339.73146129206,0.6987036354097291,2882531.185785678,0.37489692620165116
Sepsis_40000_INSERTION_2.0_5.xes,580266,417,40000,14.50665,185,711,60091,1628,0.0407,9.144821379465514,0.7789810992982887,42339.73146129206,0.6987036354097291,2882531.185785678,0.37489692620165116
Sepsis_2000_SUBSTITUTION_0.4_3.xes,28387,21,2000,14.1935,185,38,4671,754,0.377,9.061469265367316,0.7849658209466002,42339.73146129206,0.6987036354097291,2882531.185785678,0.37489692620165116
BPIC2012_4000_ABSENCE_2.0_2.xes,79123,24,4000,19.78075,175,31,7641,1402,0.3505,8.165708572856786,0.756251813552143,42339.73146129206,0.6987036354097291,2882531.185785678,0.37489692620165116
Sepsis_40000_ABSENCE_10.0_4.xes,575466,16,40000,14.38665,185,31,60250,3414,0.08535,9.057448563785906,0.787935184629025,42339.73146129206,0.6987036354097291,2882531.185785678,0.37489692620165116
RTFMS_100000_MIXED_0.1_2.xes,373125,35,100000,3.73125,17,48,24005,228,0.00228,3.6790232097679025,0.5926644201558657,42339.73146129206,0.6987036354097291,2882531.185785678,0.37489692620165116
Sepsis_2000_ABSENCE_2.0_4.xes,28347,16,2000,14.1735,185,30,4670,780,0.39,9.047976011994002,0.7887230453178269,42339.73146129206,0.6987036354097291,2882531.185785678,0.37489692620165116
Sepsis_10000_ORDERING_0.2_5.xes,142645,16,10000,14.2645,185,30,18281,864,0.0864,9.078692130786921,0.7879623982646651,42339.73146129206,0.6987036354097291,2882531.185785678,0.37489692620165116
RTFMS_100000_ORDERING_0.1_2.xes,373119,11,100000,3.73119,17,10,24026,193,0.00193,3.6791232087679124,0.6020142328916087,42339.73146129206,0.6987036354097291,2882531.185785678,0.37489692620165116
BPIC2012_2000_MIXED_1.0_5.xes,38883,30,2000,19.4415,159,35,4319,792,0.396,8.081959020489755,0.7561447158143451,42339.73146129206,0.6987036354097291,2882531.185785678,0.37489692620165116
RTFMS_20000_ORDERING_0.4_3.xes,74702,11,20000,3.7351,12,15,6023,116,0.0058,3.6831658417079147,0.6029633464735871,42339.73146129206,0.6987036354097291,2882531.185785678,0.37489692620165116
BPIC2012_1000_INSERTION_1.0_1.xes,19605,28,1000,19.605,159,34,2479,436,0.436,8.104895104895105,0.7540867698676291,42339.73146129206,0.6987036354097291,2882531.185785678,0.37489692620165116
Sepsis_100000_ABSENCE_0.2_4.xes,1449619,16,100000,14.49619,185,31,126797,1033,0.01033,9.142288577114229,0.7877150501374883,42339.73146129206,0.6987036354097291,2882531.185785678,0.37489692620165116
BPIC2012_100000_ORDERING_2.0_3.xes,1996892,24,100000,19.96892,175,42,116157,5170,0.0517,8.156708432915671,0.7548738627521218,42339.73146129206,0.6987036354097291,2882531.185785678,0.37489692620165116
Sepsis_20000_SUBSTITUTION_0.1_3.xes,288534,28,20000,14.4267,185,53,33133,866,0.0433,9.121393930303485,0.7811693807135482,42339.73146129206,0.6987036354097291,2882531.185785678,0.37489692620165116
RTFMS_1000_ORDERING_0.4_2.xes,3785,11,1000,3.785,10,19,507,30,0.03,3.7352647352647352,0.6005486508932594,42339.73146129206,0.6987036354097291,2882531.185785678,0.37489692620165116
BPIC2012_4000_ABSENCE_2.0_4.xes,79123,24,4000,19.78075,175,30,7664,1396,0.349,8.165708572856786,0.7562308619031282,42339.73146129206,0.6987036354097291,2882531.185785678,0.37489692620165116
Sepsis_2000_ORDERING_2.0_3.xes,28387,16,2000,14.1935,185,26,4684,777,0.3885,9.061969015492254,0.7893370411685638,42339.73146129206,0.6987036354097291,2882531.185785678,0.37489692620165116
BPIC2012_2000_INSERTION_4.0_5.xes,38958,57,2000,19.479,159,80,4355,824,0.412,8.105447276361819,0.7551527076598179,42339.73146129206,0.6987036354097291,2882531.185785678,0.37489692620165116
RTFMS_4000_INSERTION_4.0_5.xes,15075,93,4000,3.76875,12,141,1622,163,0.04075,3.707073231692077,0.5970725520464529,42339.73146129206,0.6987036354097291,2882531.185785678,0.37489692620165116
BPIC2012_2000_INSERTION_0.4_4.xes,38886,26,2000,19.443,159,29,4305,783,0.3915,8.081959020489755,0.7568049463841233,42339.73146129206,0.6987036354097291,2882531.185785678,0.37489692620165116
BPIC2012_20000_MIXED_2.0_2.xes,396169,125,20000,19.80845,175,195,29134,3790,0.1895,8.137593120343983,0.7513513413983394,42339.73146129206,0.6987036354097291,2882531.185785678,0.37489692620165116
RTFMS_4000_INSERTION_0.2_1.xes,14923,14,4000,3.73075,12,30,1531,56,0.014,3.6818295426143464,0.5957142327050757,42339.73146129206,0.6987036354097291,2882531.185785678,0.37489692620165116
Sepsis_1000_ABSENCE_10.0_4.xes,13800,16,1000,13.8,118,27,2566,607,0.607,8.962037962037963,0.789979336256599,42339.73146129206,0.6987036354097291,2882531.185785678,0.37489692620165116
RTFMS_4000_ORDERING_10.0_5.xes,14915,11,4000,3.72875,12,15,1800,102,0.0255,3.6805798550362407,0.6234159150363721,42339.73146129206,0.6987036354097291,2882531.185785678,0.37489692620165116
BPIC2012_4000_ORDERING_0.4_1.xes,79203,24,4000,19.80075,175,25,7639,1371,0.34275,8.177955511122219,0.7563304057567863,42339.73146129206,0.6987036354097291,2882531.185785678,0.37489692620165116
BPIC2012_10000_ABSENCE_0.1_3.xes,198854,24,10000,19.8854,175,27,16237,2510,0.251,8.17898210178982,0.7546371116276109,42339.73146129206,0.6987036354097291,2882531.185785678,0.37489692620165116
RTFMS_40000_ORDERING_4.0_3.xes,148998,11,40000,3.72495,16,9,11897,243,0.006075,3.6725081872953176,0.6126409736707707,42339.73146129206,0.6987036354097291,2882531.185785678,0.37489692620165116
Sepsis_10000_ORDERING_2.0_3.xes,142645,16,10000,14.2645,185,20,18384,1020,0.102,9.078692130786921,0.7884404613156459,42339.73146129206,0.6987036354097291,2882531.185785678,0.37489692620165116
Sepsis_20000_MIXED_0.1_4.xes,288537,23,20000,14.42685,185,43,33159,866,0.0433,9.121543922803859,0.7825764019068377,42339.73146129206,0.6987036354097291,2882531.185785678,0.37489692620165116
Sepsis_2000_MIXED_0.4_2.xes,28384,18,2000,14.192,185,33,4658,751,0.3755,9.061469265367316,0.786786266692636,42339.73146129206,0.6987036354097291,2882531.185785678,0.37489692620165116
Sepsis_4000_MIXED_1.0_4.xes,57007,26,4000,14.25175,185,46,8441,864,0.216,9.083729067733067,0.7836486036764851,42339.73146129206,0.6987036354097291,2882531.185785678,0.37489692620165116
Sepsis_100000_INSERTION_2.0_5.xes,1451819,984,100000,14.51819,186,1712,127944,2779,0.02779,9.156168438315618,0.7791817200702889,42339.73146129206,0.6987036354097291,2882531.185785678,0.37489692620165116
BPIC2012_1000_INSERTION_4.0_3.xes,19635,41,1000,19.635,159,59,2509,458,0.458,8.123876123876125,0.7530861858264348,42339.73146129206,0.6987036354097291,2882531.185785678,0.37489692620165116
Sepsis_1000.xes,13900,16,1000,13.9,118,25,2554,540,0.54,9.031968031968033,0.7894384857149841,42339.73146129206,0.6987036354097291,2882531.185785678,0.37489692620165116
BPIC2012_100000_SUBSTITUTION_1.0_1.xes,1996892,525,100000,19.96892,175,687,115267,5230,0.0523,8.158418415815841,0.7513149888458577,42339.73146129206,0.6987036354097291,2882531.185785678,0.37489692620165116
RTFMS_40000_MIXED_0.2_2.xes,149002,29,40000,3.72505,16,45,10826,169,0.004225,3.6722581935451615,0.5935647316408188,42339.73146129206,0.6987036354097291,2882531.185785678,0.37489692620165116
BPIC2012_2000_ORDERING_0.4_5.xes,38878,24,2000,19.439,159,29,4317,780,0.39,8.080459770114942,0.7573108345957108,42339.73146129206,0.6987036354097291,2882531.185785678,0.37489692620165116
Sepsis_2000_ABSENCE_0.4_4.xes,28379,16,2000,14.1895,185,29,4667,752,0.376,9.059470264867565,0.7886967688756934,42339.73146129206,0.6987036354097291,2882531.185785678,0.37489692620165116
RTFMS_1000_MIXED_1.0_2.xes,3786,13,1000,3.786,10,23,509,35,0.035,3.734265734265734,0.5982842239149675,42339.73146129206,0.6987036354097291,2882531.185785678,0.37489692620165116
Sepsis_4000_SUBSTITUTION_0.1_3.xes,57008,18,4000,14.252,185,33,8404,831,0.20775,9.083729067733067,0.787197033750384,42339.73146129206,0.6987036354097291,2882531.185785678,0.37489692620165116
Sepsis_100000_MIXED_0.1_2.xes,1449815,45,100000,14.49815,185,78,126836,944,0.00944,9.143778562214377,0.7798366102019149,42339.73146129206,0.6987036354097291,2882531.185785678,0.37489692620165116
RTFMS_10000_SUBSTITUTION_2.0_2.xes,37497,121,10000,3.7497,12,168,3420,223,0.0223,3.692930706929307,0.5952393903430266,42339.73146129206,0.6987036354097291,2882531.185785678,0.37489692620165116
RTFMS_20000.xes,74702,11,20000,3.7351,12,21,5921,92,0.0046,3.6831658417079147,0.601888338488707,42339.73146129206,0.6987036354097291,2882531.185785678,0.37489692620165116
RTFMS_40000_MIXED_10.0_2.xes,149049,1000,40000,3.726225,16,1398,12973,1540,0.0385,3.659558511037224,0.6092969170550773,42339.73146129206,0.6987036354097291,2882531.185785678,0.37489692620165116
RTFMS_1000_ORDERING_0.1_2.xes,3785,11,1000,3.785,10,20,500,27,0.027,3.7352647352647352,0.599849509380592,42339.73146129206,0.6987036354097291,2882531.185785678,0.37489692620165116
RTFMS_40000_SUBSTITUTION_1.0_2.xes,148998,219,40000,3.72495,16,295,11018,411,0.010275,3.6698082547936304,0.5938221642067403,42339.73146129206,0.6987036354097291,2882531.185785678,0.37489692620165116
BPIC2012_10000_SUBSTITUTION_0.1_5.xes,198864,31,10000,19.8864,175,35,16240,2509,0.2509,8.18018198180182,0.7532436176159396,42339.73146129206,0.6987036354097291,2882531.185785678,0.37489692620165116
Sepsis_1000_SUBSTITUTION_0.2_3.xes,13900,18,1000,13.9,118,28,2555,542,0.542,9.032967032967033,0.7875769984866174,42339.73146129206,0.6987036354097291,2882531.185785678,0.37489692620165116
BPIC2012_4000_ABSENCE_10.0_1.xes,78803,24,4000,19.70075,175,36,7731,1481,0.37025,8.117720569857536,0.7559676264714884,42339.73146129206,0.6987036354097291,2882531.185785678,0.37489692620165116
Sepsis_4000_SUBSTITUTION_10.0_5.xes,57008,207,4000,14.252,185,355,8648,1219,0.30475,9.077980504873782,0.7827457270525651,42339.73146129206,0.6987036354097291,2882531.185785678,0.37489692620165116
RTFMS_2000_MIXED_0.4_3.xes,7457,12,2000,3.7285,11,20,870,41,0.0205,3.68015992003998,0.5974634680910396,42339.73146129206,0.6987036354097291,2882531.185785678,0.37489692620165116
BPIC2012_40000_MIXED_2.0_2.xes,799434,218,40000,19.98585,175,293,52806,4729,0.118225,8.1731206719832,0.7512416232818585,42339.73146129206,0.6987036354097291,2882531.185785678,0.37489692620165116
Sepsis_2000_ORDERING_0.2_2.xes,28387,16,2000,14.1935,185,31,4660,749,0.3745,9.061969015492254,0.7887509901574474,42339.73146129206,0.6987036354097291,2882531.185785678,0.37489692620165116
RTFMS_1000_ABSENCE_10.0_1.xes,3685,11,1000,3.685,10,21,536,40,0.04,3.6373626373626373,0.6046059587843005,42339.73146129206,0.6987036354097291,2882531.185785678,0.37489692620165116
RTFMS_1000_ABSENCE_0.1_3.xes,3784,11,1000,3.784,10,19,502,27,0.027,3.734265734265734,0.5995773507401696,42339.73146129206,0.6987036354097291,2882531.185785678,0.37489692620165116
Sepsis_2000_INSERTION_1.0_4.xes,28407,30,2000,14.2035,185,55,4670,764,0.382,9.069465267366317,0.7824068910306545,42339.73146129206,0.6987036354097291,2882531.185785678,0.37489692620165116
Sepsis_1000_ABSENCE_1.0_3.xes,13890,16,1000,13.89,118,25,2559,545,0.545,9.023976023976024,0.7894927196383835,42339.73146129206,0.6987036354097291,2882531.185785678,0.37489692620165116
Sepsis_100000_MIXED_2.0_4.xes,1449821,491,100000,14.49821,186,833,127774,2670,0.0267,9.143028569714303,0.7791176081154544,42339.73146129206,0.6987036354097291,2882531.185785678,0.37489692620165116
BPIC2012_40000_INSERTION_0.2_2.xes,799519,62,40000,19.987975,175,87,52379,4241,0.106025,8.17334566635834,0.751556152795394,42339.73146129206,0.6987036354097291,2882531.185785678,0.37489692620165116
RTFMS_10000_INSERTION_1.0_2.xes,37597,59,10000,3.7597,12,102,3359,140,0.014,3.703929607039296,0.5936393587355808,42339.73146129206,0.6987036354097291,2882531.185785678,0.37489692620165116
Sepsis_10000_ORDERING_0.1_2.xes,142645,16,10000,14.2645,185,33,18271,854,0.0854,9.078692130786921,0.787920095295974,42339.73146129206,0.6987036354097291,2882531.185785678,0.37489692620165116
RTFMS_2000_MIXED_0.1_5.xes,7458,11,2000,3.729,11,19,866,36,0.018,3.6816591704147927,0.5988342941017426,42339.73146129206,0.6987036354097291,2882531.185785678,0.37489692620165116
Sepsis_1000_ORDERING_0.1_4.xes,13900,16,1000,13.9,118,25,2556,540,0.54,9.031968031968033,0.7894198219144072,42339.73146129206,0.6987036354097291,2882531.185785678,0.37489692620165116
BPIC2012_2000_ABSENCE_1.0_3.xes,38858,24,2000,19.429,159,29,4329,783,0.3915,8.073463268365817,0.7572415892261574,42339.73146129206,0.6987036354097291,2882531.185785678,0.37489692620165116
Sepsis_10000_ORDERING_0.4_4.xes,142645,16,10000,14.2645,185,30,18299,880,0.088,9.078692130786921,0.7880095899013673,42339.73146129206,0.6987036354097291,2882531.185785678,0.37489692620165116
RTFMS_10000_ORDERING_4.0_3.xes,37497,11,10000,3.7497,12,16,3614,118,0.0118,3.698130186981302,0.6124716599164208,42339.73146129206,0.6987036354097291,2882531.185785678,0.37489692620165116
Sepsis_20000_SUBSTITUTION_0.4_2.xes,288534,57,20000,14.4267,185,104,33213,925,0.04625,9.12114394280286,0.7790478206037611,42339.73146129206,0.6987036354097291,2882531.185785678,0.37489692620165116
Sepsis_4000_SUBSTITUTION_4.0_2.xes,57008,94,4000,14.252,185,180,8489,981,0.24525,9.081229692576855,0.7813075344242825,42339.73146129206,0.6987036354097291,2882531.185785678,0.37489692620165116
Sepsis_1000_INSERTION_1.0_1.xes,13910,21,1000,13.91,118,35,2559,547,0.547,9.037962037962037,0.7858414036907607,42339.73146129206,0.6987036354097291,2882531.185785678,0.37489692620165116
BPIC2012_2000_SUBSTITUTION_0.2_1.xes,38878,25,2000,19.439,159,26,4309,777,0.3885,8.080459770114942,0.7570219397878915,42339.73146129206,0.6987036354097291,2882531.185785678,0.37489692620165116
BPIC2012_1000_MIXED_10.0_1.xes,19590,48,1000,19.59,159,63,2540,475,0.475,8.104895104895105,0.7531348960067803,42339.73146129206,0.6987036354097291,2882531.185785678,0.37489692620165116
Sepsis_2000_ORDERING_2.0_1.xes,28387,16,2000,14.1935,185,26,4668,777,0.3885,9.061969015492254,0.789164197179747,42339.73146129206,0.6987036354097291,2882531.185785678,0.37489692620165116
BPIC2012_10000_ORDERING_1.0_4.xes,198864,24,10000,19.8864,175,28,16358,2547,0.2547,8.17988201179882,0.7547380368200908,42339.73146129206,0.6987036354097291,2882531.185785678,0.37489692620165116
BPIC2012_10000_SUBSTITUTION_1.0_5.xes,198864,83,10000,19.8864,175,113,16324,2583,0.2583,8.182481751824817,0.7516118833037893,42339.73146129206,0.6987036354097291,2882531.185785678,0.37489692620165116
BPIC2012_1000_ORDERING_10.0_3.xes,19595,24,1000,19.595,159,42,2553,457,0.457,8.098901098901099,0.7556149452989707,42339.73146129206,0.6987036354097291,2882531.185785678,0.37489692620165116
Sepsis_1000_SUBSTITUTION_2.0_3.xes,13900,28,1000,13.9,118,48,2558,557,0.557,9.032967032967033,0.7837954290885216,42339.73146129206,0.6987036354097291,2882531.185785678,0.37489692620165116
Sepsis_10000_MIXED_0.4_4.xes,142644,26,10000,14.2644,185,46,18320,885,0.0885,9.078592140785922,0.7823362427513079,42339.73146129206,0.6987036354097291,2882531.185785678,0.37489692620165116
Sepsis_1000_ORDERING_0.1_1.xes,13900,16,1000,13.9,118,25,2561,541,0.541,9.031968031968033,0.7894881497558782,42339.73146129206,0.6987036354097291,2882531.185785678,0.37489692620165116
BPIC2012_1000_ABSENCE_0.2_5.xes,19593,24,1000,19.593,159,29,2491,430,0.43,8.096903096903096,0.7548353224723513,42339.73146129206,0.6987036354097291,2882531.185785678,0.37489692620165116
BPIC2012_40000_ABSENCE_1.0_1.xes,799039,24,40000,19.975975,175,35,52420,4369,0.109225,8.166120846978826,0.7544784208776794,42339.73146129206,0.6987036354097291,2882531.185785678,0.37489692620165116
RTFMS_20000_ORDERING_4.0_2.xes,74702,11,20000,3.7351,12,12,6557,167,0.00835,3.6831658417079147,0.6124398615196192,42339.73146129206,0.6987036354097291,2882531.185785678,0.37489692620165116
BPIC2012_2000_ABSENCE_4.0_3.xes,38798,24,2000,19.399,159,33,4337,796,0.398,8.05247376311844,0.7572189071873473,42339.73146129206,0.6987036354097291,2882531.185785678,0.37489692620165116
RTFMS_10000_ORDERING_0.4_5.xes,37497,11,10000,3.7497,12,21,3334,79,0.0079,3.698130186981302,0.6024006930869267,42339.73146129206,0.6987036354097291,2882531.185785678,0.37489692620165116
Sepsis_1000_INSERTION_2.0_1.xes,13920,25,1000,13.92,118,44,2565,553,0.553,9.043956043956044,0.7845329162457084,42339.73146129206,0.6987036354097291,2882531.185785678,0.37489692620165116
Sepsis_10000_MIXED_0.4_1.xes,142652,27,10000,14.2652,185,52,18288,885,0.0885,9.07929207079292,0.7821068659042912,42339.73146129206,0.6987036354097291,2882531.185785678,0.37489692620165116
BPIC2012_2000_ORDERING_0.2_2.xes,38878,24,2000,19.439,159,25,4314,779,0.3895,8.080459770114942,0.7573284353798646,42339.73146129206,0.6987036354097291,2882531.185785678,0.37489692620165116
RTFMS_1000_SUBSTITUTION_10.0_3.xes,3785,50,1000,3.785,10,90,553,103,0.103,3.7022977022977024,0.6073522816924568,42339.73146129206,0.6987036354097291,2882531.185785678,0.37489692620165116
RTFMS_40000_SUBSTITUTION_0.1_2.xes,148998,32,40000,3.72495,16,51,10784,154,0.00385,3.6721831954201143,0.5931991565712373,42339.73146129206,0.6987036354097291,2882531.185785678,0.37489692620165116
BPIC2012_2000_ABSENCE_4.0_2.xes,38798,24,2000,19.399,159,30,4324,810,0.405,8.055972013993003,0.7571624601964204,42339.73146129206,0.6987036354097291,2882531.185785678,0.37489692620165116
Sepsis_4000_ORDERING_0.2_5.xes,57008,16,4000,14.252,185,30,8419,833,0.20825,9.083979005248688,0.7891673272985672,42339.73146129206,0.6987036354097291,2882531.185785678,0.37489692620165116
Sepsis_10000_ABSENCE_4.0_1.xes,142245,16,10000,14.2245,185,31,18342,1191,0.1191,9.04919508049195,0.7880695922311153,42339.73146129206,0.6987036354097291,2882531.185785678,0.37489692620165116
BPIC2012_4000_ABSENCE_4.0_1.xes,79043,24,4000,19.76075,175,32,7679,1429,0.35725,8.15271182204449,0.7562345718482797,42339.73146129206,0.6987036354097291,2882531.185785678,0.37489692620165116
RTFMS_10000_INSERTION_0.1_1.xes,37507,14,10000,3.7507,12,30,3297,77,0.0077,3.6988301169883013,0.597762822827717,42339.73146129206,0.6987036354097291,2882531.185785678,0.37489692620165116
Sepsis_2000_SUBSTITUTION_0.2_3.xes,28387,18,2000,14.1935,185,32,4656,750,0.375,9.061469265367316,0.7868060464637411,42339.73146129206,0.6987036354097291,2882531.185785678,0.37489692620165116
Sepsis_40000_MIXED_0.4_5.xes,579470,54,40000,14.48675,185,104,59645,996,0.0249,9.13187170320742,0.7793351090581395,42339.73146129206,0.6987036354097291,2882531.185785678,0.37489692620165116
BPIC2012_2000_SUBSTITUTION_10.0_1.xes,38878,133,2000,19.439,159,196,4423,903,0.4515,8.100449775112443,0.75533054115074,42339.73146129206,0.6987036354097291,2882531.185785678,0.37489692620165116
BPIC2012_2000_ORDERING_1.0_4.xes,38878,24,2000,19.439,159,26,4326,782,0.391,8.080459770114942,0.7574065286915656,42339.73146129206,0.6987036354097291,2882531.185785678,0.37489692620165116
Sepsis_2000_INSERTION_4.0_4.xes,28467,55,2000,14.2335,185,104,4702,819,0.4095,9.085457271364318,0.7812884392587714,42339.73146129206,0.6987036354097291,2882531.185785678,0.37489692620165116
Sepsis_20000_ORDERING_4.0_2.xes,288534,16,20000,14.4267,185,19,33608,1529,0.07645,9.12134393280336,0.7883149772501564,42339.73146129206,0.6987036354097291,2882531.185785678,0.37489692620165116
RTFMS_2000_ORDERING_10.0_4.xes,7458,11,2000,3.729,11,13,1015,69,0.0345,3.6816591704147927,0.6234517887423915,42339.73146129206,0.6987036354097291,2882531.185785678,0.37489692620165116
RTFMS_100000_SUBSTITUTION_0.4_4.xes,373119,193,100000,3.73119,17,261,24216,433,0.00433,3.677943220567794,0.5922962684982511,42339.73146129206,0.6987036354097291,2882531.185785678,0.37489692620165116
Sepsis_2000_SUBSTITUTION_0.1_2.xes,28387,18,2000,14.1935,185,33,4661,748,0.374,9.061969015492254,0.7868050763858953,42339.73146129206,0.6987036354097291,2882531.185785678,0.37489692620165116
BPIC2012_10000_ABSENCE_0.1_1.xes,198854,24,10000,19.8854,175,29,16250,2512,0.2512,8.17918208179182,0.7546484758701208,42339.73146129206,0.6987036354097291,2882531.185785678,0.37489692620165116
Sepsis_10000_ABSENCE_2.0_4.xes,142445,16,10000,14.2445,185,31,18319,1033,0.1033,9.063593640635936,0.7879752154576487,42339.73146129206,0.6987036354097291,2882531.185785678,0.37489692620165116
RTFMS_4000_SUBSTITUTION_10.0_4.xes,14915,193,4000,3.72875,12,270,1749,309,0.07725,3.6510872281929516,0.6079598959143788,42339.73146129206,0.6987036354097291,2882531.185785678,0.37489692620165116
BPIC2012_2000_MIXED_0.2_5.xes,38881,27,2000,19.4405,159,29,4300,780,0.39,8.081959020489755,0.7565867671135492,42339.73146129206,0.6987036354097291,2882531.185785678,0.37489692620165116
RTFMS_20000_INSERTION_1.0_4.xes,74902,101,20000,3.7451,12,166,6087,236,0.0118,3.6896155192240387,0.5938195663725259,42339.73146129206,0.6987036354097291,2882531.185785678,0.37489692620165116
Sepsis_4000_ORDERING_0.1_1.xes,57008,16,4000,14.252,185,29,8426,831,0.20775,9.083979005248688,0.7891496341476751,42339.73146129206,0.6987036354097291,2882531.185785678,0.37489692620165116
BPIC2012_100000_ORDERING_0.4_5.xes,1996892,24,100000,19.96892,175,42,114992,4556,0.04556,8.156708432915671,0.7547061452994275,42339.73146129206,0.6987036354097291,2882531.185785678,0.37489692620165116
Sepsis_40000_SUBSTITUTION_2.0_2.xes,579466,384,40000,14.48665,185,664,60077,1628,0.0407,9.131121721956951,0.7790069531128706,42339.73146129206,0.6987036354097291,2882531.185785678,0.37489692620165116
BPIC2012_100000_MIXED_2.0_1.xes,1996899,501,100000,19.96899,175,659,115861,5753,0.05753,8.158188418115818,0.7513759049886266,42339.73146129206,0.6987036354097291,2882531.185785678,0.37489692620165116
RTFMS_1000_ORDERING_0.4_3.xes,3785,11,1000,3.785,10,21,505,29,0.029,3.7352647352647352,0.6007962879949474,42339.73146129206,0.6987036354097291,2882531.185785678,0.37489692620165116
RTFMS_100000_SUBSTITUTION_10.0_4.xes,373119,4742,100000,3.73119,17,6404,29423,5441,0.05441,3.649223507764922,0.6109276093404552,42339.73146129206,0.6987036354097291,2882531.185785678,0.37489692620165116
RTFMS_20000_ORDERING_0.1_3.xes,74702,11,20000,3.7351,12,20,5985,102,0.0051,3.6831658417079147,0.6021530316500621,42339.73146129206,0.6987036354097291,2882531.185785678,0.37489692620165116
RTFMS_100000_INSERTION_0.2_3.xes,373319,104,100000,3.73319,17,155,24112,318,0.00318,3.6805031949680505,0.5920282217286141,42339.73146129206,0.6987036354097291,2882531.185785678,0.37489692620165116
BPIC2012_100000_INSERTION_2.0_4.xes,1998892,1014,100000,19.98892,175,1330,115880,6063,0.06063,8.170278297217028,0.7514848062992477,42339.73146129206,0.6987036354097291,2882531.185785678,0.37489692620165116
BPIC2012_10000_ORDERING_4.0_4.xes,198864,24,10000,19.8864,175,38,16549,2654,0.2654,8.17988201179882,0.7550531224393504,42339.73146129206,0.6987036354097291,2882531.185785678,0.37489692620165116
BPIC2012_40000_ORDERING_0.2_5.xes,799439,24,40000,19.985975,175,26,52386,4211,0.105275,8.17214569635759,0.7545278988718229,42339.73146129206,0.6987036354097291,2882531.185785678,0.37489692620165116
Sepsis_10000_ORDERING_10.0_5.xes,142645,16,10000,14.2645,185,15,18783,1685,0.1685,9.078692130786921,0.7907298478375344,42339.73146129206,0.6987036354097291,2882531.185785678,0.37489692620165116
Sepsis_4000_INSERTION_0.4_1.xes,57024,24,4000,14.256,185,45,8433,842,0.2105,9.086228442889277,0.7841308672274472,42339.73146129206,0.6987036354097291,2882531.185785678,0.37489692620165116
Sepsis_4000_INSERTION_2.0_3.xes,57088,53,4000,14.272,185,104,8488,903,0.22575,9.095226193451637,0.7813095321954177,42339.73146129206,0.6987036354097291,2882531.185785678,0.37489692620165116
BPIC2012_4000_ABSENCE_4.0_3.xes,79043,24,4000,19.76075,175,35,7674,1419,0.35475,8.151462134466383,0.7562380444562533,42339.73146129206,0.6987036354097291,2882531.185785678,0.37489692620165116
RTFMS_40000_SUBSTITUTION_0.4_5.xes,148998,88,40000,3.72495,16,130,10866,237,0.005925,3.6712582185445366,0.592712321591578,42339.73146129206,0.6987036354097291,2882531.185785678,0.37489692620165116
RTFMS_40000_INSERTION_10.0_4.xes,152998,1843,40000,3.82495,16,2820,13128,2292,0.0573,3.7398315042123946,0.6111859609479307,42339.73146129206,0.6987036354097291,2882531.185785678,0.37489692620165116
RTFMS_2000_MIXED_0.2_5.xes,7460,12,2000,3.73,11,21,872,38,0.019,3.68215892053973,0.597410692160184,42339.73146129206,0.6987036354097291,2882531.185785678,0.37489692620165116
BPIC2012_4000_ABSENCE_0.4_4.xes,79187,24,4000,19.79675,175,26,7628,1377,0.34425,8.175456135966009,0.756313570694896,42339.73146129206,0.6987036354097291,2882531.185785678,0.37489692620165116
Sepsis_40000_ABSENCE_1.0_3.xes,579066,16,40000,14.47665,185,30,59654,1195,0.029875,9.124571885702858,0.7875348286111976,42339.73146129206,0.6987036354097291,2882531.185785678,0.37489692620165116
Sepsis_10000_ABSENCE_4.0_2.xes,142245,16,10000,14.2245,185,29,18317,1189,0.1189,9.047595240475953,0.788027916754314,42339.73146129206,0.6987036354097291,2882531.185785678,0.37489692620165116
RTFMS_2000_ORDERING_1.0_4.xes,7458,11,2000,3.729,11,16,892,45,0.0225,3.6816591704147927,0.6014444049998066,42339.73146129206,0.6987036354097291,2882531.185785678,0.37489692620165116
RTFMS_1000_ORDERING_4.0_2.xes,3785,11,1000,3.785,10,16,546,41,0.041,3.7352647352647352,0.6104408970250406,42339.73146129206,0.6987036354097291,2882531.185785678,0.37489692620165116
BPIC2012_20000_ORDERING_0.1_1.xes,396166,24,20000,19.8083,175,28,28900,3520,0.176,8.136493175341233,0.7545460891134037,42339.73146129206,0.6987036354097291,2882531.185785678,0.37489692620165116
RTFMS_2000_INSERTION_2.0_5.xes,7498,36,2000,3.749,11,55,891,70,0.035,3.6956521739130435,0.5935743687080244,42339.73146129206,0.6987036354097291,2882531.185785678,0.37489692620165116
BPIC2012_1000_ABSENCE_0.4_4.xes,19591,24,1000,19.591,159,29,2479,432,0.432,8.096903096903096,0.7548416065286994,42339.73146129206,0.6987036354097291,2882531.185785678,0.37489692620165116
Sepsis_10000_INSERTION_0.4_2.xes,142685,36,10000,14.2685,185,60,18283,886,0.0886,9.080991900809918,0.7807201520088652,42339.73146129206,0.6987036354097291,2882531.185785678,0.37489692620165116
BPIC2012_40000_MIXED_1.0_3.xes,799455,131,40000,19.986375,175,190,52523,4485,0.112125,8.173420664483388,0.7512252407817015,42339.73146129206,0.6987036354097291,2882531.185785678,0.37489692620165116
BPIC2012_100000_MIXED_10.0_2.xes,1996895,2430,100000,19.96895,176,2980,119948,10667,0.10667,8.16409835901641,0.75214950496785,42339.73146129206,0.6987036354097291,2882531.185785678,0.37489692620165116
BPIC2012_10000_SUBSTITUTION_0.2_3.xes,198864,35,10000,19.8864,175,44,16254,2519,0.2519,8.18018198180182,0.7528144058429438,42339.73146129206,0.6987036354097291,2882531.185785678,0.37489692620165116
Sepsis_40000_INSERTION_1.0_2.xes,579866,207,40000,14.49665,185,370,59809,1243,0.031075,9.138071548211295,0.7787777635969793,42339.73146129206,0.6987036354097291,2882531.185785678,0.37489692620165116
Sepsis_1000_INSERTION_2.0_2.xes,13920,24,1000,13.92,119,37,2571,558,0.558,9.041958041958042,0.7848062074035058,42339.73146129206,0.6987036354097291,2882531.185785678,0.37489692620165116
RTFMS_1000_ABSENCE_4.0_5.xes,3745,11,1000,3.745,10,23,509,40,0.04,3.6973026973026974,0.6003395480803269,42339.73146129206,0.6987036354097291,2882531.185785678,0.37489692620165116
BPIC2012_100000_ORDERING_0.2_4.xes,1996892,24,100000,19.96892,175,37,114785,4460,0.0446,8.156708432915671,0.7546837189912359,42339.73146129206,0.6987036354097291,2882531.185785678,0.37489692620165116
Sepsis_40000_MIXED_2.0_4.xes,579486,201,40000,14.48715,185,359,60012,1596,0.0399,9.13089672758181,0.7789414543459359,42339.73146129206,0.6987036354097291,2882531.185785678,0.37489692620165116
BPIC2012_2000_SUBSTITUTION_0.2_3.xes,38878,26,2000,19.439,159,30,4296,777,0.3885,8.079960019990004,0.7567832802652665,42339.73146129206,0.6987036354097291,2882531.185785678,0.37489692620165116
Sepsis_40000_ABSENCE_2.0_5.xes,578666,16,40000,14.46665,185,29,59696,1509,0.037725,9.11689707757306,0.7875847343424266,42339.73146129206,0.6987036354097291,2882531.185785678,0.37489692620165116
BPIC2012_20000_ABSENCE_0.4_1.xes,396086,24,20000,19.8043,175,32,28909,3563,0.17815,8.134143292835358,0.7545366620997975,42339.73146129206,0.6987036354097291,2882531.185785678,0.37489692620165116
Sepsis_1000_MIXED_0.2_2.xes,13899,16,1000,13.899,118,25,2559,542,0.542,9.031968031968033,0.789466523035191,42339.73146129206,0.6987036354097291,2882531.185785678,0.37489692620165116
Sepsis_20000_MIXED_0.1_2.xes,288532,21,20000,14.4266,185,39,33117,866,0.0433,9.121293935303235,0.783442524493668,42339.73146129206,0.6987036354097291,2882531.185785678,0.37489692620165116
Sepsis_4000_ORDERING_0.2_3.xes,57008,16,4000,14.252,185,29,8429,834,0.2085,9.083979005248688,0.7891594443623926,42339.73146129206,0.6987036354097291,2882531.185785678,0.37489692620165116
BPIC2012_2000_ABSENCE_4.0_4.xes,38798,24,2000,19.399,159,29,4316,804,0.402,8.055972013993003,0.757118322128479,42339.73146129206,0.6987036354097291,2882531.185785678,0.37489692620165116
BPIC2012_1000_INSERTION_1.0_3.xes,19605,26,1000,19.605,159,31,2488,436,0.436,8.103896103896103,0.7544776824966652,42339.73146129206,0.6987036354097291,2882531.185785678,0.37489692620165116
Sepsis_4000_ABSENCE_2.0_5.xes,56928,16,4000,14.232,185,29,8418,899,0.22475,9.068732816795801,0.7892100096306754,42339.73146129206,0.6987036354097291,2882531.185785678,0.37489692620165116
RTFMS_2000_ABSENCE_0.4_4.xes,7450,11,2000,3.725,11,21,872,39,0.0195,3.6776611694152925,0.5989482393540368,42339.73146129206,0.6987036354097291,2882531.185785678,0.37489692620165116
RTFMS_40000_ABSENCE_0.2_5.xes,148918,11,40000,3.72295,16,21,10784,140,0.0035,3.6705582360440987,0.6021014754588149,42339.73146129206,0.6987036354097291,2882531.185785678,0.37489692620165116
RTFMS_4000_ORDERING_2.0_5.xes,14915,11,4000,3.72875,12,18,1597,65,0.01625,3.6805798550362407,0.6040159317929991,42339.73146129206,0.6987036354097291,2882531.185785678,0.37489692620165116
Sepsis_20000_ABSENCE_4.0_3.xes,287734,16,20000,14.3867,185,30,33279,1515,0.07575,9.09149542522874,0.7874583476657112,42339.73146129206,0.6987036354097291,2882531.185785678,0.37489692620165116
Sepsis_1000_ORDERING_0.2_3.xes,13900,16,1000,13.9,118,24,2555,540,0.54,9.031968031968033,0.7894916038404295,42339.73146129206,0.6987036354097291,2882531.185785678,0.37489692620165116
BPIC2012_40000_SUBSTITUTION_0.2_3.xes,799439,57,40000,19.985975,175,101,52348,4241,0.106025,8.172445688857778,0.7516508532174897,42339.73146129206,0.6987036354097291,2882531.185785678,0.37489692620165116
RTFMS_10000_MIXED_4.0_1.xes,37495,105,10000,3.7495,12,149,3554,271,0.0271,3.692130786921308,0.598294456228101,42339.73146129206,0.6987036354097291,2882531.185785678,0.37489692620165116
BPIC2012_20000_ORDERING_0.2_3.xes,396166,24,20000,19.8083,175,26,28901,3526,0.1763,8.136493175341233,0.7545571702305105,42339.73146129206,0.6987036354097291,2882531.185785678,0.37489692620165116
RTFMS_2000_ORDERING_4.0_1.xes,7458,11,2000,3.729,11,15,943,64,0.032,3.6816591704147927,0.6096491295446802,42339.73146129206,0.6987036354097291,2882531.185785678,0.37489692620165116
Sepsis_1000_ABSENCE_0.4_3.xes,13896,16,1000,13.896,118,25,2563,542,0.542,9.027972027972028,0.7894724448276838,42339.73146129206,0.6987036354097291,2882531.185785678,0.37489692620165116
BPIC2012_1000_SUBSTITUTION_4.0_4.xes,19595,40,1000,19.595,159,56,2514,452,0.452,8.101898101898103,0.7530678571997642,42339.73146129206,0.6987036354097291,2882531.185785678,0.37489692620165116
RTFMS_40000_INSERTION_4.0_4.xes,150598,765,40000,3.76495,16,1190,11775,1082,0.02705,3.6993825154371143,0.599859595911401,42339.73146129206,0.6987036354097291,2882531.185785678,0.37489692620165116
BPIC2012_40000_ABSENCE_0.4_1.xes,799279,24,40000,19.981975,175,31,52396,4261,0.106525,8.169620759481013,0.7545049277059117,42339.73146129206,0.6987036354097291,2882531.185785678,0.37489692620165116
BPIC2012_40000_ABSENCE_4.0_5.xes,797839,24,40000,19.945975,175,38,52872,4918,0.12295,8.148396290092748,0.7543826601484344,42339.73146129206,0.6987036354097291,2882531.185785678,0.37489692620165116
BPIC2012_20000_MIXED_0.4_4.xes,396152,44,20000,19.8076,175,56,28954,3568,0.1784,8.136593170341483,0.752112575659786,42339.73146129206,0.6987036354097291,2882531.185785678,0.37489692620165116
BPIC2012_20000_ORDERING_1.0_3.xes,396166,24,20000,19.8083,175,39,29043,3586,0.1793,8.136493175341233,0.7546349589499851,42339.73146129206,0.6987036354097291,2882531.185785678,0.37489692620165116
Sepsis_4000_MIXED_4.0_3.xes,57017,58,4000,14.25425,185,93,8491,976,0.244,9.081729567608098,0.7815089670413865,42339.73146129206,0.6987036354097291,2882531.185785678,0.37489692620165116
RTFMS_100000_ABSENCE_0.1_3.xes,373019,11,100000,3.73019,17,17,24000,188,0.00188,3.678123218767812,0.6017896738727991,42339.73146129206,0.6987036354097291,2882531.185785678,0.37489692620165116
BPIC2012_4000_MIXED_1.0_4.xes,79190,32,4000,19.7975,175,40,7650,1388,0.347,8.177455636090977,0.7548466485147105,42339.73146129206,0.6987036354097291,2882531.185785678,0.37489692620165116
RTFMS_10000_SUBSTITUTION_1.0_3.xes,37497,50,10000,3.7497,12,90,3363,146,0.0146,3.694830516948305,0.5935523561180603,42339.73146129206,0.6987036354097291,2882531.185785678,0.37489692620165116
RTFMS_40000_ORDERING_0.2_2.xes,148998,11,40000,3.72495,16,14,10857,142,0.00355,3.6725081872953176,0.6026100885324307,42339.73146129206,0.6987036354097291,2882531.185785678,0.37489692620165116
RTFMS_4000_ABSENCE_4.0_2.xes,14755,11,4000,3.68875,12,26,1578,74,0.0185,3.641339665083729,0.6006858738214933,42339.73146129206,0.6987036354097291,2882531.185785678,0.37489692620165116
BPIC2012_20000_SUBSTITUTION_0.4_1.xes,396166,71,20000,19.8083,175,90,28895,3581,0.17905,8.137543122843859,0.7514950469464381,42339.73146129206,0.6987036354097291,2882531.185785678,0.37489692620165116
BPIC2012_2000_MIXED_1.0_3.xes,38881,31,2000,19.4405,159,36,4325,792,0.396,8.082458770614693,0.755926838088466,42339.73146129206,0.6987036354097291,2882531.185785678,0.37489692620165116
BPIC2012_2000_SUBSTITUTION_0.2_5.xes,38878,27,2000,19.439,159,27,4308,779,0.3895,8.081459270364817,0.7565888315363895,42339.73146129206,0.6987036354097291,2882531.185785678,0.37489692620165116
BPIC2012_20000_ORDERING_4.0_4.xes,396166,24,20000,19.8083,175,48,29474,3823,0.19115,8.136493175341233,0.7549702477413003,42339.73146129206,0.6987036354097291,2882531.185785678,0.37489692620165116
Sepsis_100000_INSERTION_10.0_2.xes,1459819,4535,100000,14.59819,186,7972,132776,10105,0.10105,9.203757962420376,0.781057581697809,42339.73146129206,0.6987036354097291,2882531.185785678,0.37489692620165116
Sepsis_100000_ORDERING_0.4_5.xes,1449819,16,100000,14.49819,185,24,126960,1194,0.01194,9.14379856201438,0.7878150912414236,42339.73146129206,0.6987036354097291,2882531.185785678,0.37489692620165116
Sepsis_10000_SUBSTITUTION_1.0_3.xes,142645,69,10000,14.2645,185,125,18375,941,0.0941,9.078392160783922,0.7796286509055587,42339.73146129206,0.6987036354097291,2882531.185785678,0.37489692620165116
BPIC2012_40000_INSERTION_2.0_1.xes,800239,402,40000,20.005975,175,545,52847,4860,0.1215,8.185270368240793,0.7513479663374497,42339.73146129206,0.6987036354097291,2882531.185785678,0.37489692620165116
RTFMS_2000_ABSENCE_0.1_5.xes,7456,11,2000,3.728,11,19,864,35,0.0175,3.6806596701649177,0.5985773287283997,42339.73146129206,0.6987036354097291,2882531.185785678,0.37489692620165116
Sepsis_4000_INSERTION_2.0_2.xes,57088,54,4000,14.272,185,96,8478,903,0.22575,9.0959760059985,0.7812885821635387,42339.73146129206,0.6987036354097291,2882531.185785678,0.37489692620165116
RTFMS_100000_INSERTION_10.0_3.xes,383119,4493,100000,3.83119,17,6777,29684,5247,0.05247,3.7450625493745062,0.6107178205877464,42339.73146129206,0.6987036354097291,2882531.185785678,0.37489692620165116
RTFMS_4000_SUBSTITUTION_0.1_5.xes,14915,12,4000,3.72875,12,26,1534,51,0.01275,3.6800799800049986,0.5977229468303333,42339.73146129206,0.6987036354097291,2882531.185785678,0.37489692620165116
Sepsis_4000_ABSENCE_10.0_1.xes,56608,16,4000,14.152,185,31,8462,1163,0.29075,9.010247438140464,0.789550029647801,42339.73146129206,0.6987036354097291,2882531.185785678,0.37489692620165116
RTFMS_10000_ORDERING_10.0_3.xes,37497,11,10000,3.7497,12,17,3958,162,0.0162,3.698130186981302,0.6278394190139968,42339.73146129206,0.6987036354097291,2882531.185785678,0.37489692620165116
BPIC2012_20000_ORDERING_0.4_1.xes,396166,24,20000,19.8083,175,32,28924,3551,0.17755,8.136493175341233,0.7545700436812497,42339.73146129206,0.6987036354097291,2882531.185785678,0.37489692620165116
Sepsis_4000_ABSENCE_0.2_3.xes,57000,16,4000,14.25,185,30,8416,833,0.20825,9.082479380154961,0.7891208929860312,42339.73146129206,0.6987036354097291,2882531.185785678,0.37489692620165116
RTFMS_4000_INSERTION_10.0_3.xes,15315,191,4000,3.82875,12,310,1773,316,0.079,3.745563609097726,0.609202915782931,42339.73146129206,0.6987036354097291,2882531.185785678,0.37489692620165116
Sepsis_2000_ABSENCE_2.0_1.xes,28347,16,2000,14.1735,185,29,4672,779,0.3895,9.046476761619191,0.7887788344061385,42339.73146129206,0.6987036354097291,2882531.185785678,0.37489692620165116
BPIC2012_20000_MIXED_1.0_4.xes,396147,73,20000,19.80735,175,109,28995,3656,0.1828,8.136843157842108,0.7515019203652272,42339.73146129206,0.6987036354097291,2882531.185785678,0.37489692620165116
BPIC2012_1000_ABSENCE_0.1_1.xes,19594,24,1000,19.594,159,30,2483,430,0.43,8.097902097902098,0.7548317755984708,42339.73146129206,0.6987036354097291,2882531.185785678,0.37489692620165116
RTFMS_2000_INSERTION_10.0_1.xes,7658,92,2000,3.829,11,143,993,185,0.0925,3.7491254372813594,0.6086790581201555,42339.73146129206,0.6987036354097291,2882531.185785678,0.37489692620165116
Sepsis_100000_ABSENCE_0.2_5.xes,1449619,16,100000,14.49619,185,29,126705,1027,0.01027,9.142338576614234,0.7877164146171894,42339.73146129206,0.6987036354097291,2882531.185785678,0.37489692620165116
BPIC2012_100000_ABSENCE_4.0_1.xes,1992892,24,100000,19.92892,175,41,115930,6157,0.06157,8.133778662213379,0.754540358876526,42339.73146129206,0.6987036354097291,2882531.185785678,0.37489692620165116
RTFMS_40000_INSERTION_10.0_5.xes,152998,1813,40000,3.82495,16,2760,13105,2264,0.0566,3.738681532961676,0.6113635607228753,42339.73146129206,0.6987036354097291,2882531.185785678,0.37489692620165116
BPIC2012_20000_SUBSTITUTION_10.0_3.xes,396166,990,20000,19.8083,175,1237,30036,5029,0.25145,8.152892355382232,0.7526190449322793,42339.73146129206,0.6987036354097291,2882531.185785678,0.37489692620165116
Sepsis_40000_INSERTION_2.0_4.xes,580266,385,40000,14.50665,185,669,60099,1635,0.040875,9.143971400714982,0.7789725302554198,42339.73146129206,0.6987036354097291,2882531.185785678,0.37489692620165116
Sepsis_4000_ABSENCE_0.1_5.xes,57004,16,4000,14.251,185,30,8407,831,0.20775,9.082979255186203,0.7891070089553847,42339.73146129206,0.6987036354097291,2882531.185785678,0.37489692620165116
RTFMS_10000_SUBSTITUTION_10.0_4.xes,37497,479,10000,3.7497,12,670,3856,670,0.067,3.667933206679332,0.6105639724827397,42339.73146129206,0.6987036354097291,2882531.185785678,0.37489692620165116
BPIC2012_1000_ABSENCE_0.2_4.xes,19593,24,1000,19.593,159,29,2480,431,0.431,8.097902097902098,0.754856113094321,42339.73146129206,0.6987036354097291,2882531.185785678,0.37489692620165116
Sepsis_40000_ABSENCE_0.2_5.xes,579386,16,40000,14.48465,185,29,59594,919,0.022975,9.130521736956576,0.7874919272210199,42339.73146129206,0.6987036354097291,2882531.185785678,0.37489692620165116
Sepsis_40000_ABSENCE_10.0_5.xes,575466,16,40000,14.38665,185,30,60240,3452,0.0863,9.056748581285468,0.7878872281049545,42339.73146129206,0.6987036354097291,2882531.185785678,0.37489692620165116
Sepsis_10000_MIXED_2.0_2.xes,142644,78,10000,14.2644,185,130,18399,1040,0.104,9.078392160783922,0.7796677373561153,42339.73146129206,0.6987036354097291,2882531.185785678,0.37489692620165116
RTFMS_1000_ABSENCE_0.1_1.xes,3784,11,1000,3.784,10,19,500,27,0.027,3.734265734265734,0.5995773507401696,42339.73146129206,0.6987036354097291,2882531.185785678,0.37489692620165116
Sepsis_2000_ORDERING_0.4_5.xes,28387,16,2000,14.1935,185,29,4657,751,0.3755,9.061969015492254,0.7888082428914682,42339.73146129206,0.6987036354097291,2882531.185785678,0.37489692620165116
Sepsis_2000_SUBSTITUTION_0.4_1.xes,28387,22,2000,14.1935,185,39,4667,754,0.377,9.063468265867067,0.7845324091773666,42339.73146129206,0.6987036354097291,2882531.185785678,0.37489692620165116
RTFMS_40000_INSERTION_10.0_2.xes,152998,1912,40000,3.82495,16,2930,13130,2350,0.05875,3.7404564885877853,0.6114876516537389,42339.73146129206,0.6987036354097291,2882531.185785678,0.37489692620165116
Sepsis_2000_MIXED_2.0_2.xes,28389,28,2000,14.1945,185,49,4690,778,0.389,9.064467766116941,0.7830100911928066,42339.73146129206,0.6987036354097291,2882531.185785678,0.37489692620165116
BPIC2012_1000_MIXED_10.0_4.xes,19579,50,1000,19.579,159,65,2545,476,0.476,8.102897102897103,0.7532194343813923,42339.73146129206,0.6987036354097291,2882531.185785678,0.37489692620165116
BPIC2012_40000_INSERTION_10.0_4.xes,803439,1937,40000,20.085975,175,2550,54633,7356,0.1839,8.238869028274292,0.7526582742919603,42339.73146129206,0.6987036354097291,2882531.185785678,0.37489692620165116
Sepsis_40000_SUBSTITUTION_0.1_3.xes,579466,37,40000,14.48665,185,70,59629,886,0.02215,9.131996700082498,0.7801621101012688,42339.73146129206,0.6987036354097291,2882531.185785678,0.37489692620165116
Sepsis_4000_MIXED_2.0_5.xes,57011,33,4000,14.25275,185,62,8467,896,0.224,9.08222944263934,0.7824722188624175,42339.73146129206,0.6987036354097291,2882531.185785678,0.37489692620165116
Sepsis_100000_ABSENCE_2.0_2.xes,1447819,16,100000,14.47819,185,31,127195,2323,0.02323,9.128628713712862,0.7877934764640016,42339.73146129206,0.6987036354097291,2882531.185785678,0.37489692620165116
BPIC2012_2000_INSERTION_4.0_3.xes,38958,60,2000,19.479,159,90,4349,820,0.41,8.105947026486756,0.7549000038411968,42339.73146129206,0.6987036354097291,2882531.185785678,0.37489692620165116
RTFMS_2000_MIXED_1.0_3.xes,7456,14,2000,3.728,11,25,878,51,0.0255,3.679160419790105,0.5962795965453679,42339.73146129206,0.6987036354097291,2882531.185785678,0.37489692620165116
BPIC2012_1000_MIXED_10.0_3.xes,19600,49,1000,19.6,159,70,2538,485,0.485,8.106893106893107,0.7530755837242471,42339.73146129206,0.6987036354097291,2882531.185785678,0.37489692620165116
RTFMS_4000_ORDERING_10.0_1.xes,14915,11,4000,3.72875,12,16,1810,113,0.02825,3.6805798550362407,0.624588291290795,42339.73146129206,0.6987036354097291,2882531.185785678,0.37489692620165116
RTFMS_40000_ABSENCE_4.0_2.xes,147398,11,40000,3.68495,16,21,11340,171,0.004275,3.6333591660208495,0.6034518956086046,42339.73146129206,0.6987036354097291,2882531.185785678,0.37489692620165116
BPIC2012_20000_ORDERING_10.0_2.xes,396166,24,20000,19.8083,175,46,30171,4208,0.2104,8.136493175341233,0.7555893463402454,42339.73146129206,0.6987036354097291,2882531.185785678,0.37489692620165116
Sepsis_10000_ABSENCE_0.1_1.xes,142635,16,10000,14.2635,185,30,18248,856,0.0856,9.077892210778922,0.7879019011167521,42339.73146129206,0.6987036354097291,2882531.185785678,0.37489692620165116
RTFMS_10000_MIXED_4.0_3.xes,37470,103,10000,3.747,12,147,3531,258,0.0258,3.6906309369063095,0.5982968930123372,42339.73146129206,0.6987036354097291,2882531.185785678,0.37489692620165116
RTFMS_100000_SUBSTITUTION_0.4_3.xes,373119,202,100000,3.73119,17,279,24236,441,0.00441,3.6779232207677923,0.5923234785405072,42339.73146129206,0.6987036354097291,2882531.185785678,0.37489692620165116
Sepsis_1000_SUBSTITUTION_0.1_5.xes,13900,16,1000,13.9,118,25,2556,541,0.541,9.031968031968033,0.7894602336979553,42339.73146129206,0.6987036354097291,2882531.185785678,0.37489692620165116
BPIC2012_20000_ABSENCE_10.0_2.xes,394166,24,20000,19.7083,175,35,29439,4336,0.2168,8.078796060196991,0.7542222148530873,42339.73146129206,0.6987036354097291,2882531.185785678,0.37489692620165116
BPIC2012_100000_MIXED_0.2_4.xes,1996873,73,100000,19.96873,175,109,114837,4527,0.04527,8.156778432215678,0.7515475654967093,42339.73146129206,0.6987036354097291,2882531.185785678,0.37489692620165116
RTFMS_10000_SUBSTITUTION_4.0_5.xes,37497,192,10000,3.7497,12,262,3544,323,0.0323,3.6845315468453155,0.5988778323111729,42339.73146129206,0.6987036354097291,2882531.185785678,0.37489692620165116
BPIC2012_20000_ABSENCE_0.4_3.xes,396086,24,20000,19.8043,175,34,28908,3555,0.17775,8.133693315334233,0.7545332072802783,42339.73146129206,0.6987036354097291,2882531.185785678,0.37489692620165116
RTFMS_20000_ABSENCE_0.1_5.xes,74682,11,20000,3.7341,12,23,5963,103,0.00515,3.6822158892055397,0.6019320413582381,42339.73146129206,0.6987036354097291,2882531.185785678,0.37489692620165116
Sepsis_10000_MIXED_1.0_1.xes,142658,42,10000,14.2658,185,75,18326,943,0.0943,9.079192080791922,0.7803981357691687,42339.73146129206,0.6987036354097291,2882531.185785678,0.37489692620165116
Sepsis_40000_INSERTION_4.0_3.xes,581066,749,40000,14.52665,186,1341,60609,2399,0.059975,9.156196095097622,0.7794285034724286,42339.73146129206,0.6987036354097291,2882531.185785678,0.37489692620165116
RTFMS_1000_ORDERING_10.0_3.xes,3785,11,1000,3.785,10,14,579,54,0.054,3.7352647352647352,0.6249135716358205,42339.73146129206,0.6987036354097291,2882531.185785678,0.37489692620165116
Sepsis_4000_ORDERING_4.0_4.xes,57008,16,4000,14.252,185,26,8485,965,0.24125,9.083979005248688,0.7902122358352541,42339.73146129206,0.6987036354097291,2882531.185785678,0.37489692620165116
RTFMS_2000_ORDERING_0.1_5.xes,7458,11,2000,3.729,11,18,871,36,0.018,3.6816591704147927,0.5988037529457879,42339.73146129206,0.6987036354097291,2882531.185785678,0.37489692620165116
RTFMS_100000_MIXED_2.0_1.xes,373112,506,100000,3.73112,17,711,25217,948,0.00948,3.6759332406675935,0.5948957434614779,42339.73146129206,0.6987036354097291,2882531.185785678,0.37489692620165116
Sepsis_1000_ABSENCE_10.0_1.xes,13800,16,1000,13.8,118,24,2566,599,0.599,8.96003996003996,0.7898186585610834,42339.73146129206,0.6987036354097291,2882531.185785678,0.37489692620165116
Sepsis_20000_INSERTION_10.0_4.xes,290534,965,20000,14.5267,186,1677,34326,2783,0.13915,9.182490875456228,0.7806603475313624,42339.73146129206,0.6987036354097291,2882531.185785678,0.37489692620165116
BPIC2012_4000_INSERTION_0.1_3.xes,79207,26,4000,19.80175,175,28,7646,1368,0.342,8.178705323669083,0.7558234373330713,42339.73146129206,0.6987036354097291,2882531.185785678,0.37489692620165116
RTFMS_40000_SUBSTITUTION_0.2_4.xes,148998,44,40000,3.72495,16,64,10803,176,0.0044,3.671683207919802,0.5927724384879405,42339.73146129206,0.6987036354097291,2882531.185785678,0.37489692620165116
Sepsis_100000_ORDERING_4.0_1.xes,1449819,16,100000,14.49819,185,18,129381,4011,0.04011,9.14379856201438,0.7887317828105584,42339.73146129206,0.6987036354097291,2882531.185785678,0.37489692620165116
RTFMS_1000_MIXED_0.1_3.xes,3785,11,1000,3.785,10,18,501,27,0.027,3.7352647352647352,0.5997283803156213,42339.73146129206,0.6987036354097291,2882531.185785678,0.37489692620165116
RTFMS_20000_SUBSTITUTION_10.0_1.xes,74702,994,20000,3.7351,12,1365,7086,1253,0.06265,3.6543672816359183,0.6110362372861022,42339.73146129206,0.6987036354097291,2882531.185785678,0.37489692620165116
Sepsis_10000_ORDERING_2.0_5.xes,142645,16,10000,14.2645,185,27,18335,1021,0.1021,9.078692130786921,0.7883756169082596,42339.73146129206,0.6987036354097291,2882531.185785678,0.37489692620165116
BPIC2012_1000_MIXED_0.1_1.xes,19595,24,1000,19.595,159,29,2490,431,0.431,8.098901098901099,0.7549039963075773,42339.73146129206,0.6987036354097291,2882531.185785678,0.37489692620165116
Sepsis_20000_SUBSTITUTION_4.0_5.xes,288534,405,20000,14.4267,185,684,33617,1637,0.08185,9.12044397780111,0.7793082341724127,42339.73146129206,0.6987036354097291,2882531.185785678,0.37489692620165116
RTFMS_4000_INSERTION_0.4_1.xes,14931,17,4000,3.73275,12,35,1537,62,0.0155,3.683579105223694,0.594089593940951,42339.73146129206,0.6987036354097291,2882531.185785678,0.37489692620165116
BPIC2012_1000_INSERTION_0.4_5.xes,19599,25,1000,19.599,159,30,2495,434,0.434,8.1008991008991,0.7546422104522692,42339.73146129206,0.6987036354097291,2882531.185785678,0.37489692620165116
Sepsis_20000_ORDERING_2.0_2.xes,288534,16,20000,14.4267,185,20,33364,1195,0.05975,9.12134393280336,0.7878048095871527,42339.73146129206,0.6987036354097291,2882531.185785678,0.37489692620165116
RTFMS_1000_ABSENCE_1.0_3.xes,3775,11,1000,3.775,10,21,503,31,0.031,3.7252747252747254,0.6003979788338093,42339.73146129206,0.6987036354097291,2882531.185785678,0.37489692620165116
RTFMS_100000_INSERTION_0.4_1.xes,373519,187,100000,3.73519,17,277,24237,439,0.00439,3.6818231817681824,0.5923500346595607,42339.73146129206,0.6987036354097291,2882531.185785678,0.37489692620165116
Sepsis_20000_MIXED_1.0_2.xes,288533,78,20000,14.42665,185,130,33281,1041,0.05205,9.121193940302986,0.7788260149190407,42339.73146129206,0.6987036354097291,2882531.185785678,0.37489692620165116
RTFMS_40000_ABSENCE_0.4_5.xes,148838,11,40000,3.72095,16,21,10827,144,0.0036,3.6686082847928803,0.6021766244630646,42339.73146129206,0.6987036354097291,2882531.185785678,0.37489692620165116
Sepsis_10000_ORDERING_0.2_2.xes,142645,16,10000,14.2645,185,33,18262,864,0.0864,9.078692130786921,0.7879465668638606,42339.73146129206,0.6987036354097291,2882531.185785678,0.37489692620165116
BPIC2012_4000_MIXED_0.2_2.xes,79202,27,4000,19.8005,175,34,7650,1372,0.343,8.177955511122219,0.7556133788773973,42339.73146129206,0.6987036354097291,2882531.185785678,0.37489692620165116
RTFMS_4000_MIXED_2.0_2.xes,14919,29,4000,3.72975,12,52,1582,95,0.02375,3.67808047988003,0.5936326638148307,42339.73146129206,0.6987036354097291,2882531.185785678,0.37489692620165116
RTFMS_100000_INSERTION_10.0_2.xes,383119,4561,100000,3.83119,18,6984,29717,5316,0.05316,3.7459225407745924,0.6110055281591149,42339.73146129206,0.6987036354097291,2882531.185785678,0.37489692620165116
RTFMS_4000_ABSENCE_1.0_2.xes,14875,11,4000,3.71875,12,25,1543,63,0.01575,3.670582354411397,0.5996428162014955,42339.73146129206,0.6987036354097291,2882531.185785678,0.37489692620165116
RTFMS_4000_ORDERING_0.1_5.xes,14915,11,4000,3.72875,12,22,1529,51,0.01275,3.6805798550362407,0.5994153473926516,42339.73146129206,0.6987036354097291,2882531.185785678,0.37489692620165116
RTFMS_40000_ORDERING_0.2_4.xes,148998,11,40000,3.72495,16,13,10833,145,0.003625,3.6725081872953176,0.6025716695697366,42339.73146129206,0.6987036354097291,2882531.185785678,0.37489692620165116
RTFMS_2000_ABSENCE_0.1_2.xes,7456,11,2000,3.728,11,19,861,36,0.018,3.6806596701649177,0.5985740650134438,42339.73146129206,0.6987036354097291,2882531.185785678,0.37489692620165116
BPIC2012_2000_MIXED_0.1_4.xes,38877,25,2000,19.4385,159,28,4307,777,0.3885,8.079960019990004,0.7570213051886523,42339.73146129206,0.6987036354097291,2882531.185785678,0.37489692620165116
BPIC2012_4000_INSERTION_0.1_4.xes,79207,25,4000,19.80175,175,28,7636,1369,0.34225,8.17820544863784,0.7560551887967484,42339.73146129206,0.6987036354097291,2882531.185785678,0.37489692620165116
RTFMS_2000_MIXED_1.0_5.xes,7458,13,2000,3.729,11,21,883,49,0.0245,3.6796601699150426,0.597738459533954,42339.73146129206,0.6987036354097291,2882531.185785678,0.37489692620165116
BPIC2012_4000_MIXED_10.0_2.xes,79206,125,4000,19.8015,175,196,7858,1588,0.397,8.183454136465883,0.7538718017618591,42339.73146129206,0.6987036354097291,2882531.185785678,0.37489692620165116
Sepsis_20000_ORDERING_1.0_5.xes,288534,16,20000,14.4267,185,27,33223,1021,0.05105,9.12134393280336,0.7874758102538025,42339.73146129206,0.6987036354097291,2882531.185785678,0.37489692620165116
Sepsis_20000_INSERTION_0.4_4.xes,288614,55,20000,14.4307,185,104,33180,924,0.0462,9.123693815309235,0.779084979885709,42339.73146129206,0.6987036354097291,2882531.185785678,0.37489692620165116
BPIC2012_20000_ORDERING_4.0_2.xes,396166,24,20000,19.8083,175,57,29407,3813,0.19065,8.136493175341233,0.7549329802719379,42339.73146129206,0.6987036354097291,2882531.185785678,0.37489692620165116
BPIC2012_10000_INSERTION_10.0_4.xes,199864,537,10000,19.9864,175,752,16859,3242,0.3242,8.248775122487752,0.7527772770819701,42339.73146129206,0.6987036354097291,2882531.185785678,0.37489692620165116
Sepsis_40000_MIXED_10.0_3.xes,579515,985,40000,14.487875,185,1687,61525,4469,0.111725,9.129496762580935,0.7804634523472349,42339.73146129206,0.6987036354097291,2882531.185785678,0.37489692620165116
BPIC2012_40000_SUBSTITUTION_0.4_1.xes,799439,116,40000,19.985975,175,165,52414,4308,0.1077,8.1731206719832,0.7512146717248839,42339.73146129206,0.6987036354097291,2882531.185785678,0.37489692620165116
Sepsis_100000_SUBSTITUTION_4.0_3.xes,1449819,1909,100000,14.49819,185,3289,129179,4679,0.04679,9.143258567414327,0.779728749113129,42339.73146129206,0.6987036354097291,2882531.185785678,0.37489692620165116
Sepsis_20000_SUBSTITUTION_2.0_4.xes,288534,196,20000,14.4267,185,344,33407,1238,0.0619,9.12004399780011,0.7788194404781161,42339.73146129206,0.6987036354097291,2882531.185785678,0.37489692620165116
RTFMS_4000_SUBSTITUTION_0.4_2.xes,14915,20,4000,3.72875,12,40,1544,64,0.016,3.6790802299425143,0.5929744717001458,42339.73146129206,0.6987036354097291,2882531.185785678,0.37489692620165116
Sepsis_20000_ABSENCE_0.1_4.xes,288514,16,20000,14.4257,185,30,33192,865,0.04325,9.12074396280186,0.7872438424028836,42339.73146129206,0.6987036354097291,2882531.185785678,0.37489692620165116
Sepsis_100000_INSERTION_0.4_1.xes,1450219,211,100000,14.50219,185,394,126989,1244,0.01244,9.146418535814641,0.7788480708706158,42339.73146129206,0.6987036354097291,2882531.185785678,0.37489692620165116
BPIC2012_40000_SUBSTITUTION_0.2_5.xes,799439,70,40000,19.985975,175,104,52344,4240,0.106,8.172645683857903,0.7514505117509351,42339.73146129206,0.6987036354097291,2882531.185785678,0.37489692620165116
RTFMS_20000_MIXED_2.0_5.xes,74682,84,20000,3.7341,12,118,6210,263,0.01315,3.678266086695665,0.5950394120906997,42339.73146129206,0.6987036354097291,2882531.185785678,0.37489692620165116
Sepsis_1000_INSERTION_2.0_4.xes,13920,30,1000,13.92,118,51,2564,555,0.555,9.046953046953046,0.7833614667042561,42339.73146129206,0.6987036354097291,2882531.185785678,0.37489692620165116
RTFMS_40000_INSERTION_0.4_4.xes,149158,84,40000,3.72895,16,137,10885,237,0.005925,3.6750581235469113,0.5927873041034539,42339.73146129206,0.6987036354097291,2882531.185785678,0.37489692620165116
BPIC2012_100000_MIXED_1.0_2.xes,1996876,258,100000,19.96876,175,343,115258,5075,0.05075,8.15719842801572,0.7512825054878449,42339.73146129206,0.6987036354097291,2882531.185785678,0.37489692620165116
RTFMS_20000_MIXED_4.0_2.xes,74724,205,20000,3.7362,12,284,6454,454,0.0227,3.6779661016949152,0.5983467771807839,42339.73146129206,0.6987036354097291,2882531.185785678,0.37489692620165116
Sepsis_1000_MIXED_0.4_2.xes,13898,16,1000,13.898,118,25,2560,543,0.543,9.03096903096903,0.7895052542462799,42339.73146129206,0.6987036354097291,2882531.185785678,0.37489692620165116
Sepsis_10000_ABSENCE_0.1_2.xes,142635,16,10000,14.2635,185,29,18250,856,0.0856,9.077892210778922,0.7879000304326811,42339.73146129206,0.6987036354097291,2882531.185785678,0.37489692620165116
Sepsis_100000_MIXED_0.4_3.xes,1449838,123,100000,14.49838,185,214,127078,1223,0.01223,9.143708562914371,0.7789275071676287,42339.73146129206,0.6987036354097291,2882531.185785678,0.37489692620165116
Sepsis_2000_MIXED_0.4_5.xes,28388,17,2000,14.194,185,30,4649,752,0.376,9.061469265367316,0.7876560419541359,42339.73146129206,0.6987036354097291,2882531.185785678,0.37489692620165116
Sepsis_1000_MIXED_1.0_4.xes,13903,21,1000,13.903,118,33,2559,548,0.548,9.034965034965035,0.7858527359450505,42339.73146129206,0.6987036354097291,2882531.185785678,0.37489692620165116
Sepsis_2000_MIXED_2.0_1.xes,28394,27,2000,14.197,185,51,4678,781,0.3905,9.064967516241879,0.7833011193291026,42339.73146129206,0.6987036354097291,2882531.185785678,0.37489692620165116
BPIC2012_1000_SUBSTITUTION_0.4_5.xes,19595,27,1000,19.595,159,31,2496,433,0.433,8.1008991008991,0.754175553731704,42339.73146129206,0.6987036354097291,2882531.185785678,0.37489692620165116
RTFMS_2000_MIXED_2.0_2.xes,7462,21,2000,3.731,11,37,894,65,0.0325,3.679160419790105,0.5947484004163203,42339.73146129206,0.6987036354097291,2882531.185785678,0.37489692620165116
Sepsis_100000_ORDERING_1.0_2.xes,1449819,16,100000,14.49819,185,19,127356,1691,0.01691,9.14379856201438,0.7879711931394029,42339.73146129206,0.6987036354097291,2882531.185785678,0.37489692620165116
BPIC2012_100000_MIXED_0.1_3.xes,1996897,49,100000,19.96897,175,67,114725,4456,0.04456,8.156788432115679,0.7519988595110245,42339.73146129206,0.6987036354097291,2882531.185785678,0.37489692620165116
BPIC2012_10000_INSERTION_0.1_5.xes,198874,28,10000,19.8874,175,30,16257,2513,0.2513,8.18048195180482,0.7537267279816695,42339.73146129206,0.6987036354097291,2882531.185785678,0.37489692620165116
RTFMS_1000_ORDERING_0.1_3.xes,3785,11,1000,3.785,10,21,501,27,0.027,3.7352647352647352,0.5998894642407554,42339.73146129206,0.6987036354097291,2882531.185785678,0.37489692620165116
Sepsis_10000_SUBSTITUTION_10.0_3.xes,142645,514,10000,14.2645,185,871,18794,1816,0.1816,9.076492350764923,0.7814927556897419,42339.73146129206,0.6987036354097291,2882531.185785678,0.37489692620165116
RTFMS_20000_MIXED_1.0_2.xes,74713,61,20000,3.73565,12,94,6094,208,0.0104,3.6819159042047898,0.5936306411526795,42339.73146129206,0.6987036354097291,2882531.185785678,0.37489692620165116
RTFMS_40000_INSERTION_0.1_4.xes,149038,28,40000,3.72595,16,46,10788,153,0.003825,3.6731831704207396,0.5935620530748017,42339.73146129206,0.6987036354097291,2882531.185785678,0.37489692620165116
BPIC2012_40000_INSERTION_0.4_3.xes,799599,86,40000,19.989975,175,148,52455,4315,0.107875,8.174520636984075,0.7513320511740464,42339.73146129206,0.6987036354097291,2882531.185785678,0.37489692620165116
Sepsis_2000_ORDERING_4.0_5.xes,28387,16,2000,14.1935,185,27,4703,809,0.4045,9.061969015492254,0.7896471158448606,42339.73146129206,0.6987036354097291,2882531.185785678,0.37489692620165116
Sepsis_10000_MIXED_4.0_3.xes,142664,123,10000,14.2664,185,214,18509,1223,0.1223,9.077792220777923,0.7798423708850377,42339.73146129206,0.6987036354097291,2882531.185785678,0.37489692620165116
BPIC2012_40000_INSERTION_2.0_5.xes,800239,401,40000,20.005975,175,530,52859,4850,0.12125,8.18569535761606,0.7513571085744004,42339.73146129206,0.6987036354097291,2882531.185785678,0.37489692620165116
BPIC2012_1000_MIXED_0.2_1.xes,19596,25,1000,19.596,159,29,2491,431,0.431,8.0999000999001,0.7546729321897621,42339.73146129206,0.6987036354097291,2882531.185785678,0.37489692620165116
Sepsis_20000_ORDERING_10.0_5.xes,288534,16,20000,14.4267,185,15,34262,2493,0.12465,9.12134393280336,0.7899713880685428,42339.73146129206,0.6987036354097291,2882531.185785678,0.37489692620165116
BPIC2012_2000_ABSENCE_0.1_3.xes,38876,24,2000,19.438,159,26,4303,778,0.389,8.079460269865068,0.757294263320468,42339.73146129206,0.6987036354097291,2882531.185785678,0.37489692620165116
RTFMS_10000_INSERTION_0.1_5.xes,37507,16,10000,3.7507,12,34,3304,76,0.0076,3.6988301169883013,0.5963107032072197,42339.73146129206,0.6987036354097291,2882531.185785678,0.37489692620165116
RTFMS_4000_INSERTION_1.0_1.xes,14955,29,4000,3.73875,12,54,1557,86,0.0215,3.688827793051737,0.5926212881259347,42339.73146129206,0.6987036354097291,2882531.185785678,0.37489692620165116
BPIC2012_100000_INSERTION_0.2_5.xes,1997092,114,100000,19.97092,175,173,114778,4547,0.04547,8.158048419515804,0.7513405947175784,42339.73146129206,0.6987036354097291,2882531.185785678,0.37489692620165116
BPIC2012_20000_ABSENCE_0.4_2.xes,396086,24,20000,19.8043,175,33,28866,3562,0.1781,8.134043297835108,0.7545277807422986,42339.73146129206,0.6987036354097291,2882531.185785678,0.37489692620165116
RTFMS_2000_INSERTION_10.0_4.xes,7658,101,2000,3.829,11,168,996,176,0.088,3.7461269365317342,0.6085587784807698,42339.73146129206,0.6987036354097291,2882531.185785678,0.37489692620165116
RTFMS_40000_SUBSTITUTION_4.0_2.xes,148998,803,40000,3.72495,16,1068,11718,1081,0.027025,3.6608834779130524,0.5994715040359474,42339.73146129206,0.6987036354097291,2882531.185785678,0.37489692620165116
Sepsis_10000_SUBSTITUTION_2.0_1.xes,142645,114,10000,14.2645,185,203,18375,1046,0.1046,9.077792220777923,0.7795628790170421,42339.73146129206,0.6987036354097291,2882531.185785678,0.37489692620165116
BPIC2012_1000_ORDERING_10.0_2.xes,19595,24,1000,19.595,159,40,2566,453,0.453,8.098901098901099,0.7560465825261026,42339.73146129206,0.6987036354097291,2882531.185785678,0.37489692620165116
Sepsis_4000_SUBSTITUTION_0.1_4.xes,57008,19,4000,14.252,185,36,8411,831,0.20775,9.083979005248688,0.786454962067182,42339.73146129206,0.6987036354097291,2882531.185785678,0.37489692620165116
BPIC2012_40000_INSERTION_2.0_4.xes,800239,443,40000,20.005975,175,638,52848,4872,0.1218,8.186020349491264,0.7513369951943103,42339.73146129206,0.6987036354097291,2882531.185785678,0.37489692620165116
RTFMS_40000_ORDERING_0.2_1.xes,148998,11,40000,3.72495,16,14,10851,151,0.003775,3.6725081872953176,0.6025981881755225,42339.73146129206,0.6987036354097291,2882531.185785678,0.37489692620165116
RTFMS_40000_SUBSTITUTION_4.0_4.xes,148998,769,40000,3.72495,16,1056,11737,1046,0.02615,3.660283492912677,0.599675029478427,42339.73146129206,0.6987036354097291,2882531.185785678,0.37489692620165116
RTFMS_2000_MIXED_4.0_5.xes,7453,26,2000,3.7265,11,41,922,89,0.0445,3.6716641679160418,0.5964478402371991,42339.73146129206,0.6987036354097291,2882531.185785678,0.37489692620165116
BPIC2012_20000_INSERTION_1.0_4.xes,396366,133,20000,19.8183,175,208,29036,3676,0.1838,8.143642817859106,0.7513084112950412,42339.73146129206,0.6987036354097291,2882531.185785678,0.37489692620165116
Sepsis_40000_MIXED_1.0_5.xes,579448,107,40000,14.4862,185,196,59775,1222,0.03055,9.131271718207044,0.7788657891347672,42339.73146129206,0.6987036354097291,2882531.185785678,0.37489692620165116
Sepsis_4000_ABSENCE_1.0_5.xes,56968,16,4000,14.242,185,29,8422,864,0.216,9.076730817295676,0.7891900026700847,42339.73146129206,0.6987036354097291,2882531.185785678,0.37489692620165116
BPIC2012_20000_MIXED_0.1_2.xes,396157,28,20000,19.80785,175,38,28894,3527,0.17635,8.136243187840607,0.7536150854053487,42339.73146129206,0.6987036354097291,2882531.185785678,0.37489692620165116
Sepsis_20000_ABSENCE_0.4_3.xes,288454,16,20000,14.4227,185,30,33184,918,0.0459,9.118394080295985,0.7872607474997251,42339.73146129206,0.6987036354097291,2882531.185785678,0.37489692620165116
RTFMS_40000_ABSENCE_4.0_5.xes,147398,11,40000,3.68495,16,21,11333,168,0.0042,3.6331591710207243,0.6035919016616693,42339.73146129206,0.6987036354097291,2882531.185785678,0.37489692620165116
RTFMS_1000_ABSENCE_0.2_4.xes,3783,11,1000,3.783,10,20,505,27,0.027,3.733266733266733,0.5998764310942535,42339.73146129206,0.6987036354097291,2882531.185785678,0.37489692620165116
RTFMS_4000_MIXED_10.0_2.xes,14936,105,4000,3.734,12,159,1767,248,0.062,3.6688327918020494,0.6058706016834984,42339.73146129206,0.6987036354097291,2882531.185785678,0.37489692620165116
RTFMS_20000_MIXED_0.2_5.xes,74702,19,20000,3.7351,12,28,5971,121,0.00605,3.6827658617069146,0.595360049631113,42339.73146129206,0.6987036354097291,2882531.185785678,0.37489692620165116
BPIC2012_100000_INSERTION_10.0_3.xes,2006892,4520,100000,20.06892,175,5987,120280,12102,0.12102,8.22278777212228,0.7527812480192253,42339.73146129206,0.6987036354097291,2882531.185785678,0.37489692620165116
RTFMS_20000_ORDERING_0.1_4.xes,74702,11,20000,3.7351,12,18,5962,103,0.00515,3.6831658417079147,0.6021778778458209,42339.73146129206,0.6987036354097291,2882531.185785678,0.37489692620165116
RTFMS_2000_MIXED_0.4_1.xes,7459,13,2000,3.7295,11,23,870,41,0.0205,3.6806596701649177,0.5965135689272771,42339.73146129206,0.6987036354097291,2882531.185785678,0.37489692620165116
BPIC2012_1000_INSERTION_0.1_1.xes,19596,24,1000,19.596,159,29,2487,430,0.43,8.098901098901099,0.7548524408080693,42339.73146129206,0.6987036354097291,2882531.185785678,0.37489692620165116
BPIC2012_1000_ORDERING_1.0_2.xes,19595,24,1000,19.595,159,28,2499,434,0.434,8.098901098901099,0.7549935606859008,42339.73146129206,0.6987036354097291,2882531.185785678,0.37489692620165116
Sepsis_1000_ORDERING_10.0_5.xes,13900,16,1000,13.9,118,26,2594,595,0.595,9.031968031968033,0.7919209601360114,42339.73146129206,0.6987036354097291,2882531.185785678,0.37489692620165116
Sepsis_10000_INSERTION_10.0_3.xes,143645,462,10000,14.3645,185,822,18869,1822,0.1822,9.138386161383862,0.7812606928780997,42339.73146129206,0.6987036354097291,2882531.185785678,0.37489692620165116
Sepsis_40000_ABSENCE_4.0_2.xes,577866,16,40000,14.44665,185,31,59971,2058,0.05145,9.10182245443864,0.7876494707257341,42339.73146129206,0.6987036354097291,2882531.185785678,0.37489692620165116
RTFMS_10000_ABSENCE_0.4_3.xes,37457,11,10000,3.7457,12,27,3318,78,0.0078,3.6941305869413057,0.6016310708669734,42339.73146129206,0.6987036354097291,2882531.185785678,0.37489692620165116
RTFMS_100000_MIXED_0.2_2.xes,373130,61,100000,3.7313,17,88,24096,288,0.00288,3.6788732112678875,0.5921640154427452,42339.73146129206,0.6987036354097291,2882531.185785678,0.37489692620165116
BPIC2012_1000_ABSENCE_2.0_2.xes,19575,24,1000,19.575,159,30,2492,439,0.439,8.084915084915085,0.7547157167566603,42339.73146129206,0.6987036354097291,2882531.185785678,0.37489692620165116
BPIC2012_4000_MIXED_1.0_3.xes,79206,37,4000,19.8015,175,42,7672,1393,0.34825,8.179205198700325,0.7543870195311171,42339.73146129206,0.6987036354097291,2882531.185785678,0.37489692620165116
RTFMS_1000_ORDERING_0.4_5.xes,3785,11,1000,3.785,10,18,509,29,0.029,3.7352647352647352,0.6003850428172262,42339.73146129206,0.6987036354097291,2882531.185785678,0.37489692620165116
RTFMS_4000_INSERTION_0.4_2.xes,14931,19,4000,3.73275,12,30,1543,63,0.01575,3.683079230192452,0.5931051492679591,42339.73146129206,0.6987036354097291,2882531.185785678,0.37489692620165116
RTFMS_2000_SUBSTITUTION_0.4_5.xes,7458,15,2000,3.729,11,25,872,41,0.0205,3.68015992003998,0.5946189476073447,42339.73146129206,0.6987036354097291,2882531.185785678,0.37489692620165116
BPIC2012_10000_ORDERING_0.4_1.xes,198864,24,10000,19.8864,175,30,16260,2520,0.252,8.17988201179882,0.7546647594973367,42339.73146129206,0.6987036354097291,2882531.185785678,0.37489692620165116
RTFMS_10000_MIXED_2.0_5.xes,37478,42,10000,3.7478,12,63,3432,168,0.0168,3.6923307669233076,0.59503094854334,42339.73146129206,0.6987036354097291,2882531.185785678,0.37489692620165116
RTFMS_20000_INSERTION_0.4_2.xes,74782,51,20000,3.7391,12,84,6007,152,0.0076,3.6855657217139144,0.5929147441222954,42339.73146129206,0.6987036354097291,2882531.185785678,0.37489692620165116
Sepsis_10000_MIXED_1.0_5.xes,142645,36,10000,14.2645,185,66,18318,937,0.0937,9.077692230776922,0.7808143960574645,42339.73146129206,0.6987036354097291,2882531.185785678,0.37489692620165116
BPIC2012_40000_SUBSTITUTION_0.1_1.xes,799439,48,40000,19.985975,175,52,52290,4203,0.105075,8.172445688857778,0.7518925525467137,42339.73146129206,0.6987036354097291,2882531.185785678,0.37489692620165116
RTFMS_40000_ORDERING_0.1_3.xes,148998,11,40000,3.72495,16,14,10786,138,0.00345,3.6725081872953176,0.6023163164914733,42339.73146129206,0.6987036354097291,2882531.185785678,0.37489692620165116
BPIC2012_10000_ORDERING_0.2_3.xes,198864,24,10000,19.8864,175,26,16262,2515,0.2515,8.17988201179882,0.7546581998869152,42339.73146129206,0.6987036354097291,2882531.185785678,0.37489692620165116
Sepsis_100000_MIXED_0.4_4.xes,1449815,113,100000,14.49815,185,193,127000,1225,0.01225,9.143588564114358,0.778959903590796,42339.73146129206,0.6987036354097291,2882531.185785678,0.37489692620165116
BPIC2012_2000_ORDERING_2.0_2.xes,38878,24,2000,19.439,159,33,4345,791,0.3955,8.080459770114942,0.7575914084025772,42339.73146129206,0.6987036354097291,2882531.185785678,0.37489692620165116
RTFMS_20000_SUBSTITUTION_4.0_3.xes,74702,379,20000,3.7351,12,507,6422,578,0.0289,3.6709664516774163,0.5992963368767927,42339.73146129206,0.6987036354097291,2882531.185785678,0.37489692620165116
BPIC2012_10000_ORDERING_4.0_1.xes,198864,24,10000,19.8864,175,38,16537,2663,0.2663,8.17988201179882,0.7550062603185822,42339.73146129206,0.6987036354097291,2882531.185785678,0.37489692620165116
BPIC2012_4000_ORDERING_2.0_3.xes,79203,24,4000,19.80075,175,40,7702,1388,0.347,8.177955511122219,0.7564945781210981,42339.73146129206,0.6987036354097291,2882531.185785678,0.37489692620165116
BPIC2012_100000_INSERTION_0.2_2.xes,1997092,114,100000,19.97092,175,181,114759,4551,0.04551,8.157968420315797,0.7513379087299297,42339.73146129206,0.6987036354097291,2882531.185785678,0.37489692620165116
RTFMS_1000_ABSENCE_2.0_3.xes,3765,11,1000,3.765,10,22,506,35,0.035,3.7152847152847155,0.6001348581512517,42339.73146129206,0.6987036354097291,2882531.185785678,0.37489692620165116
Sepsis_4000_MIXED_10.0_3.xes,57027,123,4000,14.25675,185,214,8617,1196,0.299,9.081729567608098,0.7822234886856663,42339.73146129206,0.6987036354097291,2882531.185785678,0.37489692620165116
Sepsis_40000_INSERTION_10.0_5.xes,583466,1928,40000,14.58665,186,3351,62026,4665,0.116625,9.194245143871402,0.7808911860222076,42339.73146129206,0.6987036354097291,2882531.185785678,0.37489692620165116
RTFMS_100000_MIXED_1.0_1.xes,373095,256,100000,3.73095,17,364,24613,604,0.00604,3.677393226067739,0.5931845761537732,42339.73146129206,0.6987036354097291,2882531.185785678,0.37489692620165116
RTFMS_4000_SUBSTITUTION_1.0_2.xes,14915,32,4000,3.72875,12,55,1540,81,0.02025,3.6773306673331665,0.592340404687116,42339.73146129206,0.6987036354097291,2882531.185785678,0.37489692620165116
BPIC2012_10000_INSERTION_4.0_3.xes,199264,194,10000,19.9264,175,293,16505,2801,0.2801,8.204879512048795,0.7518110284234923,42339.73146129206,0.6987036354097291,2882531.185785678,0.37489692620165116
RTFMS_20000_MIXED_0.4_2.xes,74706,29,20000,3.7353,12,48,6017,140,0.007,3.6826658667066647,0.5937344661618943,42339.73146129206,0.6987036354097291,2882531.185785678,0.37489692620165116
BPIC2012_10000_ORDERING_1.0_1.xes,198864,24,10000,19.8864,175,33,16303,2551,0.2551,8.17988201179882,0.7547110894829512,42339.73146129206,0.6987036354097291,2882531.185785678,0.37489692620165116
Sepsis_4000_ORDERING_2.0_1.xes,57008,16,4000,14.252,185,26,8481,900,0.225,9.083979005248688,0.7896416172214449,42339.73146129206,0.6987036354097291,2882531.185785678,0.37489692620165116
Sepsis_20000_ORDERING_0.4_1.xes,288534,16,20000,14.4267,185,26,33207,922,0.0461,9.12134393280336,0.7873444406049699,42339.73146129206,0.6987036354097291,2882531.185785678,0.37489692620165116
Sepsis_100000_INSERTION_0.1_1.xes,1449919,68,100000,14.49919,185,129,126888,945,0.00945,9.144448555514446,0.7792121202246837,42339.73146129206,0.6987036354097291,2882531.185785678,0.37489692620165116
RTFMS_10000_SUBSTITUTION_2.0_1.xes,37497,109,10000,3.7497,12,165,3421,207,0.0207,3.691130886911309,0.5952728072534945,42339.73146129206,0.6987036354097291,2882531.185785678,0.37489692620165116
RTFMS_20000_SUBSTITUTION_4.0_4.xes,74702,379,20000,3.7351,12,535,6435,583,0.02915,3.6709664516774163,0.5995152003453912,42339.73146129206,0.6987036354097291,2882531.185785678,0.37489692620165116
Sepsis_2000_SUBSTITUTION_0.4_2.xes,28387,19,2000,14.1935,185,35,4648,753,0.3765,9.06046976511744,0.7861264671451967,42339.73146129206,0.6987036354097291,2882531.185785678,0.37489692620165116
RTFMS_20000_MIXED_2.0_2.xes,74723,105,20000,3.73615,12,156,6227,296,0.0148,3.68081595920204,0.5951176736261921,42339.73146129206,0.6987036354097291,2882531.185785678,0.37489692620165116
RTFMS_100000_INSERTION_0.1_5.xes,373219,65,100000,3.73219,17,95,23998,250,0.0025,3.6797832021679784,0.5919949188076881,42339.73146129206,0.6987036354097291,2882531.185785678,0.37489692620165116
BPIC2012_4000_ORDERING_0.4_3.xes,79203,24,4000,19.80075,175,27,7641,1372,0.343,8.177955511122219,0.7563420897579247,42339.73146129206,0.6987036354097291,2882531.185785678,0.37489692620165116
BPIC2012_1000_SUBSTITUTION_2.0_1.xes,19595,38,1000,19.595,159,42,2498,441,0.441,8.105894105894105,0.7531444708271386,42339.73146129206,0.6987036354097291,2882531.185785678,0.37489692620165116
Sepsis_2000_ABSENCE_4.0_3.xes,28307,16,2000,14.1535,185,29,4673,805,0.4025,9.03248375812094,0.7889191893292717,42339.73146129206,0.6987036354097291,2882531.185785678,0.37489692620165116
BPIC2012_40000_MIXED_10.0_1.xes,799433,993,40000,19.985825,175,1242,54541,6785,0.169625,8.17969550761231,0.7520728972351122,42339.73146129206,0.6987036354097291,2882531.185785678,0.37489692620165116
RTFMS_40000_ABSENCE_1.0_2.xes,148598,11,40000,3.71495,16,21,10927,150,0.00375,3.6627834304142395,0.6024315876545654,42339.73146129206,0.6987036354097291,2882531.185785678,0.37489692620165116
Sepsis_40000_ABSENCE_0.1_5.xes,579426,16,40000,14.48565,185,29,59544,884,0.0221,9.131321716957077,0.7874902619804419,42339.73146129206,0.6987036354097291,2882531.185785678,0.37489692620165116
Sepsis_2000_ABSENCE_0.2_4.xes,28383,16,2000,14.1915,185,29,4651,749,0.3745,9.060969515242379,0.7887122082859426,42339.73146129206,0.6987036354097291,2882531.185785678,0.37489692620165116
Sepsis_4000_ORDERING_0.1_5.xes,57008,16,4000,14.252,185,31,8413,830,0.2075,9.083979005248688,0.7891471580352024,42339.73146129206,0.6987036354097291,2882531.185785678,0.37489692620165116
RTFMS_20000_ORDERING_10.0_5.xes,74702,11,20000,3.7351,12,10,7174,223,0.01115,3.6831658417079147,0.62674965754121,42339.73146129206,0.6987036354097291,2882531.185785678,0.37489692620165116
BPIC2012_1000_SUBSTITUTION_0.1_1.xes,19595,24,1000,19.595,159,29,2490,430,0.43,8.098901098901099,0.7548989696818444,42339.73146129206,0.6987036354097291,2882531.185785678,0.37489692620165116
RTFMS_4000_SUBSTITUTION_2.0_2.xes,14915,53,4000,3.72875,12,82,1561,113,0.02825,3.6748312921769557,0.5935638382965686,42339.73146129206,0.6987036354097291,2882531.185785678,0.37489692620165116
Sepsis_1000_ABSENCE_1.0_5.xes,13890,16,1000,13.89,118,25,2561,548,0.548,9.023976023976024,0.7894812550203113,42339.73146129206,0.6987036354097291,2882531.185785678,0.37489692620165116
Sepsis_2000_ORDERING_1.0_3.xes,28387,16,2000,14.1935,185,27,4660,762,0.381,9.061969015492254,0.7889631206334469,42339.73146129206,0.6987036354097291,2882531.185785678,0.37489692620165116
Sepsis_4000_INSERTION_4.0_1.xes,57168,95,4000,14.292,185,179,8525,982,0.2455,9.109722569357661,0.7813103824214164,42339.73146129206,0.6987036354097291,2882531.185785678,0.37489692620165116
BPIC2012_40000_ABSENCE_0.1_3.xes,799399,24,40000,19.984975,175,33,52356,4199,0.104975,8.171445713857153,0.7545116601771976,42339.73146129206,0.6987036354097291,2882531.185785678,0.37489692620165116
Sepsis_4000_SUBSTITUTION_2.0_2.xes,57008,57,4000,14.252,185,104,8483,904,0.226,9.082979255186203,0.7812668629653142,42339.73146129206,0.6987036354097291,2882531.185785678,0.37489692620165116
Sepsis_10000_ABSENCE_0.4_2.xes,142605,16,10000,14.2605,185,29,18280,885,0.0885,9.075892410758923,0.7879071390425907,42339.73146129206,0.6987036354097291,2882531.185785678,0.37489692620165116
Sepsis_2000_ABSENCE_10.0_2.xes,28187,16,2000,14.0935,185,29,4665,889,0.4445,8.983508245877061,0.7889264168267769,42339.73146129206,0.6987036354097291,2882531.185785678,0.37489692620165116
BPIC2012_2000_MIXED_1.0_4.xes,38872,30,2000,19.436,159,35,4323,789,0.3945,8.080459770114942,0.7561225907149807,42339.73146129206,0.6987036354097291,2882531.185785678,0.37489692620165116
RTFMS_1000_INSERTION_1.0_3.xes,3795,17,1000,3.795,10,29,511,34,0.034,3.7422577422577423,0.5957753677230841,42339.73146129206,0.6987036354097291,2882531.185785678,0.37489692620165116
RTFMS_40000_MIXED_10.0_4.xes,148951,897,40000,3.723775,16,1298,12948,1428,0.0357,3.655108622284443,0.608937117990871,42339.73146129206,0.6987036354097291,2882531.185785678,0.37489692620165116
BPIC2012_40000_ORDERING_1.0_1.xes,799439,24,40000,19.985975,175,39,52571,4360,0.109,8.17214569635759,0.7546046469172347,42339.73146129206,0.6987036354097291,2882531.185785678,0.37489692620165116
BPIC2012_40000_ORDERING_1.0_4.xes,799439,24,40000,19.985975,175,40,52655,4344,0.1086,8.17214569635759,0.7546164219055256,42339.73146129206,0.6987036354097291,2882531.185785678,0.37489692620165116
RTFMS_100000_INSERTION_1.0_4.xes,374119,489,100000,3.74119,17,746,24638,814,0.00814,3.685923140768592,0.5935440373668681,42339.73146129206,0.6987036354097291,2882531.185785678,0.37489692620165116
Sepsis_20000_ORDERING_10.0_2.xes,288534,16,20000,14.4267,185,17,34238,2479,0.12395,9.12134393280336,0.7898480183816091,42339.73146129206,0.6987036354097291,2882531.185785678,0.37489692620165116
Sepsis_4000_ORDERING_4.0_5.xes,57008,16,4000,14.252,185,26,8471,966,0.2415,9.083979005248688,0.7900093149132499,42339.73146129206,0.6987036354097291,2882531.185785678,0.37489692620165116
BPIC2012_40000_SUBSTITUTION_1.0_1.xes,799439,225,40000,19.985975,175,301,52570,4506,0.11265,8.173995650108747,0.7511913041638768,42339.73146129206,0.6987036354097291,2882531.185785678,0.37489692620165116
Sepsis_40000_MIXED_2.0_5.xes,579464,205,40000,14.4866,185,360,59999,1598,0.03995,9.131371715707107,0.7789222466294488,42339.73146129206,0.6987036354097291,2882531.185785678,0.37489692620165116
Sepsis_20000_SUBSTITUTION_10.0_3.xes,288534,1011,20000,14.4267,185,1724,34210,2775,0.13875,9.12034398280086,0.780817791190598,42339.73146129206,0.6987036354097291,2882531.185785678,0.37489692620165116
BPIC2012_40000_MIXED_1.0_2.xes,799442,125,40000,19.98605,175,195,52601,4460,0.1115,8.172695682607936,0.7512266016397905,42339.73146129206,0.6987036354097291,2882531.185785678,0.37489692620165116
RTFMS_100000_ORDERING_4.0_5.xes,373119,11,100000,3.73119,17,6,26543,350,0.0035,3.6791232087679124,0.6120280110575007,42339.73146129206,0.6987036354097291,2882531.185785678,0.37489692620165116
RTFMS_1000_SUBSTITUTION_4.0_3.xes,3785,25,1000,3.785,10,44,519,61,0.061,3.721278721278721,0.598546866873507,42339.73146129206,0.6987036354097291,2882531.185785678,0.37489692620165116
BPIC2012_40000_ABSENCE_4.0_4.xes,797839,24,40000,19.945975,175,39,52815,4941,0.123525,8.149646258843529,0.7544010311248596,42339.73146129206,0.6987036354097291,2882531.185785678,0.37489692620165116
BPIC2012_20000_SUBSTITUTION_0.4_4.xes,396166,62,20000,19.8083,175,88,28946,3582,0.1791,8.136943152842358,0.751607179583082,42339.73146129206,0.6987036354097291,2882531.185785678,0.37489692620165116
RTFMS_1000_ORDERING_2.0_5.xes,3785,11,1000,3.785,10,17,521,34,0.034,3.7352647352647352,0.6036778439113855,42339.73146129206,0.6987036354097291,2882531.185785678,0.37489692620165116
Sepsis_20000_ABSENCE_1.0_2.xes,288334,16,20000,14.4167,185,29,33176,1020,0.051,9.113494325283735,0.7872607233169419,42339.73146129206,0.6987036354097291,2882531.185785678,0.37489692620165116
Sepsis_10000_SUBSTITUTION_0.1_4.xes,142645,21,10000,14.2645,185,38,18284,856,0.0856,9.078592140785922,0.7840927402232203,42339.73146129206,0.6987036354097291,2882531.185785678,0.37489692620165116
Sepsis_2000_ORDERING_1.0_4.xes,28387,16,2000,14.1935,185,27,4680,763,0.3815,9.061969015492254,0.7889593572118874,42339.73146129206,0.6987036354097291,2882531.185785678,0.37489692620165116
BPIC2012_10000_ABSENCE_0.2_4.xes,198844,24,10000,19.8844,175,25,16238,2518,0.2518,8.17878212178782,0.7546357132214407,42339.73146129206,0.6987036354097291,2882531.185785678,0.37489692620165116
RTFMS_4000_ABSENCE_2.0_3.xes,14835,11,4000,3.70875,12,26,1558,64,0.016,3.6605848537865535,0.5999772573491529,42339.73146129206,0.6987036354097291,2882531.185785678,0.37489692620165116
RTFMS_1000_MIXED_0.4_1.xes,3785,12,1000,3.785,10,21,509,30,0.03,3.734265734265734,0.5990087469649663,42339.73146129206,0.6987036354097291,2882531.185785678,0.37489692620165116
BPIC2012_1000_INSERTION_1.0_2.xes,19605,31,1000,19.605,159,33,2492,437,0.437,8.105894105894105,0.7536524636956263,42339.73146129206,0.6987036354097291,2882531.185785678,0.37489692620165116
Sepsis_20000_SUBSTITUTION_0.4_4.xes,288534,51,20000,14.4267,185,87,33238,926,0.0463,9.120893955302234,0.7792288646914685,42339.73146129206,0.6987036354097291,2882531.185785678,0.37489692620165116
BPIC2012_4000_SUBSTITUTION_10.0_1.xes,79203,225,4000,19.80075,175,302,7856,1615,0.40375,8.19645088727818,0.7543258999239774,42339.73146129206,0.6987036354097291,2882531.185785678,0.37489692620165116
BPIC2012_100000_ORDERING_4.0_5.xes,1996892,24,100000,19.96892,175,41,117446,5968,0.05968,8.156708432915671,0.7550748690084372,42339.73146129206,0.6987036354097291,2882531.185785678,0.37489692620165116
Sepsis_100000_MIXED_4.0_4.xes,1449821,969,100000,14.49821,186,1661,128951,4471,0.04471,9.142168578314218,0.779503672693706,42339.73146129206,0.6987036354097291,2882531.185785678,0.37489692620165116
BPIC2012_4000_ORDERING_0.4_5.xes,79203,24,4000,19.80075,175,30,7661,1372,0.343,8.177955511122219,0.7563401376685682,42339.73146129206,0.6987036354097291,2882531.185785678,0.37489692620165116
RTFMS_4000_MIXED_1.0_2.xes,14919,21,4000,3.72975,12,41,1556,78,0.0195,3.6793301674581356,0.5935787265686752,42339.73146129206,0.6987036354097291,2882531.185785678,0.37489692620165116
Sepsis_10000_INSERTION_10.0_4.xes,143645,490,10000,14.3645,186,848,18852,1826,0.1826,9.13918608139186,0.7812924290153735,42339.73146129206,0.6987036354097291,2882531.185785678,0.37489692620165116
Sepsis_1000_MIXED_4.0_3.xes,13898,25,1000,13.898,118,40,2562,566,0.566,9.023976023976024,0.7848048065511914,42339.73146129206,0.6987036354097291,2882531.185785678,0.37489692620165116
BPIC2012_20000_ORDERING_0.2_4.xes,396166,24,20000,19.8083,175,31,28884,3532,0.1766,8.136493175341233,0.7545578151136065,42339.73146129206,0.6987036354097291,2882531.185785678,0.37489692620165116
RTFMS_10000_SUBSTITUTION_0.1_3.xes,37497,16,10000,3.7497,12,33,3297,78,0.0078,3.6977302269773022,0.5962872491210931,42339.73146129206,0.6987036354097291,2882531.185785678,0.37489692620165116
BPIC2012_10000_SUBSTITUTION_2.0_5.xes,198864,142,10000,19.8864,175,196,16358,2664,0.2664,8.184581541845816,0.7515671193613755,42339.73146129206,0.6987036354097291,2882531.185785678,0.37489692620165116
Sepsis_2000_ABSENCE_10.0_4.xes,28187,16,2000,14.0935,185,30,4681,913,0.4565,8.986506746626686,0.7891021498946823,42339.73146129206,0.6987036354097291,2882531.185785678,0.37489692620165116
RTFMS_10000_INSERTION_4.0_2.xes,37897,204,10000,3.7897,12,316,3548,346,0.0346,3.724127587241276,0.5994138049463594,42339.73146129206,0.6987036354097291,2882531.185785678,0.37489692620165116
BPIC2012_4000_SUBSTITUTION_4.0_2.xes,79203,105,4000,19.80075,175,143,7724,1477,0.36925,8.183704073981504,0.7534921165813211,42339.73146129206,0.6987036354097291,2882531.185785678,0.37489692620165116
RTFMS_1000_ABSENCE_2.0_2.xes,3765,11,1000,3.765,10,21,503,36,0.036,3.7152847152847155,0.6000956066643157,42339.73146129206,0.6987036354097291,2882531.185785678,0.37489692620165116
Sepsis_20000_SUBSTITUTION_1.0_5.xes,288534,112,20000,14.4267,185,199,33263,1046,0.0523,9.121293935303235,0.7787156886448893,42339.73146129206,0.6987036354097291,2882531.185785678,0.37489692620165116
Sepsis_20000_INSERTION_0.1_1.xes,288554,25,20000,14.4277,185,47,33129,866,0.0433,9.12194390280486,0.781911555040933,42339.73146129206,0.6987036354097291,2882531.185785678,0.37489692620165116
RTFMS_1000_ORDERING_1.0_1.xes,3785,11,1000,3.785,10,15,508,33,0.033,3.7352647352647352,0.6019114277338679,42339.73146129206,0.6987036354097291,2882531.185785678,0.37489692620165116
BPIC2012_10000_ABSENCE_10.0_4.xes,197864,24,10000,19.7864,175,37,16504,2875,0.2875,8.124487551244876,0.7543441698527326,42339.73146129206,0.6987036354097291,2882531.185785678,0.37489692620165116
BPIC2012_10000_SUBSTITUTION_0.4_1.xes,198864,48,10000,19.8864,175,49,16270,2535,0.2535,8.18108189181082,0.7520696970470945,42339.73146129206,0.6987036354097291,2882531.185785678,0.37489692620165116
Sepsis_10000_ABSENCE_1.0_2.xes,142545,16,10000,14.2545,185,29,18271,936,0.0936,9.070792920707929,0.7879232566856346,42339.73146129206,0.6987036354097291,2882531.185785678,0.37489692620165116
Sepsis_40000_INSERTION_4.0_2.xes,581066,760,40000,14.52665,185,1343,60585,2400,0.06,9.155946101347466,0.7794267584186287,42339.73146129206,0.6987036354097291,2882531.185785678,0.37489692620165116
Sepsis_4000_MIXED_0.4_4.xes,57010,23,4000,14.2525,185,42,8421,842,0.2105,9.084978755311171,0.7844854987564425,42339.73146129206,0.6987036354097291,2882531.185785678,0.37489692620165116
RTFMS_100000_MIXED_1.0_2.xes,373128,256,100000,3.73128,17,344,24634,609,0.00609,3.6776932230677692,0.5931942677715364,42339.73146129206,0.6987036354097291,2882531.185785678,0.37489692620165116
RTFMS_2000_SUBSTITUTION_2.0_1.xes,7458,29,2000,3.729,11,49,888,68,0.034,3.6741629185407296,0.5939177973300247,42339.73146129206,0.6987036354097291,2882531.185785678,0.37489692620165116
Sepsis_40000_ABSENCE_1.0_5.xes,579066,16,40000,14.47665,185,29,59638,1197,0.029925,9.12472188195295,0.7875327930920882,42339.73146129206,0.6987036354097291,2882531.185785678,0.37489692620165116
Sepsis_20000_INSERTION_0.2_2.xes,288574,36,20000,14.4287,185,60,33169,886,0.0443,9.122493875306235,0.7800407116083579,42339.73146129206,0.6987036354097291,2882531.185785678,0.37489692620165116
BPIC2012_100000_INSERTION_10.0_2.xes,2006892,4664,100000,20.06892,176,6112,120327,12170,0.1217,8.22340776592234,0.7527984950825849,42339.73146129206,0.6987036354097291,2882531.185785678,0.37489692620165116
Sepsis_4000_SUBSTITUTION_0.4_3.xes,57008,25,4000,14.252,185,48,8427,843,0.21075,9.084228942764309,0.7838130684826883,42339.73146129206,0.6987036354097291,2882531.185785678,0.37489692620165116
Sepsis_10000_ABSENCE_10.0_3.xes,141645,16,10000,14.1645,185,30,18398,1653,0.1653,9.003699630036996,0.788487622719005,42339.73146129206,0.6987036354097291,2882531.185785678,0.37489692620165116
RTFMS_10000_SUBSTITUTION_0.4_1.xes,37497,29,10000,3.7497,12,54,3307,102,0.0102,3.696630336966303,0.593534642935006,42339.73146129206,0.6987036354097291,2882531.185785678,0.37489692620165116
Sepsis_1000_ABSENCE_0.4_1.xes,13896,16,1000,13.896,118,25,2563,544,0.544,9.027972027972028,0.7894757294257453,42339.73146129206,0.6987036354097291,2882531.185785678,0.37489692620165116
BPIC2012_40000_ABSENCE_4.0_3.xes,797839,24,40000,19.945975,175,35,52812,4906,0.12265,8.148946276343091,0.7544001174305752,42339.73146129206,0.6987036354097291,2882531.185785678,0.37489692620165116
BPIC2012_20000_SUBSTITUTION_0.2_4.xes,396166,40,20000,19.8083,175,55,28895,3548,0.1774,8.136643167841608,0.7523125868033708,42339.73146129206,0.6987036354097291,2882531.185785678,0.37489692620165116
RTFMS_40000_ORDERING_1.0_2.xes,148998,11,40000,3.72495,16,13,11100,175,0.004375,3.6725081872953176,0.60469028211865,42339.73146129206,0.6987036354097291,2882531.185785678,0.37489692620165116
Sepsis_1000_ORDERING_0.2_2.xes,13900,16,1000,13.9,118,25,2557,542,0.542,9.031968031968033,0.789508389785543,42339.73146129206,0.6987036354097291,2882531.185785678,0.37489692620165116
Sepsis_40000_INSERTION_0.2_3.xes,579546,53,40000,14.48865,185,104,59577,924,0.0231,9.133171670708233,0.7793327203377514,42339.73146129206,0.6987036354097291,2882531.185785678,0.37489692620165116
RTFMS_20000_INSERTION_0.2_1.xes,74742,29,20000,3.7371,12,49,5975,130,0.0065,3.6848157592120394,0.5935306994478087,42339.73146129206,0.6987036354097291,2882531.185785678,0.37489692620165116
RTFMS_4000_SUBSTITUTION_0.2_2.xes,14915,16,4000,3.72875,12,33,1530,56,0.014,3.6800799800049986,0.5942533822559027,42339.73146129206,0.6987036354097291,2882531.185785678,0.37489692620165116
Sepsis_20000.xes,288534,16,20000,14.4267,185,30,33126,846,0.0423,9.12134393280336,0.7872400276165314,42339.73146129206,0.6987036354097291,2882531.185785678,0.37489692620165116
Sepsis_100000_ORDERING_10.0_2.xes,1449819,16,100000,14.49819,185,15,133036,8118,0.08118,9.14379856201438,0.7903532520441996,42339.73146129206,0.6987036354097291,2882531.185785678,0.37489692620165116
Sepsis_4000_ORDERING_0.4_1.xes,57008,16,4000,14.252,185,28,8423,842,0.2105,9.083979005248688,0.7892005992373223,42339.73146129206,0.6987036354097291,2882531.185785678,0.37489692620165116
RTFMS_2000_ABSENCE_10.0_5.xes,7258,11,2000,3.629,11,24,924,57,0.0285,3.5837081459270363,0.6022788461375157,42339.73146129206,0.6987036354097291,2882531.185785678,0.37489692620165116
Sepsis_4000_INSERTION_1.0_3.xes,57048,36,4000,14.262,185,68,8438,865,0.21625,9.090227443139215,0.7820350717441251,42339.73146129206,0.6987036354097291,2882531.185785678,0.37489692620165116
Sepsis_10000_ABSENCE_2.0_1.xes,142445,16,10000,14.2445,185,29,18287,1024,0.1024,9.064193580641936,0.788005027700438,42339.73146129206,0.6987036354097291,2882531.185785678,0.37489692620165116
Sepsis_10000_ORDERING_10.0_4.xes,142645,16,10000,14.2645,185,21,18821,1684,0.1684,9.078692130786921,0.7906384517411569,42339.73146129206,0.6987036354097291,2882531.185785678,0.37489692620165116
Sepsis_1000_MIXED_0.1_1.xes,13901,17,1000,13.901,118,27,2557,541,0.541,9.032967032967033,0.7884256871901684,42339.73146129206,0.6987036354097291,2882531.185785678,0.37489692620165116
RTFMS_2000_ABSENCE_0.1_4.xes,7456,11,2000,3.728,11,20,873,35,0.0175,3.6806596701649177,0.5987336833919442,42339.73146129206,0.6987036354097291,2882531.185785678,0.37489692620165116
Sepsis_4000_SUBSTITUTION_0.1_1.xes,57008,19,4000,14.252,185,35,8411,831,0.20775,9.084228942764309,0.7864851043988026,42339.73146129206,0.6987036354097291,2882531.185785678,0.37489692620165116
RTFMS_2000_ABSENCE_4.0_4.xes,7378,11,2000,3.689,11,22,901,48,0.024,3.6416791604197902,0.6007326839243431,42339.73146129206,0.6987036354097291,2882531.185785678,0.37489692620165116
Sepsis_100000_INSERTION_0.1_5.xes,1449919,67,100000,14.49919,185,128,126956,945,0.00945,9.144438555614444,0.7792272642273685,42339.73146129206,0.6987036354097291,2882531.185785678,0.37489692620165116
BPIC2012_40000_ABSENCE_10.0_5.xes,795439,24,40000,19.885975,175,40,53484,5881,0.147025,8.114372140696483,0.7542009849681487,42339.73146129206,0.6987036354097291,2882531.185785678,0.37489692620165116
BPIC2012_10000_INSERTION_2.0_4.xes,199064,133,10000,19.9064,175,205,16406,2659,0.2659,8.194180581941806,0.7515708888261179,42339.73146129206,0.6987036354097291,2882531.185785678,0.37489692620165116
RTFMS_2000_SUBSTITUTION_4.0_2.xes,7458,53,2000,3.729,11,80,908,99,0.0495,3.6701649175412294,0.5970491020352984,42339.73146129206,0.6987036354097291,2882531.185785678,0.37489692620165116
Sepsis_40000_SUBSTITUTION_0.4_5.xes,579466,97,40000,14.48665,185,177,59676,1006,0.02515,9.131996700082498,0.7788369953028681,42339.73146129206,0.6987036354097291,2882531.185785678,0.37489692620165116
Sepsis_4000_MIXED_0.2_3.xes,57004,17,4000,14.251,185,29,8423,835,0.20875,9.082979255186203,0.788086662867199,42339.73146129206,0.6987036354097291,2882531.185785678,0.37489692620165116
Sepsis_100000_MIXED_4.0_2.xes,1449761,937,100000,14.49761,186,1628,129013,4462,0.04462,9.141428585714143,0.7794738977368215,42339.73146129206,0.6987036354097291,2882531.185785678,0.37489692620165116
Sepsis_1000_SUBSTITUTION_4.0_2.xes,13900,36,1000,13.9,118,66,2572,566,0.566,9.025974025974026,0.7831343950810774,42339.73146129206,0.6987036354097291,2882531.185785678,0.37489692620165116
Sepsis_10000_ABSENCE_1.0_4.xes,142545,16,10000,14.2545,185,31,18277,943,0.0943,9.071692830716929,0.7879458452416626,42339.73146129206,0.6987036354097291,2882531.185785678,0.37489692620165116
BPIC2012_10000_MIXED_2.0_1.xes,198862,68,10000,19.8862,175,89,16354,2631,0.2631,8.182181781821818,0.751794766385109,42339.73146129206,0.6987036354097291,2882531.185785678,0.37489692620165116
BPIC2012_100000_ABSENCE_0.4_4.xes,1996492,24,100000,19.96492,175,33,114809,4575,0.04575,8.154418455815442,0.7546541231531938,42339.73146129206,0.6987036354097291,2882531.185785678,0.37489692620165116
BPIC2012_2000_ORDERING_0.4_1.xes,38878,24,2000,19.439,159,25,4305,780,0.39,8.080459770114942,0.7572930442240505,42339.73146129206,0.6987036354097291,2882531.185785678,0.37489692620165116
RTFMS_20000_SUBSTITUTION_0.4_4.xes,74702,44,20000,3.7351,12,67,5990,147,0.00735,3.6815159242037896,0.5929752670400956,42339.73146129206,0.6987036354097291,2882531.185785678,0.37489692620165116
Sepsis_20000_INSERTION_1.0_1.xes,288734,115,20000,14.4367,185,218,33272,1045,0.05225,9.127893605319734,0.7786741943295393,42339.73146129206,0.6987036354097291,2882531.185785678,0.37489692620165116
Sepsis_1000_SUBSTITUTION_4.0_4.xes,13900,31,1000,13.9,118,51,2576,570,0.57,9.024975024975024,0.7838419856370794,42339.73146129206,0.6987036354097291,2882531.185785678,0.37489692620165116
Sepsis_10000_MIXED_0.2_4.xes,142648,23,10000,14.2648,185,43,18262,866,0.0866,9.07909209079092,0.7832411915048908,42339.73146129206,0.6987036354097291,2882531.185785678,0.37489692620165116
Sepsis_10000_ORDERING_0.4_5.xes,142645,16,10000,14.2645,185,27,18277,883,0.0883,9.078692130786921,0.7880092078546346,42339.73146129206,0.6987036354097291,2882531.185785678,0.37489692620165116
BPIC2012_1000_ORDERING_10.0_4.xes,19595,24,1000,19.595,159,32,2540,454,0.454,8.098901098901099,0.7557882333973345,42339.73146129206,0.6987036354097291,2882531.185785678,0.37489692620165116
Sepsis_1000_ABSENCE_2.0_3.xes,13880,16,1000,13.88,118,25,2560,552,0.552,9.016983016983017,0.7895308626576812,42339.73146129206,0.6987036354097291,2882531.185785678,0.37489692620165116
RTFMS_40000_INSERTION_4.0_2.xes,150598,769,40000,3.76495,16,1157,11793,1077,0.026925,3.6989575260618484,0.5998089379242232,42339.73146129206,0.6987036354097291,2882531.185785678,0.37489692620165116
BPIC2012_2000_MIXED_4.0_1.xes,38872,43,2000,19.436,159,50,4354,815,0.4075,8.081459270364817,0.7552317868343622,42339.73146129206,0.6987036354097291,2882531.185785678,0.37489692620165116
Sepsis_2000_INSERTION_1.0_5.xes,28407,26,2000,14.2035,185,47,4675,763,0.3815,9.067466266866568,0.7832388087842193,42339.73146129206,0.6987036354097291,2882531.185785678,0.37489692620165116
BPIC2012_1000_ORDERING_4.0_1.xes,19595,24,1000,19.595,159,34,2509,441,0.441,8.098901098901099,0.7550554333956103,42339.73146129206,0.6987036354097291,2882531.185785678,0.37489692620165116
RTFMS_2000_MIXED_0.2_1.xes,7458,12,2000,3.729,11,21,873,38,0.019,3.681159420289855,0.5974943836674017,42339.73146129206,0.6987036354097291,2882531.185785678,0.37489692620165116
RTFMS_2000_MIXED_1.0_2.xes,7461,16,2000,3.7305,11,28,880,51,0.0255,3.6806596701649177,0.5948525796276012,42339.73146129206,0.6987036354097291,2882531.185785678,0.37489692620165116
RTFMS_4000_ABSENCE_0.2_4.xes,14907,11,4000,3.72675,12,25,1531,53,0.01325,3.678580354911272,0.5993885654697799,42339.73146129206,0.6987036354097291,2882531.185785678,0.37489692620165116
RTFMS_40000_ORDERING_1.0_4.xes,148998,11,40000,3.72495,16,10,11100,172,0.0043,3.6725081872953176,0.6046395097211552,42339.73146129206,0.6987036354097291,2882531.185785678,0.37489692620165116
Sepsis_40000_SUBSTITUTION_4.0_4.xes,579466,769,40000,14.48665,185,1304,60483,2392,0.0598,9.130371740706483,0.7795151215222829,42339.73146129206,0.6987036354097291,2882531.185785678,0.37489692620165116
BPIC2012_2000_SUBSTITUTION_2.0_4.xes,38878,40,2000,19.439,159,53,4318,799,0.3995,8.081959020489755,0.7552636866296967,42339.73146129206,0.6987036354097291,2882531.185785678,0.37489692620165116
BPIC2012_4000_INSERTION_1.0_4.xes,79243,43,4000,19.81075,175,60,7660,1397,0.34925,8.18470382404399,0.7540416349832032,42339.73146129206,0.6987036354097291,2882531.185785678,0.37489692620165116
Sepsis_10000_SUBSTITUTION_0.2_2.xes,142645,26,10000,14.2645,185,53,18261,866,0.0866,9.078192180781922,0.7822989433169851,42339.73146129206,0.6987036354097291,2882531.185785678,0.37489692620165116
RTFMS_2000_ORDERING_10.0_5.xes,7458,11,2000,3.729,11,16,1015,74,0.037,3.6816591704147927,0.6237468956197811,42339.73146129206,0.6987036354097291,2882531.185785678,0.37489692620165116
BPIC2012_40000_ORDERING_4.0_3.xes,799439,24,40000,19.985975,175,44,53446,4811,0.120275,8.17214569635759,0.7549289634432428,42339.73146129206,0.6987036354097291,2882531.185785678,0.37489692620165116
RTFMS_10000_SUBSTITUTION_2.0_3.xes,37497,107,10000,3.7497,12,164,3416,212,0.0212,3.6924307569243076,0.595233135795946,42339.73146129206,0.6987036354097291,2882531.185785678,0.37489692620165116
Sepsis_20000_ABSENCE_10.0_5.xes,286534,16,20000,14.3267,185,30,33448,2335,0.11675,9.04484775761212,0.7876368869705456,42339.73146129206,0.6987036354097291,2882531.185785678,0.37489692620165116
BPIC2012_40000_SUBSTITUTION_2.0_5.xes,799439,444,40000,19.985975,175,570,52835,4859,0.121475,8.176070598235045,0.7513546328228617,42339.73146129206,0.6987036354097291,2882531.185785678,0.37489692620165116
RTFMS_10000_MIXED_4.0_5.xes,37477,84,10000,3.7477,12,121,3544,239,0.0239,3.688331166883312,0.5978400431082627,42339.73146129206,0.6987036354097291,2882531.185785678,0.37489692620165116
RTFMS_2000_ORDERING_2.0_3.xes,7458,11,2000,3.729,11,16,908,51,0.0255,3.6816591704147927,0.6040919863869274,42339.73146129206,0.6987036354097291,2882531.185785678,0.37489692620165116
BPIC2012_20000_SUBSTITUTION_2.0_4.xes,396166,224,20000,19.8083,175,312,29129,3838,0.1919,8.139543022848857,0.751382457660531,42339.73146129206,0.6987036354097291,2882531.185785678,0.37489692620165116
RTFMS_40000_INSERTION_1.0_2.xes,149398,204,40000,3.73495,16,314,11009,397,0.009925,3.67900802479938,0.5938862931270734,42339.73146129206,0.6987036354097291,2882531.185785678,0.37489692620165116
Sepsis_100000_INSERTION_4.0_1.xes,1453819,1893,100000,14.53819,185,3349,129264,4664,0.04664,9.16828831711683,0.7796534888413176,42339.73146129206,0.6987036354097291,2882531.185785678,0.37489692620165116
Sepsis_10000_MIXED_0.1_2.xes,142642,19,10000,14.2642,185,35,18265,856,0.0856,9.078692130786921,0.7852454151684567,42339.73146129206,0.6987036354097291,2882531.185785678,0.37489692620165116
BPIC2012_1000_ABSENCE_0.4_2.xes,19591,24,1000,19.591,159,29,2490,432,0.432,8.095904095904096,0.7548132720781582,42339.73146129206,0.6987036354097291,2882531.185785678,0.37489692620165116
Sepsis_2000_ABSENCE_1.0_4.xes,28367,16,2000,14.1835,185,29,4659,763,0.3815,9.055972013993003,0.7887401043365792,42339.73146129206,0.6987036354097291,2882531.185785678,0.37489692620165116
BPIC2012_40000_ABSENCE_1.0_3.xes,799039,24,40000,19.975975,175,34,52462,4371,0.109275,8.165945851353715,0.7544926013097403,42339.73146129206,0.6987036354097291,2882531.185785678,0.37489692620165116
RTFMS_100000_INSERTION_4.0_5.xes,377119,1813,100000,3.77119,17,2757,26437,2311,0.02311,3.7055929440705593,0.5994950483990027,42339.73146129206,0.6987036354097291,2882531.185785678,0.37489692620165116
Sepsis_1000_INSERTION_10.0_4.xes,14000,68,1000,14.0,118,125,2624,611,0.611,9.094905094905094,0.7831461163669985,42339.73146129206,0.6987036354097291,2882531.185785678,0.37489692620165116
RTFMS_20000_MIXED_2.0_4.xes,74706,98,20000,3.7353,12,143,6220,286,0.0143,3.679966001699915,0.5951898824209909,42339.73146129206,0.6987036354097291,2882531.185785678,0.37489692620165116
BPIC2012_40000_SUBSTITUTION_2.0_2.xes,799439,468,40000,19.985975,175,607,52826,4870,0.12175,8.176695582610435,0.7513234958006084,42339.73146129206,0.6987036354097291,2882531.185785678,0.37489692620165116
BPIC2012_40000_ABSENCE_10.0_3.xes,795439,24,40000,19.885975,175,39,53475,5902,0.14755,8.114722131946701,0.754223809052929,42339.73146129206,0.6987036354097291,2882531.185785678,0.37489692620165116
RTFMS_1000_ABSENCE_1.0_2.xes,3775,11,1000,3.775,10,20,501,31,0.031,3.7252747252747254,0.5997660823446687,42339.73146129206,0.6987036354097291,2882531.185785678,0.37489692620165116
Sepsis_10000_INSERTION_1.0_2.xes,142745,62,10000,14.2745,185,117,18360,946,0.0946,9.084591540845915,0.7797044412751677,42339.73146129206,0.6987036354097291,2882531.185785678,0.37489692620165116
BPIC2012_20000_INSERTION_2.0_3.xes,396566,194,20000,19.8283,175,296,29136,3834,0.1917,8.148992550372482,0.7513993787383786,42339.73146129206,0.6987036354097291,2882531.185785678,0.37489692620165116
Sepsis_4000_SUBSTITUTION_1.0_2.xes,57008,36,4000,14.252,185,72,8428,865,0.21625,9.082479380154961,0.7820504313907216,42339.73146129206,0.6987036354097291,2882531.185785678,0.37489692620165116
Sepsis_20000_MIXED_1.0_5.xes,288538,67,20000,14.4269,185,127,33245,1034,0.0517,9.12104394780261,0.7789455552513636,42339.73146129206,0.6987036354097291,2882531.185785678,0.37489692620165116
BPIC2012_100000_ABSENCE_2.0_5.xes,1994892,24,100000,19.94892,175,38,115345,5328,0.05328,8.14489855101449,0.7545982599388189,42339.73146129206,0.6987036354097291,2882531.185785678,0.37489692620165116
RTFMS_40000_INSERTION_2.0_3.xes,149798,388,40000,3.74495,16,593,11290,622,0.01555,3.6856328591785203,0.5958283732047502,42339.73146129206,0.6987036354097291,2882531.185785678,0.37489692620165116
RTFMS_10000_SUBSTITUTION_0.1_5.xes,37497,17,10000,3.7497,12,33,3301,77,0.0077,3.697830216978302,0.5957218073159785,42339.73146129206,0.6987036354097291,2882531.185785678,0.37489692620165116
Sepsis_40000_ORDERING_4.0_2.xes,579466,16,40000,14.48665,185,20,60567,2172,0.0543,9.132046698832529,0.7885291712015217,42339.73146129206,0.6987036354097291,2882531.185785678,0.37489692620165116
BPIC2012_100000_SUBSTITUTION_1.0_3.xes,1996892,499,100000,19.96892,175,641,115320,5224,0.05224,8.158238417615824,0.7513175809816067,42339.73146129206,0.6987036354097291,2882531.185785678,0.37489692620165116
Sepsis_2000_SUBSTITUTION_2.0_1.xes,28387,39,2000,14.1935,185,64,4678,784,0.392,9.061469265367316,0.7816866466614945,42339.73146129206,0.6987036354097291,2882531.185785678,0.37489692620165116
BPIC2012_1000_INSERTION_0.1_4.xes,19596,25,1000,19.596,159,31,2483,431,0.431,8.0999000999001,0.7545772612961328,42339.73146129206,0.6987036354097291,2882531.185785678,0.37489692620165116
Sepsis_40000_ORDERING_4.0_1.xes,579466,16,40000,14.48665,185,18,60514,2183,0.054575,9.132046698832529,0.7885068874183832,42339.73146129206,0.6987036354097291,2882531.185785678,0.37489692620165116
RTFMS_20000_ABSENCE_2.0_3.xes,74302,11,20000,3.7151,11,23,6114,124,0.0062,3.663516824158792,0.6026062783126158,42339.73146129206,0.6987036354097291,2882531.185785678,0.37489692620165116
BPIC2012_4000_ABSENCE_1.0_5.xes,79163,24,4000,19.79075,175,30,7624,1380,0.345,8.171707073231692,0.7562502657860577,42339.73146129206,0.6987036354097291,2882531.185785678,0.37489692620165116
BPIC2012_10000_SUBSTITUTION_0.4_2.xes,198864,45,10000,19.8864,175,57,16281,2538,0.2538,8.18088191180882,0.7521968314146195,42339.73146129206,0.6987036354097291,2882531.185785678,0.37489692620165116
BPIC2012_100000_SUBSTITUTION_10.0_3.xes,1996892,4952,100000,19.96892,175,5856,120207,12260,0.1226,8.175948240517595,0.7528103765790026,42339.73146129206,0.6987036354097291,2882531.185785678,0.37489692620165116
RTFMS_100000_ORDERING_10.0_2.xes,373119,11,100000,3.73119,17,7,29359,417,0.00417,3.6791232087679124,0.6274458734346673,42339.73146129206,0.6987036354097291,2882531.185785678,0.37489692620165116
RTFMS_2000_SUBSTITUTION_2.0_3.xes,7458,25,2000,3.729,11,44,883,69,0.0345,3.6746626686656674,0.5940703331342618,42339.73146129206,0.6987036354097291,2882531.185785678,0.37489692620165116
RTFMS_1000_SUBSTITUTION_1.0_1.xes,3785,17,1000,3.785,10,31,507,36,0.036,3.7322677322677325,0.5961696803327199,42339.73146129206,0.6987036354097291,2882531.185785678,0.37489692620165116
RTFMS_4000_INSERTION_0.1_4.xes,14919,13,4000,3.72975,12,28,1523,52,0.013,3.681329667583104,0.5965543907074069,42339.73146129206,0.6987036354097291,2882531.185785678,0.37489692620165116
RTFMS_40000_SUBSTITUTION_10.0_5.xes,148998,1841,40000,3.72495,16,2499,12974,2252,0.0563,3.64238394040149,0.6110358958653197,42339.73146129206,0.6987036354097291,2882531.185785678,0.37489692620165116
RTFMS_2000_ORDERING_0.1_4.xes,7458,11,2000,3.729,11,20,864,36,0.018,3.6816591704147927,0.5989804217791883,42339.73146129206,0.6987036354097291,2882531.185785678,0.37489692620165116
RTFMS_10000_ORDERING_0.4_3.xes,37497,11,10000,3.7497,12,20,3327,85,0.0085,3.698130186981302,0.6026051606364222,42339.73146129206,0.6987036354097291,2882531.185785678,0.37489692620165116
BPIC2012_40000_SUBSTITUTION_0.4_4.xes,799439,103,40000,19.985975,175,146,52440,4310,0.10775,8.172445688857778,0.7512501181214806,42339.73146129206,0.6987036354097291,2882531.185785678,0.37489692620165116
RTFMS_20000_MIXED_0.2_2.xes,74706,21,20000,3.7353,12,37,5970,123,0.00615,3.6829158542072897,0.594786820888487,42339.73146129206,0.6987036354097291,2882531.185785678,0.37489692620165116
BPIC2012_1000_ORDERING_1.0_1.xes,19595,24,1000,19.595,159,29,2501,434,0.434,8.098901098901099,0.7548290677904053,42339.73146129206,0.6987036354097291,2882531.185785678,0.37489692620165116
Sepsis_1000_MIXED_2.0_3.xes,13898,21,1000,13.898,118,32,2571,550,0.55,9.027972027972028,0.7859580584530291,42339.73146129206,0.6987036354097291,2882531.185785678,0.37489692620165116
RTFMS_20000_SUBSTITUTION_0.4_5.xes,74702,46,20000,3.7351,12,73,5999,153,0.00765,3.6817159142042897,0.5929930615783803,42339.73146129206,0.6987036354097291,2882531.185785678,0.37489692620165116
RTFMS_1000_ORDERING_0.4_4.xes,3785,11,1000,3.785,10,19,503,29,0.029,3.7352647352647352,0.6005828653913763,42339.73146129206,0.6987036354097291,2882531.185785678,0.37489692620165116
BPIC2012_40000_MIXED_0.1_1.xes,799438,38,40000,19.98595,175,43,52363,4199,0.104975,8.172220694482638,0.7524065684968846,42339.73146129206,0.6987036354097291,2882531.185785678,0.37489692620165116
BPIC2012_4000_INSERTION_0.2_1.xes,79211,27,4000,19.80275,175,29,7623,1370,0.3425,8.178955261184704,0.7556125884012127,42339.73146129206,0.6987036354097291,2882531.185785678,0.37489692620165116
BPIC2012_1000_SUBSTITUTION_2.0_4.xes,19595,33,1000,19.595,159,46,2489,441,0.441,8.0999000999001,0.753334063945054,42339.73146129206,0.6987036354097291,2882531.185785678,0.37489692620165116
RTFMS_20000_SUBSTITUTION_4.0_2.xes,74702,424,20000,3.7351,12,570,6448,627,0.03135,3.672066396680166,0.5994245581140938,42339.73146129206,0.6987036354097291,2882531.185785678,0.37489692620165116
RTFMS_1000_MIXED_1.0_3.xes,3783,12,1000,3.783,10,20,511,35,0.035,3.7302697302697303,0.5993018729497372,42339.73146129206,0.6987036354097291,2882531.185785678,0.37489692620165116
BPIC2012_1000_ORDERING_2.0_4.xes,19595,24,1000,19.595,159,30,2502,436,0.436,8.098901098901099,0.7550496362237272,42339.73146129206,0.6987036354097291,2882531.185785678,0.37489692620165116
Sepsis_1000_SUBSTITUTION_0.2_2.xes,13900,18,1000,13.9,118,29,2567,542,0.542,9.031968031968033,0.787580506363234,42339.73146129206,0.6987036354097291,2882531.185785678,0.37489692620165116
BPIC2012_4000_ORDERING_10.0_1.xes,79203,24,4000,19.80075,175,39,7893,1486,0.3715,8.177955511122219,0.7572299493421235,42339.73146129206,0.6987036354097291,2882531.185785678,0.37489692620165116
Sepsis_4000_SUBSTITUTION_1.0_1.xes,57008,39,4000,14.252,185,65,8452,867,0.21675,9.083729067733067,0.7818144281084871,42339.73146129206,0.6987036354097291,2882531.185785678,0.37489692620165116
Sepsis_1000_INSERTION_0.1_4.xes,13901,17,1000,13.901,118,27,2555,541,0.541,9.032967032967033,0.7884103243395231,42339.73146129206,0.6987036354097291,2882531.185785678,0.37489692620165116
RTFMS_40000_SUBSTITUTION_0.2_5.xes,148998,46,40000,3.72495,16,70,10805,182,0.00455,3.6717832054198647,0.5927541920704817,42339.73146129206,0.6987036354097291,2882531.185785678,0.37489692620165116
BPIC2012_20000_ORDERING_0.4_4.xes,396166,24,20000,19.8083,175,30,28946,3546,0.1773,8.136493175341233,0.7545804719512557,42339.73146129206,0.6987036354097291,2882531.185785678,0.37489692620165116
BPIC2012_20000_INSERTION_0.1_3.xes,396186,34,20000,19.8093,175,42,28873,3528,0.1764,8.137193140342983,0.7527907394623055,42339.73146129206,0.6987036354097291,2882531.185785678,0.37489692620165116
Sepsis_40000_ABSENCE_1.0_1.xes,579066,16,40000,14.47665,185,31,59629,1191,0.029775,9.12467188320292,0.7875239360130243,42339.73146129206,0.6987036354097291,2882531.185785678,0.37489692620165116
RTFMS_2000_SUBSTITUTION_0.1_2.xes,7458,13,2000,3.729,11,23,872,36,0.018,3.6816591704147927,0.5959834202017553,42339.73146129206,0.6987036354097291,2882531.185785678,0.37489692620165116
Sepsis_10000_ORDERING_4.0_5.xes,142645,16,10000,14.2645,185,24,18473,1194,0.1194,9.078692130786921,0.7889958144410383,42339.73146129206,0.6987036354097291,2882531.185785678,0.37489692620165116
BPIC2012_2000_ORDERING_4.0_5.xes,38878,24,2000,19.439,159,27,4368,798,0.399,8.080459770114942,0.757588469139793,42339.73146129206,0.6987036354097291,2882531.185785678,0.37489692620165116
RTFMS_1000_ABSENCE_1.0_4.xes,3775,11,1000,3.775,10,21,510,33,0.033,3.7252747252747254,0.6001907002631431,42339.73146129206,0.6987036354097291,2882531.185785678,0.37489692620165116
RTFMS_20000_ABSENCE_10.0_4.xes,72702,11,20000,3.6351,12,23,6567,143,0.00715,3.5847207639618017,0.605768215525564,42339.73146129206,0.6987036354097291,2882531.185785678,0.37489692620165116
RTFMS_1000_MIXED_4.0_4.xes,3775,18,1000,3.775,10,30,524,49,0.049,3.7192807192807193,0.5976057954310898,42339.73146129206,0.6987036354097291,2882531.185785678,0.37489692620165116
RTFMS_20000_ABSENCE_0.4_4.xes,74622,11,20000,3.7311,12,24,5988,106,0.0053,3.6791660416979153,0.6021104881137123,42339.73146129206,0.6987036354097291,2882531.185785678,0.37489692620165116
BPIC2012_2000_MIXED_0.1_3.xes,38880,26,2000,19.44,159,27,4318,778,0.389,8.081459270364817,0.7568057240184852,42339.73146129206,0.6987036354097291,2882531.185785678,0.37489692620165116
Sepsis_100000_ABSENCE_2.0_1.xes,1447819,16,100000,14.47819,185,32,127189,2337,0.02337,9.128788712112879,0.787793227780483,42339.73146129206,0.6987036354097291,2882531.185785678,0.37489692620165116
BPIC2012_40000_ORDERING_4.0_5.xes,799439,24,40000,19.985975,175,38,53507,4830,0.12075,8.17214569635759,0.7549403093131575,42339.73146129206,0.6987036354097291,2882531.185785678,0.37489692620165116
BPIC2012_20000_ORDERING_4.0_5.xes,396166,24,20000,19.8083,175,48,29497,3838,0.1919,8.136493175341233,0.7549744638405314,42339.73146129206,0.6987036354097291,2882531.185785678,0.37489692620165116
RTFMS_1000_MIXED_0.1_2.xes,3786,11,1000,3.786,10,20,504,27,0.027,3.7362637362637363,0.5998139449726207,42339.73146129206,0.6987036354097291,2882531.185785678,0.37489692620165116
Sepsis_2000_SUBSTITUTION_2.0_5.xes,28387,30,2000,14.1935,185,54,4684,781,0.3905,9.057471264367816,0.782666187556388,42339.73146129206,0.6987036354097291,2882531.185785678,0.37489692620165116
BPIC2012_100000_SUBSTITUTION_4.0_2.xes,1996892,2122,100000,19.96892,175,2624,117096,7676,0.07676,8.165018349816501,0.7518080305423052,42339.73146129206,0.6987036354097291,2882531.185785678,0.37489692620165116
BPIC2012_1000_SUBSTITUTION_1.0_3.xes,19595,29,1000,19.595,159,36,2481,435,0.435,8.098901098901099,0.7538584013053938,42339.73146129206,0.6987036354097291,2882531.185785678,0.37489692620165116
Sepsis_20000_INSERTION_10.0_3.xes,290534,927,20000,14.5267,186,1653,34313,2777,0.13885,9.181990900454977,0.7805897434902662,42339.73146129206,0.6987036354097291,2882531.185785678,0.37489692620165116
Sepsis_20000_ORDERING_0.2_4.xes,288534,16,20000,14.4267,185,30,33166,880,0.044,9.12134393280336,0.7872954453578732,42339.73146129206,0.6987036354097291,2882531.185785678,0.37489692620165116
Sepsis_2000_MIXED_0.2_4.xes,28387,18,2000,14.1935,185,33,4654,749,0.3745,9.061969015492254,0.7868143057775115,42339.73146129206,0.6987036354097291,2882531.185785678,0.37489692620165116
RTFMS_20000_INSERTION_4.0_5.xes,75502,388,20000,3.7751,12,564,6463,595,0.02975,3.710214489275536,0.5995392795258117,42339.73146129206,0.6987036354097291,2882531.185785678,0.37489692620165116
RTFMS_1000_ABSENCE_0.4_4.xes,3781,11,1000,3.781,10,20,505,29,0.029,3.7312687312687314,0.5999265956231867,42339.73146129206,0.6987036354097291,2882531.185785678,0.37489692620165116
BPIC2012_40000_SUBSTITUTION_0.1_3.xes,799439,41,40000,19.985975,175,71,52352,4206,0.10515,8.172445688857778,0.7522175601741723,42339.73146129206,0.6987036354097291,2882531.185785678,0.37489692620165116
Sepsis_40000_MIXED_2.0_3.xes,579478,225,40000,14.48695,185,396,59982,1589,0.039725,9.13147171320717,0.7789216237523324,42339.73146129206,0.6987036354097291,2882531.185785678,0.37489692620165116
RTFMS_20000_MIXED_0.2_3.xes,74697,19,20000,3.73485,12,29,5964,120,0.006,3.6827158642067896,0.5954254539602997,42339.73146129206,0.6987036354097291,2882531.185785678,0.37489692620165116
RTFMS_40000_INSERTION_0.2_1.xes,149078,45,40000,3.72695,16,68,10805,187,0.004675,3.6739331516712084,0.5927931316484332,42339.73146129206,0.6987036354097291,2882531.185785678,0.37489692620165116
Sepsis_40000_ABSENCE_0.1_1.xes,579426,16,40000,14.48565,185,30,59567,884,0.0221,9.131271718207044,0.7874865561073301,42339.73146129206,0.6987036354097291,2882531.185785678,0.37489692620165116
BPIC2012_40000_ABSENCE_0.4_3.xes,799279,24,40000,19.981975,175,34,52311,4263,0.106575,8.169495762605935,0.7545054398486947,42339.73146129206,0.6987036354097291,2882531.185785678,0.37489692620165116
BPIC2012_4000_SUBSTITUTION_1.0_1.xes,79203,48,4000,19.80075,175,50,7663,1391,0.34775,8.180954761309673,0.7538286101346702,42339.73146129206,0.6987036354097291,2882531.185785678,0.37489692620165116
BPIC2012_100000_MIXED_1.0_3.xes,1996879,277,100000,19.96879,175,390,115289,5112,0.05112,8.157558424415756,0.7512773642665089,42339.73146129206,0.6987036354097291,2882531.185785678,0.37489692620165116
RTFMS_10000_ORDERING_0.1_5.xes,37497,11,10000,3.7497,12,23,3312,74,0.0074,3.698130186981302,0.6017530177966238,42339.73146129206,0.6987036354097291,2882531.185785678,0.37489692620165116
BPIC2012_2000_INSERTION_0.4_1.xes,38886,27,2000,19.443,159,28,4312,781,0.3905,8.082458770614693,0.7566252752514467,42339.73146129206,0.6987036354097291,2882531.185785678,0.37489692620165116
BPIC2012_2000_MIXED_0.2_2.xes,38877,26,2000,19.4385,159,30,4308,778,0.389,8.080459770114942,0.7568141223440283,42339.73146129206,0.6987036354097291,2882531.185785678,0.37489692620165116
RTFMS_1000_SUBSTITUTION_1.0_5.xes,3785,17,1000,3.785,10,28,512,35,0.035,3.7322677322677325,0.5955402619176483,42339.73146129206,0.6987036354097291,2882531.185785678,0.37489692620165116
RTFMS_2000_ORDERING_0.2_5.xes,7458,11,2000,3.729,11,18,875,37,0.0185,3.6816591704147927,0.5990013493443231,42339.73146129206,0.6987036354097291,2882531.185785678,0.37489692620165116
RTFMS_1000_INSERTION_4.0_1.xes,3825,29,1000,3.825,10,54,529,65,0.065,3.768231768231768,0.5991192165857078,42339.73146129206,0.6987036354097291,2882531.185785678,0.37489692620165116
BPIC2012_40000_INSERTION_4.0_3.xes,801039,769,40000,20.025975,175,1046,53289,5497,0.137425,8.198370040748982,0.7516621552838929,42339.73146129206,0.6987036354097291,2882531.185785678,0.37489692620165116
RTFMS_2000_INSERTION_4.0_1.xes,7538,45,2000,3.769,11,75,913,101,0.0505,3.710144927536232,0.5969193082599846,42339.73146129206,0.6987036354097291,2882531.185785678,0.37489692620165116
BPIC2012_4000_MIXED_2.0_1.xes,79197,43,4000,19.79925,175,51,7686,1408,0.352,8.17845538615346,0.7540683333546121,42339.73146129206,0.6987036354097291,2882531.185785678,0.37489692620165116
BPIC2012_100000_ABSENCE_0.2_3.xes,1996692,24,100000,19.96692,175,34,114813,4483,0.04483,8.155358446415535,0.7546595347559035,42339.73146129206,0.6987036354097291,2882531.185785678,0.37489692620165116
BPIC2012_4000_INSERTION_0.4_4.xes,79219,30,4000,19.80475,175,34,7636,1379,0.34475,8.180204948762809,0.7551007646333148,42339.73146129206,0.6987036354097291,2882531.185785678,0.37489692620165116
Sepsis_1000_MIXED_0.1_4.xes,13899,16,1000,13.899,118,25,2555,541,0.541,9.03096903096903,0.7894469404208975,42339.73146129206,0.6987036354097291,2882531.185785678,0.37489692620165116
Sepsis_100000_INSERTION_0.4_2.xes,1450219,207,100000,14.50219,185,370,126915,1243,0.01243,9.146208537914621,0.7788480645797933,42339.73146129206,0.6987036354097291,2882531.185785678,0.37489692620165116
BPIC2012_4000_INSERTION_2.0_1.xes,79283,59,4000,19.82075,175,81,7666,1423,0.35575,8.190452386903274,0.753696494838171,42339.73146129206,0.6987036354097291,2882531.185785678,0.37489692620165116
RTFMS_4000_ORDERING_0.2_2.xes,14915,11,4000,3.72875,12,21,1537,54,0.0135,3.6805798550362407,0.5997160812764658,42339.73146129206,0.6987036354097291,2882531.185785678,0.37489692620165116
Sepsis_4000_SUBSTITUTION_0.4_2.xes,57008,24,4000,14.252,185,47,8426,843,0.21075,9.082729317670582,0.7841256724863693,42339.73146129206,0.6987036354097291,2882531.185785678,0.37489692620165116
BPIC2012_4000_ABSENCE_0.2_3.xes,79195,24,4000,19.79875,175,27,7626,1369,0.34225,8.176205948512871,0.7563046628557275,42339.73146129206,0.6987036354097291,2882531.185785678,0.37489692620165116
BPIC2012_4000_INSERTION_0.1_5.xes,79207,25,4000,19.80175,175,27,7634,1369,0.34225,8.17845538615346,0.7560630423803688,42339.73146129206,0.6987036354097291,2882531.185785678,0.37489692620165116
RTFMS_10000_SUBSTITUTION_10.0_3.xes,37497,484,10000,3.7497,12,649,3850,670,0.067,3.667733226677332,0.6102781517494758,42339.73146129206,0.6987036354097291,2882531.185785678,0.37489692620165116
Sepsis_20000_ABSENCE_10.0_3.xes,286534,16,20000,14.3267,185,32,33459,2323,0.11615,9.047247637618119,0.787757293787792,42339.73146129206,0.6987036354097291,2882531.185785678,0.37489692620165116
BPIC2012_20000_SUBSTITUTION_1.0_1.xes,396166,133,20000,19.8083,175,195,29020,3681,0.18405,8.138493075346233,0.7512884068843179,42339.73146129206,0.6987036354097291,2882531.185785678,0.37489692620165116
RTFMS_100000_INSERTION_0.4_5.xes,373519,194,100000,3.73519,17,276,24218,437,0.00437,3.6818231817681824,0.5923207466589724,42339.73146129206,0.6987036354097291,2882531.185785678,0.37489692620165116
Sepsis_2000_INSERTION_0.2_4.xes,28391,20,2000,14.1955,185,36,4678,749,0.3745,9.063968015992003,0.785440229951028,42339.73146129206,0.6987036354097291,2882531.185785678,0.37489692620165116
BPIC2012_40000_SUBSTITUTION_10.0_1.xes,799439,2078,40000,19.985975,175,2537,54629,7423,0.185575,8.192420189495262,0.7525849464324934,42339.73146129206,0.6987036354097291,2882531.185785678,0.37489692620165116
BPIC2012_20000_MIXED_4.0_1.xes,396174,206,20000,19.8087,175,272,29376,4029,0.20145,8.139843007849608,0.7515216573713515,42339.73146129206,0.6987036354097291,2882531.185785678,0.37489692620165116
RTFMS_4000_SUBSTITUTION_2.0_1.xes,14915,47,4000,3.72875,12,80,1579,106,0.0265,3.6725818545363658,0.5935143177086675,42339.73146129206,0.6987036354097291,2882531.185785678,0.37489692620165116
Sepsis_100000_INSERTION_0.1_4.xes,1449919,68,100000,14.49919,185,129,126807,944,0.00944,9.144428555714443,0.7792098023651425,42339.73146129206,0.6987036354097291,2882531.185785678,0.37489692620165116
BPIC2012_10000_SUBSTITUTION_1.0_1.xes,198864,78,10000,19.8864,175,113,16310,2583,0.2583,8.182281771822817,0.7516183524138046,42339.73146129206,0.6987036354097291,2882531.185785678,0.37489692620165116
Sepsis_10000_INSERTION_4.0_3.xes,143045,200,10000,14.3045,185,364,18512,1240,0.124,9.102889711028897,0.779873960505043,42339.73146129206,0.6987036354097291,2882531.185785678,0.37489692620165116
Sepsis_10000_SUBSTITUTION_0.2_1.xes,142645,28,10000,14.2645,185,50,18280,866,0.0866,9.078592140785922,0.7818425272826395,42339.73146129206,0.6987036354097291,2882531.185785678,0.37489692620165116
RTFMS_100000_INSERTION_2.0_1.xes,375119,940,100000,3.75119,17,1423,25247,1334,0.01334,3.692593074069259,0.595500576242753,42339.73146129206,0.6987036354097291,2882531.185785678,0.37489692620165116
BPIC2012_1000_INSERTION_4.0_4.xes,19635,43,1000,19.635,159,63,2513,457,0.457,8.125874125874127,0.7530628619115618,42339.73146129206,0.6987036354097291,2882531.185785678,0.37489692620165116
Sepsis_4000_MIXED_2.0_1.xes,57019,37,4000,14.25475,185,68,8450,904,0.226,9.08447888027993,0.7821849472176885,42339.73146129206,0.6987036354097291,2882531.185785678,0.37489692620165116
BPIC2012_40000_MIXED_0.1_4.xes,799426,32,40000,19.98565,175,42,52313,4199,0.104975,8.17209569760756,0.7529797454890954,42339.73146129206,0.6987036354097291,2882531.185785678,0.37489692620165116
RTFMS_100000_MIXED_0.4_2.xes,373140,105,100000,3.7314,17,151,24236,374,0.00374,3.6786532134678653,0.5922880991235241,42339.73146129206,0.6987036354097291,2882531.185785678,0.37489692620165116
Sepsis_100000_ABSENCE_0.1_2.xes,1449719,16,100000,14.49719,185,29,126737,936,0.00936,9.1430085699143,0.7877100947839519,42339.73146129206,0.6987036354097291,2882531.185785678,0.37489692620165116
Sepsis_1000_INSERTION_0.4_5.xes,13904,18,1000,13.904,118,29,2568,542,0.542,9.033966033966035,0.7875753310131192,42339.73146129206,0.6987036354097291,2882531.185785678,0.37489692620165116
RTFMS_100000_ABSENCE_2.0_1.xes,371119,11,100000,3.71119,17,17,24708,231,0.00231,3.6594534054659453,0.6024717940110426,42339.73146129206,0.6987036354097291,2882531.185785678,0.37489692620165116
Sepsis_10000_ORDERING_0.1_4.xes,142645,16,10000,14.2645,185,30,18263,855,0.0855,9.078692130786921,0.7879154848448159,42339.73146129206,0.6987036354097291,2882531.185785678,0.37489692620165116
RTFMS_1000_SUBSTITUTION_4.0_4.xes,3785,29,1000,3.785,10,51,530,60,0.06,3.722277722277722,0.5985463308466183,42339.73146129206,0.6987036354097291,2882531.185785678,0.37489692620165116
BPIC2012_1000_ABSENCE_0.1_2.xes,19594,24,1000,19.594,159,29,2491,430,0.43,8.097902097902098,0.7548371081286611,42339.73146129206,0.6987036354097291,2882531.185785678,0.37489692620165116
BPIC2012_100000_SUBSTITUTION_1.0_4.xes,1996892,528,100000,19.96892,175,660,115312,5236,0.05236,8.158638413615863,0.7513265597624456,42339.73146129206,0.6987036354097291,2882531.185785678,0.37489692620165116
RTFMS_10000_ORDERING_0.1_3.xes,37497,11,10000,3.7497,12,24,3299,76,0.0076,3.698130186981302,0.6018162325716172,42339.73146129206,0.6987036354097291,2882531.185785678,0.37489692620165116
RTFMS_1000_MIXED_1.0_5.xes,3788,13,1000,3.788,10,22,514,35,0.035,3.7362637362637363,0.5991946155397769,42339.73146129206,0.6987036354097291,2882531.185785678,0.37489692620165116
BPIC2012_100000_ABSENCE_10.0_4.xes,1986892,24,100000,19.86892,175,43,117523,8372,0.08372,8.099629003709962,0.7543514304709392,42339.73146129206,0.6987036354097291,2882531.185785678,0.37489692620165116
RTFMS_2000_ABSENCE_0.4_2.xes,7450,11,2000,3.725,11,19,872,37,0.0185,3.6776611694152925,0.5985234393122065,42339.73146129206,0.6987036354097291,2882531.185785678,0.37489692620165116
BPIC2012_4000_MIXED_4.0_4.xes,79181,61,4000,19.79525,175,88,7707,1448,0.362,8.178705323669083,0.7537109393848695,42339.73146129206,0.6987036354097291,2882531.185785678,0.37489692620165116
RTFMS_40000_MIXED_0.2_5.xes,148993,26,40000,3.724825,16,39,10805,174,0.00435,3.672008199795005,0.5939184762174238,42339.73146129206,0.6987036354097291,2882531.185785678,0.37489692620165116
RTFMS_20000_ORDERING_10.0_3.xes,74702,11,20000,3.7351,12,10,7177,227,0.01135,3.6831658417079147,0.627922122254233,42339.73146129206,0.6987036354097291,2882531.185785678,0.37489692620165116
BPIC2012_20000_MIXED_0.1_1.xes,396169,32,20000,19.80845,175,36,28897,3525,0.17625,8.136693165341732,0.7530106070889793,42339.73146129206,0.6987036354097291,2882531.185785678,0.37489692620165116
Sepsis_10000_INSERTION_0.1_3.xes,142655,22,10000,14.2655,185,42,18249,856,0.0856,9.079392060793921,0.7836221440955612,42339.73146129206,0.6987036354097291,2882531.185785678,0.37489692620165116
Sepsis_1000_MIXED_0.4_4.xes,13900,18,1000,13.9,118,29,2558,543,0.543,9.031968031968033,0.7875983295344802,42339.73146129206,0.6987036354097291,2882531.185785678,0.37489692620165116
BPIC2012_10000_MIXED_4.0_4.xes,198863,120,10000,19.8863,175,178,16513,2755,0.2755,8.18108189181082,0.7516794389113062,42339.73146129206,0.6987036354097291,2882531.185785678,0.37489692620165116
Sepsis_20000_INSERTION_0.2_4.xes,288574,41,20000,14.4287,185,79,33167,886,0.0443,9.122693865306735,0.7796402864721371,42339.73146129206,0.6987036354097291,2882531.185785678,0.37489692620165116
Sepsis_20000_SUBSTITUTION_0.4_3.xes,288534,58,20000,14.4267,185,107,33207,925,0.04625,9.121093945302734,0.7790252546567018,42339.73146129206,0.6987036354097291,2882531.185785678,0.37489692620165116
Sepsis_4000_SUBSTITUTION_2.0_3.xes,57008,58,4000,14.252,185,107,8443,904,0.226,9.082729317670582,0.7812491785525839,42339.73146129206,0.6987036354097291,2882531.185785678,0.37489692620165116
BPIC2012_2000_MIXED_10.0_5.xes,38884,73,2000,19.442,159,104,4421,888,0.444,8.08695652173913,0.7553493405659276,42339.73146129206,0.6987036354097291,2882531.185785678,0.37489692620165116
RTFMS_100000_MIXED_10.0_4.xes,373222,2286,100000,3.73222,17,3295,29248,3124,0.03124,3.6641033589664103,0.6088916233243689,42339.73146129206,0.6987036354097291,2882531.185785678,0.37489692620165116
Sepsis_20000_INSERTION_0.1_3.xes,288554,26,20000,14.4277,185,50,33196,866,0.0433,9.12194390280486,0.7816333269142501,42339.73146129206,0.6987036354097291,2882531.185785678,0.37489692620165116
BPIC2012_1000_INSERTION_0.4_2.xes,19599,26,1000,19.599,159,30,2490,433,0.433,8.1008991008991,0.7543980642748398,42339.73146129206,0.6987036354097291,2882531.185785678,0.37489692620165116
RTFMS_2000_SUBSTITUTION_2.0_2.xes,7458,32,2000,3.729,11,51,886,67,0.0335,3.6751624187906047,0.5938549660406218,42339.73146129206,0.6987036354097291,2882531.185785678,0.37489692620165116
RTFMS_40000_SUBSTITUTION_2.0_5.xes,148998,375,40000,3.72495,16,501,11272,597,0.014925,3.665833354166146,0.5956838600472452,42339.73146129206,0.6987036354097291,2882531.185785678,0.37489692620165116
RTFMS_4000_ORDERING_0.2_3.xes,14915,11,4000,3.72875,12,25,1539,54,0.0135,3.6805798550362407,0.5997329619361689,42339.73146129206,0.6987036354097291,2882531.185785678,0.37489692620165116
RTFMS_40000_SUBSTITUTION_0.2_1.xes,148998,47,40000,3.72495,16,76,10820,180,0.0045,3.6717082072948175,0.5927391615974431,42339.73146129206,0.6987036354097291,2882531.185785678,0.37489692620165116
BPIC2012_1000_ABSENCE_1.0_3.xes,19585,24,1000,19.585,159,31,2485,433,0.433,8.08991008991009,0.7547736085107485,42339.73146129206,0.6987036354097291,2882531.185785678,0.37489692620165116
RTFMS_4000_MIXED_4.0_2.xes,14927,51,4000,3.73175,12,84,1625,142,0.0355,3.6760809797550613,0.5961274011572726,42339.73146129206,0.6987036354097291,2882531.185785678,0.37489692620165116
RTFMS_2000_SUBSTITUTION_4.0_5.xes,7458,46,2000,3.729,11,72,916,96,0.048,3.6671664167916043,0.5966977512471957,42339.73146129206,0.6987036354097291,2882531.185785678,0.37489692620165116
RTFMS_20000_INSERTION_0.2_5.xes,74742,36,20000,3.7371,12,56,5965,127,0.00635,3.6845657717114144,0.593011586586483,42339.73146129206,0.6987036354097291,2882531.185785678,0.37489692620165116
BPIC2012_100000_SUBSTITUTION_0.1_3.xes,1996892,70,100000,19.96892,175,118,114737,4460,0.0446,8.156858431415685,0.7515758247520254,42339.73146129206,0.6987036354097291,2882531.185785678,0.37489692620165116
RTFMS_40000_ABSENCE_2.0_5.xes,148198,11,40000,3.70495,16,21,11097,159,0.003975,3.6528836779080525,0.6028135512155063,42339.73146129206,0.6987036354097291,2882531.185785678,0.37489692620165116
RTFMS_4000_MIXED_0.4_2.xes,14917,15,4000,3.72925,12,30,1541,61,0.01525,3.68032991752062,0.5950935832572183,42339.73146129206,0.6987036354097291,2882531.185785678,0.37489692620165116
RTFMS_10000_ORDERING_4.0_4.xes,37497,11,10000,3.7497,12,16,3600,118,0.0118,3.698130186981302,0.6117464414743309,42339.73146129206,0.6987036354097291,2882531.185785678,0.37489692620165116
BPIC2012_20000_INSERTION_0.2_3.xes,396206,41,20000,19.8103,175,58,28907,3545,0.17725,8.137743112844358,0.7522561552400165,42339.73146129206,0.6987036354097291,2882531.185785678,0.37489692620165116
BPIC2012_100000_ORDERING_10.0_4.xes,1996892,24,100000,19.96892,175,25,120864,8183,0.08183,8.156708432915671,0.7556955074063373,42339.73146129206,0.6987036354097291,2882531.185785678,0.37489692620165116
RTFMS_1000_ABSENCE_10.0_5.xes,3685,11,1000,3.685,10,23,526,44,0.044,3.6383616383616384,0.602166531594512,42339.73146129206,0.6987036354097291,2882531.185785678,0.37489692620165116
RTFMS_40000_SUBSTITUTION_4.0_3.xes,148998,779,40000,3.72495,16,1032,11709,1056,0.0264,3.660833479163021,0.5994731695651105,42339.73146129206,0.6987036354097291,2882531.185785678,0.37489692620165116
BPIC2012_1000_ABSENCE_10.0_2.xes,19495,24,1000,19.495,159,37,2500,461,0.461,8.040959040959041,0.7543973889147223,42339.73146129206,0.6987036354097291,2882531.185785678,0.37489692620165116
BPIC2012_40000_SUBSTITUTION_4.0_4.xes,799439,842,40000,19.985975,175,1008,53311,5524,0.1381,8.180070498237544,0.7516807197147222,42339.73146129206,0.6987036354097291,2882531.185785678,0.37489692620165116
BPIC2012_20000_INSERTION_4.0_3.xes,396966,385,20000,19.8483,175,560,29345,4142,0.2071,8.162341882905855,0.7516746476843543,42339.73146129206,0.6987036354097291,2882531.185785678,0.37489692620165116
Sepsis_4000_ABSENCE_0.4_3.xes,56992,16,4000,14.248,185,30,8420,841,0.21025,9.080979755061234,0.7891330112911246,42339.73146129206,0.6987036354097291,2882531.185785678,0.37489692620165116
RTFMS_1000_SUBSTITUTION_2.0_5.xes,3785,21,1000,3.785,10,34,514,43,0.043,3.7302697302697303,0.5959337589594262,42339.73146129206,0.6987036354097291,2882531.185785678,0.37489692620165116
BPIC2012_2000_SUBSTITUTION_0.4_4.xes,38878,29,2000,19.439,159,36,4295,781,0.3905,8.081959020489755,0.7562250245721107,42339.73146129206,0.6987036354097291,2882531.185785678,0.37489692620165116
Sepsis_2000_ABSENCE_10.0_5.xes,28187,16,2000,14.0935,185,27,4678,897,0.4485,8.989005497251375,0.7891654679159201,42339.73146129206,0.6987036354097291,2882531.185785678,0.37489692620165116
RTFMS_1000_ORDERING_10.0_4.xes,3785,11,1000,3.785,10,14,580,52,0.052,3.7352647352647352,0.6247080770023858,42339.73146129206,0.6987036354097291,2882531.185785678,0.37489692620165116
BPIC2012_1000_ORDERING_4.0_3.xes,19595,24,1000,19.595,159,29,2514,442,0.442,8.098901098901099,0.7551510888307158,42339.73146129206,0.6987036354097291,2882531.185785678,0.37489692620165116
RTFMS_1000_MIXED_0.4_2.xes,3786,12,1000,3.786,10,21,506,30,0.03,3.7362637362637363,0.5985356746576684,42339.73146129206,0.6987036354097291,2882531.185785678,0.37489692620165116
BPIC2012_10000_ABSENCE_0.2_5.xes,198844,24,10000,19.8844,175,26,16256,2515,0.2515,8.178882111788822,0.7546327619906803,42339.73146129206,0.6987036354097291,2882531.185785678,0.37489692620165116
RTFMS_20000_MIXED_4.0_5.xes,74681,182,20000,3.73405,12,256,6458,424,0.0212,3.6750162491875407,0.5982418407315513,42339.73146129206,0.6987036354097291,2882531.185785678,0.37489692620165116
RTFMS_4000_INSERTION_1.0_4.xes,14955,28,4000,3.73875,12,53,1553,78,0.0195,3.6873281679580105,0.5926647446990843,42339.73146129206,0.6987036354097291,2882531.185785678,0.37489692620165116
Sepsis_2000_INSERTION_0.1_4.xes,28389,18,2000,14.1945,185,32,4659,748,0.374,9.06296851574213,0.7867888351972898,42339.73146129206,0.6987036354097291,2882531.185785678,0.37489692620165116
Sepsis_2000_INSERTION_0.4_2.xes,28395,19,2000,14.1975,185,33,4673,753,0.3765,9.063968015992003,0.7861206770455343,42339.73146129206,0.6987036354097291,2882531.185785678,0.37489692620165116
Sepsis_100000_MIXED_0.4_1.xes,1449843,114,100000,14.49843,185,199,126993,1229,0.01229,9.143738562614374,0.778955662116093,42339.73146129206,0.6987036354097291,2882531.185785678,0.37489692620165116
RTFMS_1000_ABSENCE_4.0_4.xes,3745,11,1000,3.745,10,22,521,36,0.036,3.6953046953046953,0.6015244549625074,42339.73146129206,0.6987036354097291,2882531.185785678,0.37489692620165116
BPIC2012_2000_ABSENCE_10.0_4.xes,38678,24,2000,19.339,159,32,4349,833,0.4165,8.021489255372314,0.7569021982017797,42339.73146129206,0.6987036354097291,2882531.185785678,0.37489692620165116
Sepsis_40000_INSERTION_0.1_3.xes,579506,36,40000,14.48765,185,68,59528,886,0.02215,9.13267168320792,0.780254032460209,42339.73146129206,0.6987036354097291,2882531.185785678,0.37489692620165116
Sepsis_100000_SUBSTITUTION_0.4_4.xes,1449819,196,100000,14.49819,185,344,126989,1238,0.01238,9.143538564614353,0.7788588752884222,42339.73146129206,0.6987036354097291,2882531.185785678,0.37489692620165116
BPIC2012_40000_SUBSTITUTION_0.4_2.xes,799439,105,40000,19.985975,175,143,52423,4311,0.107775,8.17272068198295,0.7512369173994489,42339.73146129206,0.6987036354097291,2882531.185785678,0.37489692620165116
BPIC2012_20000_ABSENCE_2.0_5.xes,395766,24,20000,19.7883,175,37,29029,3715,0.18575,8.12444377781111,0.7544476475358322,42339.73146129206,0.6987036354097291,2882531.185785678,0.37489692620165116
BPIC2012_4000_SUBSTITUTION_10.0_5.xes,79203,244,4000,19.80075,175,321,7886,1616,0.404,8.19895026243439,0.7545957477177654,42339.73146129206,0.6987036354097291,2882531.185785678,0.37489692620165116
BPIC2012_100000_SUBSTITUTION_2.0_5.xes,1996892,1054,100000,19.96892,175,1294,115947,6045,0.06045,8.160428395716043,0.7514922196133524,42339.73146129206,0.6987036354097291,2882531.185785678,0.37489692620165116
BPIC2012_20000_INSERTION_4.0_5.xes,396966,401,20000,19.8483,175,530,29380,4152,0.2076,8.16359182040898,0.7517318315884707,42339.73146129206,0.6987036354097291,2882531.185785678,0.37489692620165116
RTFMS_4000_INSERTION_4.0_4.xes,15075,84,4000,3.76875,12,143,1628,162,0.0405,3.7060734816295926,0.597369878490027,42339.73146129206,0.6987036354097291,2882531.185785678,0.37489692620165116
Sepsis_100000_INSERTION_0.2_3.xes,1450019,103,100000,14.50019,185,199,126846,1043,0.01043,9.1449885501145,0.7789585308262801,42339.73146129206,0.6987036354097291,2882531.185785678,0.37489692620165116
BPIC2012_100000_ORDERING_1.0_4.xes,1996892,24,100000,19.96892,175,64,115452,4804,0.04804,8.156708432915671,0.7547688751843256,42339.73146129206,0.6987036354097291,2882531.185785678,0.37489692620165116
BPIC2012_10000_ABSENCE_0.1_2.xes,198854,24,10000,19.8854,175,25,16249,2511,0.2511,8.179282071792821,0.7546354889746099,42339.73146129206,0.6987036354097291,2882531.185785678,0.37489692620165116
RTFMS_10000_MIXED_10.0_3.xes,37480,254,10000,3.748,12,354,3866,506,0.0506,3.6827317268273174,0.6085798916761489,42339.73146129206,0.6987036354097291,2882531.185785678,0.37489692620165116
RTFMS_10000_MIXED_10.0_5.xes,37474,227,10000,3.7474,12,325,3857,466,0.0466,3.6776322367763226,0.6080642163825662,42339.73146129206,0.6987036354097291,2882531.185785678,0.37489692620165116
BPIC2012_100000_MIXED_0.2_1.xes,1996890,68,100000,19.9689,175,88,114769,4517,0.04517,8.156938430615694,0.7516093220964755,42339.73146129206,0.6987036354097291,2882531.185785678,0.37489692620165116
Sepsis_100000_ORDERING_0.2_3.xes,1449819,16,100000,14.49819,185,20,126773,1020,0.0102,9.14379856201438,0.7877606902535079,42339.73146129206,0.6987036354097291,2882531.185785678,0.37489692620165116
BPIC2012_4000_ORDERING_0.1_1.xes,79203,24,4000,19.80075,175,26,7636,1367,0.34175,8.177955511122219,0.7563257398598329,42339.73146129206,0.6987036354097291,2882531.185785678,0.37489692620165116
Sepsis_100000_SUBSTITUTION_2.0_2.xes,1449819,967,100000,14.49819,185,1668,127850,2787,0.02787,9.143278567214328,0.7792084548470144,42339.73146129206,0.6987036354097291,2882531.185785678,0.37489692620165116
BPIC2012_40000_MIXED_0.2_5.xes,799446,45,40000,19.98615,175,62,52355,4231,0.105775,8.172370690732732,0.7520200290678322,42339.73146129206,0.6987036354097291,2882531.185785678,0.37489692620165116
RTFMS_4000_MIXED_4.0_5.xes,14901,40,4000,3.72525,12,59,1616,137,0.03425,3.6693326668332915,0.5957209984199997,42339.73146129206,0.6987036354097291,2882531.185785678,0.37489692620165116
Sepsis_4000_SUBSTITUTION_0.4_4.xes,57008,24,4000,14.252,185,43,8415,843,0.21075,9.083729067733067,0.784139738828018,42339.73146129206,0.6987036354097291,2882531.185785678,0.37489692620165116
RTFMS_100000_INSERTION_10.0_4.xes,383119,4568,100000,3.83119,17,6970,29724,5325,0.05325,3.7463425365746343,0.6108840020132842,42339.73146129206,0.6987036354097291,2882531.185785678,0.37489692620165116
Sepsis_40000_ABSENCE_0.2_1.xes,579386,16,40000,14.48465,185,29,59624,917,0.022925,9.130596735081623,0.7874891633601326,42339.73146129206,0.6987036354097291,2882531.185785678,0.37489692620165116
Sepsis_100000_INSERTION_0.2_2.xes,1450019,104,100000,14.50019,185,187,126824,1046,0.01046,9.144968550314497,0.7789545308353794,42339.73146129206,0.6987036354097291,2882531.185785678,0.37489692620165116
RTFMS_20000_MIXED_10.0_3.xes,74664,467,20000,3.7332,12,651,7046,834,0.0417,3.6663666816659166,0.609174246139356,42339.73146129206,0.6987036354097291,2882531.185785678,0.37489692620165116
RTFMS_100000_MIXED_1.0_5.xes,373096,227,100000,3.73096,17,320,24642,568,0.00568,3.6770732292677075,0.5932231187451366,42339.73146129206,0.6987036354097291,2882531.185785678,0.37489692620165116
BPIC2012_2000_ORDERING_0.2_1.xes,38878,24,2000,19.439,159,25,4300,778,0.389,8.080459770114942,0.7573059718050086,42339.73146129206,0.6987036354097291,2882531.185785678,0.37489692620165116
RTFMS_20000_SUBSTITUTION_10.0_3.xes,74702,965,20000,3.7351,12,1280,7065,1235,0.06175,3.6535673216339184,0.6108736201384916,42339.73146129206,0.6987036354097291,2882531.185785678,0.37489692620165116
Sepsis_10000_ABSENCE_1.0_5.xes,142545,16,10000,14.2545,185,29,18263,938,0.0938,9.070992900709928,0.7879359238677321,42339.73146129206,0.6987036354097291,2882531.185785678,0.37489692620165116
RTFMS_20000_SUBSTITUTION_1.0_4.xes,74702,98,20000,3.7351,12,143,6084,228,0.0114,3.679866006699665,0.5936140814964048,42339.73146129206,0.6987036354097291,2882531.185785678,0.37489692620165116
BPIC2012_40000_INSERTION_2.0_3.xes,800239,385,40000,20.005975,175,560,52798,4852,0.1213,8.185070373240668,0.7513293071816702,42339.73146129206,0.6987036354097291,2882531.185785678,0.37489692620165116
Sepsis_40000_INSERTION_4.0_1.xes,581066,755,40000,14.52665,185,1338,60580,2398,0.05995,9.156471088222794,0.7794401728395794,42339.73146129206,0.6987036354097291,2882531.185785678,0.37489692620165116
BPIC2012_100000_ORDERING_2.0_2.xes,1996892,24,100000,19.96892,175,46,116194,5199,0.05199,8.156708432915671,0.7548743509213237,42339.73146129206,0.6987036354097291,2882531.185785678,0.37489692620165116
RTFMS_100000_INSERTION_0.1_4.xes,373219,59,100000,3.73219,17,92,24018,250,0.0025,3.679813201867981,0.5920640264752564,42339.73146129206,0.6987036354097291,2882531.185785678,0.37489692620165116
RTFMS_40000_MIXED_2.0_5.xes,148977,182,40000,3.724425,16,255,11286,453,0.011325,3.668433289167771,0.5951240415018748,42339.73146129206,0.6987036354097291,2882531.185785678,0.37489692620165116
RTFMS_2000_ABSENCE_4.0_1.xes,7378,11,2000,3.689,11,22,900,49,0.0245,3.6426786606696653,0.5999856318419226,42339.73146129206,0.6987036354097291,2882531.185785678,0.37489692620165116
Sepsis_4000_MIXED_0.1_3.xes,57004,16,4000,14.251,185,30,8403,831,0.20775,9.082979255186203,0.7891089668105815,42339.73146129206,0.6987036354097291,2882531.185785678,0.37489692620165116
RTFMS_10000_INSERTION_0.2_1.xes,37517,20,10000,3.7517,12,40,3297,86,0.0086,3.6997300269973,0.5947800200715834,42339.73146129206,0.6987036354097291,2882531.185785678,0.37489692620165116
Sepsis_20000_INSERTION_10.0_1.xes,290534,936,20000,14.5267,185,1660,34358,2776,0.1388,9.181840907954602,0.7806526876716665,42339.73146129206,0.6987036354097291,2882531.185785678,0.37489692620165116
BPIC2012_1000_SUBSTITUTION_0.2_3.xes,19595,25,1000,19.595,159,32,2497,430,0.43,8.098901098901099,0.7545714954169027,42339.73146129206,0.6987036354097291,2882531.185785678,0.37489692620165116
RTFMS_10000_ABSENCE_0.2_4.xes,37477,11,10000,3.7477,12,27,3305,77,0.0077,3.696130386961304,0.6016661600372077,42339.73146129206,0.6987036354097291,2882531.185785678,0.37489692620165116
BPIC2012_20000_ABSENCE_1.0_1.xes,395966,24,20000,19.7983,175,33,28936,3622,0.1811,8.130493475326233,0.7545202608855202,42339.73146129206,0.6987036354097291,2882531.185785678,0.37489692620165116
RTFMS_4000_ORDERING_1.0_3.xes,14915,11,4000,3.72875,12,20,1568,65,0.01625,3.6805798550362407,0.6019624743562615,42339.73146129206,0.6987036354097291,2882531.185785678,0.37489692620165116
Sepsis_10000_ABSENCE_4.0_5.xes,142245,16,10000,14.2245,185,29,18328,1196,0.1196,9.04939506049395,0.7881061524624832,42339.73146129206,0.6987036354097291,2882531.185785678,0.37489692620165116
BPIC2012_40000_SUBSTITUTION_0.1_4.xes,799439,40,40000,19.985975,175,55,52336,4205,0.105125,8.172220694482638,0.7522731448793477,42339.73146129206,0.6987036354097291,2882531.185785678,0.37489692620165116
Sepsis_2000_ORDERING_4.0_3.xes,28387,16,2000,14.1935,185,23,4704,804,0.402,9.061969015492254,0.7899117924973319,42339.73146129206,0.6987036354097291,2882531.185785678,0.37489692620165116
BPIC2012_4000_SUBSTITUTION_1.0_2.xes,79203,45,4000,19.80075,175,58,7653,1392,0.348,8.180454886278431,0.7539671354293682,42339.73146129206,0.6987036354097291,2882531.185785678,0.37489692620165116
RTFMS_100000_ABSENCE_0.1_5.xes,373019,11,100000,3.73019,17,17,23999,191,0.00191,3.6781532184678154,0.6017761594370372,42339.73146129206,0.6987036354097291,2882531.185785678,0.37489692620165116
Sepsis_2000_MIXED_1.0_5.xes,28392,19,2000,14.196,185,35,4682,762,0.381,9.061469265367316,0.7861562034169075,42339.73146129206,0.6987036354097291,2882531.185785678,0.37489692620165116
BPIC2012_1000_INSERTION_0.4_1.xes,19599,26,1000,19.599,159,32,2480,432,0.432,8.1008991008991,0.7543398433012602,42339.73146129206,0.6987036354097291,2882531.185785678,0.37489692620165116
Sepsis_2000_INSERTION_2.0_5.xes,28427,40,2000,14.2135,185,75,4675,781,0.3905,9.075962018990504,0.781610761180407,42339.73146129206,0.6987036354097291,2882531.185785678,0.37489692620165116
Sepsis_20000_ABSENCE_10.0_4.xes,286534,16,20000,14.3267,185,32,33446,2290,0.1145,9.047597620118994,0.7876977860907342,42339.73146129206,0.6987036354097291,2882531.185785678,0.37489692620165116
RTFMS_100000_MIXED_4.0_1.xes,373175,999,100000,3.73175,17,1403,26314,1593,0.01593,3.6734632653673462,0.5983503581417349,42339.73146129206,0.6987036354097291,2882531.185785678,0.37489692620165116
BPIC2012_1000_INSERTION_0.2_3.xes,19597,24,1000,19.597,159,29,2488,430,0.43,8.0999000999001,0.7548895778617739,42339.73146129206,0.6987036354097291,2882531.185785678,0.37489692620165116
BPIC2012_4000_INSERTION_2.0_3.xes,79283,60,4000,19.82075,175,91,7685,1413,0.35325,8.190702324418895,0.753636241833922,42339.73146129206,0.6987036354097291,2882531.185785678,0.37489692620165116
RTFMS_100000_SUBSTITUTION_4.0_1.xes,373119,1955,100000,3.73119,17,2658,26385,2383,0.02383,3.6676433235667645,0.599338650687625,42339.73146129206,0.6987036354097291,2882531.185785678,0.37489692620165116
BPIC2012_1000_ORDERING_4.0_2.xes,19595,24,1000,19.595,159,37,2521,443,0.443,8.098901098901099,0.755411756481855,42339.73146129206,0.6987036354097291,2882531.185785678,0.37489692620165116
RTFMS_4000_ORDERING_4.0_3.xes,14915,11,4000,3.72875,12,18,1652,81,0.02025,3.6805798550362407,0.6096424003299084,42339.73146129206,0.6987036354097291,2882531.185785678,0.37489692620165116
RTFMS_40000_INSERTION_0.2_2.xes,149078,51,40000,3.72695,16,81,10807,181,0.004525,3.6737081572960677,0.5926607384071114,42339.73146129206,0.6987036354097291,2882531.185785678,0.37489692620165116
BPIC2012_4000_INSERTION_0.1_2.xes,79207,26,4000,19.80175,175,27,7624,1368,0.342,8.17845538615346,0.7558154357861321,42339.73146129206,0.6987036354097291,2882531.185785678,0.37489692620165116
BPIC2012_4000_ORDERING_2.0_2.xes,79203,24,4000,19.80075,175,35,7715,1390,0.3475,8.177955511122219,0.7565946761905729,42339.73146129206,0.6987036354097291,2882531.185785678,0.37489692620165116
RTFMS_20000_INSERTION_2.0_2.xes,75102,204,20000,3.7551,12,315,6219,368,0.0184,3.696165191740413,0.5957798611330226,42339.73146129206,0.6987036354097291,2882531.185785678,0.37489692620165116
Sepsis_100000_ORDERING_0.4_3.xes,1449819,16,100000,14.49819,185,18,126996,1187,0.01187,9.14379856201438,0.7878132287694161,42339.73146129206,0.6987036354097291,2882531.185785678,0.37489692620165116
Sepsis_100000_SUBSTITUTION_1.0_4.xes,1449819,483,100000,14.49819,185,820,127343,1819,0.01819,9.143278567214328,0.7789607414564008,42339.73146129206,0.6987036354097291,2882531.185785678,0.37489692620165116
BPIC2012_10000_INSERTION_10.0_3.xes,199864,482,10000,19.9864,175,662,16842,3214,0.3214,8.244975502449755,0.7527373662472615,42339.73146129206,0.6987036354097291,2882531.185785678,0.37489692620165116
Sepsis_10000_SUBSTITUTION_0.1_1.xes,142645,24,10000,14.2645,185,44,18289,856,0.0856,9.078992100789922,0.7828768531025149,42339.73146129206,0.6987036354097291,2882531.185785678,0.37489692620165116
Sepsis_2000_ORDERING_0.1_2.xes,28387,16,2000,14.1935,185,29,4658,748,0.374,9.061969015492254,0.7887303707348544,42339.73146129206,0.6987036354097291,2882531.185785678,0.37489692620165116
Sepsis_2000_ABSENCE_0.1_5.xes,28385,16,2000,14.1925,185,29,4656,748,0.374,9.060969515242379,0.7886879583135075,42339.73146129206,0.6987036354097291,2882531.185785678,0.37489692620165116
RTFMS_20000_ABSENCE_0.2_1.xes,74662,11,20000,3.7331,12,24,5966,104,0.0052,3.681265936703165,0.601926585607901,42339.73146129206,0.6987036354097291,2882531.185785678,0.37489692620165116
RTFMS_4000_MIXED_4.0_3.xes,14900,53,4000,3.725,12,82,1638,137,0.03425,3.673081729567608,0.5969817411876305,42339.73146129206,0.6987036354097291,2882531.185785678,0.37489692620165116
RTFMS_10000_INSERTION_0.2_3.xes,37517,20,10000,3.7517,12,40,3311,84,0.0084,3.6995300469953003,0.5947695843444005,42339.73146129206,0.6987036354097291,2882531.185785678,0.37489692620165116
Sepsis_1000_ORDERING_1.0_4.xes,13900,16,1000,13.9,118,25,2564,545,0.545,9.031968031968033,0.7896349269496059,42339.73146129206,0.6987036354097291,2882531.185785678,0.37489692620165116
RTFMS_2000_INSERTION_10.0_3.xes,7658,104,2000,3.829,11,162,987,183,0.0915,3.7506246876561717,0.6085177454451871,42339.73146129206,0.6987036354097291,2882531.185785678,0.37489692620165116
Sepsis_40000_ABSENCE_0.1_2.xes,579426,16,40000,14.48565,185,29,59577,885,0.022125,9.131346716332091,0.7874852807633468,42339.73146129206,0.6987036354097291,2882531.185785678,0.37489692620165116
RTFMS_10000_ORDERING_0.2_3.xes,37497,11,10000,3.7497,12,23,3320,78,0.0078,3.698130186981302,0.6020285386727274,42339.73146129206,0.6987036354097291,2882531.185785678,0.37489692620165116
Sepsis_100000_ABSENCE_0.2_3.xes,1449619,16,100000,14.49619,185,29,126736,1023,0.01023,9.14230857691423,0.7877189774404083,42339.73146129206,0.6987036354097291,2882531.185785678,0.37489692620165116
RTFMS_10000_ABSENCE_10.0_5.xes,36497,11,10000,3.6497,12,26,3613,110,0.011,3.5999400059994002,0.6052113777717425,42339.73146129206,0.6987036354097291,2882531.185785678,0.37489692620165116
Sepsis_1000_ABSENCE_0.1_4.xes,13899,16,1000,13.899,118,25,2555,540,0.54,9.03096903096903,0.7894469404208975,42339.73146129206,0.6987036354097291,2882531.185785678,0.37489692620165116
RTFMS_10000_MIXED_0.2_3.xes,37495,14,10000,3.7495,12,29,3310,83,0.0083,3.6976302369763023,0.5978829502960786,42339.73146129206,0.6987036354097291,2882531.185785678,0.37489692620165116
BPIC2012_10000_ABSENCE_0.4_2.xes,198824,24,10000,19.8824,175,27,16264,2526,0.2526,8.176882311768823,0.7546262309682721,42339.73146129206,0.6987036354097291,2882531.185785678,0.37489692620165116
BPIC2012_10000_ORDERING_2.0_2.xes,198864,24,10000,19.8864,175,35,16423,2570,0.257,8.17988201179882,0.7548866228412037,42339.73146129206,0.6987036354097291,2882531.185785678,0.37489692620165116
Sepsis_20000_SUBSTITUTION_0.2_3.xes,288534,37,20000,14.4267,185,70,33195,886,0.0443,9.12124393780311,0.7799519904668274,42339.73146129206,0.6987036354097291,2882531.185785678,0.37489692620165116
RTFMS_10000_ORDERING_10.0_2.xes,37497,11,10000,3.7497,12,11,3975,156,0.0156,3.698130186981302,0.6277067312752633,42339.73146129206,0.6987036354097291,2882531.185785678,0.37489692620165116
BPIC2012_20000_MIXED_0.2_1.xes,396165,38,20000,19.80825,175,43,28950,3538,0.1769,8.136643167841608,0.7524431420162199,42339.73146129206,0.6987036354097291,2882531.185785678,0.37489692620165116
RTFMS_100000_MIXED_4.0_4.xes,373072,897,100000,3.73072,17,1296,26313,1479,0.01479,3.6721632783672162,0.5983591767336593,42339.73146129206,0.6987036354097291,2882531.185785678,0.37489692620165116
Sepsis_100000_MIXED_0.1_3.xes,1449826,42,100000,14.49826,185,67,126775,944,0.00944,9.143718562814373,0.7800032656213143,42339.73146129206,0.6987036354097291,2882531.185785678,0.37489692620165116
Sepsis_20000_MIXED_0.1_5.xes,288539,19,20000,14.42695,185,36,33191,865,0.04325,9.121293935303235,0.784599375367507,42339.73146129206,0.6987036354097291,2882531.185785678,0.37489692620165116
RTFMS_2000_MIXED_0.2_4.xes,7457,12,2000,3.7285,11,20,867,38,0.019,3.6806596701649177,0.5972579658076249,42339.73146129206,0.6987036354097291,2882531.185785678,0.37489692620165116
Sepsis_1000_ORDERING_10.0_4.xes,13900,16,1000,13.9,118,21,2615,600,0.6,9.031968031968033,0.7924186611377227,42339.73146129206,0.6987036354097291,2882531.185785678,0.37489692620165116
BPIC2012_4000_SUBSTITUTION_0.2_5.xes,79203,29,4000,19.80075,175,32,7638,1370,0.3425,8.17845538615346,0.7552228029905883,42339.73146129206,0.6987036354097291,2882531.185785678,0.37489692620165116
Sepsis_10000_ABSENCE_10.0_4.xes,141645,16,10000,14.1645,185,32,18410,1639,0.1639,9.005399460053994,0.7883300385452247,42339.73146129206,0.6987036354097291,2882531.185785678,0.37489692620165116
Sepsis_10000_INSERTION_2.0_3.xes,142845,103,10000,14.2845,185,199,18363,1043,0.1043,9.09059094090591,0.7795699880931171,42339.73146129206,0.6987036354097291,2882531.185785678,0.37489692620165116
RTFMS_4000_SUBSTITUTION_10.0_3.xes,14915,202,4000,3.72875,12,290,1759,314,0.0785,3.6505873531617095,0.6087028009891782,42339.73146129206,0.6987036354097291,2882531.185785678,0.37489692620165116
BPIC2012_40000_MIXED_4.0_4.xes,799433,430,40000,19.985825,175,582,53279,5295,0.132375,8.175720606984825,0.7514280926109922,42339.73146129206,0.6987036354097291,2882531.185785678,0.37489692620165116
Sepsis_2000_ORDERING_0.4_4.xes,28387,16,2000,14.1935,185,29,4667,752,0.376,9.061969015492254,0.7887608960820534,42339.73146129206,0.6987036354097291,2882531.185785678,0.37489692620165116
Sepsis_20000_ORDERING_2.0_1.xes,288534,16,20000,14.4267,185,26,33339,1196,0.0598,9.12134393280336,0.7877246838960366,42339.73146129206,0.6987036354097291,2882531.185785678,0.37489692620165116
RTFMS_20000_SUBSTITUTION_1.0_1.xes,74702,109,20000,3.7351,12,163,6077,232,0.0116,3.679666016699165,0.5937105392548525,42339.73146129206,0.6987036354097291,2882531.185785678,0.37489692620165116
RTFMS_2000_INSERTION_0.4_2.xes,7466,15,2000,3.733,11,23,873,42,0.021,3.683658170914543,0.5945157487369712,42339.73146129206,0.6987036354097291,2882531.185785678,0.37489692620165116
Sepsis_20000_ORDERING_4.0_3.xes,288534,16,20000,14.4267,185,16,33617,1532,0.0766,9.12134393280336,0.7883281769256812,42339.73146129206,0.6987036354097291,2882531.185785678,0.37489692620165116
Sepsis_2000_SUBSTITUTION_2.0_2.xes,28387,36,2000,14.1935,185,71,4676,779,0.3895,9.05897051474263,0.7818951282953996,42339.73146129206,0.6987036354097291,2882531.185785678,0.37489692620165116
BPIC2012_100000_ABSENCE_1.0_4.xes,1995892,24,100000,19.95892,175,37,115067,4886,0.04886,8.151168488315117,0.7546354729098907,42339.73146129206,0.6987036354097291,2882531.185785678,0.37489692620165116
Sepsis_100000_ABSENCE_4.0_5.xes,1445819,16,100000,14.45819,185,30,127605,3452,0.03452,9.113678863211367,0.7878706876098882,42339.73146129206,0.6987036354097291,2882531.185785678,0.37489692620165116
BPIC2012_4000_MIXED_2.0_2.xes,79192,41,4000,19.798,175,57,7688,1418,0.3545,8.177705573606598,0.7541602739105666,42339.73146129206,0.6987036354097291,2882531.185785678,0.37489692620165116
RTFMS_40000_INSERTION_0.2_3.xes,149078,49,40000,3.72695,16,78,10817,182,0.00455,3.673883152921177,0.5927118238732247,42339.73146129206,0.6987036354097291,2882531.185785678,0.37489692620165116
RTFMS_2000_INSERTION_1.0_3.xes,7478,20,2000,3.739,11,34,883,50,0.025,3.688655672163918,0.593623748718141,42339.73146129206,0.6987036354097291,2882531.185785678,0.37489692620165116
RTFMS_2000_INSERTION_1.0_4.xes,7478,21,2000,3.739,11,40,884,49,0.0245,3.6901549225387305,0.59361149931248,42339.73146129206,0.6987036354097291,2882531.185785678,0.37489692620165116
BPIC2012_100000_ORDERING_4.0_1.xes,1996892,24,100000,19.96892,175,49,117423,5962,0.05962,8.156708432915671,0.7550663233656534,42339.73146129206,0.6987036354097291,2882531.185785678,0.37489692620165116
Sepsis_10000_SUBSTITUTION_0.1_2.xes,142645,19,10000,14.2645,185,38,18295,856,0.0856,9.078292170782921,0.7852577560430901,42339.73146129206,0.6987036354097291,2882531.185785678,0.37489692620165116
RTFMS_10000_ORDERING_1.0_3.xes,37497,11,10000,3.7497,12,18,3376,96,0.0096,3.698130186981302,0.6041212574863146,42339.73146129206,0.6987036354097291,2882531.185785678,0.37489692620165116
Sepsis_1000_INSERTION_0.2_3.xes,13902,18,1000,13.902,118,29,2558,540,0.54,9.033966033966035,0.7875493396744787,42339.73146129206,0.6987036354097291,2882531.185785678,0.37489692620165116
BPIC2012_2000_ORDERING_10.0_2.xes,38878,24,2000,19.439,159,36,4452,826,0.413,8.080459770114942,0.7585464264570342,42339.73146129206,0.6987036354097291,2882531.185785678,0.37489692620165116
Sepsis_1000_INSERTION_10.0_3.xes,14000,62,1000,14.0,118,119,2619,603,0.603,9.08991008991009,0.7833312541166297,42339.73146129206,0.6987036354097291,2882531.185785678,0.37489692620165116
Sepsis_1000_MIXED_0.2_1.xes,13901,17,1000,13.901,118,27,2562,542,0.542,9.031968031968033,0.7884751625820465,42339.73146129206,0.6987036354097291,2882531.185785678,0.37489692620165116
Sepsis_2000_SUBSTITUTION_4.0_2.xes,28387,57,2000,14.1935,185,103,4710,811,0.4055,9.059970014992503,0.7813923049342679,42339.73146129206,0.6987036354097291,2882531.185785678,0.37489692620165116
BPIC2012_4000_INSERTION_4.0_1.xes,79363,95,4000,19.84075,175,143,7724,1473,0.36825,8.202699325168707,0.7536096812498737,42339.73146129206,0.6987036354097291,2882531.185785678,0.37489692620165116
RTFMS_40000_ABSENCE_2.0_4.xes,148198,11,40000,3.70495,16,21,11085,160,0.004,3.652758681032974,0.6029779780059967,42339.73146129206,0.6987036354097291,2882531.185785678,0.37489692620165116
RTFMS_10000_INSERTION_0.4_3.xes,37537,30,10000,3.7537,12,54,3313,101,0.0101,3.700929907009299,0.5934614400439011,42339.73146129206,0.6987036354097291,2882531.185785678,0.37489692620165116
Sepsis_4000_INSERTION_2.0_1.xes,57088,60,4000,14.272,185,113,8442,905,0.22625,9.097475631092227,0.7811815804791906,42339.73146129206,0.6987036354097291,2882531.185785678,0.37489692620165116
Sepsis_10000_INSERTION_0.1_4.xes,142655,24,10000,14.2655,185,43,18272,856,0.0856,9.079592040795921,0.7828601392589827,42339.73146129206,0.6987036354097291,2882531.185785678,0.37489692620165116
BPIC2012_1000_ORDERING_0.4_3.xes,19595,24,1000,19.595,159,28,2493,433,0.433,8.098901098901099,0.754885105696784,42339.73146129206,0.6987036354097291,2882531.185785678,0.37489692620165116
RTFMS_4000_ABSENCE_4.0_3.xes,14755,11,4000,3.68875,12,26,1589,70,0.0175,3.641089727568108,0.6010585199578666,42339.73146129206,0.6987036354097291,2882531.185785678,0.37489692620165116
BPIC2012_20000_ORDERING_1.0_1.xes,396166,24,20000,19.8083,175,42,29040,3597,0.17985,8.136493175341233,0.7546264256183755,42339.73146129206,0.6987036354097291,2882531.185785678,0.37489692620165116
BPIC2012_10000_SUBSTITUTION_10.0_5.xes,198864,546,10000,19.8864,175,690,16833,3231,0.3231,8.2004799520048,0.7528522807912198,42339.73146129206,0.6987036354097291,2882531.185785678,0.37489692620165116
Sepsis_40000_ORDERING_4.0_5.xes,579466,16,40000,14.48665,185,17,60550,2176,0.0544,9.132046698832529,0.7885518939686226,42339.73146129206,0.6987036354097291,2882531.185785678,0.37489692620165116
BPIC2012_40000_ORDERING_2.0_4.xes,799439,24,40000,19.985975,175,48,52930,4512,0.1128,8.17214569635759,0.7547260198768283,42339.73146129206,0.6987036354097291,2882531.185785678,0.37489692620165116
RTFMS_4000_ORDERING_10.0_4.xes,14915,11,4000,3.72875,12,17,1799,96,0.024,3.6805798550362407,0.6247016665386468,42339.73146129206,0.6987036354097291,2882531.185785678,0.37489692620165116
RTFMS_100000_MIXED_0.2_4.xes,373114,51,100000,3.73114,17,76,24087,278,0.00278,3.6787032129678705,0.5923176376215207,42339.73146129206,0.6987036354097291,2882531.185785678,0.37489692620165116
Sepsis_100000_MIXED_0.4_2.xes,1449811,119,100000,14.49811,185,205,126872,1229,0.01229,9.143628563714364,0.7789348269886126,42339.73146129206,0.6987036354097291,2882531.185785678,0.37489692620165116
BPIC2012_20000_SUBSTITUTION_2.0_5.xes,396166,244,20000,19.8083,175,323,29148,3846,0.1923,8.140692965351732,0.7514201325114865,42339.73146129206,0.6987036354097291,2882531.185785678,0.37489692620165116
BPIC2012_100000_ABSENCE_0.2_5.xes,1996692,24,100000,19.96692,175,33,114713,4480,0.0448,8.155488445115548,0.7546542044908224,42339.73146129206,0.6987036354097291,2882531.185785678,0.37489692620165116
RTFMS_40000_ABSENCE_0.1_4.xes,148958,11,40000,3.72395,16,21,10784,131,0.003275,3.6715082122946927,0.6020921411626177,42339.73146129206,0.6987036354097291,2882531.185785678,0.37489692620165116
BPIC2012_40000_ORDERING_0.1_3.xes,799439,24,40000,19.985975,175,26,52354,4185,0.104625,8.17214569635759,0.7545217129193653,42339.73146129206,0.6987036354097291,2882531.185785678,0.37489692620165116
Sepsis_4000_SUBSTITUTION_0.2_2.xes,57008,19,4000,14.252,185,36,8396,835,0.20875,9.083229192701825,0.7864854144277487,42339.73146129206,0.6987036354097291,2882531.185785678,0.37489692620165116
BPIC2012_1000_ORDERING_0.4_1.xes,19595,24,1000,19.595,159,29,2485,432,0.432,8.098901098901099,0.7548545487028959,42339.73146129206,0.6987036354097291,2882531.185785678,0.37489692620165116
BPIC2012_40000_INSERTION_4.0_1.xes,801039,743,40000,20.025975,175,1015,53299,5490,0.13725,8.197720056998575,0.7516611963174309,42339.73146129206,0.6987036354097291,2882531.185785678,0.37489692620165116
BPIC2012_10000_INSERTION_10.0_5.xes,199864,490,10000,19.9864,175,658,16839,3203,0.3203,8.246775322467753,0.7528215400196425,42339.73146129206,0.6987036354097291,2882531.185785678,0.37489692620165116
BPIC2012_2000_INSERTION_10.0_5.xes,39078,114,2000,19.539,159,170,4447,898,0.449,8.147426286856572,0.7556476501341881,42339.73146129206,0.6987036354097291,2882531.185785678,0.37489692620165116
RTFMS_40000_ABSENCE_0.1_2.xes,148958,11,40000,3.72395,16,20,10765,136,0.0034,3.6715082122946927,0.6020848595351571,42339.73146129206,0.6987036354097291,2882531.185785678,0.37489692620165116
BPIC2012_10000_SUBSTITUTION_0.1_1.xes,198864,29,10000,19.8864,175,27,16252,2511,0.2511,8.18008199180082,0.7535614574805003,42339.73146129206,0.6987036354097291,2882531.185785678,0.37489692620165116
Sepsis_40000_ORDERING_1.0_3.xes,579466,16,40000,14.48665,185,18,59845,1187,0.029675,9.132046698832529,0.787747038382088,42339.73146129206,0.6987036354097291,2882531.185785678,0.37489692620165116
BPIC2012_4000_ORDERING_10.0_2.xes,79203,24,4000,19.80075,175,45,7902,1466,0.3665,8.177955511122219,0.7573046718421693,42339.73146129206,0.6987036354097291,2882531.185785678,0.37489692620165116
Sepsis_40000_INSERTION_0.4_1.xes,579626,95,40000,14.49065,185,179,59664,1005,0.025125,9.134621634459139,0.7788334467734475,42339.73146129206,0.6987036354097291,2882531.185785678,0.37489692620165116
Sepsis_2000_INSERTION_0.4_3.xes,28395,21,2000,14.1975,185,38,4665,752,0.376,9.064467766116941,0.7849267775537252,42339.73146129206,0.6987036354097291,2882531.185785678,0.37489692620165116
Sepsis_40000_INSERTION_0.1_2.xes,579506,36,40000,14.48765,185,60,59551,886,0.02215,9.132621684457888,0.7802533264970166,42339.73146129206,0.6987036354097291,2882531.185785678,0.37489692620165116
BPIC2012_20000_MIXED_0.2_2.xes,396155,32,20000,19.80775,175,44,28901,3543,0.17715,8.136243187840607,0.7530159064597235,42339.73146129206,0.6987036354097291,2882531.185785678,0.37489692620165116
Sepsis_4000_MIXED_0.2_2.xes,57005,18,4000,14.25125,185,34,8417,835,0.20875,9.083729067733067,0.787187425767305,42339.73146129206,0.6987036354097291,2882531.185785678,0.37489692620165116
Sepsis_4000_MIXED_1.0_1.xes,57015,27,4000,14.25375,185,52,8427,865,0.21625,9.085478630342415,0.7834444975376906,42339.73146129206,0.6987036354097291,2882531.185785678,0.37489692620165116
BPIC2012_40000_SUBSTITUTION_2.0_4.xes,799439,434,40000,19.985975,175,557,52849,4866,0.12165,8.176020599485012,0.7513448061050082,42339.73146129206,0.6987036354097291,2882531.185785678,0.37489692620165116
RTFMS_10000_MIXED_0.4_2.xes,37501,21,10000,3.7501,12,41,3313,99,0.0099,3.6976302369763023,0.5947639698232077,42339.73146129206,0.6987036354097291,2882531.185785678,0.37489692620165116
Sepsis_4000_ORDERING_1.0_3.xes,57008,16,4000,14.252,185,25,8455,864,0.216,9.083979005248688,0.789431233097464,42339.73146129206,0.6987036354097291,2882531.185785678,0.37489692620165116
RTFMS_1000_INSERTION_2.0_2.xes,3805,21,1000,3.805,10,30,521,46,0.046,3.7482517482517483,0.5958295085301524,42339.73146129206,0.6987036354097291,2882531.185785678,0.37489692620165116
RTFMS_100000_ORDERING_10.0_4.xes,373119,11,100000,3.73119,17,10,29334,408,0.00408,3.6791232087679124,0.6274068939560444,42339.73146129206,0.6987036354097291,2882531.185785678,0.37489692620165116
BPIC2012_40000_SUBSTITUTION_1.0_5.xes,799439,244,40000,19.985975,175,323,52594,4525,0.113125,8.174245643858903,0.7512124619217385,42339.73146129206,0.6987036354097291,2882531.185785678,0.37489692620165116
Sepsis_2000_ORDERING_0.2_5.xes,28387,16,2000,14.1935,185,30,4671,749,0.3745,9.061969015492254,0.7887677223979106,42339.73146129206,0.6987036354097291,2882531.185785678,0.37489692620165116
Sepsis_1000_ORDERING_4.0_5.xes,13900,16,1000,13.9,118,26,2577,558,0.558,9.031968031968033,0.790608216971267,42339.73146129206,0.6987036354097291,2882531.185785678,0.37489692620165116
BPIC2012_1000_ABSENCE_0.4_3.xes,19591,24,1000,19.591,159,30,2488,433,0.433,8.094905094905094,0.7548175910706676,42339.73146129206,0.6987036354097291,2882531.185785678,0.37489692620165116
BPIC2012_100000_ORDERING_0.4_4.xes,1996892,24,100000,19.96892,175,40,115021,4545,0.04545,8.156708432915671,0.7547057241450288,42339.73146129206,0.6987036354097291,2882531.185785678,0.37489692620165116
BPIC2012_100000_ORDERING_0.1_2.xes,1996892,24,100000,19.96892,175,37,114770,4412,0.04412,8.156708432915671,0.7546767513017267,42339.73146129206,0.6987036354097291,2882531.185785678,0.37489692620165116
Sepsis_10000_INSERTION_0.1_1.xes,142655,21,10000,14.2655,185,40,18245,856,0.0856,9.07929207079292,0.7840929607814027,42339.73146129206,0.6987036354097291,2882531.185785678,0.37489692620165116
BPIC2012_1000_ABSENCE_4.0_3.xes,19555,24,1000,19.555,159,36,2488,442,0.442,8.07092907092907,0.7547357575875724,42339.73146129206,0.6987036354097291,2882531.185785678,0.37489692620165116
BPIC2012_10000_MIXED_0.2_1.xes,198867,32,10000,19.8867,175,34,16259,2518,0.2518,8.18028197180282,0.7531222372103112,42339.73146129206,0.6987036354097291,2882531.185785678,0.37489692620165116
Sepsis_1000_ORDERING_10.0_3.xes,13900,16,1000,13.9,118,18,2615,595,0.595,9.031968031968033,0.7926524394603902,42339.73146129206,0.6987036354097291,2882531.185785678,0.37489692620165116
Sepsis_1000_INSERTION_0.4_3.xes,13904,19,1000,13.904,118,30,2557,540,0.54,9.034965034965035,0.7868411740936273,42339.73146129206,0.6987036354097291,2882531.185785678,0.37489692620165116
Sepsis_20000_MIXED_1.0_3.xes,288550,69,20000,14.4275,185,113,33246,1038,0.0519,9.12084395780211,0.7789100707718878,42339.73146129206,0.6987036354097291,2882531.185785678,0.37489692620165116
RTFMS_2000_ABSENCE_0.2_5.xes,7454,11,2000,3.727,11,19,861,37,0.0185,3.6796601699150426,0.5986541984609387,42339.73146129206,0.6987036354097291,2882531.185785678,0.37489692620165116
BPIC2012_10000_ORDERING_0.1_1.xes,198864,24,10000,19.8864,175,25,16244,2509,0.2509,8.17988201179882,0.7546425029680324,42339.73146129206,0.6987036354097291,2882531.185785678,0.37489692620165116
BPIC2012_2000_ABSENCE_0.2_4.xes,38874,24,2000,19.437,159,25,4308,778,0.389,8.079460269865068,0.7573001773595638,42339.73146129206,0.6987036354097291,2882531.185785678,0.37489692620165116
RTFMS_1000.xes,3785,11,1000,3.785,10,19,499,26,0.026,3.7352647352647352,0.5995032935887661,42339.73146129206,0.6987036354097291,2882531.185785678,0.37489692620165116
BPIC2012_20000_SUBSTITUTION_4.0_3.xes,396166,409,20000,19.8083,175,550,29373,4148,0.2074,8.143192840357981,0.7516799495052471,42339.73146129206,0.6987036354097291,2882531.185785678,0.37489692620165116
Sepsis_2000_ORDERING_1.0_5.xes,28387,16,2000,14.1935,185,29,4679,760,0.38,9.061969015492254,0.7890270137651584,42339.73146129206,0.6987036354097291,2882531.185785678,0.37489692620165116
Sepsis_40000_INSERTION_0.2_1.xes,579546,60,40000,14.48865,185,113,59616,925,0.023125,9.133396665083373,0.7791605863425773,42339.73146129206,0.6987036354097291,2882531.185785678,0.37489692620165116
RTFMS_40000_MIXED_0.2_3.xes,148989,28,40000,3.724725,16,38,10839,171,0.004275,3.6720581985450362,0.5937428890546597,42339.73146129206,0.6987036354097291,2882531.185785678,0.37489692620165116
RTFMS_100000_SUBSTITUTION_0.1_1.xes,373119,57,100000,3.73119,17,84,24021,243,0.00243,3.6787332126678733,0.5920703346108527,42339.73146129206,0.6987036354097291,2882531.185785678,0.37489692620165116
RTFMS_40000_MIXED_10.0_1.xes,149054,999,40000,3.72635,16,1405,12937,1538,0.03845,3.658358541036474,0.6089047957675797,42339.73146129206,0.6987036354097291,2882531.185785678,0.37489692620165116
RTFMS_2000_MIXED_0.2_3.xes,7460,12,2000,3.73,11,20,866,38,0.019,3.6816591704147927,0.5973755323950686,42339.73146129206,0.6987036354097291,2882531.185785678,0.37489692620165116
BPIC2012_4000_MIXED_0.2_4.xes,79201,27,4000,19.80025,175,31,7623,1369,0.34225,8.17820544863784,0.755605432817711,42339.73146129206,0.6987036354097291,2882531.185785678,0.37489692620165116
Sepsis_4000_SUBSTITUTION_4.0_5.xes,57008,97,4000,14.252,185,177,8546,983,0.24575,9.083479130217446,0.7814481216413175,42339.73146129206,0.6987036354097291,2882531.185785678,0.37489692620165116
BPIC2012_40000_ABSENCE_0.2_4.xes,799359,24,40000,19.983975,175,29,52332,4212,0.1053,8.170920726981825,0.7545048859965982,42339.73146129206,0.6987036354097291,2882531.185785678,0.37489692620165116
BPIC2012_40000_ABSENCE_0.2_1.xes,799359,24,40000,19.983975,175,32,52344,4219,0.105475,8.170970725731857,0.754511413939137,42339.73146129206,0.6987036354097291,2882531.185785678,0.37489692620165116
RTFMS_20000_ORDERING_0.4_1.xes,74702,11,20000,3.7351,12,17,6037,122,0.0061,3.6831658417079147,0.6030038878689286,42339.73146129206,0.6987036354097291,2882531.185785678,0.37489692620165116
Sepsis_100000_SUBSTITUTION_0.2_3.xes,1449819,119,100000,14.49819,185,211,126792,1038,0.01038,9.143718562814373,0.778910097120463,42339.73146129206,0.6987036354097291,2882531.185785678,0.37489692620165116
BPIC2012_20000_MIXED_2.0_4.xes,396165,120,20000,19.80825,175,180,29128,3787,0.18935,8.137093145342734,0.7513760436896997,42339.73146129206,0.6987036354097291,2882531.185785678,0.37489692620165116
Sepsis_100000_ABSENCE_1.0_3.xes,1448819,16,100000,14.48819,185,30,127052,1654,0.01654,9.13629863701363,0.7877643115586861,42339.73146129206,0.6987036354097291,2882531.185785678,0.37489692620165116
RTFMS_10000_INSERTION_1.0_3.xes,37597,58,10000,3.7597,12,98,3359,145,0.0145,3.705029497050295,0.5937353455847232,42339.73146129206,0.6987036354097291,2882531.185785678,0.37489692620165116
RTFMS_2000_SUBSTITUTION_10.0_2.xes,7458,121,2000,3.729,11,170,983,188,0.094,3.655672163918041,0.6079648477509253,42339.73146129206,0.6987036354097291,2882531.185785678,0.37489692620165116
RTFMS_20000_INSERTION_1.0_1.xes,74902,92,20000,3.7451,12,139,6095,240,0.012,3.6899155042247886,0.5938551214282195,42339.73146129206,0.6987036354097291,2882531.185785678,0.37489692620165116
BPIC2012_10000_ABSENCE_10.0_3.xes,197864,24,10000,19.7864,175,35,16508,2847,0.2847,8.121287871212878,0.7543603018213183,42339.73146129206,0.6987036354097291,2882531.185785678,0.37489692620165116
BPIC2012_4000_SUBSTITUTION_2.0_2.xes,79203,64,4000,19.80075,175,91,7689,1421,0.35525,8.180954761309673,0.7535618352863888,42339.73146129206,0.6987036354097291,2882531.185785678,0.37489692620165116
Sepsis_10000_INSERTION_10.0_5.xes,143645,520,10000,14.3645,186,891,18891,1817,0.1817,9.142785721427858,0.7813360226002478,42339.73146129206,0.6987036354097291,2882531.185785678,0.37489692620165116
Sepsis_2000_ORDERING_0.1_5.xes,28387,16,2000,14.1935,185,29,4653,747,0.3735,9.061969015492254,0.7887408399560825,42339.73146129206,0.6987036354097291,2882531.185785678,0.37489692620165116
Sepsis_20000_ABSENCE_4.0_5.xes,287734,16,20000,14.3867,185,29,33253,1509,0.07545,9.091045447727614,0.787444957871644,42339.73146129206,0.6987036354097291,2882531.185785678,0.37489692620165116
Sepsis_10000_ORDERING_1.0_1.xes,142645,16,10000,14.2645,185,24,18335,941,0.0941,9.078692130786921,0.7881748847447263,42339.73146129206,0.6987036354097291,2882531.185785678,0.37489692620165116
BPIC2012_100000_INSERTION_1.0_3.xes,1997892,482,100000,19.97892,175,664,115315,5222,0.05222,8.163218367816322,0.7513201903465541,42339.73146129206,0.6987036354097291,2882531.185785678,0.37489692620165116
Sepsis_10000_ABSENCE_10.0_5.xes,141645,16,10000,14.1645,185,30,18424,1663,0.1663,9.002499750024997,0.7883836078970803,42339.73146129206,0.6987036354097291,2882531.185785678,0.37489692620165116
Sepsis_2000_SUBSTITUTION_10.0_3.xes,28387,119,2000,14.1935,185,212,4761,916,0.458,9.057971014492754,0.7824682417527993,42339.73146129206,0.6987036354097291,2882531.185785678,0.37489692620165116
BPIC2012_10000_ORDERING_0.1_2.xes,198864,24,10000,19.8864,175,24,16258,2508,0.2508,8.17988201179882,0.7546588564799757,42339.73146129206,0.6987036354097291,2882531.185785678,0.37489692620165116
Sepsis_40000_MIXED_0.2_4.xes,579466,36,40000,14.48665,185,63,59562,922,0.02305,9.13192170195745,0.7802705110961649,42339.73146129206,0.6987036354097291,2882531.185785678,0.37489692620165116
RTFMS_20000_ABSENCE_0.2_4.xes,74662,11,20000,3.7331,12,24,5964,102,0.0051,3.681165941702915,0.6019959802621172,42339.73146129206,0.6987036354097291,2882531.185785678,0.37489692620165116
RTFMS_2000_ABSENCE_10.0_4.xes,7258,11,2000,3.629,11,22,939,57,0.0285,3.5827086456771613,0.6033001086002168,42339.73146129206,0.6987036354097291,2882531.185785678,0.37489692620165116
BPIC2012_10000_INSERTION_0.4_2.xes,198904,45,10000,19.8904,175,48,16276,2537,0.2537,8.182281771822817,0.7521997050251601,42339.73146129206,0.6987036354097291,2882531.185785678,0.37489692620165116
BPIC2012_4000_INSERTION_1.0_3.xes,79243,41,4000,19.81075,175,56,7665,1395,0.34875,8.184203949012748,0.7541297016175698,42339.73146129206,0.6987036354097291,2882531.185785678,0.37489692620165116
Sepsis_40000_MIXED_0.4_1.xes,579488,59,40000,14.4872,185,109,59638,1003,0.025075,9.132096697582561,0.7792168058033193,42339.73146129206,0.6987036354097291,2882531.185785678,0.37489692620165116
Sepsis_10000_ORDERING_0.1_1.xes,142645,16,10000,14.2645,185,29,18277,856,0.0856,9.078692130786921,0.7879234969212917,42339.73146129206,0.6987036354097291,2882531.185785678,0.37489692620165116
BPIC2012_100000_INSERTION_0.2_1.xes,1997092,111,100000,19.97092,175,163,114749,4544,0.04544,8.157948420515796,0.7513448207701295,42339.73146129206,0.6987036354097291,2882531.185785678,0.37489692620165116
RTFMS_4000_SUBSTITUTION_0.1_3.xes,14915,13,4000,3.72875,12,27,1524,52,0.013,3.6800799800049986,0.5964990499141922,42339.73146129206,0.6987036354097291,2882531.185785678,0.37489692620165116
RTFMS_1000_ORDERING_1.0_5.xes,3785,11,1000,3.785,10,18,516,32,0.032,3.7352647352647352,0.6019522373675648,42339.73146129206,0.6987036354097291,2882531.185785678,0.37489692620165116
RTFMS_100000_ABSENCE_0.1_2.xes,373019,11,100000,3.73019,17,17,23991,195,0.00195,3.6781432185678145,0.6017977490569346,42339.73146129206,0.6987036354097291,2882531.185785678,0.37489692620165116
RTFMS_2000_SUBSTITUTION_10.0_3.xes,7458,107,2000,3.729,11,164,970,177,0.0885,3.6531734132933535,0.6078482107288095,42339.73146129206,0.6987036354097291,2882531.185785678,0.37489692620165116
BPIC2012_4000_ORDERING_10.0_4.xes,79203,24,4000,19.80075,175,39,7899,1466,0.3665,8.177955511122219,0.7573472244920924,42339.73146129206,0.6987036354097291,2882531.185785678,0.37489692620165116
BPIC2012_40000_MIXED_2.0_1.xes,799447,206,40000,19.986175,175,272,52824,4725,0.118125,8.173820654483638,0.751269591222986,42339.73146129206,0.6987036354097291,2882531.185785678,0.37489692620165116
RTFMS_20000_SUBSTITUTION_0.2_5.xes,74702,26,20000,3.7351,12,43,5970,122,0.0061,3.682365881705915,0.5938255220709256,42339.73146129206,0.6987036354097291,2882531.185785678,0.37489692620165116
Sepsis_2000_SUBSTITUTION_10.0_2.xes,28387,115,2000,14.1935,185,218,4767,912,0.456,9.055472263868065,0.7823684106628704,42339.73146129206,0.6987036354097291,2882531.185785678,0.37489692620165116
RTFMS_4000_ORDERING_10.0_2.xes,14915,11,4000,3.72875,12,18,1819,104,0.026,3.6805798550362407,0.6252683853284884,42339.73146129206,0.6987036354097291,2882531.185785678,0.37489692620165116
BPIC2012_4000_SUBSTITUTION_0.4_1.xes,79203,34,4000,19.80075,175,33,7639,1375,0.34375,8.179205198700325,0.7546349359746398,42339.73146129206,0.6987036354097291,2882531.185785678,0.37489692620165116
BPIC2012_40000_SUBSTITUTION_2.0_1.xes,799439,436,40000,19.985975,175,573,52807,4846,0.12115,8.175895602609934,0.7513316527834019,42339.73146129206,0.6987036354097291,2882531.185785678,0.37489692620165116
Sepsis_1000_ABSENCE_2.0_1.xes,13880,16,1000,13.88,118,25,2548,555,0.555,9.015984015984015,0.7895856876216099,42339.73146129206,0.6987036354097291,2882531.185785678,0.37489692620165116
RTFMS_10000_MIXED_0.4_3.xes,37492,19,10000,3.7492,12,35,3309,96,0.0096,3.6972302769723027,0.595421846355987,42339.73146129206,0.6987036354097291,2882531.185785678,0.37489692620165116
BPIC2012_20000_MIXED_0.1_5.xes,396171,30,20000,19.80855,175,38,28876,3526,0.1763,8.136643167841608,0.7532850402350254,42339.73146129206,0.6987036354097291,2882531.185785678,0.37489692620165116
Sepsis_2000_ABSENCE_0.2_3.xes,28383,16,2000,14.1915,185,29,4662,748,0.374,9.059970014992503,0.7887132146149483,42339.73146129206,0.6987036354097291,2882531.185785678,0.37489692620165116
Sepsis_100000_ABSENCE_4.0_1.xes,1445819,16,100000,14.45819,185,30,127699,3483,0.03483,9.113758862411375,0.7878851468721391,42339.73146129206,0.6987036354097291,2882531.185785678,0.37489692620165116
Sepsis_4000_SUBSTITUTION_10.0_1.xes,57008,225,4000,14.252,185,402,8650,1211,0.30275,9.083479130217446,0.782805605409347,42339.73146129206,0.6987036354097291,2882531.185785678,0.37489692620165116
Sepsis_40000_ORDERING_10.0_5.xes,579466,16,40000,14.48665,185,11,61939,4015,0.100375,9.132046698832529,0.7901845756389865,42339.73146129206,0.6987036354097291,2882531.185785678,0.37489692620165116
BPIC2012_10000_ORDERING_0.4_2.xes,198864,24,10000,19.8864,175,33,16299,2521,0.2521,8.17988201179882,0.7546998803476196,42339.73146129206,0.6987036354097291,2882531.185785678,0.37489692620165116
RTFMS_1000_ORDERING_4.0_5.xes,3785,11,1000,3.785,10,16,542,37,0.037,3.7352647352647352,0.6082373058089201,42339.73146129206,0.6987036354097291,2882531.185785678,0.37489692620165116
BPIC2012_10000_ORDERING_0.1_3.xes,198864,24,10000,19.8864,175,29,16251,2510,0.251,8.17988201179882,0.7546491605411273,42339.73146129206,0.6987036354097291,2882531.185785678,0.37489692620165116
RTFMS_4000_INSERTION_10.0_2.xes,15315,204,4000,3.82875,12,318,1774,326,0.0815,3.745563609097726,0.609111257509319,42339.73146129206,0.6987036354097291,2882531.185785678,0.37489692620165116
Sepsis_1000_ORDERING_0.4_3.xes,13900,16,1000,13.9,118,23,2559,541,0.541,9.031968031968033,0.7895375399899232,42339.73146129206,0.6987036354097291,2882531.185785678,0.37489692620165116
BPIC2012_100000_SUBSTITUTION_2.0_1.xes,1996892,1056,100000,19.96892,175,1337,115925,6067,0.06067,8.160728392716074,0.7514747419775242,42339.73146129206,0.6987036354097291,2882531.185785678,0.37489692620165116
BPIC2012_100000_INSERTION_4.0_5.xes,2000892,1832,100000,20.00892,175,2435,117129,7574,0.07574,8.183178168218317,0.7518155099104334,42339.73146129206,0.6987036354097291,2882531.185785678,0.37489692620165116
BPIC2012_1000_INSERTION_1.0_4.xes,19605,28,1000,19.605,159,33,2490,437,0.437,8.103896103896103,0.754038925488707,42339.73146129206,0.6987036354097291,2882531.185785678,0.37489692620165116
RTFMS_20000_SUBSTITUTION_2.0_4.xes,74702,193,20000,3.7351,12,268,6192,354,0.0177,3.677266136693165,0.5954697196192914,42339.73146129206,0.6987036354097291,2882531.185785678,0.37489692620165116
RTFMS_2000_MIXED_0.4_4.xes,7457,13,2000,3.7285,11,21,874,41,0.0205,3.6806596701649177,0.5962056864458924,42339.73146129206,0.6987036354097291,2882531.185785678,0.37489692620165116
BPIC2012_2000_INSERTION_2.0_5.xes,38918,39,2000,19.459,159,47,4317,801,0.4005,8.09295352323838,0.7554759978631647,42339.73146129206,0.6987036354097291,2882531.185785678,0.37489692620165116
RTFMS_40000_SUBSTITUTION_4.0_1.xes,148998,808,40000,3.72495,16,1110,11749,1078,0.02695,3.6609834754131145,0.5996338337919704,42339.73146129206,0.6987036354097291,2882531.185785678,0.37489692620165116
RTFMS_100000_INSERTION_0.1_2.xes,373219,59,100000,3.73219,17,93,24015,244,0.00244,3.6797032029679704,0.5920579746727235,42339.73146129206,0.6987036354097291,2882531.185785678,0.37489692620165116
RTFMS_40000_MIXED_0.4_1.xes,149010,57,40000,3.72525,16,83,10871,228,0.0057,3.672308192295193,0.5928752232483503,42339.73146129206,0.6987036354097291,2882531.185785678,0.37489692620165116
Sepsis_20000_ORDERING_2.0_5.xes,288534,16,20000,14.4267,185,24,33351,1194,0.0597,9.12134393280336,0.7877811532301653,42339.73146129206,0.6987036354097291,2882531.185785678,0.37489692620165116
RTFMS_2000_MIXED_10.0_1.xes,7467,65,2000,3.7335,11,101,990,157,0.0785,3.6736631684157923,0.606418894799446,42339.73146129206,0.6987036354097291,2882531.185785678,0.37489692620165116
Sepsis_100000_ABSENCE_10.0_5.xes,1439819,16,100000,14.39819,185,29,129063,5796,0.05796,9.06929930700693,0.7881170913449282,42339.73146129206,0.6987036354097291,2882531.185785678,0.37489692620165116
RTFMS_20000_ORDERING_4.0_1.xes,74702,11,20000,3.7351,12,14,6555,180,0.009,3.6831658417079147,0.6123485960430841,42339.73146129206,0.6987036354097291,2882531.185785678,0.37489692620165116
RTFMS_1000_INSERTION_0.1_1.xes,3786,11,1000,3.786,10,18,504,27,0.027,3.7362637362637363,0.5996542942528258,42339.73146129206,0.6987036354097291,2882531.185785678,0.37489692620165116
Sepsis_20000_INSERTION_10.0_5.xes,290534,984,20000,14.5267,186,1712,34327,2779,0.13895,9.183190840457977,0.7806591723785967,42339.73146129206,0.6987036354097291,2882531.185785678,0.37489692620165116
Sepsis_4000_INSERTION_4.0_5.xes,57168,95,4000,14.292,185,176,8509,983,0.24575,9.107973006748313,0.7812643002298558,42339.73146129206,0.6987036354097291,2882531.185785678,0.37489692620165116
RTFMS_10000_ORDERING_4.0_2.xes,37497,11,10000,3.7497,12,16,3615,123,0.0123,3.698130186981302,0.6119584817594261,42339.73146129206,0.6987036354097291,2882531.185785678,0.37489692620165116
Sepsis_40000_SUBSTITUTION_4.0_2.xes,579466,782,40000,14.48665,185,1345,60495,2400,0.06,9.131146721331966,0.7795020121484956,42339.73146129206,0.6987036354097291,2882531.185785678,0.37489692620165116
BPIC2012_1000_INSERTION_2.0_5.xes,19615,30,1000,19.615,159,39,2497,445,0.445,8.110889110889111,0.7538951471975441,42339.73146129206,0.6987036354097291,2882531.185785678,0.37489692620165116
BPIC2012_100000_INSERTION_10.0_5.xes,2006892,4577,100000,20.06892,175,6037,120220,12094,0.12094,8.22330776692233,0.7528158742045762,42339.73146129206,0.6987036354097291,2882531.185785678,0.37489692620165116
Sepsis_100000_INSERTION_0.4_3.xes,1450219,200,100000,14.50219,185,364,126939,1240,0.0124,9.146218537814622,0.7788473722944624,42339.73146129206,0.6987036354097291,2882531.185785678,0.37489692620165116
RTFMS_1000_ABSENCE_1.0_1.xes,3775,11,1000,3.775,10,21,508,32,0.032,3.7262737262737264,0.6000091761340836,42339.73146129206,0.6987036354097291,2882531.185785678,0.37489692620165116
BPIC2012_4000_MIXED_4.0_5.xes,79210,65,4000,19.8025,175,86,7725,1466,0.3665,8.180454886278431,0.7537698303873173,42339.73146129206,0.6987036354097291,2882531.185785678,0.37489692620165116
RTFMS_2000_SUBSTITUTION_10.0_1.xes,7458,109,2000,3.729,11,163,980,173,0.0865,3.6466766616691655,0.6080505976256041,42339.73146129206,0.6987036354097291,2882531.185785678,0.37489692620165116
BPIC2012_2000_SUBSTITUTION_0.4_2.xes,38878,28,2000,19.439,159,30,4306,781,0.3905,8.079960019990004,0.7563719364611599,42339.73146129206,0.6987036354097291,2882531.185785678,0.37489692620165116
BPIC2012_2000_INSERTION_1.0_4.xes,38898,32,2000,19.449,159,35,4315,789,0.3945,8.085957021489255,0.7559018352045609,42339.73146129206,0.6987036354097291,2882531.185785678,0.37489692620165116
RTFMS_4000_ABSENCE_0.4_1.xes,14899,11,4000,3.72475,12,25,1527,55,0.01375,3.6770807298175456,0.5991448088497273,42339.73146129206,0.6987036354097291,2882531.185785678,0.37489692620165116
BPIC2012_40000_ORDERING_0.1_5.xes,799439,24,40000,19.985975,175,27,52326,4191,0.104775,8.17214569635759,0.7545198580327915,42339.73146129206,0.6987036354097291,2882531.185785678,0.37489692620165116
Sepsis_4000_ABSENCE_0.2_4.xes,57000,16,4000,14.25,185,30,8424,834,0.2085,9.082729317670582,0.7891118192982334,42339.73146129206,0.6987036354097291,2882531.185785678,0.37489692620165116
Sepsis_20000_INSERTION_4.0_1.xes,289334,388,20000,14.4667,185,705,33638,1627,0.08135,9.145942702864856,0.7792249228777572,42339.73146129206,0.6987036354097291,2882531.185785678,0.37489692620165116
BPIC2012_100000_INSERTION_10.0_1.xes,2006892,4520,100000,20.06892,175,5975,120279,12077,0.12077,8.222567774322258,0.7527884108376643,42339.73146129206,0.6987036354097291,2882531.185785678,0.37489692620165116
RTFMS_10000_ABSENCE_0.2_3.xes,37477,11,10000,3.7477,12,27,3288,77,0.0077,3.696130386961304,0.6015713706497947,42339.73146129206,0.6987036354097291,2882531.185785678,0.37489692620165116
Sepsis_2000_ORDERING_1.0_2.xes,28387,16,2000,14.1935,185,32,4673,763,0.3815,9.061969015492254,0.7889486525840428,42339.73146129206,0.6987036354097291,2882531.185785678,0.37489692620165116
RTFMS_100000_ABSENCE_2.0_3.xes,371119,11,100000,3.71119,17,17,24737,233,0.00233,3.6595034049659505,0.6024814561760365,42339.73146129206,0.6987036354097291,2882531.185785678,0.37489692620165116
BPIC2012_10000_MIXED_10.0_4.xes,198849,274,10000,19.8849,175,381,16812,3094,0.3094,8.186781321867814,0.7521833823966962,42339.73146129206,0.6987036354097291,2882531.185785678,0.37489692620165116
Sepsis_1000_SUBSTITUTION_0.4_5.xes,13900,19,1000,13.9,118,31,2552,543,0.543,9.033966033966035,0.7868451532146272,42339.73146129206,0.6987036354097291,2882531.185785678,0.37489692620165116
BPIC2012_4000_INSERTION_0.2_5.xes,79211,26,4000,19.80275,175,29,7633,1372,0.343,8.178955261184704,0.7558388338725136,42339.73146129206,0.6987036354097291,2882531.185785678,0.37489692620165116
Sepsis_20000_ABSENCE_2.0_3.xes,288134,16,20000,14.4067,185,30,33245,1195,0.05975,9.106394680265987,0.7873448323584986,42339.73146129206,0.6987036354097291,2882531.185785678,0.37489692620165116
Sepsis_40000_SUBSTITUTION_1.0_4.xes,579466,196,40000,14.48665,185,344,59803,1238,0.03095,9.131396715082124,0.7787956287883613,42339.73146129206,0.6987036354097291,2882531.185785678,0.37489692620165116
RTFMS_20000_ORDERING_2.0_2.xes,74702,11,20000,3.7351,12,16,6283,146,0.0073,3.6831658417079147,0.6071618388594889,42339.73146129206,0.6987036354097291,2882531.185785678,0.37489692620165116
RTFMS_4000.xes,14915,11,4000,3.72875,12,23,1515,48,0.012,3.6805798550362407,0.5991878770624728,42339.73146129206,0.6987036354097291,2882531.185785678,0.37489692620165116
BPIC2012_2000_ORDERING_1.0_3.xes,38878,24,2000,19.439,159,26,4313,786,0.393,8.080459770114942,0.7573759750880973,42339.73146129206,0.6987036354097291,2882531.185785678,0.37489692620165116
RTFMS_1000_INSERTION_0.1_5.xes,3786,11,1000,3.786,10,19,507,27,0.027,3.7352647352647352,0.5996542942528258,42339.73146129206,0.6987036354097291,2882531.185785678,0.37489692620165116
BPIC2012_2000_SUBSTITUTION_0.4_5.xes,38878,29,2000,19.439,159,31,4316,781,0.3905,8.081459270364817,0.756215342405168,42339.73146129206,0.6987036354097291,2882531.185785678,0.37489692620165116
RTFMS_4000_ABSENCE_0.2_3.xes,14907,11,4000,3.72675,12,25,1537,53,0.01325,3.678580354911272,0.5993953220286743,42339.73146129206,0.6987036354097291,2882531.185785678,0.37489692620165116
Sepsis_10000_SUBSTITUTION_0.4_4.xes,142645,31,10000,14.2645,185,54,18280,886,0.0886,9.077992200779923,0.7813519534724039,42339.73146129206,0.6987036354097291,2882531.185785678,0.37489692620165116
RTFMS_2000_ABSENCE_0.1_1.xes,7456,11,2000,3.728,11,19,864,35,0.0175,3.681159420289855,0.5985136492362554,42339.73146129206,0.6987036354097291,2882531.185785678,0.37489692620165116
RTFMS_10000_ABSENCE_4.0_4.xes,37097,11,10000,3.7097,12,27,3432,99,0.0099,3.6587341265873414,0.6032687930884224,42339.73146129206,0.6987036354097291,2882531.185785678,0.37489692620165116
BPIC2012_100000_MIXED_0.1_4.xes,1996876,50,100000,19.96876,175,64,114678,4444,0.04444,8.156748432515675,0.7519673434945805,42339.73146129206,0.6987036354097291,2882531.185785678,0.37489692620165116
RTFMS_1000_INSERTION_1.0_2.xes,3795,16,1000,3.795,10,24,511,36,0.036,3.74025974025974,0.5957497961308844,42339.73146129206,0.6987036354097291,2882531.185785678,0.37489692620165116
BPIC2012_2000_ABSENCE_0.2_5.xes,38874,24,2000,19.437,159,25,4312,778,0.389,8.078460769615193,0.7572951046388368,42339.73146129206,0.6987036354097291,2882531.185785678,0.37489692620165116
BPIC2012_20000_SUBSTITUTION_0.1_5.xes,396166,35,20000,19.8083,175,44,28899,3525,0.17625,8.136743162841858,0.7526931568560391,42339.73146129206,0.6987036354097291,2882531.185785678,0.37489692620165116
RTFMS_100000_ORDERING_1.0_4.xes,373119,11,100000,3.73119,17,10,24751,251,0.00251,3.6791232087679124,0.604320556109688,42339.73146129206,0.6987036354097291,2882531.185785678,0.37489692620165116
Sepsis_10000_SUBSTITUTION_0.2_5.xes,142645,25,10000,14.2645,185,44,18284,866,0.0866,9.078592140785922,0.7825818315174764,42339.73146129206,0.6987036354097291,2882531.185785678,0.37489692620165116
Sepsis_20000_SUBSTITUTION_0.1_4.xes,288534,25,20000,14.4267,185,45,33166,866,0.0433,9.12124393780311,0.7819157184270534,42339.73146129206,0.6987036354097291,2882531.185785678,0.37489692620165116
RTFMS_1000_SUBSTITUTION_0.4_3.xes,3785,13,1000,3.785,10,23,501,30,0.03,3.733266733266733,0.5974728936763833,42339.73146129206,0.6987036354097291,2882531.185785678,0.37489692620165116
RTFMS_2000_ORDERING_10.0_1.xes,7458,11,2000,3.729,11,15,1020,82,0.041,3.6816591704147927,0.6248635107977237,42339.73146129206,0.6987036354097291,2882531.185785678,0.37489692620165116
RTFMS_2000_SUBSTITUTION_0.1_1.xes,7458,13,2000,3.729,11,22,870,36,0.018,3.6816591704147927,0.5958889611789988,42339.73146129206,0.6987036354097291,2882531.185785678,0.37489692620165116
BPIC2012_10000_MIXED_0.1_4.xes,198861,27,10000,19.8861,175,30,16266,2511,0.2511,8.17988201179882,0.7539132871227582,42339.73146129206,0.6987036354097291,2882531.185785678,0.37489692620165116
Sepsis_100000_INSERTION_2.0_2.xes,1451819,937,100000,14.51819,185,1644,128102,2778,0.02778,9.15559844401556,0.7791667484188266,42339.73146129206,0.6987036354097291,2882531.185785678,0.37489692620165116
BPIC2012_10000_INSERTION_4.0_2.xes,199264,208,10000,19.9264,175,295,16489,2810,0.281,8.205879412058794,0.7518548703567942,42339.73146129206,0.6987036354097291,2882531.185785678,0.37489692620165116
BPIC2012_4000_SUBSTITUTION_2.0_3.xes,79203,57,4000,19.80075,175,100,7688,1421,0.35525,8.180954761309673,0.7536984921364411,42339.73146129206,0.6987036354097291,2882531.185785678,0.37489692620165116
RTFMS_10000_ABSENCE_0.4_5.xes,37457,11,10000,3.7457,12,27,3302,83,0.0083,3.6943305669433055,0.6015972656028069,42339.73146129206,0.6987036354097291,2882531.185785678,0.37489692620165116
BPIC2012_4000_ORDERING_4.0_4.xes,79203,24,4000,19.80075,175,37,7763,1412,0.353,8.177955511122219,0.7566923278273907,42339.73146129206,0.6987036354097291,2882531.185785678,0.37489692620165116
BPIC2012_20000_INSERTION_2.0_2.xes,396566,208,20000,19.8283,175,298,29126,3845,0.19225,8.14949252537373,0.7514179788864161,42339.73146129206,0.6987036354097291,2882531.185785678,0.37489692620165116
RTFMS_10000_ABSENCE_2.0_3.xes,37297,11,10000,3.7297,12,27,3381,92,0.0092,3.6783321667833215,0.6024401892204245,42339.73146129206,0.6987036354097291,2882531.185785678,0.37489692620165116
BPIC2012_20000_ABSENCE_0.2_4.xes,396126,24,20000,19.8063,175,28,28866,3533,0.17665,8.135193240337983,0.7545323207598137,42339.73146129206,0.6987036354097291,2882531.185785678,0.37489692620165116
BPIC2012_10000_ABSENCE_0.2_3.xes,198844,24,10000,19.8844,175,29,16262,2517,0.2517,8.178482151784822,0.7546319814472785,42339.73146129206,0.6987036354097291,2882531.185785678,0.37489692620165116
BPIC2012_40000_ABSENCE_0.4_5.xes,799279,24,40000,19.981975,175,32,52364,4265,0.106625,8.16987075323117,0.7544926018805791,42339.73146129206,0.6987036354097291,2882531.185785678,0.37489692620165116
BPIC2012_4000_ORDERING_4.0_3.xes,79203,24,4000,19.80075,175,43,7734,1411,0.35275,8.177955511122219,0.7566772638806285,42339.73146129206,0.6987036354097291,2882531.185785678,0.37489692620165116
RTFMS_40000_SUBSTITUTION_1.0_4.xes,148998,193,40000,3.72495,16,266,11017,383,0.009575,3.669558261043474,0.593728504057079,42339.73146129206,0.6987036354097291,2882531.185785678,0.37489692620165116
Sepsis_1000_ABSENCE_0.2_1.xes,13898,16,1000,13.898,118,25,2560,542,0.542,9.02997002997003,0.7894789262530911,42339.73146129206,0.6987036354097291,2882531.185785678,0.37489692620165116
RTFMS_4000_INSERTION_2.0_4.xes,14995,46,4000,3.74875,12,80,1573,108,0.027,3.69407648087978,0.593726714744097,42339.73146129206,0.6987036354097291,2882531.185785678,0.37489692620165116
BPIC2012_40000_MIXED_0.2_4.xes,799425,44,40000,19.985625,175,56,52406,4228,0.1057,8.172195695107622,0.7520635610829753,42339.73146129206,0.6987036354097291,2882531.185785678,0.37489692620165116
Sepsis_1000_MIXED_0.2_5.xes,13901,16,1000,13.901,118,25,2565,541,0.541,9.031968031968033,0.7894138574068335,42339.73146129206,0.6987036354097291,2882531.185785678,0.37489692620165116
Sepsis_100000_ORDERING_4.0_5.xes,1449819,16,100000,14.49819,185,11,129432,4015,0.04015,9.14379856201438,0.7887906864685937,42339.73146129206,0.6987036354097291,2882531.185785678,0.37489692620165116
Sepsis_40000_ORDERING_10.0_3.xes,579466,16,40000,14.48665,185,13,61921,4022,0.10055,9.132046698832529,0.7901480094523075,42339.73146129206,0.6987036354097291,2882531.185785678,0.37489692620165116
Sepsis_2000_MIXED_4.0_3.xes,28389,33,2000,14.1945,185,51,4691,819,0.4095,9.055472263868065,0.7825160706828773,42339.73146129206,0.6987036354097291,2882531.185785678,0.37489692620165116
Sepsis_2000_SUBSTITUTION_1.0_5.xes,28387,25,2000,14.1935,185,43,4674,763,0.3815,9.061469265367316,0.7835805333300004,42339.73146129206,0.6987036354097291,2882531.185785678,0.37489692620165116
RTFMS_20000_MIXED_0.1_4.xes,74697,15,20000,3.73485,12,25,5956,105,0.00525,3.6827658617069146,0.5972358852481157,42339.73146129206,0.6987036354097291,2882531.185785678,0.37489692620165116
Sepsis_2000_INSERTION_2.0_2.xes,28427,36,2000,14.2135,185,59,4678,783,0.3915,9.073463268365817,0.7818488166304884,42339.73146129206,0.6987036354097291,2882531.185785678,0.37489692620165116
Sepsis_2000_ABSENCE_1.0_5.xes,28367,16,2000,14.1835,185,29,4653,762,0.381,9.054472763618191,0.788781566321966,42339.73146129206,0.6987036354097291,2882531.185785678,0.37489692620165116
BPIC2012_100000_ABSENCE_0.1_2.xes,1996792,24,100000,19.96792,175,35,114692,4432,0.04432,8.156128438715612,0.7546603972590838,42339.73146129206,0.6987036354097291,2882531.185785678,0.37489692620165116
BPIC2012_2000_SUBSTITUTION_10.0_3.xes,38878,124,2000,19.439,159,200,4419,905,0.4525,8.098450774612694,0.7552109833210915,42339.73146129206,0.6987036354097291,2882531.185785678,0.37489692620165116
Sepsis_1000_MIXED_10.0_4.xes,13900,39,1000,13.9,118,65,2596,617,0.617,9.023976023976024,0.7838606531182831,42339.73146129206,0.6987036354097291,2882531.185785678,0.37489692620165116
RTFMS_40000_ABSENCE_1.0_3.xes,148598,11,40000,3.71495,16,20,10952,152,0.0038,3.6626834329141773,0.6024017158894832,42339.73146129206,0.6987036354097291,2882531.185785678,0.37489692620165116
RTFMS_10000_INSERTION_0.1_4.xes,37507,18,10000,3.7507,12,35,3302,77,0.0077,3.699030096990301,0.5952818560956257,42339.73146129206,0.6987036354097291,2882531.185785678,0.37489692620165116
BPIC2012_1000_ORDERING_0.1_1.xes,19595,24,1000,19.595,159,30,2494,431,0.431,8.098901098901099,0.7548506674114482,42339.73146129206,0.6987036354097291,2882531.185785678,0.37489692620165116
RTFMS_2000_INSERTION_0.2_3.xes,7462,13,2000,3.731,11,22,875,38,0.019,3.682658670664668,0.5960225121735869,42339.73146129206,0.6987036354097291,2882531.185785678,0.37489692620165116
BPIC2012_40000_ORDERING_0.4_2.xes,799439,24,40000,19.985975,175,40,52471,4238,0.10595,8.17214569635759,0.7545655277866403,42339.73146129206,0.6987036354097291,2882531.185785678,0.37489692620165116
RTFMS_4000_ABSENCE_0.1_5.xes,14911,11,4000,3.72775,12,23,1524,51,0.01275,3.6795801049737564,0.599239969816155,42339.73146129206,0.6987036354097291,2882531.185785678,0.37489692620165116
RTFMS_4000_ABSENCE_2.0_1.xes,14835,11,4000,3.70875,12,26,1561,63,0.01575,3.6610847288177957,0.5999147217252973,42339.73146129206,0.6987036354097291,2882531.185785678,0.37489692620165116
RTFMS_10000_MIXED_0.2_4.xes,37492,15,10000,3.7492,12,28,3298,81,0.0081,3.6973302669733026,0.5969692427997122,42339.73146129206,0.6987036354097291,2882531.185785678,0.37489692620165116
BPIC2012_2000_INSERTION_0.1_5.xes,38880,25,2000,19.44,159,27,4307,778,0.389,8.081459270364817,0.7570316335639213,42339.73146129206,0.6987036354097291,2882531.185785678,0.37489692620165116
Sepsis_20000_MIXED_0.2_1.xes,288541,27,20000,14.42705,185,52,33128,885,0.04425,9.12164391780411,0.7814157274512573,42339.73146129206,0.6987036354097291,2882531.185785678,0.37489692620165116
RTFMS_1000_MIXED_4.0_3.xes,3780,19,1000,3.78,10,31,526,55,0.055,3.7262737262737264,0.6001449964952401,42339.73146129206,0.6987036354097291,2882531.185785678,0.37489692620165116
Sepsis_20000_SUBSTITUTION_4.0_3.xes,288534,404,20000,14.4267,185,696,33662,1622,0.0811,9.119794010299485,0.7792854851244355,42339.73146129206,0.6987036354097291,2882531.185785678,0.37489692620165116
RTFMS_2000_ORDERING_0.1_3.xes,7458,11,2000,3.729,11,20,871,36,0.018,3.6816591704147927,0.5988611555058208,42339.73146129206,0.6987036354097291,2882531.185785678,0.37489692620165116
RTFMS_4000_ABSENCE_0.4_4.xes,14899,11,4000,3.72475,12,26,1540,56,0.014,3.6765808547863035,0.5995512995572886,42339.73146129206,0.6987036354097291,2882531.185785678,0.37489692620165116
BPIC2012_4000_SUBSTITUTION_0.2_2.xes,79203,28,4000,19.80075,175,31,7624,1370,0.3425,8.177705573606598,0.7553886191191709,42339.73146129206,0.6987036354097291,2882531.185785678,0.37489692620165116
Sepsis_4000_ABSENCE_1.0_2.xes,56968,16,4000,14.242,185,29,8419,865,0.21625,9.076980754811297,0.7891401802059999,42339.73146129206,0.6987036354097291,2882531.185785678,0.37489692620165116
RTFMS_1000_ORDERING_0.2_1.xes,3785,11,1000,3.785,10,20,503,28,0.028,3.7352647352647352,0.6001302445183734,42339.73146129206,0.6987036354097291,2882531.185785678,0.37489692620165116
BPIC2012_2000_INSERTION_0.2_2.xes,38882,26,2000,19.441,159,26,4308,779,0.3895,8.081459270364817,0.7568102814878616,42339.73146129206,0.6987036354097291,2882531.185785678,0.37489692620165116
RTFMS_1000_ABSENCE_0.4_2.xes,3781,11,1000,3.781,10,19,498,28,0.028,3.7312687312687314,0.5994727706270542,42339.73146129206,0.6987036354097291,2882531.185785678,0.37489692620165116
Sepsis_40000_ORDERING_4.0_3.xes,579466,16,40000,14.48665,185,16,60545,2185,0.054625,9.132046698832529,0.7885598343960798,42339.73146129206,0.6987036354097291,2882531.185785678,0.37489692620165116
RTFMS_2000_ORDERING_0.4_2.xes,7458,11,2000,3.729,11,17,874,40,0.02,3.6816591704147927,0.5996072154453059,42339.73146129206,0.6987036354097291,2882531.185785678,0.37489692620165116
Sepsis_2000_SUBSTITUTION_2.0_4.xes,28387,31,2000,14.1935,185,53,4681,781,0.3905,9.058470764617692,0.7825571340677433,42339.73146129206,0.6987036354097291,2882531.185785678,0.37489692620165116
RTFMS_4000_MIXED_10.0_4.xes,14919,98,4000,3.72975,12,146,1771,243,0.06075,3.664583854036491,0.6062163364569795,42339.73146129206,0.6987036354097291,2882531.185785678,0.37489692620165116
RTFMS_10000_ORDERING_0.2_1.xes,37497,11,10000,3.7497,12,19,3319,79,0.0079,3.698130186981302,0.6020438962175352,42339.73146129206,0.6987036354097291,2882531.185785678,0.37489692620165116
BPIC2012_20000_SUBSTITUTION_4.0_5.xes,396166,444,20000,19.8083,175,570,29361,4165,0.20825,8.144342782860857,0.7517320085463162,42339.73146129206,0.6987036354097291,2882531.185785678,0.37489692620165116
Sepsis_20000_ABSENCE_0.2_4.xes,288494,16,20000,14.4247,185,31,33175,885,0.04425,9.11994400279986,0.787241944530615,42339.73146129206,0.6987036354097291,2882531.185785678,0.37489692620165116
BPIC2012_4000_ORDERING_0.1_2.xes,79203,24,4000,19.80075,175,26,7634,1368,0.342,8.177955511122219,0.7563364889724788,42339.73146129206,0.6987036354097291,2882531.185785678,0.37489692620165116
RTFMS_10000_INSERTION_2.0_4.xes,37697,101,10000,3.7697,12,168,3431,213,0.0213,3.711028897110289,0.5954674736832926,42339.73146129206,0.6987036354097291,2882531.185785678,0.37489692620165116
Sepsis_4000_ORDERING_1.0_2.xes,57008,16,4000,14.252,185,30,8459,864,0.216,9.083979005248688,0.7893859066757405,42339.73146129206,0.6987036354097291,2882531.185785678,0.37489692620165116
BPIC2012_10000_INSERTION_0.2_2.xes,198884,36,10000,19.8884,175,39,16251,2521,0.2521,8.18108189181082,0.7527184333393472,42339.73146129206,0.6987036354097291,2882531.185785678,0.37489692620165116
BPIC2012_40000_ABSENCE_0.4_4.xes,799279,24,40000,19.981975,175,31,52370,4251,0.106275,8.169720756981075,0.7544966430158677,42339.73146129206,0.6987036354097291,2882531.185785678,0.37489692620165116
RTFMS_4000_INSERTION_2.0_1.xes,14995,45,4000,3.74875,12,74,1578,114,0.0285,3.6948262934266434,0.5936053772425889,42339.73146129206,0.6987036354097291,2882531.185785678,0.37489692620165116
BPIC2012_100000_ABSENCE_1.0_2.xes,1995892,24,100000,19.95892,175,34,115025,4861,0.04861,8.150828491715084,0.7546381066762181,42339.73146129206,0.6987036354097291,2882531.185785678,0.37489692620165116
RTFMS_10000_ORDERING_0.1_2.xes,37497,11,10000,3.7497,12,23,3303,76,0.0076,3.698130186981302,0.6018003590168277,42339.73146129206,0.6987036354097291,2882531.185785678,0.37489692620165116
BPIC2012_1000_INSERTION_2.0_1.xes,19615,33,1000,19.615,159,41,2496,445,0.445,8.111888111888112,0.7535074493004369,42339.73146129206,0.6987036354097291,2882531.185785678,0.37489692620165116
BPIC2012_2000_SUBSTITUTION_2.0_5.xes,38878,50,2000,19.439,159,61,4321,799,0.3995,8.086456771614193,0.7549878205119553,42339.73146129206,0.6987036354097291,2882531.185785678,0.37489692620165116
BPIC2012_1000_ORDERING_0.2_2.xes,19595,24,1000,19.595,159,30,2482,431,0.431,8.098901098901099,0.7548698385217675,42339.73146129206,0.6987036354097291,2882531.185785678,0.37489692620165116
RTFMS_10000_ABSENCE_1.0_3.xes,37397,11,10000,3.7397,12,27,3341,86,0.0086,3.688131186881312,0.6019299735753115,42339.73146129206,0.6987036354097291,2882531.185785678,0.37489692620165116
BPIC2012_40000_ABSENCE_2.0_1.xes,798639,24,40000,19.965975,175,36,52592,4553,0.113825,8.160570985725357,0.7544498273107108,42339.73146129206,0.6987036354097291,2882531.185785678,0.37489692620165116
Sepsis_100000_SUBSTITUTION_2.0_3.xes,1449819,1011,100000,14.49819,185,1724,128038,2775,0.02775,9.14359856401436,0.7792109066433566,42339.73146129206,0.6987036354097291,2882531.185785678,0.37489692620165116
RTFMS_100000_SUBSTITUTION_0.2_2.xes,373119,121,100000,3.73119,17,160,24091,327,0.00327,3.67860321396786,0.5919785071856618,42339.73146129206,0.6987036354097291,2882531.185785678,0.37489692620165116
BPIC2012_10000_MIXED_1.0_2.xes,198857,48,10000,19.8857,175,68,16318,2580,0.258,8.18018198180182,0.7520989753739282,42339.73146129206,0.6987036354097291,2882531.185785678,0.37489692620165116
Sepsis_20000_ORDERING_1.0_3.xes,288534,16,20000,14.4267,185,20,33272,1020,0.051,9.12134393280336,0.787507521904232,42339.73146129206,0.6987036354097291,2882531.185785678,0.37489692620165116
Sepsis_2000_ABSENCE_2.0_5.xes,28347,16,2000,14.1735,185,28,4660,779,0.3895,9.047476261869065,0.7888537681318694,42339.73146129206,0.6987036354097291,2882531.185785678,0.37489692620165116
RTFMS_4000_ABSENCE_10.0_3.xes,14515,11,4000,3.62875,11,27,1643,81,0.02025,3.5823544113971506,0.602675054311808,42339.73146129206,0.6987036354097291,2882531.185785678,0.37489692620165116
BPIC2012_1000_SUBSTITUTION_1.0_5.xes,19595,31,1000,19.595,159,39,2493,434,0.434,8.101898101898103,0.753556306189836,42339.73146129206,0.6987036354097291,2882531.185785678,0.37489692620165116
RTFMS_20000_ORDERING_1.0_5.xes,74702,11,20000,3.7351,12,15,6131,131,0.00655,3.6831658417079147,0.6044438127448969,42339.73146129206,0.6987036354097291,2882531.185785678,0.37489692620165116
RTFMS_20000_ORDERING_2.0_1.xes,74702,11,20000,3.7351,12,15,6274,157,0.00785,3.6831658417079147,0.607030878208617,42339.73146129206,0.6987036354097291,2882531.185785678,0.37489692620165116
RTFMS_2000_INSERTION_2.0_4.xes,7498,28,2000,3.749,11,49,895,64,0.032,3.695152423788106,0.5941249887846134,42339.73146129206,0.6987036354097291,2882531.185785678,0.37489692620165116
Sepsis_20000_ABSENCE_0.2_1.xes,288494,16,20000,14.4247,185,30,33174,884,0.0442,9.119794010299485,0.7872476253809175,42339.73146129206,0.6987036354097291,2882531.185785678,0.37489692620165116
BPIC2012_4000_SUBSTITUTION_0.1_2.xes,79203,25,4000,19.80075,175,29,7639,1367,0.34175,8.177455636090977,0.7560458829633664,42339.73146129206,0.6987036354097291,2882531.185785678,0.37489692620165116
BPIC2012_2000_ABSENCE_10.0_5.xes,38678,24,2000,19.339,159,33,4355,839,0.4195,8.019490254872563,0.7567791166135744,42339.73146129206,0.6987036354097291,2882531.185785678,0.37489692620165116
RTFMS_20000_ABSENCE_4.0_5.xes,73902,11,20000,3.6951,12,24,6258,130,0.0065,3.6439178041097944,0.6034223437410118,42339.73146129206,0.6987036354097291,2882531.185785678,0.37489692620165116
RTFMS_4000_ABSENCE_4.0_4.xes,14755,11,4000,3.68875,12,26,1599,68,0.017,3.6408397900524867,0.601047034730578,42339.73146129206,0.6987036354097291,2882531.185785678,0.37489692620165116
Sepsis_100000_SUBSTITUTION_1.0_2.xes,1449819,488,100000,14.49819,185,843,127271,1820,0.0182,9.143368566314336,0.7789593933307535,42339.73146129206,0.6987036354097291,2882531.185785678,0.37489692620165116
RTFMS_20000_ORDERING_2.0_5.xes,74702,11,20000,3.7351,12,13,6271,144,0.0072,3.6831658417079147,0.6067966793320597,42339.73146129206,0.6987036354097291,2882531.185785678,0.37489692620165116
RTFMS_40000_INSERTION_0.4_3.xes,149158,88,40000,3.72895,16,136,10873,242,0.00605,3.6753581160470987,0.5927808310027637,42339.73146129206,0.6987036354097291,2882531.185785678,0.37489692620165116
BPIC2012_4000_ORDERING_0.1_4.xes,79203,24,4000,19.80075,175,28,7629,1366,0.3415,8.177955511122219,0.7563378953250016,42339.73146129206,0.6987036354097291,2882531.185785678,0.37489692620165116
RTFMS_100000_MIXED_0.1_5.xes,373110,29,100000,3.7311,17,38,24027,235,0.00235,3.6788232117678823,0.5931073483590459,42339.73146129206,0.6987036354097291,2882531.185785678,0.37489692620165116
BPIC2012_4000_INSERTION_0.2_2.xes,79211,29,4000,19.80275,175,28,7623,1370,0.3425,8.179205198700325,0.7552512072853381,42339.73146129206,0.6987036354097291,2882531.185785678,0.37489692620165116
RTFMS_4000_INSERTION_0.2_2.xes,14923,15,4000,3.73075,12,27,1525,56,0.014,3.6815796050987255,0.594799366009863,42339.73146129206,0.6987036354097291,2882531.185785678,0.37489692620165116
BPIC2012_100000_ORDERING_1.0_5.xes,1996892,24,100000,19.96892,175,49,115497,4805,0.04805,8.156708432915671,0.7547705093348328,42339.73146129206,0.6987036354097291,2882531.185785678,0.37489692620165116
BPIC2012_4000_ABSENCE_0.4_3.xes,79187,24,4000,19.79675,175,30,7630,1371,0.34275,8.175206198450388,0.7562968012850475,42339.73146129206,0.6987036354097291,2882531.185785678,0.37489692620165116
BPIC2012_20000_ORDERING_1.0_4.xes,396166,24,20000,19.8083,175,37,29032,3595,0.17975,8.136493175341233,0.7546378931226413,42339.73146129206,0.6987036354097291,2882531.185785678,0.37489692620165116
RTFMS_100000_MIXED_1.0_3.xes,373102,254,100000,3.73102,17,349,24622,610,0.0061,3.6775832241677584,0.593272186150726,42339.73146129206,0.6987036354097291,2882531.185785678,0.37489692620165116
Sepsis_100000_ORDERING_0.4_2.xes,1449819,16,100000,14.49819,185,20,126834,1195,0.01195,9.14379856201438,0.7878198043936324,42339.73146129206,0.6987036354097291,2882531.185785678,0.37489692620165116
RTFMS_4000_ORDERING_4.0_2.xes,14915,11,4000,3.72875,12,20,1672,80,0.02,3.6805798550362407,0.6097831168497985,42339.73146129206,0.6987036354097291,2882531.185785678,0.37489692620165116
Sepsis_4000_ORDERING_10.0_4.xes,57008,16,4000,14.252,185,23,8629,1169,0.29225,9.083979005248688,0.7918104474220676,42339.73146129206,0.6987036354097291,2882531.185785678,0.37489692620165116
BPIC2012_100000_SUBSTITUTION_0.2_4.xes,1996892,125,100000,19.96892,175,176,114807,4546,0.04546,8.156938430615694,0.7513088764641124,42339.73146129206,0.6987036354097291,2882531.185785678,0.37489692620165116
BPIC2012_10000_ABSENCE_0.1_5.xes,198854,24,10000,19.8854,175,25,16234,2510,0.251,8.17938206179382,0.7546349051649686,42339.73146129206,0.6987036354097291,2882531.185785678,0.37489692620165116
BPIC2012_4000_INSERTION_0.2_4.xes,79211,26,4000,19.80275,175,30,7642,1373,0.34325,8.178705323669083,0.7558128300249283,42339.73146129206,0.6987036354097291,2882531.185785678,0.37489692620165116
BPIC2012_2000_INSERTION_10.0_1.xes,39078,111,2000,19.539,159,162,4434,900,0.45,8.142428785607196,0.7554392751206634,42339.73146129206,0.6987036354097291,2882531.185785678,0.37489692620165116
BPIC2012_2000_ABSENCE_2.0_4.xes,38838,24,2000,19.419,159,26,4315,792,0.396,8.067466266866568,0.7572041407027148,42339.73146129206,0.6987036354097291,2882531.185785678,0.37489692620165116
RTFMS_1000_INSERTION_2.0_3.xes,3805,20,1000,3.805,10,34,519,42,0.042,3.7492507492507494,0.5966363985682628,42339.73146129206,0.6987036354097291,2882531.185785678,0.37489692620165116
RTFMS_4000_ORDERING_4.0_5.xes,14915,11,4000,3.72875,12,19,1663,81,0.02025,3.6805798550362407,0.6092301561755847,42339.73146129206,0.6987036354097291,2882531.185785678,0.37489692620165116
BPIC2012_100000_ABSENCE_2.0_3.xes,1994892,24,100000,19.94892,175,36,115323,5299,0.05299,8.145158548414516,0.7546077174495498,42339.73146129206,0.6987036354097291,2882531.185785678,0.37489692620165116
Sepsis_2000_INSERTION_4.0_3.xes,28467,53,2000,14.2335,185,103,4714,813,0.4065,9.084457771114442,0.7813675186909534,42339.73146129206,0.6987036354097291,2882531.185785678,0.37489692620165116
Sepsis_40000_SUBSTITUTION_1.0_2.xes,579466,212,40000,14.48665,185,375,59768,1238,0.03095,9.13169670758231,0.7787903136328665,42339.73146129206,0.6987036354097291,2882531.185785678,0.37489692620165116
Sepsis_10000_ABSENCE_0.1_4.xes,142635,16,10000,14.2635,185,30,18255,855,0.0855,9.078192180781922,0.787899501123206,42339.73146129206,0.6987036354097291,2882531.185785678,0.37489692620165116
RTFMS_100000_SUBSTITUTION_10.0_5.xes,373119,4612,100000,3.73119,17,6308,29463,5315,0.05315,3.6492035079649203,0.6107933465257315,42339.73146129206,0.6987036354097291,2882531.185785678,0.37489692620165116
Sepsis_20000_MIXED_2.0_3.xes,288553,123,20000,14.42765,185,214,33432,1223,0.06115,9.120893955302234,0.7787994529918223,42339.73146129206,0.6987036354097291,2882531.185785678,0.37489692620165116
RTFMS_1000_ABSENCE_0.1_5.xes,3784,11,1000,3.784,10,19,500,27,0.027,3.734265734265734,0.5995773507401696,42339.73146129206,0.6987036354097291,2882531.185785678,0.37489692620165116
RTFMS_100000_SUBSTITUTION_2.0_4.xes,373119,962,100000,3.73119,17,1311,25216,1304,0.01304,3.673143268567314,0.595402029367639,42339.73146129206,0.6987036354097291,2882531.185785678,0.37489692620165116
Sepsis_20000_SUBSTITUTION_4.0_2.xes,288534,384,20000,14.4267,185,664,33599,1628,0.0814,9.119494025298735,0.7792885539877723,42339.73146129206,0.6987036354097291,2882531.185785678,0.37489692620165116
RTFMS_2000_ORDERING_0.2_3.xes,7458,11,2000,3.729,11,21,868,37,0.0185,3.6816591704147927,0.5992096800242166,42339.73146129206,0.6987036354097291,2882531.185785678,0.37489692620165116
RTFMS_40000_SUBSTITUTION_0.1_3.xes,148998,25,40000,3.72495,16,42,10770,156,0.0039,3.672158196045099,0.59393960080815,42339.73146129206,0.6987036354097291,2882531.185785678,0.37489692620165116
BPIC2012_40000_INSERTION_10.0_5.xes,803439,1832,40000,20.085975,175,2435,54642,7312,0.1828,8.23831904202395,0.7526556125733767,42339.73146129206,0.6987036354097291,2882531.185785678,0.37489692620165116
Sepsis_1000_MIXED_10.0_5.xes,13900,36,1000,13.9,118,62,2590,603,0.603,9.021978021978022,0.7840102624055483,42339.73146129206,0.6987036354097291,2882531.185785678,0.37489692620165116
RTFMS_100000_INSERTION_10.0_5.xes,383119,4488,100000,3.83119,17,6847,29692,5259,0.05259,3.7452125478745213,0.6109868359794952,42339.73146129206,0.6987036354097291,2882531.185785678,0.37489692620165116
BPIC2012_10000_MIXED_0.2_3.xes,198867,31,10000,19.8867,175,36,16261,2520,0.252,8.18028197180282,0.7532411445973604,42339.73146129206,0.6987036354097291,2882531.185785678,0.37489692620165116
Sepsis_40000_ABSENCE_4.0_1.xes,577866,16,40000,14.44665,185,31,59843,2070,0.05175,9.101897452563685,0.7876611616424677,42339.73146129206,0.6987036354097291,2882531.185785678,0.37489692620165116
Sepsis_10000_ABSENCE_0.2_3.xes,142625,16,10000,14.2625,185,30,18261,864,0.0864,9.077192280771923,0.7879045600975874,42339.73146129206,0.6987036354097291,2882531.185785678,0.37489692620165116
RTFMS_40000_INSERTION_10.0_3.xes,152998,1836,40000,3.82495,17,2776,13123,2283,0.057075,3.738731531711707,0.611155779866332,42339.73146129206,0.6987036354097291,2882531.185785678,0.37489692620165116
BPIC2012_2000_INSERTION_10.0_4.xes,39078,133,2000,19.539,159,205,4432,898,0.449,8.15192403798101,0.7555159271411689,42339.73146129206,0.6987036354097291,2882531.185785678,0.37489692620165116
RTFMS_4000_ABSENCE_10.0_2.xes,14515,11,4000,3.62875,12,26,1648,76,0.019,3.583354161459635,0.6030014322709809,42339.73146129206,0.6987036354097291,2882531.185785678,0.37489692620165116
RTFMS_10000_ABSENCE_10.0_1.xes,36497,11,10000,3.6497,12,26,3595,107,0.0107,3.6000399960004,0.6049149210415992,42339.73146129206,0.6987036354097291,2882531.185785678,0.37489692620165116
Sepsis_10000_MIXED_0.1_1.xes,142648,19,10000,14.2648,185,34,18267,855,0.0855,9.078892110788921,0.7852757349833798,42339.73146129206,0.6987036354097291,2882531.185785678,0.37489692620165116
Sepsis_100000_MIXED_10.0_2.xes,1449688,2243,100000,14.49688,186,3925,131848,9429,0.09429,9.13839861601384,0.7806600354910609,42339.73146129206,0.6987036354097291,2882531.185785678,0.37489692620165116
Sepsis_10000_SUBSTITUTION_1.0_4.xes,142645,63,10000,14.2645,185,106,18315,946,0.0946,9.078092190780922,0.7797264412279996,42339.73146129206,0.6987036354097291,2882531.185785678,0.37489692620165116
Sepsis_100000_MIXED_10.0_4.xes,1449863,2371,100000,14.49863,186,4123,131996,9512,0.09512,9.140538594614053,0.7806764175341493,42339.73146129206,0.6987036354097291,2882531.185785678,0.37489692620165116
BPIC2012_20000_INSERTION_1.0_1.xes,396366,111,20000,19.8183,175,163,28991,3670,0.1835,8.142692865356732,0.7513452305944983,42339.73146129206,0.6987036354097291,2882531.185785678,0.37489692620165116
RTFMS_10000_SUBSTITUTION_0.4_5.xes,37497,26,10000,3.7497,12,46,3326,98,0.0098,3.6965303469653032,0.593813797598322,42339.73146129206,0.6987036354097291,2882531.185785678,0.37489692620165116
RTFMS_100000_INSERTION_4.0_4.xes,377119,1843,100000,3.77119,17,2817,26476,2341,0.02341,3.7060529394706054,0.5994219476199509,42339.73146129206,0.6987036354097291,2882531.185785678,0.37489692620165116
Sepsis_4000_SUBSTITUTION_4.0_3.xes,57008,94,4000,14.252,185,173,8505,979,0.24475,9.081229692576855,0.7813607506528331,42339.73146129206,0.6987036354097291,2882531.185785678,0.37489692620165116
Sepsis_40000_SUBSTITUTION_0.1_1.xes,579466,39,40000,14.48665,185,65,59576,886,0.02215,9.132021699457514,0.7799982823526364,42339.73146129206,0.6987036354097291,2882531.185785678,0.37489692620165116
RTFMS_2000_SUBSTITUTION_1.0_3.xes,7458,20,2000,3.729,11,35,871,53,0.0265,3.6786606696651676,0.5931774088775927,42339.73146129206,0.6987036354097291,2882531.185785678,0.37489692620165116
BPIC2012_10000_SUBSTITUTION_1.0_3.xes,198864,70,10000,19.8864,175,116,16324,2585,0.2585,8.181381861813819,0.7516792126122166,42339.73146129206,0.6987036354097291,2882531.185785678,0.37489692620165116
Sepsis_4000_ABSENCE_0.4_5.xes,56992,16,4000,14.248,185,30,8420,841,0.21025,9.080979755061234,0.7891533366306089,42339.73146129206,0.6987036354097291,2882531.185785678,0.37489692620165116
BPIC2012_2000_ORDERING_10.0_4.xes,38878,24,2000,19.439,159,36,4448,823,0.4115,8.080459770114942,0.7582813588681132,42339.73146129206,0.6987036354097291,2882531.185785678,0.37489692620165116
BPIC2012_1000_MIXED_1.0_4.xes,19592,27,1000,19.592,159,34,2496,436,0.436,8.098901098901099,0.7542104992210548,42339.73146129206,0.6987036354097291,2882531.185785678,0.37489692620165116
BPIC2012_20000_ABSENCE_1.0_3.xes,395966,24,20000,19.7983,175,34,28957,3617,0.18085,8.129743512824358,0.7545161825207057,42339.73146129206,0.6987036354097291,2882531.185785678,0.37489692620165116
BPIC2012_40000_ABSENCE_4.0_2.xes,797839,24,40000,19.945975,175,35,52830,4931,0.123275,8.149196270093247,0.75439203234243,42339.73146129206,0.6987036354097291,2882531.185785678,0.37489692620165116
Sepsis_10000.xes,142645,16,10000,14.2645,185,30,18263,846,0.0846,9.078692130786921,0.7878962629376163,42339.73146129206,0.6987036354097291,2882531.185785678,0.37489692620165116
BPIC2012_100000_ORDERING_0.1_4.xes,1996892,24,100000,19.96892,175,29,114743,4416,0.04416,8.156708432915671,0.7546741478954634,42339.73146129206,0.6987036354097291,2882531.185785678,0.37489692620165116
BPIC2012_100000_ORDERING_1.0_3.xes,1996892,24,100000,19.96892,175,38,115466,4790,0.0479,8.156708432915671,0.7547689032750662,42339.73146129206,0.6987036354097291,2882531.185785678,0.37489692620165116
RTFMS_40000_ABSENCE_0.2_2.xes,148918,11,40000,3.72295,16,21,10801,142,0.00355,3.6705332366690833,0.6021332906606682,42339.73146129206,0.6987036354097291,2882531.185785678,0.37489692620165116
RTFMS_1000_INSERTION_10.0_2.xes,3885,59,1000,3.885,11,97,562,101,0.101,3.793206793206793,0.6090462489288357,42339.73146129206,0.6987036354097291,2882531.185785678,0.37489692620165116
Sepsis_4000_ABSENCE_0.1_3.xes,57004,16,4000,14.251,185,30,8419,830,0.2075,9.082979255186203,0.78911994295091,42339.73146129206,0.6987036354097291,2882531.185785678,0.37489692620165116
BPIC2012_2000_MIXED_1.0_1.xes,38881,32,2000,19.4405,159,34,4304,788,0.394,8.082458770614693,0.7558491842668619,42339.73146129206,0.6987036354097291,2882531.185785678,0.37489692620165116
RTFMS_2000_ABSENCE_1.0_1.xes,7438,11,2000,3.719,11,21,874,43,0.0215,3.672663668165917,0.5984882591056799,42339.73146129206,0.6987036354097291,2882531.185785678,0.37489692620165116
RTFMS_20000_INSERTION_0.2_3.xes,74742,30,20000,3.7371,12,51,5967,125,0.00625,3.6845657717114144,0.5934232911484395,42339.73146129206,0.6987036354097291,2882531.185785678,0.37489692620165116
Sepsis_20000_INSERTION_0.2_3.xes,288574,36,20000,14.4287,185,68,33139,886,0.0443,9.122593870306485,0.7800421081751007,42339.73146129206,0.6987036354097291,2882531.185785678,0.37489692620165116
RTFMS_20000_ORDERING_10.0_2.xes,74702,11,20000,3.7351,12,12,7184,220,0.011,3.6831658417079147,0.627950608884662,42339.73146129206,0.6987036354097291,2882531.185785678,0.37489692620165116
BPIC2012_4000_SUBSTITUTION_2.0_5.xes,79203,70,4000,19.80075,175,102,7679,1422,0.3555,8.182954261434642,0.7535749015603251,42339.73146129206,0.6987036354097291,2882531.185785678,0.37489692620165116
RTFMS_20000_SUBSTITUTION_0.1_3.xes,74702,20,20000,3.7351,12,35,5951,111,0.00555,3.682865856707165,0.5948884212835448,42339.73146129206,0.6987036354097291,2882531.185785678,0.37489692620165116
Sepsis_2000.xes,28387,16,2000,14.1935,185,29,4653,746,0.373,9.061969015492254,0.788697559205653,42339.73146129206,0.6987036354097291,2882531.185785678,0.37489692620165116
RTFMS_10000_SUBSTITUTION_4.0_2.xes,37497,219,10000,3.7497,12,298,3546,357,0.0357,3.6873312668733127,0.5992216039488796,42339.73146129206,0.6987036354097291,2882531.185785678,0.37489692620165116
BPIC2012_1000_SUBSTITUTION_2.0_3.xes,19595,35,1000,19.595,159,48,2501,441,0.441,8.101898101898103,0.7533556694558677,42339.73146129206,0.6987036354097291,2882531.185785678,0.37489692620165116
BPIC2012_20000_INSERTION_0.1_1.xes,396186,33,20000,19.8093,175,41,28869,3526,0.1763,8.137143142842858,0.7528981316428742,42339.73146129206,0.6987036354097291,2882531.185785678,0.37489692620165116
RTFMS_2000_ORDERING_0.4_1.xes,7458,11,2000,3.729,11,15,874,40,0.02,3.6816591704147927,0.5997131182553852,42339.73146129206,0.6987036354097291,2882531.185785678,0.37489692620165116
BPIC2012_1000_SUBSTITUTION_10.0_1.xes,19595,78,1000,19.595,159,117,2571,488,0.488,8.122877122877123,0.7532294214909102,42339.73146129206,0.6987036354097291,2882531.185785678,0.37489692620165116
Sepsis_40000_SUBSTITUTION_10.0_3.xes,579466,1909,40000,14.48665,185,3289,61802,4679,0.116975,9.130696732581685,0.7810583424129982,42339.73146129206,0.6987036354097291,2882531.185785678,0.37489692620165116
Sepsis_4000_ABSENCE_2.0_3.xes,56928,16,4000,14.232,185,30,8429,898,0.2245,9.069232691827043,0.7892213782417087,42339.73146129206,0.6987036354097291,2882531.185785678,0.37489692620165116
BPIC2012_1000_SUBSTITUTION_10.0_5.xes,19595,83,1000,19.595,159,117,2540,487,0.487,8.124875124875125,0.7535181563938261,42339.73146129206,0.6987036354097291,2882531.185785678,0.37489692620165116
BPIC2012_100000_MIXED_1.0_5.xes,1996909,275,100000,19.96909,175,403,115332,5078,0.05078,8.15739842601574,0.7512862015317614,42339.73146129206,0.6987036354097291,2882531.185785678,0.37489692620165116
Sepsis_40000_SUBSTITUTION_0.4_1.xes,579466,99,40000,14.48665,185,175,59673,1006,0.02515,9.13187170320742,0.7788130229186493,42339.73146129206,0.6987036354097291,2882531.185785678,0.37489692620165116
Sepsis_100000_ABSENCE_0.4_1.xes,1449419,16,100000,14.49419,185,31,126776,1191,0.01191,9.140848591514084,0.787724108340676,42339.73146129206,0.6987036354097291,2882531.185785678,0.37489692620165116
Sepsis_4000_ABSENCE_10.0_4.xes,56608,16,4000,14.152,185,31,8444,1171,0.29275,9.011747063234191,0.7895558242990666,42339.73146129206,0.6987036354097291,2882531.185785678,0.37489692620165116
Sepsis_1000_MIXED_0.2_4.xes,13899,16,1000,13.899,118,25,2551,542,0.542,9.03096903096903,0.7894312128469105,42339.73146129206,0.6987036354097291,2882531.185785678,0.37489692620165116
Sepsis_2000_MIXED_0.1_4.xes,28386,16,2000,14.193,185,29,4648,748,0.374,9.061469265367316,0.7886946927537852,42339.73146129206,0.6987036354097291,2882531.185785678,0.37489692620165116
RTFMS_2000_ORDERING_0.4_3.xes,7458,11,2000,3.729,11,21,876,40,0.02,3.6816591704147927,0.5996389078857552,42339.73146129206,0.6987036354097291,2882531.185785678,0.37489692620165116
RTFMS_4000_INSERTION_0.1_5.xes,14919,13,4000,3.72975,12,28,1529,52,0.013,3.681329667583104,0.596513249889065,42339.73146129206,0.6987036354097291,2882531.185785678,0.37489692620165116
RTFMS_20000_MIXED_10.0_4.xes,74699,443,20000,3.73495,12,634,7073,823,0.04115,3.666016699165042,0.6090337101024204,42339.73146129206,0.6987036354097291,2882531.185785678,0.37489692620165116
Sepsis_4000_ORDERING_0.2_4.xes,57008,16,4000,14.252,185,30,8408,834,0.2085,9.083979005248688,0.7891433451826738,42339.73146129206,0.6987036354097291,2882531.185785678,0.37489692620165116
Sepsis_20000_ABSENCE_1.0_1.xes,288334,16,20000,14.4167,185,29,33126,1024,0.0512,9.114094295285236,0.787292263996363,42339.73146129206,0.6987036354097291,2882531.185785678,0.37489692620165116
BPIC2012_10000_ABSENCE_0.2_1.xes,198844,24,10000,19.8844,175,29,16285,2520,0.252,8.178482151784822,0.7546469243134171,42339.73146129206,0.6987036354097291,2882531.185785678,0.37489692620165116
BPIC2012_1000_INSERTION_2.0_2.xes,19615,36,1000,19.615,159,44,2495,441,0.441,8.110889110889111,0.7532127248660121,42339.73146129206,0.6987036354097291,2882531.185785678,0.37489692620165116
BPIC2012_100000_ORDERING_2.0_1.xes,1996892,24,100000,19.96892,175,55,116163,5212,0.05212,8.156708432915671,0.7548658735663833,42339.73146129206,0.6987036354097291,2882531.185785678,0.37489692620165116
BPIC2012_100000_SUBSTITUTION_4.0_4.xes,1996892,2048,100000,19.96892,175,2458,117118,7680,0.0768,8.164618353816461,0.7518179646678755,42339.73146129206,0.6987036354097291,2882531.185785678,0.37489692620165116
BPIC2012_10000_ORDERING_2.0_1.xes,198864,24,10000,19.8864,175,41,16411,2585,0.2585,8.17988201179882,0.754810821166471,42339.73146129206,0.6987036354097291,2882531.185785678,0.37489692620165116
RTFMS_40000_ABSENCE_10.0_1.xes,144998,11,40000,3.62495,16,21,11950,189,0.004725,3.574185645358866,0.605549839201211,42339.73146129206,0.6987036354097291,2882531.185785678,0.37489692620165116
Sepsis_40000_INSERTION_0.2_2.xes,579546,54,40000,14.48865,185,96,59595,926,0.02315,9.133246668833278,0.7793040556009403,42339.73146129206,0.6987036354097291,2882531.185785678,0.37489692620165116
Sepsis_40000_ABSENCE_10.0_2.xes,575466,16,40000,14.38665,185,31,60340,3482,0.08705,9.056598585035374,0.7878766102271901,42339.73146129206,0.6987036354097291,2882531.185785678,0.37489692620165116
RTFMS_40000_SUBSTITUTION_10.0_1.xes,148998,1955,40000,3.72495,16,2661,13015,2330,0.05825,3.6438089047773805,0.6113905216052388,42339.73146129206,0.6987036354097291,2882531.185785678,0.37489692620165116
BPIC2012_40000_INSERTION_0.4_4.xes,799599,105,40000,19.989975,175,171,52414,4311,0.107775,8.17494562635934,0.7512504786176971,42339.73146129206,0.6987036354097291,2882531.185785678,0.37489692620165116
BPIC2012_1000_INSERTION_0.2_5.xes,19597,25,1000,19.597,159,31,2493,432,0.432,8.1008991008991,0.7545892358573796,42339.73146129206,0.6987036354097291,2882531.185785678,0.37489692620165116
BPIC2012_40000_ORDERING_1.0_5.xes,799439,24,40000,19.985975,175,42,52634,4353,0.108825,8.17214569635759,0.7546174639118874,42339.73146129206,0.6987036354097291,2882531.185785678,0.37489692620165116
Sepsis_4000_INSERTION_0.4_2.xes,57024,23,4000,14.256,185,41,8439,842,0.2105,9.085978505373657,0.7844804098571905,42339.73146129206,0.6987036354097291,2882531.185785678,0.37489692620165116
RTFMS_2000_SUBSTITUTION_0.2_3.xes,7458,13,2000,3.729,11,23,869,38,0.019,3.6806596701649177,0.5960915310205159,42339.73146129206,0.6987036354097291,2882531.185785678,0.37489692620165116
RTFMS_10000_INSERTION_4.0_4.xes,37897,198,10000,3.7897,12,306,3563,338,0.0338,3.7243275672432756,0.5991523862163302,42339.73146129206,0.6987036354097291,2882531.185785678,0.37489692620165116
BPIC2012_2000_MIXED_0.4_2.xes,38877,27,2000,19.4385,159,34,4311,782,0.391,8.080459770114942,0.7566276632080904,42339.73146129206,0.6987036354097291,2882531.185785678,0.37489692620165116
BPIC2012_4000_INSERTION_4.0_3.xes,79363,86,4000,19.84075,175,145,7714,1458,0.3645,8.201699575106224,0.7536304130981695,42339.73146129206,0.6987036354097291,2882531.185785678,0.37489692620165116
Sepsis_100000_ORDERING_0.1_5.xes,1449819,16,100000,14.49819,185,28,126891,938,0.00938,9.14379856201438,0.7877310685991635,42339.73146129206,0.6987036354097291,2882531.185785678,0.37489692620165116
BPIC2012_100000_MIXED_10.0_5.xes,1996865,2467,100000,19.96865,175,3032,120031,10701,0.10701,8.163818361816382,0.7521436967623081,42339.73146129206,0.6987036354097291,2882531.185785678,0.37489692620165116
Sepsis_20000_MIXED_0.4_5.xes,288537,33,20000,14.42685,185,62,33168,919,0.04595,9.120993950302484,0.7803951994576437,42339.73146129206,0.6987036354097291,2882531.185785678,0.37489692620165116
RTFMS_100000_INSERTION_1.0_1.xes,374119,463,100000,3.74119,17,685,24647,783,0.00783,3.6858331416685832,0.5935167633742415,42339.73146129206,0.6987036354097291,2882531.185785678,0.37489692620165116
BPIC2012_2000_ABSENCE_0.4_2.xes,38870,24,2000,19.435,159,25,4304,780,0.39,8.077961019490255,0.7572702464637209,42339.73146129206,0.6987036354097291,2882531.185785678,0.37489692620165116
BPIC2012_20000_SUBSTITUTION_10.0_2.xes,396166,1088,20000,19.8083,175,1335,30010,5073,0.25365,8.156042197890105,0.7526347101994788,42339.73146129206,0.6987036354097291,2882531.185785678,0.37489692620165116
Sepsis_20000_MIXED_0.2_5.xes,288533,25,20000,14.42665,185,48,33205,885,0.04425,9.121093945302734,0.7819155663985246,42339.73146129206,0.6987036354097291,2882531.185785678,0.37489692620165116
Sepsis_1000_MIXED_0.4_1.xes,13901,18,1000,13.901,118,27,2563,543,0.543,9.032967032967033,0.7877292653091016,42339.73146129206,0.6987036354097291,2882531.185785678,0.37489692620165116
Sepsis_1000_MIXED_1.0_5.xes,13903,17,1000,13.903,118,27,2569,544,0.544,9.03096903096903,0.7884515335787748,42339.73146129206,0.6987036354097291,2882531.185785678,0.37489692620165116
BPIC2012_40000_MIXED_0.1_2.xes,799428,32,40000,19.9857,175,44,52330,4201,0.105025,8.172020699482513,0.752980026066512,42339.73146129206,0.6987036354097291,2882531.185785678,0.37489692620165116
RTFMS_1000_INSERTION_0.2_1.xes,3787,12,1000,3.787,10,19,505,28,0.028,3.7372627372627374,0.5981593539226648,42339.73146129206,0.6987036354097291,2882531.185785678,0.37489692620165116
RTFMS_10000_ORDERING_0.2_5.xes,37497,11,10000,3.7497,12,22,3317,76,0.0076,3.698130186981302,0.6019313123467129,42339.73146129206,0.6987036354097291,2882531.185785678,0.37489692620165116
Sepsis_1000_ORDERING_1.0_1.xes,13900,16,1000,13.9,118,24,2558,545,0.545,9.031968031968033,0.789723271065945,42339.73146129206,0.6987036354097291,2882531.185785678,0.37489692620165116
RTFMS_40000_ORDERING_2.0_4.xes,148998,11,40000,3.72495,16,12,11380,190,0.00475,3.6725081872953176,0.6071574429546636,42339.73146129206,0.6987036354097291,2882531.185785678,0.37489692620165116
Sepsis_20000_SUBSTITUTION_2.0_2.xes,288534,212,20000,14.4267,185,375,33373,1238,0.0619,9.12064396780161,0.7788175442033428,42339.73146129206,0.6987036354097291,2882531.185785678,0.37489692620165116
RTFMS_10000_MIXED_4.0_4.xes,37501,98,10000,3.7501,12,145,3566,263,0.0263,3.691730826917308,0.5981880675531781,42339.73146129206,0.6987036354097291,2882531.185785678,0.37489692620165116
Sepsis_1000_ABSENCE_1.0_1.xes,13890,16,1000,13.89,118,25,2553,549,0.549,9.023976023976024,0.7895016115800797,42339.73146129206,0.6987036354097291,2882531.185785678,0.37489692620165116
RTFMS_1000_INSERTION_4.0_5.xes,3825,36,1000,3.825,10,56,529,62,0.062,3.763236763236763,0.5985030578636387,42339.73146129206,0.6987036354097291,2882531.185785678,0.37489692620165116
Sepsis_4000_MIXED_0.2_5.xes,57009,17,4000,14.25225,185,31,8413,834,0.2085,9.083729067733067,0.788063066644057,42339.73146129206,0.6987036354097291,2882531.185785678,0.37489692620165116
Sepsis_2000_MIXED_2.0_3.xes,28385,25,2000,14.1925,185,42,4666,783,0.3915,9.057971014492754,0.78368185414733,42339.73146129206,0.6987036354097291,2882531.185785678,0.37489692620165116
Sepsis_2000_ORDERING_0.4_3.xes,28387,16,2000,14.1935,185,28,4655,752,0.376,9.061969015492254,0.7887919902411052,42339.73146129206,0.6987036354097291,2882531.185785678,0.37489692620165116
RTFMS_4000_ABSENCE_10.0_5.xes,14515,11,4000,3.62875,12,27,1644,75,0.01875,3.5818545363659084,0.6028177832039199,42339.73146129206,0.6987036354097291,2882531.185785678,0.37489692620165116
RTFMS_4000_SUBSTITUTION_4.0_2.xes,14915,98,4000,3.72875,12,142,1625,171,0.04275,3.6693326668332915,0.5970377164106275,42339.73146129206,0.6987036354097291,2882531.185785678,0.37489692620165116
Sepsis_10000_ORDERING_0.1_5.xes,142645,16,10000,14.2645,185,30,18283,854,0.0854,9.078692130786921,0.7879273576833956,42339.73146129206,0.6987036354097291,2882531.185785678,0.37489692620165116
RTFMS_40000_INSERTION_0.1_1.xes,149038,29,40000,3.72595,16,47,10777,159,0.003975,3.673333166670833,0.593462196732914,42339.73146129206,0.6987036354097291,2882531.185785678,0.37489692620165116
Sepsis_10000_ABSENCE_2.0_5.xes,142445,16,10000,14.2445,185,29,18305,1027,0.1027,9.064093590640937,0.7879886306094656,42339.73146129206,0.6987036354097291,2882531.185785678,0.37489692620165116
Sepsis_40000_ABSENCE_10.0_3.xes,575466,16,40000,14.38665,185,31,60257,3471,0.086775,9.057973550661233,0.7879566693235703,42339.73146129206,0.6987036354097291,2882531.185785678,0.37489692620165116
RTFMS_2000_SUBSTITUTION_1.0_2.xes,7458,22,2000,3.729,11,39,884,53,0.0265,3.67816091954023,0.593146330703077,42339.73146129206,0.6987036354097291,2882531.185785678,0.37489692620165116
Sepsis_20000_MIXED_10.0_4.xes,288536,491,20000,14.4268,186,833,34128,2670,0.1335,9.117494125293735,0.7803184937213509,42339.73146129206,0.6987036354097291,2882531.185785678,0.37489692620165116
RTFMS_40000_SUBSTITUTION_4.0_5.xes,148998,764,40000,3.72495,16,1030,11715,1039,0.025975,3.660408489787755,0.5995657992873797,42339.73146129206,0.6987036354097291,2882531.185785678,0.37489692620165116
RTFMS_100000_SUBSTITUTION_2.0_2.xes,373119,1000,100000,3.73119,17,1333,25210,1346,0.01346,3.6731632683673165,0.595352040841737,42339.73146129206,0.6987036354097291,2882531.185785678,0.37489692620165116
RTFMS_1000_MIXED_0.2_1.xes,3784,11,1000,3.784,10,19,501,28,0.028,3.734265734265734,0.6001558184955194,42339.73146129206,0.6987036354097291,2882531.185785678,0.37489692620165116
BPIC2012_100000_MIXED_0.4_3.xes,1996908,131,100000,19.96908,175,190,114907,4692,0.04692,8.157218427815723,0.7513107731770541,42339.73146129206,0.6987036354097291,2882531.185785678,0.37489692620165116
BPIC2012_4000_SUBSTITUTION_10.0_4.xes,79203,224,4000,19.80075,175,316,7868,1615,0.40375,8.193201699575106,0.7543817832071744,42339.73146129206,0.6987036354097291,2882531.185785678,0.37489692620165116
BPIC2012_10000_INSERTION_10.0_2.xes,199864,472,10000,19.9864,175,655,16871,3239,0.3239,8.244475552444756,0.7527545779088914,42339.73146129206,0.6987036354097291,2882531.185785678,0.37489692620165116
RTFMS_10000_ORDERING_0.4_1.xes,37497,11,10000,3.7497,12,20,3338,85,0.0085,3.698130186981302,0.6025410084379658,42339.73146129206,0.6987036354097291,2882531.185785678,0.37489692620165116
BPIC2012_10000_INSERTION_0.1_3.xes,198874,26,10000,19.8874,175,27,16262,2512,0.2512,8.18038196180382,0.7541367072698582,42339.73146129206,0.6987036354097291,2882531.185785678,0.37489692620165116
Sepsis_40000_INSERTION_0.1_5.xes,579506,40,40000,14.48765,185,76,59596,886,0.02215,9.132746681332966,0.7799247352730323,42339.73146129206,0.6987036354097291,2882531.185785678,0.37489692620165116
BPIC2012_4000_SUBSTITUTION_4.0_4.xes,79203,103,4000,19.80075,175,144,7721,1466,0.3665,8.180954761309673,0.7535574812245269,42339.73146129206,0.6987036354097291,2882531.185785678,0.37489692620165116
RTFMS_2000_ORDERING_2.0_5.xes,7458,11,2000,3.729,11,16,909,45,0.0225,3.6816591704147927,0.6030518914056355,42339.73146129206,0.6987036354097291,2882531.185785678,0.37489692620165116
RTFMS_4000_MIXED_0.2_1.xes,14916,13,4000,3.729,12,27,1534,55,0.01375,3.6800799800049986,0.5967100057904487,42339.73146129206,0.6987036354097291,2882531.185785678,0.37489692620165116
RTFMS_40000_SUBSTITUTION_2.0_4.xes,148998,379,40000,3.72495,16,533,11268,612,0.0153,3.6664083397915053,0.5957518284534593,42339.73146129206,0.6987036354097291,2882531.185785678,0.37489692620165116
Sepsis_100000_MIXED_1.0_1.xes,1449804,246,100000,14.49804,185,423,127176,1787,0.01787,9.14329856701433,0.778934651302503,42339.73146129206,0.6987036354097291,2882531.185785678,0.37489692620165116
Sepsis_100000_ABSENCE_0.1_5.xes,1449719,16,100000,14.49719,185,29,126706,938,0.00938,9.143028569714303,0.7877113475217242,42339.73146129206,0.6987036354097291,2882531.185785678,0.37489692620165116
Sepsis_1000_INSERTION_0.1_2.xes,13901,16,1000,13.901,118,25,2567,541,0.541,9.031968031968033,0.789448554477816,42339.73146129206,0.6987036354097291,2882531.185785678,0.37489692620165116
RTFMS_100000_ORDERING_2.0_1.xes,373119,11,100000,3.73119,17,11,25431,310,0.0031,3.6791232087679124,0.6069576865775984,42339.73146129206,0.6987036354097291,2882531.185785678,0.37489692620165116
RTFMS_1000_ORDERING_2.0_1.xes,3785,11,1000,3.785,10,14,521,37,0.037,3.7352647352647352,0.6048164479646485,42339.73146129206,0.6987036354097291,2882531.185785678,0.37489692620165116
BPIC2012_4000_MIXED_1.0_5.xes,79208,35,4000,19.802,175,46,7666,1392,0.348,8.178705323669083,0.7545697542367225,42339.73146129206,0.6987036354097291,2882531.185785678,0.37489692620165116
RTFMS_20000_INSERTION_2.0_5.xes,75102,194,20000,3.7551,12,282,6216,357,0.01785,3.696665166741663,0.5955735695953056,42339.73146129206,0.6987036354097291,2882531.185785678,0.37489692620165116
RTFMS_1000_INSERTION_2.0_4.xes,3805,21,1000,3.805,11,40,522,41,0.041,3.752247752247752,0.5968707792628765,42339.73146129206,0.6987036354097291,2882531.185785678,0.37489692620165116
Sepsis_100000_INSERTION_0.2_1.xes,1450019,115,100000,14.50019,185,218,126829,1045,0.01045,9.14510854891451,0.7789198947765247,42339.73146129206,0.6987036354097291,2882531.185785678,0.37489692620165116
Sepsis_10000_ORDERING_10.0_3.xes,142645,16,10000,14.2645,185,18,18784,1695,0.1695,9.078692130786921,0.7906679948832993,42339.73146129206,0.6987036354097291,2882531.185785678,0.37489692620165116
Sepsis_4000_SUBSTITUTION_2.0_4.xes,57008,51,4000,14.252,185,87,8490,907,0.22675,9.081729567608098,0.7814789570398356,42339.73146129206,0.6987036354097291,2882531.185785678,0.37489692620165116
RTFMS_20000_MIXED_1.0_1.xes,74711,65,20000,3.73555,12,98,6091,215,0.01075,3.682365881705915,0.5937138606432701,42339.73146129206,0.6987036354097291,2882531.185785678,0.37489692620165116
RTFMS_4000_ORDERING_0.4_4.xes,14915,11,4000,3.72875,12,20,1544,57,0.01425,3.6805798550362407,0.60034015344476,42339.73146129206,0.6987036354097291,2882531.185785678,0.37489692620165116
BPIC2012_40000_INSERTION_2.0_2.xes,800239,391,40000,20.005975,175,553,52849,4852,0.1213,8.185145371365715,0.7513423319046777,42339.73146129206,0.6987036354097291,2882531.185785678,0.37489692620165116
BPIC2012_20000_ABSENCE_0.1_2.xes,396146,24,20000,19.8073,175,29,28885,3525,0.17625,8.135793210339482,0.7545359202800087,42339.73146129206,0.6987036354097291,2882531.185785678,0.37489692620165116
RTFMS_20000_MIXED_0.1_5.xes,74702,13,20000,3.7351,12,22,5963,107,0.00535,3.6829658517074146,0.5991614168270826,42339.73146129206,0.6987036354097291,2882531.185785678,0.37489692620165116
BPIC2012_100000_SUBSTITUTION_0.1_2.xes,1996892,75,100000,19.96892,175,106,114741,4459,0.04459,8.156878431215688,0.7515222882672357,42339.73146129206,0.6987036354097291,2882531.185785678,0.37489692620165116
RTFMS_40000_INSERTION_0.4_1.xes,149158,72,40000,3.72895,16,114,10875,236,0.0059,3.6750831229219267,0.5928559261829249,42339.73146129206,0.6987036354097291,2882531.185785678,0.37489692620165116
BPIC2012_20000_ORDERING_0.2_2.xes,396166,24,20000,19.8083,175,33,28905,3529,0.17645,8.136493175341233,0.7545704577501418,42339.73146129206,0.6987036354097291,2882531.185785678,0.37489692620165116
Sepsis_40000_MIXED_4.0_2.xes,579442,390,40000,14.48605,185,674,60376,2328,0.0582,9.129396765080873,0.7792759619177584,42339.73146129206,0.6987036354097291,2882531.185785678,0.37489692620165116
RTFMS_2000_INSERTION_0.4_4.xes,7466,17,2000,3.733,11,29,878,42,0.021,3.685157421289355,0.593589496563843,42339.73146129206,0.6987036354097291,2882531.185785678,0.37489692620165116
BPIC2012_20000_INSERTION_1.0_2.xes,396366,114,20000,19.8183,175,181,29004,3684,0.1842,8.142792860356982,0.7513446472999576,42339.73146129206,0.6987036354097291,2882531.185785678,0.37489692620165116
BPIC2012_20000_ORDERING_2.0_3.xes,396166,24,20000,19.8083,175,45,29196,3672,0.1836,8.136493175341233,0.7547393379300154,42339.73146129206,0.6987036354097291,2882531.185785678,0.37489692620165116
BPIC2012_1000_ABSENCE_0.2_3.xes,19593,24,1000,19.593,159,30,2484,432,0.432,8.096903096903096,0.7548308979080448,42339.73146129206,0.6987036354097291,2882531.185785678,0.37489692620165116
BPIC2012_1000_SUBSTITUTION_4.0_2.xes,19595,45,1000,19.595,159,61,2506,455,0.455,8.10889110889111,0.7530360603031794,42339.73146129206,0.6987036354097291,2882531.185785678,0.37489692620165116
Sepsis_20000_ABSENCE_2.0_4.xes,288134,16,20000,14.4067,185,31,33228,1196,0.0598,9.106894655267237,0.7873236499137711,42339.73146129206,0.6987036354097291,2882531.185785678,0.37489692620165116
Sepsis_20000_ABSENCE_0.1_2.xes,288514,16,20000,14.4257,185,29,33193,865,0.04325,9.120693965301735,0.7872415583372719,42339.73146129206,0.6987036354097291,2882531.185785678,0.37489692620165116
Sepsis_40000_SUBSTITUTION_4.0_5.xes,579466,811,40000,14.48665,185,1358,60471,2411,0.060275,9.131146721331966,0.7795445428988896,42339.73146129206,0.6987036354097291,2882531.185785678,0.37489692620165116
BPIC2012_10000_SUBSTITUTION_0.4_3.xes,198864,41,10000,19.8864,175,69,16280,2537,0.2537,8.18108189181082,0.752396622048945,42339.73146129206,0.6987036354097291,2882531.185785678,0.37489692620165116
Sepsis_100000_ORDERING_10.0_1.xes,1449819,16,100000,14.49819,185,16,133154,8090,0.0809,9.14379856201438,0.7903225620937029,42339.73146129206,0.6987036354097291,2882531.185785678,0.37489692620165116
RTFMS_20000_INSERTION_10.0_1.xes,76702,940,20000,3.8351,12,1427,7139,1255,0.06275,3.750512474376281,0.611004924777004,42339.73146129206,0.6987036354097291,2882531.185785678,0.37489692620165116
BPIC2012_10000_SUBSTITUTION_10.0_1.xes,198864,525,10000,19.8864,175,686,16808,3225,0.3225,8.196980301969804,0.7527042580588882,42339.73146129206,0.6987036354097291,2882531.185785678,0.37489692620165116
BPIC2012_100000_ORDERING_0.2_3.xes,1996892,24,100000,19.96892,175,39,114846,4452,0.04452,8.156708432915671,0.7546831375873422,42339.73146129206,0.6987036354097291,2882531.185785678,0.37489692620165116
BPIC2012_100000_MIXED_1.0_4.xes,1996877,274,100000,19.96877,175,383,115305,5094,0.05094,8.15739842601574,0.7512806852945242,42339.73146129206,0.6987036354097291,2882531.185785678,0.37489692620165116
RTFMS_2000_ABSENCE_2.0_4.xes,7418,11,2000,3.709,11,22,889,44,0.022,3.6616691654172913,0.599597918658431,42339.73146129206,0.6987036354097291,2882531.185785678,0.37489692620165116
RTFMS_100000_INSERTION_2.0_4.xes,375119,938,100000,3.75119,17,1453,25265,1325,0.01325,3.6924930750692493,0.5955202578382567,42339.73146129206,0.6987036354097291,2882531.185785678,0.37489692620165116
Sepsis_1000_SUBSTITUTION_1.0_3.xes,13900,22,1000,13.9,118,36,2561,549,0.549,9.03096903096903,0.7854064219566258,42339.73146129206,0.6987036354097291,2882531.185785678,0.37489692620165116
RTFMS_40000_SUBSTITUTION_0.4_4.xes,148998,81,40000,3.72495,16,115,10857,231,0.005775,3.6711082222944427,0.5926957887013168,42339.73146129206,0.6987036354097291,2882531.185785678,0.37489692620165116
RTFMS_4000_ABSENCE_0.1_1.xes,14911,11,4000,3.72775,12,24,1527,50,0.0125,3.6798300424893777,0.5992978648794358,42339.73146129206,0.6987036354097291,2882531.185785678,0.37489692620165116
RTFMS_2000_ABSENCE_4.0_3.xes,7378,11,2000,3.689,11,22,900,50,0.025,3.6416791604197902,0.6001084729089845,42339.73146129206,0.6987036354097291,2882531.185785678,0.37489692620165116
Sepsis_100000_ABSENCE_0.1_1.xes,1449719,16,100000,14.49719,185,29,126730,935,0.00935,9.143078569214309,0.7877108693938563,42339.73146129206,0.6987036354097291,2882531.185785678,0.37489692620165116
BPIC2012_2000_MIXED_4.0_2.xes,38867,41,2000,19.4335,159,57,4339,825,0.4125,8.079960019990004,0.7553096202821609,42339.73146129206,0.6987036354097291,2882531.185785678,0.37489692620165116
Sepsis_40000_SUBSTITUTION_2.0_1.xes,579466,415,40000,14.48665,185,704,60018,1630,0.04075,9.131371715707107,0.7790087669275898,42339.73146129206,0.6987036354097291,2882531.185785678,0.37489692620165116
Sepsis_40000_MIXED_0.4_3.xes,579475,58,40000,14.486875,185,93,59636,1000,0.025,9.131821704457389,0.7792322095347806,42339.73146129206,0.6987036354097291,2882531.185785678,0.37489692620165116
BPIC2012_2000_MIXED_2.0_5.xes,38883,35,2000,19.4415,159,45,4331,803,0.4015,8.081959020489755,0.7556729749094193,42339.73146129206,0.6987036354097291,2882531.185785678,0.37489692620165116
BPIC2012_1000_ORDERING_1.0_4.xes,19595,24,1000,19.595,159,30,2488,434,0.434,8.098901098901099,0.7549576908784003,42339.73146129206,0.6987036354097291,2882531.185785678,0.37489692620165116
Sepsis_4000_INSERTION_4.0_2.xes,57168,90,4000,14.292,185,164,8524,983,0.24575,9.10747313171707,0.7812756611867655,42339.73146129206,0.6987036354097291,2882531.185785678,0.37489692620165116
Sepsis_4000_MIXED_4.0_2.xes,57006,67,4000,14.2515,185,112,8498,978,0.2445,9.083479130217446,0.7813881755360315,42339.73146129206,0.6987036354097291,2882531.185785678,0.37489692620165116
Sepsis_20000_ORDERING_4.0_5.xes,288534,16,20000,14.4267,185,17,33613,1522,0.0761,9.12134393280336,0.7883657737468103,42339.73146129206,0.6987036354097291,2882531.185785678,0.37489692620165116
Sepsis_20000_INSERTION_4.0_4.xes,289334,385,20000,14.4667,185,669,33616,1635,0.08175,9.145192740362981,0.7792181252144542,42339.73146129206,0.6987036354097291,2882531.185785678,0.37489692620165116
Sepsis_10000_ABSENCE_4.0_4.xes,142245,16,10000,14.2245,185,31,18315,1196,0.1196,9.04979502049795,0.7880712210434485,42339.73146129206,0.6987036354097291,2882531.185785678,0.37489692620165116
Sepsis_4000_SUBSTITUTION_0.4_5.xes,57008,22,4000,14.252,185,39,8430,843,0.21075,9.083229192701825,0.7848932425842375,42339.73146129206,0.6987036354097291,2882531.185785678,0.37489692620165116
RTFMS_20000_ORDERING_1.0_1.xes,74702,11,20000,3.7351,12,17,6131,141,0.00705,3.6831658417079147,0.6045568645808252,42339.73146129206,0.6987036354097291,2882531.185785678,0.37489692620165116
RTFMS_4000_INSERTION_0.2_5.xes,14923,15,4000,3.73075,12,32,1530,55,0.01375,3.6820794801299677,0.5949250027419809,42339.73146129206,0.6987036354097291,2882531.185785678,0.37489692620165116
RTFMS_2000_SUBSTITUTION_1.0_5.xes,7458,21,2000,3.729,11,34,878,51,0.0255,3.679160419790105,0.5931156136564493,42339.73146129206,0.6987036354097291,2882531.185785678,0.37489692620165116
RTFMS_10000_MIXED_0.2_5.xes,37497,13,10000,3.7497,12,25,3308,83,0.0083,3.6977302269773022,0.5989861876575782,42339.73146129206,0.6987036354097291,2882531.185785678,0.37489692620165116
Sepsis_1000_SUBSTITUTION_0.4_4.xes,13900,19,1000,13.9,118,31,2555,543,0.543,9.031968031968033,0.7868391202192218,42339.73146129206,0.6987036354097291,2882531.185785678,0.37489692620165116
Sepsis_40000_ORDERING_0.4_2.xes,579466,16,40000,14.48665,185,29,59696,987,0.024675,9.132046698832529,0.7875997881543326,42339.73146129206,0.6987036354097291,2882531.185785678,0.37489692620165116
Sepsis_40000_ORDERING_2.0_5.xes,579466,16,40000,14.48665,185,17,60096,1522,0.03805,9.132046698832529,0.7880424028994848,42339.73146129206,0.6987036354097291,2882531.185785678,0.37489692620165116
Sepsis_100000_ORDERING_10.0_5.xes,1449819,16,100000,14.49819,185,12,133277,8120,0.0812,9.14379856201438,0.7903428260349901,42339.73146129206,0.6987036354097291,2882531.185785678,0.37489692620165116
RTFMS_2000_MIXED_4.0_1.xes,7472,35,2000,3.736,11,60,924,96,0.048,3.683158420789605,0.597342680517055,42339.73146129206,0.6987036354097291,2882531.185785678,0.37489692620165116
RTFMS_1000_INSERTION_0.1_3.xes,3786,12,1000,3.786,10,20,500,27,0.027,3.7362637362637363,0.5980090766252601,42339.73146129206,0.6987036354097291,2882531.185785678,0.37489692620165116
Sepsis_4000_ORDERING_0.4_2.xes,57008,16,4000,14.252,185,32,8442,841,0.21025,9.083979005248688,0.7892032161075415,42339.73146129206,0.6987036354097291,2882531.185785678,0.37489692620165116
BPIC2012_40000_ABSENCE_1.0_2.xes,799039,24,40000,19.975975,175,33,52446,4386,0.10965,8.166745831354216,0.754487806313039,42339.73146129206,0.6987036354097291,2882531.185785678,0.37489692620165116
BPIC2012_100000_ABSENCE_10.0_5.xes,1986892,24,100000,19.86892,175,44,117516,8417,0.08417,8.099689003109969,0.7543476157511729,42339.73146129206,0.6987036354097291,2882531.185785678,0.37489692620165116
RTFMS_4000_MIXED_0.2_3.xes,14914,12,4000,3.7285,12,24,1535,54,0.0135,3.6798300424893777,0.5978226400279704,42339.73146129206,0.6987036354097291,2882531.185785678,0.37489692620165116
Sepsis_40000_SUBSTITUTION_4.0_1.xes,579466,784,40000,14.48665,185,1345,60531,2393,0.059825,9.129846753831155,0.7794780841349451,42339.73146129206,0.6987036354097291,2882531.185785678,0.37489692620165116
RTFMS_100000_SUBSTITUTION_0.1_5.xes,373119,54,100000,3.73119,17,75,24011,243,0.00243,3.678773212267877,0.5921076104363264,42339.73146129206,0.6987036354097291,2882531.185785678,0.37489692620165116
BPIC2012_4000_MIXED_2.0_5.xes,79210,45,4000,19.8025,175,60,7674,1419,0.35475,8.180204948762809,0.7540200530888878,42339.73146129206,0.6987036354097291,2882531.185785678,0.37489692620165116
Sepsis_4000_SUBSTITUTION_10.0_4.xes,57008,196,4000,14.252,185,344,8623,1216,0.304,9.077480629842539,0.7826882567621734,42339.73146129206,0.6987036354097291,2882531.185785678,0.37489692620165116
Sepsis_2000_ORDERING_2.0_2.xes,28387,16,2000,14.1935,185,29,4685,782,0.391,9.061969015492254,0.7892483832463062,42339.73146129206,0.6987036354097291,2882531.185785678,0.37489692620165116
Sepsis_100000_ABSENCE_0.4_4.xes,1449419,16,100000,14.49419,185,31,126846,1196,0.01196,9.14090859091409,0.7877242982357819,42339.73146129206,0.6987036354097291,2882531.185785678,0.37489692620165116
BPIC2012_20000_MIXED_2.0_1.xes,396157,114,20000,19.80785,175,143,29140,3773,0.18865,8.138093095345234,0.7514116050839694,42339.73146129206,0.6987036354097291,2882531.185785678,0.37489692620165116
RTFMS_2000_INSERTION_0.2_4.xes,7462,13,2000,3.731,11,24,871,38,0.019,3.683158420789605,0.5962027708463984,42339.73146129206,0.6987036354097291,2882531.185785678,0.37489692620165116
RTFMS_1000_MIXED_1.0_4.xes,3784,14,1000,3.784,10,22,504,35,0.035,3.733266733266733,0.5967664291853301,42339.73146129206,0.6987036354097291,2882531.185785678,0.37489692620165116
BPIC2012_20000_ABSENCE_2.0_1.xes,395766,24,20000,19.7883,175,35,28971,3696,0.1848,8.12444377781111,0.7544706138754955,42339.73146129206,0.6987036354097291,2882531.185785678,0.37489692620165116
Sepsis_10000_ORDERING_0.2_4.xes,142645,16,10000,14.2645,185,28,18282,865,0.0865,9.078692130786921,0.7879482377291334,42339.73146129206,0.6987036354097291,2882531.185785678,0.37489692620165116
Sepsis_100000_MIXED_0.1_5.xes,1449819,36,100000,14.49819,185,66,126781,937,0.00937,9.14369856301437,0.7804667159174222,42339.73146129206,0.6987036354097291,2882531.185785678,0.37489692620165116
RTFMS_1000_INSERTION_0.1_4.xes,3786,12,1000,3.786,10,21,503,27,0.027,3.7362637362637363,0.5982331652283417,42339.73146129206,0.6987036354097291,2882531.185785678,0.37489692620165116
Sepsis_20000_ORDERING_0.1_3.xes,288534,16,20000,14.4267,185,28,33153,865,0.04325,9.12134393280336,0.787266063690993,42339.73146129206,0.6987036354097291,2882531.185785678,0.37489692620165116
BPIC2012_100000_SUBSTITUTION_1.0_2.xes,1996892,564,100000,19.96892,175,726,115321,5232,0.05232,8.158668413315867,0.7513107188802218,42339.73146129206,0.6987036354097291,2882531.185785678,0.37489692620165116
BPIC2012_1000_ORDERING_2.0_2.xes,19595,24,1000,19.595,159,27,2511,438,0.438,8.098901098901099,0.755133962581028,42339.73146129206,0.6987036354097291,2882531.185785678,0.37489692620165116
BPIC2012_100000_ORDERING_1.0_1.xes,1996892,24,100000,19.96892,175,59,115477,4799,0.04799,8.156708432915671,0.7547614231146926,42339.73146129206,0.6987036354097291,2882531.185785678,0.37489692620165116
BPIC2012_10000_MIXED_4.0_2.xes,198867,125,10000,19.8867,175,195,16502,2771,0.2771,8.182081791820817,0.7516407429230043,42339.73146129206,0.6987036354097291,2882531.185785678,0.37489692620165116
RTFMS_1000_SUBSTITUTION_1.0_4.xes,3785,18,1000,3.785,10,28,512,36,0.036,3.733266733266733,0.5945693161260774,42339.73146129206,0.6987036354097291,2882531.185785678,0.37489692620165116
Sepsis_4000_MIXED_4.0_4.xes,57008,47,4000,14.252,185,75,8498,973,0.24325,9.080229942514372,0.7819009830650462,42339.73146129206,0.6987036354097291,2882531.185785678,0.37489692620165116
RTFMS_100000_ABSENCE_4.0_2.xes,369119,11,100000,3.69119,17,17,25321,239,0.00239,3.6398936010639895,0.6032134697735752,42339.73146129206,0.6987036354097291,2882531.185785678,0.37489692620165116
RTFMS_2000_MIXED_0.1_2.xes,7459,11,2000,3.7295,11,19,871,36,0.018,3.68215892053973,0.5987574357391041,42339.73146129206,0.6987036354097291,2882531.185785678,0.37489692620165116
BPIC2012_10000_ORDERING_0.4_3.xes,198864,24,10000,19.8864,175,25,16273,2519,0.2519,8.17988201179882,0.7546733637954842,42339.73146129206,0.6987036354097291,2882531.185785678,0.37489692620165116
BPIC2012_20000_ABSENCE_0.2_3.xes,396126,24,20000,19.8063,175,33,28893,3540,0.177,8.135093245337734,0.7545369827767863,42339.73146129206,0.6987036354097291,2882531.185785678,0.37489692620165116
BPIC2012_2000_MIXED_10.0_1.xes,38876,68,2000,19.438,159,89,4429,875,0.4375,8.091954022988507,0.7553644489144886,42339.73146129206,0.6987036354097291,2882531.185785678,0.37489692620165116
BPIC2012_20000_INSERTION_10.0_1.xes,398166,911,20000,19.9083,175,1250,30006,5021,0.25105,8.2008399580021,0.7526820024794382,42339.73146129206,0.6987036354097291,2882531.185785678,0.37489692620165116
Sepsis_1000_ABSENCE_0.4_4.xes,13896,16,1000,13.896,118,25,2560,542,0.542,9.02997002997003,0.789467389502974,42339.73146129206,0.6987036354097291,2882531.185785678,0.37489692620165116
Sepsis_2000_SUBSTITUTION_1.0_4.xes,28387,25,2000,14.1935,185,44,4664,762,0.381,9.060969515242379,0.783597582563337,42339.73146129206,0.6987036354097291,2882531.185785678,0.37489692620165116
BPIC2012_10000_SUBSTITUTION_2.0_3.xes,198864,124,10000,19.8864,175,199,16381,2667,0.2667,8.183481651834816,0.7515187603174773,42339.73146129206,0.6987036354097291,2882531.185785678,0.37489692620165116
RTFMS_2000_ABSENCE_1.0_2.xes,7438,11,2000,3.719,11,21,864,44,0.022,3.6716641679160418,0.5988616184824471,42339.73146129206,0.6987036354097291,2882531.185785678,0.37489692620165116
RTFMS_20000_MIXED_4.0_1.xes,74679,201,20000,3.73395,12,285,6439,447,0.02235,3.6760161991900406,0.598343535896164,42339.73146129206,0.6987036354097291,2882531.185785678,0.37489692620165116
RTFMS_40000_ORDERING_2.0_1.xes,148998,11,40000,3.72495,16,12,11392,208,0.0052,3.6725081872953176,0.6073069381728785,42339.73146129206,0.6987036354097291,2882531.185785678,0.37489692620165116
RTFMS_4000_ORDERING_0.1_4.xes,14915,11,4000,3.72875,12,23,1528,51,0.01275,3.6805798550362407,0.5994632920505427,42339.73146129206,0.6987036354097291,2882531.185785678,0.37489692620165116
RTFMS_10000_ORDERING_0.4_2.xes,37497,11,10000,3.7497,12,22,3345,83,0.0083,3.698130186981302,0.6026145861614095,42339.73146129206,0.6987036354097291,2882531.185785678,0.37489692620165116
RTFMS_10000_INSERTION_10.0_2.xes,38497,483,10000,3.8497,12,736,3892,700,0.07,3.7634236576342364,0.610983105270265,42339.73146129206,0.6987036354097291,2882531.185785678,0.37489692620165116
RTFMS_2000_MIXED_2.0_3.xes,7453,19,2000,3.7265,11,31,889,64,0.032,3.677161419290355,0.5955528111372264,42339.73146129206,0.6987036354097291,2882531.185785678,0.37489692620165116
RTFMS_20000_SUBSTITUTION_2.0_3.xes,74702,202,20000,3.7351,12,286,6210,360,0.018,3.6771661416929153,0.5956171001025905,42339.73146129206,0.6987036354097291,2882531.185785678,0.37489692620165116
RTFMS_20000_ABSENCE_0.4_3.xes,74622,11,20000,3.7311,12,24,5988,107,0.00535,3.6791660416979153,0.6020508848714741,42339.73146129206,0.6987036354097291,2882531.185785678,0.37489692620165116
BPIC2012_10000_ORDERING_0.1_5.xes,198864,24,10000,19.8864,175,29,16255,2509,0.2509,8.17988201179882,0.7546440779622322,42339.73146129206,0.6987036354097291,2882531.185785678,0.37489692620165116
BPIC2012_4000_ORDERING_2.0_4.xes,79203,24,4000,19.80075,175,29,7693,1389,0.34725,8.177955511122219,0.7565150336495783,42339.73146129206,0.6987036354097291,2882531.185785678,0.37489692620165116
RTFMS_20000_INSERTION_4.0_1.xes,75502,368,20000,3.7751,12,550,6453,595,0.02975,3.7099145042747863,0.5996045140667152,42339.73146129206,0.6987036354097291,2882531.185785678,0.37489692620165116
BPIC2012_40000_MIXED_4.0_2.xes,799432,398,40000,19.9858,175,531,53251,5266,0.13165,8.174620634484137,0.751426676341069,42339.73146129206,0.6987036354097291,2882531.185785678,0.37489692620165116
Sepsis_2000_SUBSTITUTION_10.0_5.xes,28387,112,2000,14.1935,185,200,4769,921,0.4605,9.061469265367316,0.7827316431434019,42339.73146129206,0.6987036354097291,2882531.185785678,0.37489692620165116
RTFMS_10000_ABSENCE_2.0_4.xes,37297,11,10000,3.7297,12,27,3384,91,0.0091,3.6783321667833215,0.6024539691885291,42339.73146129206,0.6987036354097291,2882531.185785678,0.37489692620165116
RTFMS_2000_INSERTION_0.2_5.xes,7462,13,2000,3.731,11,24,872,38,0.019,3.683158420789605,0.596120930740913,42339.73146129206,0.6987036354097291,2882531.185785678,0.37489692620165116
BPIC2012_2000_ABSENCE_0.4_1.xes,38870,24,2000,19.435,159,29,4303,782,0.391,8.077461269365317,0.757314721776834,42339.73146129206,0.6987036354097291,2882531.185785678,0.37489692620165116
BPIC2012_2000_ABSENCE_0.4_4.xes,38870,24,2000,19.435,159,26,4308,782,0.391,8.077961019490255,0.757293074126243,42339.73146129206,0.6987036354097291,2882531.185785678,0.37489692620165116
Sepsis_10000_ABSENCE_0.4_4.xes,142605,16,10000,14.2605,185,31,18287,885,0.0885,9.075892410758923,0.7879007553711264,42339.73146129206,0.6987036354097291,2882531.185785678,0.37489692620165116
Sepsis_40000_MIXED_4.0_1.xes,579469,405,40000,14.486725,185,701,60416,2329,0.058225,9.130596735081623,0.7792851143730444,42339.73146129206,0.6987036354097291,2882531.185785678,0.37489692620165116
Sepsis_100000_ORDERING_0.1_2.xes,1449819,16,100000,14.49819,185,27,126733,935,0.00935,9.14379856201438,0.7877351291319078,42339.73146129206,0.6987036354097291,2882531.185785678,0.37489692620165116
RTFMS_2000_INSERTION_0.1_5.xes,7460,12,2000,3.73,11,21,870,36,0.018,3.68215892053973,0.5971256699022858,42339.73146129206,0.6987036354097291,2882531.185785678,0.37489692620165116
RTFMS_10000_MIXED_0.1_2.xes,37498,13,10000,3.7498,12,27,3304,77,0.0077,3.698030196980302,0.5987423259433835,42339.73146129206,0.6987036354097291,2882531.185785678,0.37489692620165116
BPIC2012_100000_INSERTION_2.0_3.xes,1998892,954,100000,19.98892,175,1253,115924,6054,0.06054,8.169938300616995,0.7514875323488313,42339.73146129206,0.6987036354097291,2882531.185785678,0.37489692620165116
Sepsis_2000_SUBSTITUTION_4.0_3.xes,28387,58,2000,14.1935,185,106,4695,815,0.4075,9.059470264867565,0.7813795792410094,42339.73146129206,0.6987036354097291,2882531.185785678,0.37489692620165116
Sepsis_40000_MIXED_0.2_3.xes,579468,33,40000,14.4867,185,50,59594,924,0.0231,9.131721706957325,0.7806032507334577,42339.73146129206,0.6987036354097291,2882531.185785678,0.37489692620165116
Sepsis_1000_MIXED_0.1_3.xes,13899,16,1000,13.899,118,25,2554,540,0.54,9.03096903096903,0.7894324687261765,42339.73146129206,0.6987036354097291,2882531.185785678,0.37489692620165116
RTFMS_4000_ABSENCE_1.0_5.xes,14875,11,4000,3.71875,12,27,1539,63,0.01575,3.6710822294426393,0.5994179302788547,42339.73146129206,0.6987036354097291,2882531.185785678,0.37489692620165116
BPIC2012_4000_SUBSTITUTION_0.4_4.xes,79203,32,4000,19.80075,175,40,7627,1375,0.34375,8.17845538615346,0.7548126768769503,42339.73146129206,0.6987036354097291,2882531.185785678,0.37489692620165116
BPIC2012_20000_INSERTION_10.0_2.xes,398166,919,20000,19.9083,175,1251,30034,5040,0.252,8.2020398980051,0.7526837960276933,42339.73146129206,0.6987036354097291,2882531.185785678,0.37489692620165116
Sepsis_10000_INSERTION_4.0_1.xes,143045,211,10000,14.3045,185,394,18531,1244,0.1244,9.104889511048896,0.7799331804888903,42339.73146129206,0.6987036354097291,2882531.185785678,0.37489692620165116
BPIC2012_20000_INSERTION_0.1_5.xes,396186,30,20000,19.8093,175,38,28867,3529,0.17645,8.137093145342734,0.7532884012838822,42339.73146129206,0.6987036354097291,2882531.185785678,0.37489692620165116
RTFMS_4000_SUBSTITUTION_0.2_5.xes,14915,15,4000,3.72875,12,29,1538,55,0.01375,3.6798300424893777,0.5948514601887105,42339.73146129206,0.6987036354097291,2882531.185785678,0.37489692620165116
Sepsis_2000_SUBSTITUTION_0.2_4.xes,28387,19,2000,14.1935,185,35,4656,750,0.375,9.061969015492254,0.7860651320272566,42339.73146129206,0.6987036354097291,2882531.185785678,0.37489692620165116
BPIC2012_40000_INSERTION_1.0_1.xes,799839,212,40000,19.995975,175,314,52555,4514,0.11285,8.178845528861778,0.7512103518342798,42339.73146129206,0.6987036354097291,2882531.185785678,0.37489692620165116
Sepsis_10000_MIXED_2.0_3.xes,142661,69,10000,14.2661,185,113,18358,1038,0.1038,9.077692230776922,0.7797328284122385,42339.73146129206,0.6987036354097291,2882531.185785678,0.37489692620165116
RTFMS_40000_ABSENCE_2.0_2.xes,148198,11,40000,3.70495,16,21,11052,157,0.003925,3.652958676033099,0.6028276248031725,42339.73146129206,0.6987036354097291,2882531.185785678,0.37489692620165116
BPIC2012_100000_MIXED_4.0_1.xes,1996886,993,100000,19.96886,175,1242,117036,7052,0.07052,8.159728402715972,0.7515825560286034,42339.73146129206,0.6987036354097291,2882531.185785678,0.37489692620165116
RTFMS_100000_INSERTION_2.0_3.xes,375119,950,100000,3.75119,17,1417,25274,1330,0.0133,3.6923030769692304,0.5954958619509837,42339.73146129206,0.6987036354097291,2882531.185785678,0.37489692620165116
Sepsis_20000_ORDERING_10.0_4.xes,288534,16,20000,14.4267,185,17,34269,2488,0.1244,9.12134393280336,0.789906285420938,42339.73146129206,0.6987036354097291,2882531.185785678,0.37489692620165116
BPIC2012_4000_MIXED_0.4_5.xes,79208,30,4000,19.802,175,34,7631,1378,0.3445,8.17845538615346,0.7550918841688105,42339.73146129206,0.6987036354097291,2882531.185785678,0.37489692620165116
BPIC2012_1000_MIXED_4.0_3.xes,19598,37,1000,19.598,159,45,2519,453,0.453,8.103896103896103,0.7532843164538828,42339.73146129206,0.6987036354097291,2882531.185785678,0.37489692620165116
Sepsis_40000_ABSENCE_10.0_1.xes,575466,16,40000,14.38665,185,30,60295,3483,0.087075,9.056948576285594,0.7879233491498923,42339.73146129206,0.6987036354097291,2882531.185785678,0.37489692620165116
Sepsis_4000_INSERTION_0.2_1.xes,57016,19,4000,14.254,185,37,8407,834,0.2085,9.084978755311171,0.7864856271710522,42339.73146129206,0.6987036354097291,2882531.185785678,0.37489692620165116
RTFMS_40000_INSERTION_2.0_1.xes,149798,368,40000,3.74495,16,550,11284,625,0.015625,3.685882852928677,0.5958180752919714,42339.73146129206,0.6987036354097291,2882531.185785678,0.37489692620165116
Sepsis_2000_ORDERING_10.0_3.xes,28387,16,2000,14.1935,185,20,4734,884,0.442,9.061969015492254,0.79141239115692,42339.73146129206,0.6987036354097291,2882531.185785678,0.37489692620165116
Sepsis_1000_MIXED_4.0_2.xes,13902,28,1000,13.902,118,46,2583,568,0.568,9.036963036963037,0.7842028178495088,42339.73146129206,0.6987036354097291,2882531.185785678,0.37489692620165116
Sepsis_100000_ABSENCE_2.0_5.xes,1447819,16,100000,14.47819,185,30,127261,2335,0.02335,9.12849871501285,0.7877872751621877,42339.73146129206,0.6987036354097291,2882531.185785678,0.37489692620165116
BPIC2012_20000_MIXED_10.0_2.xes,396145,486,20000,19.80725,175,632,29982,4774,0.2387,8.142792860356982,0.7520530370267029,42339.73146129206,0.6987036354097291,2882531.185785678,0.37489692620165116
RTFMS_2000_ORDERING_0.1_1.xes,7458,11,2000,3.729,11,20,867,36,0.018,3.6816591704147927,0.5988682686398904,42339.73146129206,0.6987036354097291,2882531.185785678,0.37489692620165116
BPIC2012_4000_SUBSTITUTION_1.0_4.xes,79203,40,4000,19.80075,175,53,7639,1390,0.3475,8.178705323669083,0.7541699630179364,42339.73146129206,0.6987036354097291,2882531.185785678,0.37489692620165116
BPIC2012_1000_MIXED_1.0_3.xes,19596,29,1000,19.596,159,34,2483,437,0.437,8.101898101898103,0.7538435076106901,42339.73146129206,0.6987036354097291,2882531.185785678,0.37489692620165116
RTFMS_10000_MIXED_4.0_2.xes,37518,105,10000,3.7518,12,157,3557,271,0.0271,3.6934306569343067,0.5980518334162577,42339.73146129206,0.6987036354097291,2882531.185785678,0.37489692620165116
Sepsis_1000_SUBSTITUTION_10.0_5.xes,13900,64,1000,13.9,118,121,2618,612,0.612,9.027972027972028,0.7838965098431124,42339.73146129206,0.6987036354097291,2882531.185785678,0.37489692620165116
Sepsis_40000_INSERTION_2.0_3.xes,580266,378,40000,14.50665,185,670,60085,1627,0.040675,9.14382140446489,0.7789591730098447,42339.73146129206,0.6987036354097291,2882531.185785678,0.37489692620165116
RTFMS_10000_ABSENCE_4.0_3.xes,37097,11,10000,3.7097,11,28,3448,101,0.0101,3.6588341165883413,0.6029110676245177,42339.73146129206,0.6987036354097291,2882531.185785678,0.37489692620165116
Sepsis_10000_SUBSTITUTION_4.0_2.xes,142645,212,10000,14.2645,185,375,18472,1238,0.1238,9.077292270772922,0.7799805819147319,42339.73146129206,0.6987036354097291,2882531.185785678,0.37489692620165116
BPIC2012_1000_MIXED_10.0_5.xes,19607,52,1000,19.607,159,74,2546,484,0.484,8.112887112887114,0.7534657090482182,42339.73146129206,0.6987036354097291,2882531.185785678,0.37489692620165116
BPIC2012_4000_ORDERING_0.2_5.xes,79203,24,4000,19.80075,175,30,7627,1369,0.34225,8.177955511122219,0.7563277854419155,42339.73146129206,0.6987036354097291,2882531.185785678,0.37489692620165116
Sepsis_100000_ORDERING_1.0_4.xes,1449819,16,100000,14.49819,185,21,127391,1684,0.01684,9.14379856201438,0.7879762546608426,42339.73146129206,0.6987036354097291,2882531.185785678,0.37489692620165116
BPIC2012_4000_ORDERING_10.0_5.xes,79203,24,4000,19.80075,175,42,7917,1471,0.36775,8.177955511122219,0.7573557838672393,42339.73146129206,0.6987036354097291,2882531.185785678,0.37489692620165116
Sepsis_2000_ORDERING_0.1_4.xes,28387,16,2000,14.1935,185,29,4661,748,0.374,9.061969015492254,0.7886892330795438,42339.73146129206,0.6987036354097291,2882531.185785678,0.37489692620165116
BPIC2012_100000_ORDERING_0.4_3.xes,1996892,24,100000,19.96892,175,45,114981,4549,0.04549,8.156708432915671,0.7547038239434596,42339.73146129206,0.6987036354097291,2882531.185785678,0.37489692620165116
RTFMS_1000_SUBSTITUTION_0.4_1.xes,3785,13,1000,3.785,10,23,510,30,0.03,3.733266733266733,0.5978125530515064,42339.73146129206,0.6987036354097291,2882531.185785678,0.37489692620165116
Sepsis_4000_SUBSTITUTION_4.0_1.xes,57008,99,4000,14.252,185,175,8496,984,0.246,9.08222944263934,0.7812931083056239,42339.73146129206,0.6987036354097291,2882531.185785678,0.37489692620165116
RTFMS_100000_ABSENCE_0.2_5.xes,372919,11,100000,3.72919,17,17,24042,194,0.00194,3.6771632283677165,0.6018230542022198,42339.73146129206,0.6987036354097291,2882531.185785678,0.37489692620165116
BPIC2012_10000_MIXED_0.2_2.xes,198855,28,10000,19.8855,175,38,16253,2520,0.252,8.17938206179382,0.7537255357147614,42339.73146129206,0.6987036354097291,2882531.185785678,0.37489692620165116
BPIC2012_40000_MIXED_1.0_5.xes,799456,126,40000,19.9864,175,195,52555,4458,0.11145,8.17307067323317,0.7512443103872425,42339.73146129206,0.6987036354097291,2882531.185785678,0.37489692620165116
RTFMS_2000_MIXED_0.1_3.xes,7458,11,2000,3.729,11,19,867,36,0.018,3.681159420289855,0.5988682686398904,42339.73146129206,0.6987036354097291,2882531.185785678,0.37489692620165116
RTFMS_100000_INSERTION_4.0_2.xes,377119,1912,100000,3.77119,17,2926,26482,2400,0.024,3.7063029369706304,0.5995450054221989,42339.73146129206,0.6987036354097291,2882531.185785678,0.37489692620165116
RTFMS_40000_ABSENCE_1.0_5.xes,148598,11,40000,3.71495,16,21,10919,149,0.003725,3.662633434164146,0.6024174162755985,42339.73146129206,0.6987036354097291,2882531.185785678,0.37489692620165116
Sepsis_1000_ORDERING_2.0_3.xes,13900,16,1000,13.9,118,22,2561,552,0.552,9.031968031968033,0.7899905007642638,42339.73146129206,0.6987036354097291,2882531.185785678,0.37489692620165116
BPIC2012_2000_ABSENCE_0.4_5.xes,38870,24,2000,19.435,159,25,4294,780,0.39,8.077961019490255,0.75726820686867,42339.73146129206,0.6987036354097291,2882531.185785678,0.37489692620165116
RTFMS_10000_SUBSTITUTION_0.1_4.xes,37497,18,10000,3.7497,12,33,3304,78,0.0078,3.697930206979302,0.5952099241826401,42339.73146129206,0.6987036354097291,2882531.185785678,0.37489692620165116
Sepsis_1000_ABSENCE_2.0_4.xes,13880,16,1000,13.88,118,25,2553,555,0.555,9.01998001998002,0.7895213542427215,42339.73146129206,0.6987036354097291,2882531.185785678,0.37489692620165116
Sepsis_2000_INSERTION_2.0_4.xes,28427,41,2000,14.2135,185,79,4702,783,0.3915,9.075462268865568,0.7814547174466777,42339.73146129206,0.6987036354097291,2882531.185785678,0.37489692620165116
RTFMS_20000_ABSENCE_0.1_3.xes,74682,11,20000,3.7341,12,24,5947,101,0.00505,3.6821658917054148,0.6019230838381853,42339.73146129206,0.6987036354097291,2882531.185785678,0.37489692620165116
BPIC2012_1000_MIXED_2.0_1.xes,19598,32,1000,19.598,159,38,2494,442,0.442,8.102897102897103,0.7535150275969407,42339.73146129206,0.6987036354097291,2882531.185785678,0.37489692620165116
Sepsis_2000_SUBSTITUTION_4.0_5.xes,28387,53,2000,14.1935,185,102,4710,817,0.4085,9.057471264367816,0.7815831580408721,42339.73146129206,0.6987036354097291,2882531.185785678,0.37489692620165116
BPIC2012_4000_SUBSTITUTION_0.1_5.xes,79203,27,4000,19.80075,175,28,7633,1368,0.342,8.17845538615346,0.7555955715413333,42339.73146129206,0.6987036354097291,2882531.185785678,0.37489692620165116
BPIC2012_40000_SUBSTITUTION_0.2_1.xes,799439,71,40000,19.985975,175,90,52326,4239,0.105975,8.17267068323292,0.7514342928992421,42339.73146129206,0.6987036354097291,2882531.185785678,0.37489692620165116
RTFMS_4000_INSERTION_2.0_5.xes,14995,51,4000,3.74875,12,85,1580,111,0.02775,3.6930767308172956,0.5935307796578566,42339.73146129206,0.6987036354097291,2882531.185785678,0.37489692620165116
RTFMS_100000_ABSENCE_4.0_1.xes,369119,11,100000,3.69119,17,18,25341,246,0.00246,3.639793602063979,0.6031275326679428,42339.73146129206,0.6987036354097291,2882531.185785678,0.37489692620165116
Sepsis_4000_INSERTION_0.1_2.xes,57012,17,4000,14.253,185,32,8437,831,0.20775,9.08447888027993,0.7880755284545199,42339.73146129206,0.6987036354097291,2882531.185785678,0.37489692620165116
BPIC2012_2000_INSERTION_1.0_5.xes,38898,30,2000,19.449,159,35,4314,791,0.3955,8.086456771614193,0.7561775070945242,42339.73146129206,0.6987036354097291,2882531.185785678,0.37489692620165116
BPIC2012_40000_INSERTION_0.4_1.xes,799599,95,40000,19.989975,175,143,52420,4306,0.10765,8.174620634484137,0.7512858359536237,42339.73146129206,0.6987036354097291,2882531.185785678,0.37489692620165116
Sepsis_1000_MIXED_1.0_2.xes,13897,19,1000,13.897,118,30,2567,546,0.546,9.031968031968033,0.7868669055388997,42339.73146129206,0.6987036354097291,2882531.185785678,0.37489692620165116
Sepsis_100000_INSERTION_10.0_5.xes,1459819,4581,100000,14.59819,186,8104,132884,10101,0.10101,9.205087949120509,0.7811068074030766,42339.73146129206,0.6987036354097291,2882531.185785678,0.37489692620165116
BPIC2012_4000_ABSENCE_0.1_3.xes,79199,24,4000,19.79975,175,27,7629,1368,0.342,8.176955761059736,0.7563166975351301,42339.73146129206,0.6987036354097291,2882531.185785678,0.37489692620165116
BPIC2012_100000_MIXED_0.2_5.xes,1996898,73,100000,19.96898,175,102,114785,4521,0.04521,8.156838431615684,0.751552569014715,42339.73146129206,0.6987036354097291,2882531.185785678,0.37489692620165116
Sepsis_10000_INSERTION_0.2_4.xes,142665,30,10000,14.2665,185,55,18288,866,0.0866,9.08019198080192,0.7814511716330146,42339.73146129206,0.6987036354097291,2882531.185785678,0.37489692620165116
BPIC2012_10000_ORDERING_0.2_5.xes,198864,24,10000,19.8864,175,26,16251,2515,0.2515,8.17988201179882,0.7546537378202669,42339.73146129206,0.6987036354097291,2882531.185785678,0.37489692620165116
Sepsis_4000_ORDERING_0.2_2.xes,57008,16,4000,14.252,185,34,8425,833,0.20825,9.083979005248688,0.7891839769609114,42339.73146129206,0.6987036354097291,2882531.185785678,0.37489692620165116
BPIC2012_100000_SUBSTITUTION_10.0_1.xes,1996892,5035,100000,19.96892,175,6061,120253,12303,0.12303,8.17718822811772,0.7527694255591713,42339.73146129206,0.6987036354097291,2882531.185785678,0.37489692620165116
Sepsis_20000_INSERTION_0.4_1.xes,288614,60,20000,14.4307,185,113,33186,925,0.04625,9.12404379781011,0.7789773553956918,42339.73146129206,0.6987036354097291,2882531.185785678,0.37489692620165116
Sepsis_10000_MIXED_10.0_3.xes,142655,269,10000,14.2655,185,475,18735,1773,0.1773,9.075292470752924,0.7808947227442813,42339.73146129206,0.6987036354097291,2882531.185785678,0.37489692620165116
RTFMS_2000_MIXED_0.4_5.xes,7460,13,2000,3.73,11,24,881,41,0.0205,3.68215892053973,0.5966137277452763,42339.73146129206,0.6987036354097291,2882531.185785678,0.37489692620165116
Sepsis_10000_MIXED_0.4_3.xes,142643,25,10000,14.2643,185,41,18284,885,0.0885,9.077892210778922,0.7826020513628066,42339.73146129206,0.6987036354097291,2882531.185785678,0.37489692620165116
BPIC2012_2000_SUBSTITUTION_0.1_2.xes,38878,24,2000,19.439,159,26,4304,777,0.3885,8.079960019990004,0.7573032965542252,42339.73146129206,0.6987036354097291,2882531.185785678,0.37489692620165116
BPIC2012_1000_MIXED_0.1_2.xes,19595,24,1000,19.595,159,32,2494,430,0.43,8.098901098901099,0.7548496528590731,42339.73146129206,0.6987036354097291,2882531.185785678,0.37489692620165116
Sepsis_100000_ORDERING_4.0_4.xes,1449819,16,100000,14.49819,185,17,129343,4036,0.04036,9.14379856201438,0.7887625102657481,42339.73146129206,0.6987036354097291,2882531.185785678,0.37489692620165116
Sepsis_20000_ORDERING_0.1_5.xes,288534,16,20000,14.4267,185,30,33140,864,0.0432,9.12134393280336,0.7872725266132922,42339.73146129206,0.6987036354097291,2882531.185785678,0.37489692620165116
BPIC2012_10000_MIXED_0.2_4.xes,198858,30,10000,19.8858,175,35,16265,2519,0.2519,8.17988201179882,0.7533941941933493,42339.73146129206,0.6987036354097291,2882531.185785678,0.37489692620165116
BPIC2012_1000_SUBSTITUTION_10.0_3.xes,19595,70,1000,19.595,159,119,2536,492,0.492,8.113886113886114,0.7531435009617651,42339.73146129206,0.6987036354097291,2882531.185785678,0.37489692620165116
BPIC2012_100000_SUBSTITUTION_0.1_1.xes,1996892,78,100000,19.96892,175,113,114718,4457,0.04457,8.156948430515694,0.751497705047102,42339.73146129206,0.6987036354097291,2882531.185785678,0.37489692620165116
BPIC2012_40000_MIXED_4.0_1.xes,799445,395,40000,19.986125,175,513,53284,5279,0.131975,8.175145621359466,0.7514425385609265,42339.73146129206,0.6987036354097291,2882531.185785678,0.37489692620165116
RTFMS_20000_ABSENCE_0.4_2.xes,74622,11,20000,3.7311,12,24,5984,113,0.00565,3.67921603919804,0.6020772715259084,42339.73146129206,0.6987036354097291,2882531.185785678,0.37489692620165116
RTFMS_1000_ORDERING_2.0_3.xes,3785,11,1000,3.785,10,18,522,36,0.036,3.7352647352647352,0.6046569438233411,42339.73146129206,0.6987036354097291,2882531.185785678,0.37489692620165116
RTFMS_20000_ORDERING_1.0_2.xes,74702,11,20000,3.7351,12,17,6132,126,0.0063,3.6831658417079147,0.6045685888659915,42339.73146129206,0.6987036354097291,2882531.185785678,0.37489692620165116
Sepsis_4000_MIXED_0.1_2.xes,57006,16,4000,14.2515,185,30,8423,831,0.20775,9.083729067733067,0.7891283354222646,42339.73146129206,0.6987036354097291,2882531.185785678,0.37489692620165116
Sepsis_100000_INSERTION_4.0_4.xes,1453819,1880,100000,14.53819,186,3319,129272,4668,0.04668,9.168078319216807,0.7796553723143205,42339.73146129206,0.6987036354097291,2882531.185785678,0.37489692620165116
BPIC2012_40000_ORDERING_0.1_1.xes,799439,24,40000,19.985975,175,29,52294,4186,0.10465,8.17214569635759,0.754519520676246,42339.73146129206,0.6987036354097291,2882531.185785678,0.37489692620165116
BPIC2012_1000_MIXED_0.4_3.xes,19597,26,1000,19.597,159,31,2484,433,0.433,8.1008991008991,0.7543553124796084,42339.73146129206,0.6987036354097291,2882531.185785678,0.37489692620165116
RTFMS_4000_MIXED_2.0_1.xes,14929,35,4000,3.73225,12,64,1579,108,0.027,3.681329667583104,0.5939942119859312,42339.73146129206,0.6987036354097291,2882531.185785678,0.37489692620165116
Sepsis_10000_INSERTION_0.4_3.xes,142685,36,10000,14.2685,185,68,18272,886,0.0886,9.081191880811918,0.7807230415578216,42339.73146129206,0.6987036354097291,2882531.185785678,0.37489692620165116
Sepsis_20000_ABSENCE_1.0_4.xes,288334,16,20000,14.4167,185,31,33164,1033,0.05165,9.113794310284486,0.7872774092926587,42339.73146129206,0.6987036354097291,2882531.185785678,0.37489692620165116
BPIC2012_4000_MIXED_1.0_1.xes,79202,38,4000,19.8005,175,42,7656,1389,0.34725,8.178705323669083,0.7542786272374712,42339.73146129206,0.6987036354097291,2882531.185785678,0.37489692620165116
RTFMS_10000_INSERTION_4.0_3.xes,37897,191,10000,3.7897,12,311,3554,336,0.0336,3.724127587241276,0.5994524178850906,42339.73146129206,0.6987036354097291,2882531.185785678,0.37489692620165116
BPIC2012_2000_INSERTION_0.2_1.xes,38882,26,2000,19.441,159,28,4304,779,0.3895,8.081459270364817,0.7567811514055307,42339.73146129206,0.6987036354097291,2882531.185785678,0.37489692620165116
BPIC2012_100000_MIXED_0.2_2.xes,1996887,74,100000,19.96887,175,117,114797,4523,0.04523,8.156768432315676,0.7515383052374989,42339.73146129206,0.6987036354097291,2882531.185785678,0.37489692620165116
RTFMS_2000_ORDERING_1.0_1.xes,7458,11,2000,3.729,11,14,885,45,0.0225,3.6816591704147927,0.6012673179400695,42339.73146129206,0.6987036354097291,2882531.185785678,0.37489692620165116
Sepsis_40000_INSERTION_0.4_2.xes,579626,90,40000,14.49065,185,164,59694,1006,0.02515,9.134396640083997,0.7788557483149683,42339.73146129206,0.6987036354097291,2882531.185785678,0.37489692620165116
Sepsis_10000_SUBSTITUTION_10.0_1.xes,142645,504,10000,14.2645,185,853,18811,1820,0.182,9.073192680731927,0.7814343677270592,42339.73146129206,0.6987036354097291,2882531.185785678,0.37489692620165116
BPIC2012_20000_MIXED_0.4_3.xes,396169,44,20000,19.80845,175,58,28904,3574,0.1787,8.136793160341982,0.7521067930506026,42339.73146129206,0.6987036354097291,2882531.185785678,0.37489692620165116
RTFMS_1000_ABSENCE_2.0_5.xes,3765,11,1000,3.765,10,22,507,36,0.036,3.716283716283716,0.6003102285210162,42339.73146129206,0.6987036354097291,2882531.185785678,0.37489692620165116
BPIC2012_40000_INSERTION_10.0_3.xes,803439,1854,40000,20.085975,175,2423,54608,7359,0.183975,8.238194045148871,0.7526363649607615,42339.73146129206,0.6987036354097291,2882531.185785678,0.37489692620165116
BPIC2012_10000_INSERTION_2.0_3.xes,199064,106,10000,19.9064,175,175,16380,2660,0.266,8.191980801919808,0.7516107666628005,42339.73146129206,0.6987036354097291,2882531.185785678,0.37489692620165116
BPIC2012_40000_ORDERING_2.0_1.xes,799439,24,40000,19.985975,175,47,52919,4513,0.112825,8.17214569635759,0.7547039383104754,42339.73146129206,0.6987036354097291,2882531.185785678,0.37489692620165116
RTFMS_40000_ORDERING_0.4_4.xes,148998,11,40000,3.72495,16,11,10901,154,0.00385,3.6725081872953176,0.6030623431773355,42339.73146129206,0.6987036354097291,2882531.185785678,0.37489692620165116
RTFMS_100000_MIXED_2.0_3.xes,373081,467,100000,3.73081,17,648,25201,912,0.00912,3.675763242367576,0.5950321611188585,42339.73146129206,0.6987036354097291,2882531.185785678,0.37489692620165116
BPIC2012_10000_MIXED_1.0_3.xes,198869,49,10000,19.8869,175,66,16342,2580,0.258,8.18068193180682,0.7520590858778315,42339.73146129206,0.6987036354097291,2882531.185785678,0.37489692620165116
Sepsis_4000_INSERTION_0.2_2.xes,57016,19,4000,14.254,185,34,8432,835,0.20875,9.084978755311171,0.7864822912201497,42339.73146129206,0.6987036354097291,2882531.185785678,0.37489692620165116
RTFMS_100000_ORDERING_2.0_3.xes,373119,11,100000,3.73119,17,6,25419,306,0.00306,3.6791232087679124,0.60703529721201,42339.73146129206,0.6987036354097291,2882531.185785678,0.37489692620165116
RTFMS_4000_ABSENCE_2.0_5.xes,14835,11,4000,3.70875,12,27,1553,67,0.01675,3.6610847288177957,0.5997899777689996,42339.73146129206,0.6987036354097291,2882531.185785678,0.37489692620165116
RTFMS_40000_ABSENCE_2.0_1.xes,148198,11,40000,3.70495,16,21,11054,156,0.0039,3.652958676033099,0.6027080321844847,42339.73146129206,0.6987036354097291,2882531.185785678,0.37489692620165116
Sepsis_40000_ORDERING_0.1_5.xes,579466,16,40000,14.48665,185,27,59590,883,0.022075,9.132046698832529,0.7875103137022796,42339.73146129206,0.6987036354097291,2882531.185785678,0.37489692620165116
BPIC2012_100000_INSERTION_0.1_3.xes,1996992,68,100000,19.96992,175,103,114693,4461,0.04461,8.157348426515735,0.7516017387180718,42339.73146129206,0.6987036354097291,2882531.185785678,0.37489692620165116
RTFMS_10000_ORDERING_0.1_4.xes,37497,11,10000,3.7497,12,23,3308,74,0.0074,3.698130186981302,0.601747883469101,42339.73146129206,0.6987036354097291,2882531.185785678,0.37489692620165116
BPIC2012_100000_ABSENCE_1.0_3.xes,1995892,24,100000,19.95892,175,35,115054,4858,0.04858,8.150848491515085,0.7546371759752653,42339.73146129206,0.6987036354097291,2882531.185785678,0.37489692620165116
BPIC2012_40000_SUBSTITUTION_1.0_2.xes,799439,244,40000,19.985975,175,329,52591,4523,0.113075,8.174195645108872,0.7511905782147971,42339.73146129206,0.6987036354097291,2882531.185785678,0.37489692620165116
RTFMS_40000_MIXED_4.0_4.xes,149002,367,40000,3.72505,16,520,11742,731,0.018275,3.6660083497912552,0.598741067526543,42339.73146129206,0.6987036354097291,2882531.185785678,0.37489692620165116
RTFMS_100000_ABSENCE_0.2_3.xes,372919,11,100000,3.72919,17,17,24059,194,0.00194,3.677143228567714,0.6018412664931048,42339.73146129206,0.6987036354097291,2882531.185785678,0.37489692620165116
BPIC2012_2000_INSERTION_10.0_2.xes,39078,114,2000,19.539,159,178,4423,904,0.452,8.143428285857071,0.7555107493449931,42339.73146129206,0.6987036354097291,2882531.185785678,0.37489692620165116
Sepsis_2000_SUBSTITUTION_0.2_2.xes,28387,18,2000,14.1935,185,33,4658,749,0.3745,9.061469265367316,0.7868379537064828,42339.73146129206,0.6987036354097291,2882531.185785678,0.37489692620165116
Sepsis_10000_SUBSTITUTION_0.4_5.xes,142645,30,10000,14.2645,185,55,18269,886,0.0886,9.077792220777923,0.7815032261819274,42339.73146129206,0.6987036354097291,2882531.185785678,0.37489692620165116
Sepsis_4000_ORDERING_1.0_1.xes,57008,16,4000,14.252,185,27,8426,866,0.2165,9.083979005248688,0.7893439435217615,42339.73146129206,0.6987036354097291,2882531.185785678,0.37489692620165116
RTFMS_20000_INSERTION_10.0_2.xes,76702,964,20000,3.8351,12,1469,7151,1276,0.0638,3.749962501874906,0.6112593707776658,42339.73146129206,0.6987036354097291,2882531.185785678,0.37489692620165116
Sepsis_40000_INSERTION_0.1_1.xes,579506,36,40000,14.48765,185,66,59575,886,0.02215,9.132721681957952,0.7802569696097613,42339.73146129206,0.6987036354097291,2882531.185785678,0.37489692620165116
Sepsis_100000_SUBSTITUTION_1.0_3.xes,1449819,514,100000,14.49819,185,871,127350,1817,0.01817,9.143578564214359,0.7789624127057865,42339.73146129206,0.6987036354097291,2882531.185785678,0.37489692620165116
RTFMS_100000.xes,373119,11,100000,3.73119,17,14,23946,171,0.00171,3.6791232087679124,0.6017460358507729,42339.73146129206,0.6987036354097291,2882531.185785678,0.37489692620165116
Sepsis_2000_ABSENCE_0.2_2.xes,28383,16,2000,14.1915,185,29,4656,750,0.375,9.060969515242379,0.7887069591339693,42339.73146129206,0.6987036354097291,2882531.185785678,0.37489692620165116
RTFMS_2000_MIXED_0.2_2.xes,7459,12,2000,3.7295,11,21,873,38,0.019,3.68215892053973,0.5972551657198517,42339.73146129206,0.6987036354097291,2882531.185785678,0.37489692620165116
Sepsis_2000_INSERTION_10.0_5.xes,28587,116,2000,14.2935,185,213,4782,918,0.459,9.12343828085957,0.7823030280303622,42339.73146129206,0.6987036354097291,2882531.185785678,0.37489692620165116
Sepsis_100000_SUBSTITUTION_0.1_3.xes,1449819,69,100000,14.49819,185,125,126708,942,0.00942,9.143768562314376,0.7792003585447701,42339.73146129206,0.6987036354097291,2882531.185785678,0.37489692620165116
RTFMS_20000_INSERTION_2.0_1.xes,75102,187,20000,3.7551,12,281,6225,360,0.018,3.696665166741663,0.5957091522811835,42339.73146129206,0.6987036354097291,2882531.185785678,0.37489692620165116
BPIC2012_20000_ORDERING_4.0_1.xes,396166,24,20000,19.8083,175,47,29430,3823,0.19115,8.136493175341233,0.7549257826210807,42339.73146129206,0.6987036354097291,2882531.185785678,0.37489692620165116
Sepsis_1000_INSERTION_4.0_4.xes,13940,41,1000,13.94,118,76,2580,569,0.569,9.058941058941059,0.7826461586342541,42339.73146129206,0.6987036354097291,2882531.185785678,0.37489692620165116
RTFMS_4000_ABSENCE_1.0_1.xes,14875,11,4000,3.71875,12,26,1537,60,0.015,3.6710822294426393,0.599368329221101,42339.73146129206,0.6987036354097291,2882531.185785678,0.37489692620165116
Sepsis_2000_MIXED_0.4_4.xes,28390,19,2000,14.195,185,35,4655,753,0.3765,9.062468765617192,0.7861103411908541,42339.73146129206,0.6987036354097291,2882531.185785678,0.37489692620165116
Sepsis_10000_INSERTION_2.0_1.xes,142845,115,10000,14.2845,185,218,18362,1045,0.1045,9.091790820917907,0.7795628628096121,42339.73146129206,0.6987036354097291,2882531.185785678,0.37489692620165116
RTFMS_1000_ORDERING_4.0_1.xes,3785,11,1000,3.785,10,15,540,43,0.043,3.7352647352647352,0.6096698600367219,42339.73146129206,0.6987036354097291,2882531.185785678,0.37489692620165116
BPIC2012_100000_SUBSTITUTION_0.1_4.xes,1996892,75,100000,19.96892,175,107,114739,4460,0.0446,8.156818431815681,0.7515234301126147,42339.73146129206,0.6987036354097291,2882531.185785678,0.37489692620165116
RTFMS_1000_ABSENCE_1.0_5.xes,3775,11,1000,3.775,10,20,502,34,0.034,3.7262737262737264,0.5998816065036008,42339.73146129206,0.6987036354097291,2882531.185785678,0.37489692620165116
BPIC2012_2000_SUBSTITUTION_0.2_2.xes,38878,25,2000,19.439,159,28,4310,778,0.389,8.079460269865068,0.7570244182617134,42339.73146129206,0.6987036354097291,2882531.185785678,0.37489692620165116
RTFMS_1000_ORDERING_0.1_5.xes,3785,11,1000,3.785,10,18,500,27,0.027,3.7352647352647352,0.5995995598352559,42339.73146129206,0.6987036354097291,2882531.185785678,0.37489692620165116
RTFMS_2000_MIXED_4.0_3.xes,7449,28,2000,3.7245,11,41,925,86,0.043,3.672663668165917,0.5977248110572594,42339.73146129206,0.6987036354097291,2882531.185785678,0.37489692620165116
BPIC2012_20000_MIXED_4.0_5.xes,396184,226,20000,19.8092,175,339,29354,4042,0.2021,8.139593020348983,0.7515096223362021,42339.73146129206,0.6987036354097291,2882531.185785678,0.37489692620165116
Sepsis_1000_ORDERING_10.0_2.xes,13900,16,1000,13.9,118,25,2600,610,0.61,9.031968031968033,0.7923470828151367,42339.73146129206,0.6987036354097291,2882531.185785678,0.37489692620165116
Sepsis_10000_MIXED_4.0_5.xes,142627,107,10000,14.2627,185,196,18448,1221,0.1221,9.075592440755925,0.779836138830051,42339.73146129206,0.6987036354097291,2882531.185785678,0.37489692620165116
RTFMS_20000_SUBSTITUTION_1.0_5.xes,74702,109,20000,3.7351,12,161,6067,231,0.01155,3.68001599920004,0.593640023098946,42339.73146129206,0.6987036354097291,2882531.185785678,0.37489692620165116
RTFMS_1000_INSERTION_1.0_5.xes,3795,16,1000,3.795,10,31,507,35,0.035,3.7422577422577423,0.5964502101005107,42339.73146129206,0.6987036354097291,2882531.185785678,0.37489692620165116
RTFMS_10000_MIXED_0.4_1.xes,37505,23,10000,3.7505,12,41,3327,100,0.01,3.6983301669833017,0.5944953451018173,42339.73146129206,0.6987036354097291,2882531.185785678,0.37489692620165116
RTFMS_10000_INSERTION_0.2_4.xes,37517,21,10000,3.7517,12,43,3312,85,0.0085,3.6998300169983,0.5945372100720345,42339.73146129206,0.6987036354097291,2882531.185785678,0.37489692620165116
Sepsis_40000_SUBSTITUTION_0.4_2.xes,579466,94,40000,14.48665,185,180,59652,1004,0.0251,9.131771705707358,0.778837033984743,42339.73146129206,0.6987036354097291,2882531.185785678,0.37489692620165116
BPIC2012_40000_ABSENCE_0.1_5.xes,799399,24,40000,19.984975,175,32,52306,4193,0.104825,8.1715207119822,0.7545070234866088,42339.73146129206,0.6987036354097291,2882531.185785678,0.37489692620165116
BPIC2012_1000_INSERTION_10.0_1.xes,19695,71,1000,19.695,159,97,2544,493,0.493,8.162837162837162,0.7533849939606958,42339.73146129206,0.6987036354097291,2882531.185785678,0.37489692620165116
BPIC2012_1000_INSERTION_4.0_2.xes,19635,45,1000,19.635,159,53,2512,453,0.453,8.122877122877123,0.753073034697434,42339.73146129206,0.6987036354097291,2882531.185785678,0.37489692620165116
Sepsis_20000_MIXED_0.1_3.xes,288532,21,20000,14.4266,185,35,33165,866,0.0433,9.12114394280286,0.7834410131486579,42339.73146129206,0.6987036354097291,2882531.185785678,0.37489692620165116
RTFMS_4000_SUBSTITUTION_0.4_1.xes,14915,19,4000,3.72875,12,38,1539,63,0.01575,3.6788302924268934,0.5934031912980291,42339.73146129206,0.6987036354097291,2882531.185785678,0.37489692620165116
Sepsis_2000_INSERTION_0.4_4.xes,28395,22,2000,14.1975,185,40,4659,753,0.3765,9.065467266366817,0.78446321422422,42339.73146129206,0.6987036354097291,2882531.185785678,0.37489692620165116
RTFMS_20000_SUBSTITUTION_0.1_2.xes,74702,22,20000,3.7351,12,41,5950,111,0.00555,3.6828158592070395,0.5944025340738712,42339.73146129206,0.6987036354097291,2882531.185785678,0.37489692620165116
BPIC2012_20000_SUBSTITUTION_1.0_3.xes,396166,124,20000,19.8083,175,199,28989,3685,0.18425,8.138293085345733,0.7512910450037008,42339.73146129206,0.6987036354097291,2882531.185785678,0.37489692620165116
Sepsis_1000_INSERTION_0.2_2.xes,13902,16,1000,13.902,118,26,2568,542,0.542,9.031968031968033,0.7894662975120234,42339.73146129206,0.6987036354097291,2882531.185785678,0.37489692620165116
Sepsis_10000_INSERTION_0.1_2.xes,142655,21,10000,14.2655,185,38,18262,856,0.0856,9.07929207079292,0.784092702845518,42339.73146129206,0.6987036354097291,2882531.185785678,0.37489692620165116
RTFMS_40000_MIXED_0.2_1.xes,149012,35,40000,3.7253,16,56,10812,182,0.00455,3.6725831854203643,0.5931883144388989,42339.73146129206,0.6987036354097291,2882531.185785678,0.37489692620165116
BPIC2012_20000_MIXED_2.0_3.xes,396182,131,20000,19.8091,175,190,29094,3806,0.1903,8.139043047847608,0.7513604111074712,42339.73146129206,0.6987036354097291,2882531.185785678,0.37489692620165116
Sepsis_40000_MIXED_1.0_4.xes,579462,113,40000,14.48655,185,193,59822,1225,0.030625,9.131521711957202,0.7788707358663967,42339.73146129206,0.6987036354097291,2882531.185785678,0.37489692620165116
BPIC2012_2000_SUBSTITUTION_0.1_1.xes,38878,24,2000,19.439,159,25,4300,776,0.388,8.080459770114942,0.7572961132124595,42339.73146129206,0.6987036354097291,2882531.185785678,0.37489692620165116
Sepsis_20000_ABSENCE_0.4_5.xes,288454,16,20000,14.4227,185,29,33142,919,0.04595,9.118294085295735,0.7872584409683903,42339.73146129206,0.6987036354097291,2882531.185785678,0.37489692620165116
Sepsis_10000_SUBSTITUTION_0.1_5.xes,142645,20,10000,14.2645,185,36,18266,856,0.0856,9.078792120787922,0.7846345609215369,42339.73146129206,0.6987036354097291,2882531.185785678,0.37489692620165116
Sepsis_2000_INSERTION_4.0_2.xes,28467,54,2000,14.2335,185,95,4718,814,0.407,9.085957021489255,0.7813552153134351,42339.73146129206,0.6987036354097291,2882531.185785678,0.37489692620165116
RTFMS_2000_INSERTION_0.1_3.xes,7460,12,2000,3.73,11,20,864,36,0.018,3.68215892053973,0.5970611472747467,42339.73146129206,0.6987036354097291,2882531.185785678,0.37489692620165116
Sepsis_4000_ORDERING_0.1_2.xes,57008,16,4000,14.252,185,32,8420,830,0.2075,9.083979005248688,0.7891389450441357,42339.73146129206,0.6987036354097291,2882531.185785678,0.37489692620165116
RTFMS_4000_ORDERING_1.0_5.xes,14915,11,4000,3.72875,12,20,1561,59,0.01475,3.6805798550362407,0.6014478883727687,42339.73146129206,0.6987036354097291,2882531.185785678,0.37489692620165116
RTFMS_10000_SUBSTITUTION_0.2_5.xes,37497,21,10000,3.7497,12,38,3304,85,0.0085,3.6976302369763023,0.5944390972226954,42339.73146129206,0.6987036354097291,2882531.185785678,0.37489692620165116
RTFMS_10000_ABSENCE_0.1_4.xes,37487,11,10000,3.7487,12,26,3297,75,0.0075,3.6971302869713027,0.6015732496992554,42339.73146129206,0.6987036354097291,2882531.185785678,0.37489692620165116
Sepsis_100000_ABSENCE_2.0_4.xes,1447819,16,100000,14.47819,185,32,127206,2290,0.0229,9.129048709512904,0.7877993060251456,42339.73146129206,0.6987036354097291,2882531.185785678,0.37489692620165116
RTFMS_100000_SUBSTITUTION_4.0_2.xes,373119,1934,100000,3.73119,17,2625,26381,2390,0.0239,3.6670133298667014,0.59920646585658,42339.73146129206,0.6987036354097291,2882531.185785678,0.37489692620165116
Sepsis_4000_ABSENCE_10.0_2.xes,56608,16,4000,14.152,185,29,8454,1165,0.29125,9.006248437890527,0.7894458012447982,42339.73146129206,0.6987036354097291,2882531.185785678,0.37489692620165116
RTFMS_2000_SUBSTITUTION_0.4_4.xes,7458,16,2000,3.729,11,25,870,42,0.021,3.6806596701649177,0.5937697073310031,42339.73146129206,0.6987036354097291,2882531.185785678,0.37489692620165116
BPIC2012_40000_MIXED_0.1_5.xes,799444,35,40000,19.9861,175,49,52318,4197,0.104925,8.172220694482638,0.7526606030762434,42339.73146129206,0.6987036354097291,2882531.185785678,0.37489692620165116
RTFMS_1000_MIXED_10.0_2.xes,3791,35,1000,3.791,10,55,556,82,0.082,3.7252747252747254,0.6059551760627535,42339.73146129206,0.6987036354097291,2882531.185785678,0.37489692620165116
RTFMS_20000_INSERTION_1.0_3.xes,74902,104,20000,3.7451,12,163,6081,238,0.0119,3.690065496725164,0.5938093954480519,42339.73146129206,0.6987036354097291,2882531.185785678,0.37489692620165116
RTFMS_20000_ORDERING_0.2_4.xes,74702,11,20000,3.7351,12,19,5983,111,0.00555,3.6831658417079147,0.6024266345078397,42339.73146129206,0.6987036354097291,2882531.185785678,0.37489692620165116
Sepsis_100000_ABSENCE_10.0_4.xes,1439819,16,100000,14.39819,185,34,128838,5767,0.05767,9.069019309806903,0.7881487117270117,42339.73146129206,0.6987036354097291,2882531.185785678,0.37489692620165116
RTFMS_20000_ABSENCE_1.0_3.xes,74502,11,20000,3.7251,12,24,6043,115,0.00575,3.6732663366831657,0.6023645639971675,42339.73146129206,0.6987036354097291,2882531.185785678,0.37489692620165116
RTFMS_4000_INSERTION_0.2_4.xes,14923,17,4000,3.73075,12,33,1537,56,0.014,3.6823294176455885,0.5937295752138388,42339.73146129206,0.6987036354097291,2882531.185785678,0.37489692620165116
BPIC2012_1000_ORDERING_0.1_2.xes,19595,24,1000,19.595,159,30,2499,430,0.43,8.098901098901099,0.7548736965202596,42339.73146129206,0.6987036354097291,2882531.185785678,0.37489692620165116
RTFMS_20000_SUBSTITUTION_0.4_2.xes,74702,53,20000,3.7351,12,81,5996,158,0.0079,3.6820158992050396,0.5929010042161309,42339.73146129206,0.6987036354097291,2882531.185785678,0.37489692620165116
BPIC2012_40000_INSERTION_4.0_5.xes,801039,768,40000,20.025975,175,1039,53333,5478,0.13695,8.19917002074948,0.7516693227254282,42339.73146129206,0.6987036354097291,2882531.185785678,0.37489692620165116
RTFMS_10000_INSERTION_0.1_3.xes,37507,17,10000,3.7507,12,34,3305,76,0.0076,3.6988301169883013,0.5957452154480702,42339.73146129206,0.6987036354097291,2882531.185785678,0.37489692620165116
BPIC2012_2000_ORDERING_0.1_4.xes,38878,24,2000,19.439,159,26,4307,776,0.388,8.080459770114942,0.757307486682629,42339.73146129206,0.6987036354097291,2882531.185785678,0.37489692620165116
Sepsis_100000_ORDERING_0.2_2.xes,1449819,16,100000,14.49819,185,25,126751,1022,0.01022,9.14379856201438,0.7877669467765802,42339.73146129206,0.6987036354097291,2882531.185785678,0.37489692620165116
BPIC2012_4000_ORDERING_4.0_2.xes,79203,24,4000,19.80075,175,39,7780,1416,0.354,8.177955511122219,0.7568398030468091,42339.73146129206,0.6987036354097291,2882531.185785678,0.37489692620165116
RTFMS_2000_SUBSTITUTION_0.4_2.xes,7458,16,2000,3.729,11,29,873,42,0.021,3.6806596701649177,0.5940869818773413,42339.73146129206,0.6987036354097291,2882531.185785678,0.37489692620165116
BPIC2012_40000_MIXED_0.4_2.xes,799439,65,40000,19.985975,175,102,52398,4297,0.107425,8.172395690107747,0.7515195745079648,42339.73146129206,0.6987036354097291,2882531.185785678,0.37489692620165116
Sepsis_1000_SUBSTITUTION_4.0_5.xes,13900,30,1000,13.9,118,52,2578,567,0.567,9.022977022977024,0.7839083082262271,42339.73146129206,0.6987036354097291,2882531.185785678,0.37489692620165116
Sepsis_20000_ABSENCE_0.2_5.xes,288494,16,20000,14.4247,185,29,33110,884,0.0442,9.119894005299734,0.7872551042346186,42339.73146129206,0.6987036354097291,2882531.185785678,0.37489692620165116
BPIC2012_4000_ORDERING_2.0_5.xes,79203,24,4000,19.80075,175,28,7700,1391,0.34775,8.177955511122219,0.7564611946190356,42339.73146129206,0.6987036354097291,2882531.185785678,0.37489692620165116
RTFMS_10000_SUBSTITUTION_0.2_3.xes,37497,20,10000,3.7497,12,39,3292,87,0.0087,3.6975302469753024,0.5946821043525476,42339.73146129206,0.6987036354097291,2882531.185785678,0.37489692620165116
RTFMS_10000_ABSENCE_0.1_2.xes,37487,11,10000,3.7487,12,25,3286,74,0.0074,3.6971302869713027,0.6015319596451851,42339.73146129206,0.6987036354097291,2882531.185785678,0.37489692620165116
Sepsis_1000_SUBSTITUTION_1.0_5.xes,13900,20,1000,13.9,118,33,2570,547,0.547,9.032967032967033,0.7864136533945054,42339.73146129206,0.6987036354097291,2882531.185785678,0.37489692620165116
RTFMS_20000_ABSENCE_0.2_2.xes,74662,11,20000,3.7331,12,23,5958,107,0.00535,3.681165941702915,0.6019815583420381,42339.73146129206,0.6987036354097291,2882531.185785678,0.37489692620165116
Sepsis_10000_MIXED_10.0_1.xes,142630,246,10000,14.263,185,423,18724,1787,0.1787,9.073692630736927,0.780947673233447,42339.73146129206,0.6987036354097291,2882531.185785678,0.37489692620165116
Sepsis_100000_ABSENCE_10.0_2.xes,1439819,16,100000,14.39819,185,32,129083,5824,0.05824,9.06849931500685,0.788108010506095,42339.73146129206,0.6987036354097291,2882531.185785678,0.37489692620165116
RTFMS_1000_MIXED_0.4_5.xes,3787,12,1000,3.787,10,21,504,30,0.03,3.7362637362637363,0.5988426753827666,42339.73146129206,0.6987036354097291,2882531.185785678,0.37489692620165116
BPIC2012_20000_ABSENCE_1.0_4.xes,395966,24,20000,19.7983,175,32,28955,3603,0.18015,8.130593470326483,0.7545014124703014,42339.73146129206,0.6987036354097291,2882531.185785678,0.37489692620165116
RTFMS_40000_ORDERING_1.0_1.xes,148998,11,40000,3.72495,16,13,11098,186,0.00465,3.6725081872953176,0.6046249273926898,42339.73146129206,0.6987036354097291,2882531.185785678,0.37489692620165116
RTFMS_1000_ORDERING_0.2_3.xes,3785,11,1000,3.785,10,20,502,28,0.028,3.7352647352647352,0.6001144459205134,42339.73146129206,0.6987036354097291,2882531.185785678,0.37489692620165116
BPIC2012_2000_ORDERING_0.1_5.xes,38878,24,2000,19.439,159,26,4312,777,0.3885,8.080459770114942,0.7572829195641364,42339.73146129206,0.6987036354097291,2882531.185785678,0.37489692620165116
RTFMS_4000_ABSENCE_1.0_4.xes,14875,11,4000,3.71875,12,26,1542,58,0.0145,3.670582354411397,0.5997157290690427,42339.73146129206,0.6987036354097291,2882531.185785678,0.37489692620165116
RTFMS_4000_INSERTION_2.0_2.xes,14995,51,4000,3.74875,12,84,1578,108,0.027,3.6925768557860534,0.5934901411060267,42339.73146129206,0.6987036354097291,2882531.185785678,0.37489692620165116
RTFMS_10000_ABSENCE_2.0_1.xes,37297,11,10000,3.7297,12,27,3378,88,0.0088,3.6785321467853214,0.6024108889649585,42339.73146129206,0.6987036354097291,2882531.185785678,0.37489692620165116
Sepsis_20000_ABSENCE_0.1_5.xes,288514,16,20000,14.4257,185,30,33168,865,0.04325,9.120593970301485,0.787248205057861,42339.73146129206,0.6987036354097291,2882531.185785678,0.37489692620165116
RTFMS_10000_ORDERING_0.4_4.xes,37497,11,10000,3.7497,12,22,3333,87,0.0087,3.698130186981302,0.6025726289827704,42339.73146129206,0.6987036354097291,2882531.185785678,0.37489692620165116
Sepsis_4000_ABSENCE_2.0_4.xes,56928,16,4000,14.232,185,31,8423,902,0.2255,9.070232441889528,0.7892050224028222,42339.73146129206,0.6987036354097291,2882531.185785678,0.37489692620165116
RTFMS_40000_ORDERING_10.0_3.xes,148998,11,40000,3.72495,16,10,13083,294,0.00735,3.6725081872953176,0.6277948239943771,42339.73146129206,0.6987036354097291,2882531.185785678,0.37489692620165116
RTFMS_4000_ORDERING_0.1_2.xes,14915,11,4000,3.72875,12,23,1535,52,0.013,3.6805798550362407,0.5994511167489567,42339.73146129206,0.6987036354097291,2882531.185785678,0.37489692620165116
Sepsis_1000_ORDERING_0.4_4.xes,13900,16,1000,13.9,118,25,2566,541,0.541,9.031968031968033,0.7894922604083662,42339.73146129206,0.6987036354097291,2882531.185785678,0.37489692620165116
RTFMS_2000_ABSENCE_4.0_5.xes,7378,11,2000,3.689,11,24,886,53,0.0265,3.6426786606696653,0.5997404083313436,42339.73146129206,0.6987036354097291,2882531.185785678,0.37489692620165116
Sepsis_100000_SUBSTITUTION_0.4_3.xes,1449819,219,100000,14.49819,185,373,126812,1232,0.01232,9.143658563414366,0.7788501191931722,42339.73146129206,0.6987036354097291,2882531.185785678,0.37489692620165116
RTFMS_20000_ORDERING_0.1_2.xes,74702,11,20000,3.7351,12,19,5961,105,0.00525,3.6831658417079147,0.6022004867291262,42339.73146129206,0.6987036354097291,2882531.185785678,0.37489692620165116
BPIC2012_4000_ABSENCE_0.1_4.xes,79199,24,4000,19.79975,175,26,7613,1367,0.34175,8.177455636090977,0.7563230016705942,42339.73146129206,0.6987036354097291,2882531.185785678,0.37489692620165116
Sepsis_4000_ABSENCE_10.0_5.xes,56608,16,4000,14.152,185,29,8444,1170,0.2925,9.010747313171708,0.7896418717556241,42339.73146129206,0.6987036354097291,2882531.185785678,0.37489692620165116
Sepsis_10000_ABSENCE_0.1_3.xes,142635,16,10000,14.2635,185,30,18268,854,0.0854,9.077892210778922,0.7879011102281066,42339.73146129206,0.6987036354097291,2882531.185785678,0.37489692620165116
Sepsis_20000_ORDERING_0.4_5.xes,288534,16,20000,14.4267,185,27,33162,920,0.046,9.12134393280336,0.7873335922838675,42339.73146129206,0.6987036354097291,2882531.185785678,0.37489692620165116
RTFMS_2000_INSERTION_10.0_2.xes,7658,109,2000,3.829,11,169,990,179,0.0895,3.7456271864067965,0.6077109446708695,42339.73146129206,0.6987036354097291,2882531.185785678,0.37489692620165116
RTFMS_1000_SUBSTITUTION_4.0_5.xes,3785,26,1000,3.785,10,43,526,57,0.057,3.7192807192807193,0.5983278580241012,42339.73146129206,0.6987036354097291,2882531.185785678,0.37489692620165116
BPIC2012_10000_SUBSTITUTION_0.1_4.xes,198864,29,10000,19.8864,175,38,16243,2513,0.2513,8.18028197180282,0.7535430083153171,42339.73146129206,0.6987036354097291,2882531.185785678,0.37489692620165116
BPIC2012_10000_MIXED_4.0_1.xes,198855,114,10000,19.8855,175,142,16504,2747,0.2747,8.183081691830816,0.7517350203532909,42339.73146129206,0.6987036354097291,2882531.185785678,0.37489692620165116
RTFMS_100000_INSERTION_0.4_3.xes,373519,191,100000,3.73519,17,300,24228,438,0.00438,3.6817231827681725,0.5923674958489871,42339.73146129206,0.6987036354097291,2882531.185785678,0.37489692620165116
BPIC2012_4000_SUBSTITUTION_0.2_4.xes,79203,29,4000,19.80075,175,37,7628,1370,0.3425,8.178705323669083,0.7552272325934068,42339.73146129206,0.6987036354097291,2882531.185785678,0.37489692620165116
RTFMS_4000_MIXED_10.0_1.xes,14913,105,4000,3.72825,12,151,1771,249,0.06225,3.665583604098975,0.6065145886764461,42339.73146129206,0.6987036354097291,2882531.185785678,0.37489692620165116
RTFMS_40000_ORDERING_0.1_2.xes,148998,11,40000,3.72495,16,16,10816,136,0.0034,3.6725081872953176,0.602318089515629,42339.73146129206,0.6987036354097291,2882531.185785678,0.37489692620165116
BPIC2012_10000_MIXED_10.0_2.xes,198848,258,10000,19.8848,175,343,16775,3093,0.3093,8.184781521847816,0.7521683262191856,42339.73146129206,0.6987036354097291,2882531.185785678,0.37489692620165116
RTFMS_20000_MIXED_0.4_3.xes,74693,28,20000,3.73465,12,40,6018,142,0.0071,3.6822658867056646,0.5939845934675497,42339.73146129206,0.6987036354097291,2882531.185785678,0.37489692620165116
BPIC2012_10000_SUBSTITUTION_4.0_4.xes,198864,224,10000,19.8864,175,315,16502,2804,0.2804,8.185981401859815,0.7517901250053136,42339.73146129206,0.6987036354097291,2882531.185785678,0.37489692620165116
Sepsis_20000_MIXED_10.0_5.xes,288530,507,20000,14.4265,185,873,34094,2672,0.1336,9.116994150292486,0.7802241317354879,42339.73146129206,0.6987036354097291,2882531.185785678,0.37489692620165116
BPIC2012_100000_MIXED_1.0_1.xes,1996900,250,100000,19.969,175,335,115305,5085,0.05085,8.157548424515754,0.7512937297592926,42339.73146129206,0.6987036354097291,2882531.185785678,0.37489692620165116
RTFMS_20000_ABSENCE_10.0_2.xes,72702,11,20000,3.6351,12,24,6572,145,0.00725,3.585170741462927,0.605356260338553,42339.73146129206,0.6987036354097291,2882531.185785678,0.37489692620165116
RTFMS_100000_ABSENCE_1.0_4.xes,372119,11,100000,3.72119,17,17,24377,214,0.00214,3.6692733072669275,0.6021953717973811,42339.73146129206,0.6987036354097291,2882531.185785678,0.37489692620165116
Sepsis_10000_SUBSTITUTION_0.4_2.xes,142645,36,10000,14.2645,185,72,18269,886,0.0886,9.078092190780922,0.7807289283044615,42339.73146129206,0.6987036354097291,2882531.185785678,0.37489692620165116
RTFMS_20000_MIXED_2.0_3.xes,74675,103,20000,3.73375,12,146,6210,282,0.0141,3.6794160291985403,0.5952374463457439,42339.73146129206,0.6987036354097291,2882531.185785678,0.37489692620165116
BPIC2012_4000_ABSENCE_4.0_5.xes,79043,24,4000,19.76075,175,33,7669,1426,0.3565,8.1552111972007,0.7561082410165609,42339.73146129206,0.6987036354097291,2882531.185785678,0.37489692620165116
RTFMS_10000_MIXED_1.0_2.xes,37503,35,10000,3.7503,12,59,3360,125,0.0125,3.6971302869713027,0.5938697672796923,42339.73146129206,0.6987036354097291,2882531.185785678,0.37489692620165116
BPIC2012_4000_MIXED_2.0_4.xes,79189,44,4000,19.79725,175,54,7674,1408,0.352,8.17845538615346,0.7540437551197654,42339.73146129206,0.6987036354097291,2882531.185785678,0.37489692620165116
Sepsis_100000_ORDERING_4.0_3.xes,1449819,16,100000,14.49819,185,13,129329,4022,0.04022,9.14379856201438,0.7887760745765726,42339.73146129206,0.6987036354097291,2882531.185785678,0.37489692620165116
Sepsis_20000_ABSENCE_0.1_1.xes,288514,16,20000,14.4257,185,30,33132,866,0.0433,9.120543972801359,0.7872465925450726,42339.73146129206,0.6987036354097291,2882531.185785678,0.37489692620165116
BPIC2012_100000_MIXED_0.4_4.xes,1996891,120,100000,19.96891,175,180,114900,4670,0.0467,8.156828431715683,0.7513319255899013,42339.73146129206,0.6987036354097291,2882531.185785678,0.37489692620165116
Sepsis_2000_MIXED_1.0_4.xes,28390,23,2000,14.195,185,42,4657,764,0.382,9.063968015992003,0.7842071828531194,42339.73146129206,0.6987036354097291,2882531.185785678,0.37489692620165116
RTFMS_10000_MIXED_10.0_1.xes,37473,256,10000,3.7473,12,368,3858,499,0.0499,3.680831916808319,0.6077191254699272,42339.73146129206,0.6987036354097291,2882531.185785678,0.37489692620165116
BPIC2012_4000_MIXED_10.0_3.xes,79219,131,4000,19.80475,175,193,7845,1594,0.3985,8.190702324418895,0.7539636850501056,42339.73146129206,0.6987036354097291,2882531.185785678,0.37489692620165116
RTFMS_20000_SUBSTITUTION_2.0_1.xes,74702,209,20000,3.7351,12,293,6205,362,0.0181,3.6768661566921654,0.5955311053545123,42339.73146129206,0.6987036354097291,2882531.185785678,0.37489692620165116
Sepsis_40000_ABSENCE_0.4_3.xes,579306,16,40000,14.48265,185,29,59541,990,0.02475,9.128871778205545,0.7875018405080386,42339.73146129206,0.6987036354097291,2882531.185785678,0.37489692620165116
Sepsis_2000_INSERTION_1.0_3.xes,28407,26,2000,14.2035,185,49,4659,762,0.381,9.067966016991504,0.7832566654805658,42339.73146129206,0.6987036354097291,2882531.185785678,0.37489692620165116
RTFMS_40000_MIXED_2.0_3.xes,148967,198,40000,3.724175,16,272,11292,474,0.01185,3.6690332741681457,0.5952388234562412,42339.73146129206,0.6987036354097291,2882531.185785678,0.37489692620165116
BPIC2012_20000_SUBSTITUTION_0.2_2.xes,396166,45,20000,19.8083,175,60,28898,3545,0.17725,8.136993150342484,0.7520606081978434,42339.73146129206,0.6987036354097291,2882531.185785678,0.37489692620165116
Sepsis_1000_MIXED_10.0_2.xes,13896,45,1000,13.896,118,74,2605,599,0.599,9.02997002997003,0.783547463035851,42339.73146129206,0.6987036354097291,2882531.185785678,0.37489692620165116
Sepsis_40000_MIXED_10.0_1.xes,579502,995,40000,14.48755,185,1717,61590,4449,0.111225,9.12947176320592,0.7804650038069364,42339.73146129206,0.6987036354097291,2882531.185785678,0.37489692620165116
BPIC2012_2000_MIXED_0.1_5.xes,38879,25,2000,19.4395,159,27,4303,778,0.389,8.08095952023988,0.7570250679797342,42339.73146129206,0.6987036354097291,2882531.185785678,0.37489692620165116
Sepsis_2000_SUBSTITUTION_0.1_5.xes,28387,17,2000,14.1935,185,31,4656,748,0.374,9.062468765617192,0.7876807805897844,42339.73146129206,0.6987036354097291,2882531.185785678,0.37489692620165116
BPIC2012_1000_ORDERING_0.1_4.xes,19595,24,1000,19.595,159,30,2495,430,0.43,8.098901098901099,0.7548574508637054,42339.73146129206,0.6987036354097291,2882531.185785678,0.37489692620165116
RTFMS_40000_MIXED_4.0_2.xes,149025,414,40000,3.725625,16,563,11736,779,0.019475,3.6671833204169895,0.598730262208075,42339.73146129206,0.6987036354097291,2882531.185785678,0.37489692620165116
BPIC2012_2000_SUBSTITUTION_0.1_5.xes,38878,26,2000,19.439,159,27,4306,777,0.3885,8.081459270364817,0.7568068898503864,42339.73146129206,0.6987036354097291,2882531.185785678,0.37489692620165116
BPIC2012_2000_ORDERING_1.0_1.xes,38878,24,2000,19.439,159,25,4320,783,0.3915,8.080459770114942,0.7573409072883683,42339.73146129206,0.6987036354097291,2882531.185785678,0.37489692620165116
BPIC2012_20000_ORDERING_1.0_2.xes,396166,24,20000,19.8083,175,37,29044,3589,0.17945,8.136493175341233,0.754664628337746,42339.73146129206,0.6987036354097291,2882531.185785678,0.37489692620165116
RTFMS_20000_MIXED_10.0_1.xes,74695,506,20000,3.73475,12,714,7062,866,0.0433,3.6672166391680414,0.6084915315560679,42339.73146129206,0.6987036354097291,2882531.185785678,0.37489692620165116
BPIC2012_4000_MIXED_0.4_4.xes,79198,29,4000,19.7995,175,36,7619,1375,0.34375,8.17820544863784,0.7552389678644817,42339.73146129206,0.6987036354097291,2882531.185785678,0.37489692620165116
RTFMS_40000_INSERTION_2.0_4.xes,149798,401,40000,3.74495,16,612,11282,654,0.01635,3.686132846678833,0.5958551072053396,42339.73146129206,0.6987036354097291,2882531.185785678,0.37489692620165116
BPIC2012_1000_MIXED_0.2_3.xes,19597,26,1000,19.597,159,31,2495,432,0.432,8.1008991008991,0.7543869662630164,42339.73146129206,0.6987036354097291,2882531.185785678,0.37489692620165116
BPIC2012_2000_MIXED_4.0_4.xes,38864,44,2000,19.432,159,53,4351,815,0.4075,8.081459270364817,0.7552350787167589,42339.73146129206,0.6987036354097291,2882531.185785678,0.37489692620165116
Sepsis_100000_INSERTION_0.1_2.xes,1449919,62,100000,14.49919,185,117,126868,946,0.00946,9.14438855611444,0.7793102889054996,42339.73146129206,0.6987036354097291,2882531.185785678,0.37489692620165116
Sepsis_100000_ORDERING_2.0_3.xes,1449819,16,100000,14.49819,185,17,127937,2508,0.02508,9.14379856201438,0.7882407759794496,42339.73146129206,0.6987036354097291,2882531.185785678,0.37489692620165116
Sepsis_1000_ABSENCE_10.0_5.xes,13800,16,1000,13.8,118,24,2570,603,0.603,8.955044955044954,0.7898750313708383,42339.73146129206,0.6987036354097291,2882531.185785678,0.37489692620165116
RTFMS_40000_ORDERING_0.4_2.xes,148998,11,40000,3.72495,16,14,10920,152,0.0038,3.6725081872953176,0.6031053233959882,42339.73146129206,0.6987036354097291,2882531.185785678,0.37489692620165116
BPIC2012_4000_INSERTION_4.0_5.xes,79363,97,4000,19.84075,175,146,7736,1478,0.3695,8.20569857535616,0.753711072543335,42339.73146129206,0.6987036354097291,2882531.185785678,0.37489692620165116
Sepsis_10000_ORDERING_0.1_3.xes,142645,16,10000,14.2645,185,29,18298,855,0.0855,9.078692130786921,0.7879193770837856,42339.73146129206,0.6987036354097291,2882531.185785678,0.37489692620165116
RTFMS_100000_INSERTION_2.0_5.xes,375119,939,100000,3.75119,17,1406,25248,1331,0.01331,3.692513074869251,0.595518121668668,42339.73146129206,0.6987036354097291,2882531.185785678,0.37489692620165116
Sepsis_20000_MIXED_0.4_2.xes,288533,41,20000,14.42665,185,70,33204,924,0.0462,9.12134393280336,0.7796736227440005,42339.73146129206,0.6987036354097291,2882531.185785678,0.37489692620165116
BPIC2012_1000_SUBSTITUTION_0.2_2.xes,19595,24,1000,19.595,159,30,2495,431,0.431,8.097902097902098,0.754849157381532,42339.73146129206,0.6987036354097291,2882531.185785678,0.37489692620165116
Sepsis_1000_ABSENCE_0.2_3.xes,13898,16,1000,13.898,118,25,2563,541,0.541,9.02997002997003,0.7894314756478342,42339.73146129206,0.6987036354097291,2882531.185785678,0.37489692620165116
RTFMS_2000_SUBSTITUTION_0.2_1.xes,7458,13,2000,3.729,11,23,876,38,0.019,3.6806596701649177,0.5962609434403556,42339.73146129206,0.6987036354097291,2882531.185785678,0.37489692620165116
Sepsis_100000_ABSENCE_10.0_3.xes,1439819,16,100000,14.39819,185,32,129072,5824,0.05824,9.069669303306966,0.7881605053697249,42339.73146129206,0.6987036354097291,2882531.185785678,0.37489692620165116
RTFMS_20000_INSERTION_1.0_2.xes,74902,109,20000,3.7451,12,171,6081,234,0.0117,3.689565521723914,0.5937171461637951,42339.73146129206,0.6987036354097291,2882531.185785678,0.37489692620165116
Sepsis_2000_ORDERING_0.4_2.xes,28387,16,2000,14.1935,185,33,4665,752,0.376,9.061969015492254,0.7888413504849849,42339.73146129206,0.6987036354097291,2882531.185785678,0.37489692620165116
RTFMS_20000_ABSENCE_0.4_1.xes,74622,11,20000,3.7311,12,24,5986,107,0.00535,3.679266036698165,0.602036773345064,42339.73146129206,0.6987036354097291,2882531.185785678,0.37489692620165116
RTFMS_40000_MIXED_2.0_2.xes,149020,205,40000,3.7255,16,281,11286,482,0.01205,3.6699082522936926,0.5951748460134502,42339.73146129206,0.6987036354097291,2882531.185785678,0.37489692620165116
Sepsis_10000_SUBSTITUTION_10.0_4.xes,142645,483,10000,14.2645,185,820,18797,1819,0.1819,9.073492650734927,0.7814667830620754,42339.73146129206,0.6987036354097291,2882531.185785678,0.37489692620165116
RTFMS_20000_SUBSTITUTION_0.2_4.xes,74702,29,20000,3.7351,12,48,5978,126,0.0063,3.6825158742062896,0.5934971333313106,42339.73146129206,0.6987036354097291,2882531.185785678,0.37489692620165116
BPIC2012_40000_ABSENCE_0.4_2.xes,799279,24,40000,19.981975,175,35,52351,4264,0.1066,8.169895752606186,0.7544983724037375,42339.73146129206,0.6987036354097291,2882531.185785678,0.37489692620165116
Sepsis_40000_ORDERING_1.0_5.xes,579466,16,40000,14.48665,185,24,59832,1194,0.02985,9.132046698832529,0.7877516657785009,42339.73146129206,0.6987036354097291,2882531.185785678,0.37489692620165116
RTFMS_100000_ORDERING_0.1_1.xes,373119,11,100000,3.73119,17,10,24077,208,0.00208,3.6791232087679124,0.6020228779483585,42339.73146129206,0.6987036354097291,2882531.185785678,0.37489692620165116
RTFMS_40000_ABSENCE_0.2_4.xes,148918,11,40000,3.72295,16,21,10798,135,0.003375,3.670508237294068,0.6021496528410633,42339.73146129206,0.6987036354097291,2882531.185785678,0.37489692620165116
BPIC2012_100000_INSERTION_0.1_1.xes,1996992,71,100000,19.96992,175,96,114667,4457,0.04457,8.157348426515735,0.7515669194872258,42339.73146129206,0.6987036354097291,2882531.185785678,0.37489692620165116
Sepsis_2000_ABSENCE_2.0_3.xes,28347,16,2000,14.1735,185,29,4653,775,0.3875,9.046476761619191,0.788761825390302,42339.73146129206,0.6987036354097291,2882531.185785678,0.37489692620165116
Sepsis_20000_INSERTION_0.4_3.xes,288614,53,20000,14.4307,185,104,33195,924,0.0462,9.123593820308985,0.7791442959185286,42339.73146129206,0.6987036354097291,2882531.185785678,0.37489692620165116
RTFMS_20000_MIXED_4.0_3.xes,74671,198,20000,3.73355,12,273,6461,445,0.02225,3.6762161891905403,0.5984730323155922,42339.73146129206,0.6987036354097291,2882531.185785678,0.37489692620165116
BPIC2012_1000_INSERTION_10.0_4.xes,19695,80,1000,19.695,159,119,2537,491,0.491,8.168831168831169,0.7533568827714214,42339.73146129206,0.6987036354097291,2882531.185785678,0.37489692620165116
RTFMS_1000_MIXED_2.0_2.xes,3788,16,1000,3.788,10,28,515,42,0.042,3.733266733266733,0.5974090068354317,42339.73146129206,0.6987036354097291,2882531.185785678,0.37489692620165116
Sepsis_40000_ORDERING_1.0_4.xes,579466,16,40000,14.48665,185,23,59778,1198,0.02995,9.132046698832529,0.7877480454167267,42339.73146129206,0.6987036354097291,2882531.185785678,0.37489692620165116
RTFMS_1000_ABSENCE_2.0_1.xes,3765,11,1000,3.765,10,20,507,34,0.034,3.717282717282717,0.5993740656811091,42339.73146129206,0.6987036354097291,2882531.185785678,0.37489692620165116
Sepsis_4000_MIXED_4.0_5.xes,57012,54,4000,14.253,185,104,8480,972,0.243,9.08222944263934,0.7816094538785424,42339.73146129206,0.6987036354097291,2882531.185785678,0.37489692620165116
RTFMS_10000_SUBSTITUTION_4.0_1.xes,37497,209,10000,3.7497,12,295,3539,338,0.0338,3.6855314468553146,0.5989574642135953,42339.73146129206,0.6987036354097291,2882531.185785678,0.37489692620165116
Sepsis_1000_ABSENCE_4.0_3.xes,13860,16,1000,13.86,118,25,2567,562,0.562,9.000999000999,0.789576530936361,42339.73146129206,0.6987036354097291,2882531.185785678,0.37489692620165116
Sepsis_1000_INSERTION_2.0_3.xes,13920,26,1000,13.92,118,45,2567,551,0.551,9.043956043956044,0.7842137542436134,42339.73146129206,0.6987036354097291,2882531.185785678,0.37489692620165116
RTFMS_1000_MIXED_0.4_4.xes,3784,12,1000,3.784,10,20,501,30,0.03,3.733266733266733,0.5985390756319802,42339.73146129206,0.6987036354097291,2882531.185785678,0.37489692620165116
BPIC2012_4000_ABSENCE_0.2_2.xes,79195,24,4000,19.79875,175,26,7646,1369,0.34225,8.176705823544115,0.7563079192263219,42339.73146129206,0.6987036354097291,2882531.185785678,0.37489692620165116
RTFMS_100000_ORDERING_0.4_3.xes,373119,11,100000,3.73119,17,9,24323,221,0.00221,3.6791232087679124,0.6028568887414101,42339.73146129206,0.6987036354097291,2882531.185785678,0.37489692620165116
RTFMS_1000_SUBSTITUTION_0.1_2.xes,3785,12,1000,3.785,10,21,500,27,0.027,3.7352647352647352,0.5981447755567493,42339.73146129206,0.6987036354097291,2882531.185785678,0.37489692620165116
RTFMS_20000_MIXED_1.0_3.xes,74686,62,20000,3.7343,12,89,6087,199,0.00995,3.681365931703415,0.5938230479006181,42339.73146129206,0.6987036354097291,2882531.185785678,0.37489692620165116
Sepsis_40000_ORDERING_0.4_3.xes,579466,16,40000,14.48665,185,20,59653,986,0.02465,9.132046698832529,0.7875982757708364,42339.73146129206,0.6987036354097291,2882531.185785678,0.37489692620165116
Sepsis_2000_MIXED_1.0_2.xes,28385,21,2000,14.1925,185,38,4676,762,0.381,9.061469265367316,0.7850518981443979,42339.73146129206,0.6987036354097291,2882531.185785678,0.37489692620165116
Sepsis_10000_MIXED_0.1_5.xes,142648,17,10000,14.2648,185,31,18264,855,0.0855,9.078592140785922,0.7868545108120957,42339.73146129206,0.6987036354097291,2882531.185785678,0.37489692620165116
Sepsis_20000_INSERTION_1.0_5.xes,288734,116,20000,14.4367,185,212,33294,1045,0.05225,9.127493625318735,0.7786650649524023,42339.73146129206,0.6987036354097291,2882531.185785678,0.37489692620165116
BPIC2012_10000_MIXED_0.1_5.xes,198866,28,10000,19.8866,175,30,16268,2512,0.2512,8.17998200179982,0.7537210150465943,42339.73146129206,0.6987036354097291,2882531.185785678,0.37489692620165116
BPIC2012_2000_MIXED_0.2_4.xes,38876,25,2000,19.438,159,27,4309,778,0.389,8.079960019990004,0.7570372898766919,42339.73146129206,0.6987036354097291,2882531.185785678,0.37489692620165116
RTFMS_100000_SUBSTITUTION_0.1_4.xes,373119,57,100000,3.73119,17,77,24032,242,0.00242,3.6787532124678752,0.5920569644709432,42339.73146129206,0.6987036354097291,2882531.185785678,0.37489692620165116
RTFMS_4000_ORDERING_0.4_1.xes,14915,11,4000,3.72875,12,18,1539,57,0.01425,3.6805798550362407,0.6001209729872279,42339.73146129206,0.6987036354097291,2882531.185785678,0.37489692620165116
RTFMS_10000_MIXED_1.0_1.xes,37508,39,10000,3.7508,12,67,3375,138,0.0138,3.697830216978302,0.5939000834723105,42339.73146129206,0.6987036354097291,2882531.185785678,0.37489692620165116
Sepsis_40000_SUBSTITUTION_1.0_3.xes,579466,219,40000,14.48665,185,373,59756,1232,0.0308,9.13169670758231,0.7787912882708019,42339.73146129206,0.6987036354097291,2882531.185785678,0.37489692620165116
RTFMS_1000_ORDERING_0.4_1.xes,3785,11,1000,3.785,10,19,503,30,0.03,3.7352647352647352,0.6005647894422995,42339.73146129206,0.6987036354097291,2882531.185785678,0.37489692620165116
BPIC2012_2000_INSERTION_2.0_1.xes,38918,42,2000,19.459,159,49,4326,804,0.402,8.09295352323838,0.7552457298347524,42339.73146129206,0.6987036354097291,2882531.185785678,0.37489692620165116
Sepsis_4000_ABSENCE_0.4_1.xes,56992,16,4000,14.248,185,30,8427,843,0.21075,9.080479880029992,0.7891241538728531,42339.73146129206,0.6987036354097291,2882531.185785678,0.37489692620165116
Sepsis_4000_SUBSTITUTION_1.0_4.xes,57008,31,4000,14.252,185,54,8443,867,0.21675,9.08222944263934,0.7826903650704995,42339.73146129206,0.6987036354097291,2882531.185785678,0.37489692620165116
RTFMS_100000_ORDERING_1.0_5.xes,373119,11,100000,3.73119,17,11,24759,262,0.00262,3.6791232087679124,0.6043135457756342,42339.73146129206,0.6987036354097291,2882531.185785678,0.37489692620165116
RTFMS_20000_MIXED_1.0_4.xes,74697,51,20000,3.73485,12,83,6087,198,0.0099,3.681065946702665,0.5938330214271452,42339.73146129206,0.6987036354097291,2882531.185785678,0.37489692620165116
Sepsis_1000_SUBSTITUTION_0.4_3.xes,13900,18,1000,13.9,118,28,2551,543,0.543,9.03096903096903,0.7875822320334727,42339.73146129206,0.6987036354097291,2882531.185785678,0.37489692620165116
RTFMS_10000_ORDERING_0.1_1.xes,37497,11,10000,3.7497,12,20,3301,75,0.0075,3.698130186981302,0.6017481126194357,42339.73146129206,0.6987036354097291,2882531.185785678,0.37489692620165116
Sepsis_20000_ORDERING_0.2_1.xes,288534,16,20000,14.4267,185,27,33169,886,0.0443,9.12134393280336,0.7872856551469036,42339.73146129206,0.6987036354097291,2882531.185785678,0.37489692620165116
BPIC2012_40000_INSERTION_10.0_1.xes,803439,1832,40000,20.085975,175,2463,54582,7316,0.1829,8.237694057648559,0.7526382672976879,42339.73146129206,0.6987036354097291,2882531.185785678,0.37489692620165116
BPIC2012_2000_INSERTION_4.0_4.xes,38958,65,2000,19.479,159,91,4362,828,0.414,8.106446776611694,0.7548976732665287,42339.73146129206,0.6987036354097291,2882531.185785678,0.37489692620165116
Sepsis_1000_MIXED_0.4_3.xes,13896,16,1000,13.896,118,25,2556,540,0.54,9.027972027972028,0.7894264943896879,42339.73146129206,0.6987036354097291,2882531.185785678,0.37489692620165116
RTFMS_2000_ORDERING_4.0_3.xes,7458,11,2000,3.729,11,14,937,58,0.029,3.6816591704147927,0.6092571849776964,42339.73146129206,0.6987036354097291,2882531.185785678,0.37489692620165116
RTFMS_10000_INSERTION_1.0_5.xes,37597,65,10000,3.7597,12,104,3359,146,0.0146,3.704729527047295,0.5935659861842382,42339.73146129206,0.6987036354097291,2882531.185785678,0.37489692620165116
BPIC2012_2000_INSERTION_0.2_3.xes,38882,26,2000,19.441,159,27,4319,778,0.389,8.081959020489755,0.756826179514837,42339.73146129206,0.6987036354097291,2882531.185785678,0.37489692620165116
RTFMS_1000_ABSENCE_10.0_4.xes,3685,11,1000,3.685,10,22,537,42,0.042,3.635364635364635,0.6043772918697485,42339.73146129206,0.6987036354097291,2882531.185785678,0.37489692620165116
BPIC2012_20000_ORDERING_10.0_3.xes,396166,24,20000,19.8083,175,42,30156,4225,0.21125,8.136493175341233,0.7555877429598119,42339.73146129206,0.6987036354097291,2882531.185785678,0.37489692620165116
Sepsis_20000_SUBSTITUTION_1.0_2.xes,288534,115,20000,14.4267,185,219,33301,1042,0.0521,9.120693965301735,0.7786713605705136,42339.73146129206,0.6987036354097291,2882531.185785678,0.37489692620165116
RTFMS_40000_SUBSTITUTION_1.0_1.xes,148998,209,40000,3.72495,16,290,11025,391,0.009775,3.669358266043349,0.5937570749805569,42339.73146129206,0.6987036354097291,2882531.185785678,0.37489692620165116
BPIC2012_4000_SUBSTITUTION_4.0_3.xes,79203,102,4000,19.80075,175,164,7735,1476,0.369,8.18470382404399,0.7535306830614692,42339.73146129206,0.6987036354097291,2882531.185785678,0.37489692620165116
Sepsis_2000_MIXED_10.0_1.xes,28410,69,2000,14.205,185,123,4757,913,0.4565,9.063468265867067,0.7823899012121545,42339.73146129206,0.6987036354097291,2882531.185785678,0.37489692620165116
Sepsis_1000_ABSENCE_0.1_5.xes,13899,16,1000,13.899,118,25,2559,541,0.541,9.03096903096903,0.7894237633534371,42339.73146129206,0.6987036354097291,2882531.185785678,0.37489692620165116
BPIC2012_2000_MIXED_2.0_2.xes,38867,32,2000,19.4335,159,45,4342,801,0.4005,8.077961019490255,0.7559073939747565,42339.73146129206,0.6987036354097291,2882531.185785678,0.37489692620165116
Sepsis_1000_ABSENCE_10.0_2.xes,13800,16,1000,13.8,117,23,2571,594,0.594,8.953046953046954,0.7897381190188055,42339.73146129206,0.6987036354097291,2882531.185785678,0.37489692620165116
BPIC2012_20000_INSERTION_0.2_2.xes,396206,45,20000,19.8103,175,51,28878,3545,0.17725,8.137693115344232,0.7520619821195431,42339.73146129206,0.6987036354097291,2882531.185785678,0.37489692620165116
BPIC2012_2000_INSERTION_4.0_1.xes,38958,59,2000,19.479,159,80,4348,832,0.416,8.105447276361819,0.755002962326915,42339.73146129206,0.6987036354097291,2882531.185785678,0.37489692620165116
RTFMS_4000_INSERTION_4.0_2.xes,15075,89,4000,3.76875,12,145,1637,160,0.04,3.705323669082729,0.5971130971740679,42339.73146129206,0.6987036354097291,2882531.185785678,0.37489692620165116
BPIC2012_2000_ORDERING_1.0_2.xes,38878,24,2000,19.439,159,23,4325,785,0.3925,8.080459770114942,0.7574489330795442,42339.73146129206,0.6987036354097291,2882531.185785678,0.37489692620165116
BPIC2012_2000_SUBSTITUTION_10.0_5.xes,38878,142,2000,19.439,159,196,4426,900,0.45,8.103948025987007,0.7555716131974702,42339.73146129206,0.6987036354097291,2882531.185785678,0.37489692620165116
RTFMS_10000_MIXED_2.0_3.xes,37481,62,10000,3.7481,12,95,3429,175,0.0175,3.6945305469453054,0.595288454920953,42339.73146129206,0.6987036354097291,2882531.185785678,0.37489692620165116
RTFMS_1000_MIXED_10.0_3.xes,3773,34,1000,3.773,10,50,568,87,0.087,3.71028971028971,0.6094069369654362,42339.73146129206,0.6987036354097291,2882531.185785678,0.37489692620165116
BPIC2012_10000_INSERTION_0.4_4.xes,198904,43,10000,19.8904,175,59,16270,2536,0.2536,8.182581741825818,0.7522839763525165,42339.73146129206,0.6987036354097291,2882531.185785678,0.37489692620165116
RTFMS_40000_MIXED_0.1_5.xes,148998,19,40000,3.72495,16,25,10775,150,0.00375,3.672308192295193,0.5953512440892448,42339.73146129206,0.6987036354097291,2882531.185785678,0.37489692620165116
BPIC2012_100000_ORDERING_10.0_5.xes,1996892,24,100000,19.96892,175,22,120818,8086,0.08086,8.156708432915671,0.7556689464406292,42339.73146129206,0.6987036354097291,2882531.185785678,0.37489692620165116
RTFMS_1000_MIXED_0.2_5.xes,3785,11,1000,3.785,10,19,501,28,0.028,3.7352647352647352,0.6000638301265955,42339.73146129206,0.6987036354097291,2882531.185785678,0.37489692620165116
BPIC2012_100000_ABSENCE_0.1_3.xes,1996792,24,100000,19.96792,175,34,114698,4427,0.04427,8.156018439815602,0.754662676500472,42339.73146129206,0.6987036354097291,2882531.185785678,0.37489692620165116
RTFMS_100000_MIXED_10.0_3.xes,373059,2297,100000,3.73059,17,3282,29205,3110,0.0311,3.6631633683663165,0.6086934078085993,42339.73146129206,0.6987036354097291,2882531.185785678,0.37489692620165116
BPIC2012_2000_SUBSTITUTION_4.0_3.xes,38878,57,2000,19.439,159,99,4350,827,0.4135,8.086456771614193,0.7549712844350565,42339.73146129206,0.6987036354097291,2882531.185785678,0.37489692620165116
Sepsis_10000_INSERTION_0.2_1.xes,142665,25,10000,14.2665,185,47,18269,866,0.0866,9.07989201079892,0.7825761844166983,42339.73146129206,0.6987036354097291,2882531.185785678,0.37489692620165116
BPIC2012_10000_ORDERING_10.0_4.xes,198864,24,10000,19.8864,175,62,16935,2847,0.2847,8.17988201179882,0.7556769902271223,42339.73146129206,0.6987036354097291,2882531.185785678,0.37489692620165116
Sepsis_1000_ABSENCE_1.0_4.xes,13890,16,1000,13.89,118,25,2560,546,0.546,9.026973026973026,0.7894729071127031,42339.73146129206,0.6987036354097291,2882531.185785678,0.37489692620165116
RTFMS_4000_ORDERING_4.0_1.xes,14915,11,4000,3.72875,12,18,1670,91,0.02275,3.6805798550362407,0.6097938291261564,42339.73146129206,0.6987036354097291,2882531.185785678,0.37489692620165116
BPIC2012_20000_SUBSTITUTION_1.0_5.xes,396166,142,20000,19.8083,175,198,29027,3682,0.1841,8.138843057847108,0.7512995170890533,42339.73146129206,0.6987036354097291,2882531.185785678,0.37489692620165116
Sepsis_10000_ABSENCE_0.2_1.xes,142625,16,10000,14.2625,185,30,18238,866,0.0866,9.077092290770922,0.7879098541763127,42339.73146129206,0.6987036354097291,2882531.185785678,0.37489692620165116
RTFMS_10000_ABSENCE_1.0_5.xes,37397,11,10000,3.7397,12,27,3331,88,0.0088,3.688431156884312,0.6017957612803844,42339.73146129206,0.6987036354097291,2882531.185785678,0.37489692620165116
BPIC2012_4000_INSERTION_0.4_1.xes,79219,31,4000,19.80475,175,36,7619,1378,0.3445,8.180454886278431,0.7549655001781247,42339.73146129206,0.6987036354097291,2882531.185785678,0.37489692620165116
RTFMS_100000_ABSENCE_0.1_4.xes,373019,11,100000,3.73019,17,17,24004,188,0.00188,3.678123218767812,0.6017969023758556,42339.73146129206,0.6987036354097291,2882531.185785678,0.37489692620165116
RTFMS_100000_SUBSTITUTION_4.0_3.xes,373119,1870,100000,3.73119,17,2501,26358,2327,0.02327,3.6671133288667113,0.5992575035633577,42339.73146129206,0.6987036354097291,2882531.185785678,0.37489692620165116
BPIC2012_20000_MIXED_1.0_1.xes,396164,68,20000,19.8082,175,88,28981,3646,0.1823,8.137643117844108,0.7515806941036525,42339.73146129206,0.6987036354097291,2882531.185785678,0.37489692620165116
Sepsis_40000_ABSENCE_0.2_3.xes,579386,16,40000,14.48465,185,30,59610,918,0.02295,9.130571735706607,0.7874930535530421,42339.73146129206,0.6987036354097291,2882531.185785678,0.37489692620165116
RTFMS_10000_ABSENCE_1.0_2.xes,37397,11,10000,3.7397,12,27,3337,92,0.0092,3.688331166883312,0.6020109953462359,42339.73146129206,0.6987036354097291,2882531.185785678,0.37489692620165116
BPIC2012_10000_MIXED_2.0_2.xes,198859,74,10000,19.8859,175,117,16363,2651,0.2651,8.18048195180482,0.7516936573275756,42339.73146129206,0.6987036354097291,2882531.185785678,0.37489692620165116
Sepsis_40000_MIXED_0.2_1.xes,579477,37,40000,14.486925,185,68,59628,924,0.0231,9.132096697582561,0.7801841607870214,42339.73146129206,0.6987036354097291,2882531.185785678,0.37489692620165116
BPIC2012_40000_ABSENCE_0.1_4.xes,799399,24,40000,19.984975,175,28,52263,4191,0.104775,8.171495712607184,0.7545093443144006,42339.73146129206,0.6987036354097291,2882531.185785678,0.37489692620165116
BPIC2012_100000_INSERTION_0.1_4.xes,1996992,80,100000,19.96992,175,118,114695,4459,0.04459,8.15740842591574,0.7514827521887585,42339.73146129206,0.6987036354097291,2882531.185785678,0.37489692620165116
BPIC2012_100000_INSERTION_4.0_4.xes,2000892,1937,100000,20.00892,175,2550,117111,7615,0.07615,8.183398166018339,0.7518165360689694,42339.73146129206,0.6987036354097291,2882531.185785678,0.37489692620165116
BPIC2012_1000_SUBSTITUTION_0.2_5.xes,19595,26,1000,19.595,159,31,2496,431,0.431,8.1008991008991,0.7543884539814386,42339.73146129206,0.6987036354097291,2882531.185785678,0.37489692620165116
BPIC2012_4000_ORDERING_0.4_2.xes,79203,24,4000,19.80075,175,25,7648,1373,0.34325,8.177955511122219,0.7563877252101313,42339.73146129206,0.6987036354097291,2882531.185785678,0.37489692620165116
Sepsis_40000_MIXED_4.0_4.xes,579477,400,40000,14.486925,185,672,60436,2310,0.05775,9.130471738206545,0.7793133709127833,42339.73146129206,0.6987036354097291,2882531.185785678,0.37489692620165116
RTFMS_1000_ORDERING_10.0_5.xes,3785,11,1000,3.785,10,13,579,47,0.047,3.7352647352647352,0.623284389246404,42339.73146129206,0.6987036354097291,2882531.185785678,0.37489692620165116
Sepsis_100000_ORDERING_0.4_4.xes,1449819,16,100000,14.49819,185,23,126949,1198,0.01198,9.14379856201438,0.7878136282688161,42339.73146129206,0.6987036354097291,2882531.185785678,0.37489692620165116
RTFMS_4000_INSERTION_10.0_1.xes,15315,187,4000,3.82875,12,283,1778,318,0.0795,3.7480629842539366,0.608748641319026,42339.73146129206,0.6987036354097291,2882531.185785678,0.37489692620165116
Sepsis_40000_SUBSTITUTION_10.0_2.xes,579466,1867,40000,14.48665,185,3258,61776,4673,0.116825,9.129371765705857,0.7810342510271134,42339.73146129206,0.6987036354097291,2882531.185785678,0.37489692620165116
RTFMS_20000_INSERTION_1.0_5.xes,74902,109,20000,3.7451,12,161,6085,232,0.0116,3.689715514224289,0.5937267573451986,42339.73146129206,0.6987036354097291,2882531.185785678,0.37489692620165116
RTFMS_1000_SUBSTITUTION_0.1_4.xes,3785,11,1000,3.785,10,20,500,27,0.027,3.7352647352647352,0.5995995598352559,42339.73146129206,0.6987036354097291,2882531.185785678,0.37489692620165116
Sepsis_40000_ABSENCE_2.0_2.xes,578666,16,40000,14.46665,185,30,59709,1495,0.037375,9.116772080697983,0.7875559797965143,42339.73146129206,0.6987036354097291,2882531.185785678,0.37489692620165116
RTFMS_20000_INSERTION_0.4_3.xes,74782,49,20000,3.7391,12,81,6021,153,0.00765,3.685915704214789,0.5929766986734333,42339.73146129206,0.6987036354097291,2882531.185785678,0.37489692620165116
RTFMS_2000_ORDERING_4.0_4.xes,7458,11,2000,3.729,11,14,944,58,0.029,3.6816591704147927,0.609121900702385,42339.73146129206,0.6987036354097291,2882531.185785678,0.37489692620165116
Sepsis_2000_SUBSTITUTION_0.4_5.xes,28387,20,2000,14.1935,185,35,4648,753,0.3765,9.061969015492254,0.7854893997194758,42339.73146129206,0.6987036354097291,2882531.185785678,0.37489692620165116
RTFMS_1000_INSERTION_4.0_2.xes,3825,33,1000,3.825,10,51,530,62,0.062,3.7612387612387614,0.5980907648863493,42339.73146129206,0.6987036354097291,2882531.185785678,0.37489692620165116
RTFMS_100000_ABSENCE_4.0_3.xes,369119,11,100000,3.69119,17,17,25322,253,0.00253,3.6398636013639862,0.6031703399891969,42339.73146129206,0.6987036354097291,2882531.185785678,0.37489692620165116
BPIC2012_4000_SUBSTITUTION_4.0_1.xes,79203,116,4000,19.80075,175,167,7741,1477,0.36925,8.187703074231441,0.7535669432076355,42339.73146129206,0.6987036354097291,2882531.185785678,0.37489692620165116
Sepsis_20000_MIXED_0.1_1.xes,288539,21,20000,14.42695,185,39,33164,865,0.04325,9.121543922803859,0.7834527844776504,42339.73146129206,0.6987036354097291,2882531.185785678,0.37489692620165116
Sepsis_10000_MIXED_0.4_2.xes,142647,28,10000,14.2647,185,50,18317,885,0.0885,9.079192080791922,0.781872166510219,42339.73146129206,0.6987036354097291,2882531.185785678,0.37489692620165116
BPIC2012_100000_ABSENCE_1.0_5.xes,1995892,24,100000,19.95892,175,37,114988,4868,0.04868,8.150928490715092,0.7546301751420381,42339.73146129206,0.6987036354097291,2882531.185785678,0.37489692620165116
Sepsis_40000_ABSENCE_2.0_1.xes,578666,16,40000,14.46665,185,31,59627,1499,0.037475,9.116722081947952,0.787568614522072,42339.73146129206,0.6987036354097291,2882531.185785678,0.37489692620165116
RTFMS_1000_MIXED_2.0_3.xes,3783,14,1000,3.783,10,25,515,43,0.043,3.7302697302697303,0.5988085988855321,42339.73146129206,0.6987036354097291,2882531.185785678,0.37489692620165116
RTFMS_10000_INSERTION_4.0_1.xes,37897,187,10000,3.7897,12,282,3555,338,0.0338,3.725127487251275,0.5992689996716623,42339.73146129206,0.6987036354097291,2882531.185785678,0.37489692620165116
RTFMS_10000_ABSENCE_0.1_1.xes,37487,11,10000,3.7487,12,26,3293,74,0.0074,3.6972302769723027,0.601556138555098,42339.73146129206,0.6987036354097291,2882531.185785678,0.37489692620165116
Sepsis_10000_INSERTION_0.4_1.xes,142685,36,10000,14.2685,185,66,18283,886,0.0886,9.081391860813918,0.7807351070989643,42339.73146129206,0.6987036354097291,2882531.185785678,0.37489692620165116
RTFMS_40000_INSERTION_0.2_5.xes,149078,51,40000,3.72695,16,80,10831,185,0.004625,3.673758156046099,0.5926650619387355,42339.73146129206,0.6987036354097291,2882531.185785678,0.37489692620165116
RTFMS_4000_SUBSTITUTION_0.4_5.xes,14915,20,4000,3.72875,12,36,1540,61,0.01525,3.6795801049737564,0.5928920745114472,42339.73146129206,0.6987036354097291,2882531.185785678,0.37489692620165116
BPIC2012_1000_MIXED_0.1_4.xes,19594,24,1000,19.594,159,30,2492,431,0.431,8.097902097902098,0.7548401873637423,42339.73146129206,0.6987036354097291,2882531.185785678,0.37489692620165116
BPIC2012_10000_SUBSTITUTION_0.2_4.xes,198864,33,10000,19.8864,175,41,16262,2523,0.2523,8.17998200179982,0.7529976690150662,42339.73146129206,0.6987036354097291,2882531.185785678,0.37489692620165116
RTFMS_40000_INSERTION_0.1_2.xes,149038,33,40000,3.72595,16,50,10787,155,0.003875,3.6731581710457237,0.5931103135050393,42339.73146129206,0.6987036354097291,2882531.185785678,0.37489692620165116
RTFMS_40000_ORDERING_1.0_3.xes,148998,11,40000,3.72495,16,11,11096,171,0.004275,3.6725081872953176,0.6048190861732484,42339.73146129206,0.6987036354097291,2882531.185785678,0.37489692620165116
Sepsis_4000_ABSENCE_0.2_2.xes,57000,16,4000,14.25,185,29,8426,835,0.20875,9.082479380154961,0.7891123662406359,42339.73146129206,0.6987036354097291,2882531.185785678,0.37489692620165116
RTFMS_20000_ABSENCE_1.0_5.xes,74502,11,20000,3.7251,12,24,6018,115,0.00575,3.673366331683416,0.6022733813065898,42339.73146129206,0.6987036354097291,2882531.185785678,0.37489692620165116
Sepsis_4000_INSERTION_0.4_3.xes,57024,24,4000,14.256,185,46,8392,843,0.21075,9.086478380404898,0.7841055723671152,42339.73146129206,0.6987036354097291,2882531.185785678,0.37489692620165116
RTFMS_1000_MIXED_2.0_1.xes,3785,16,1000,3.785,10,27,517,44,0.044,3.7312687312687314,0.5983920668929574,42339.73146129206,0.6987036354097291,2882531.185785678,0.37489692620165116
BPIC2012_4000_ORDERING_1.0_1.xes,79203,24,4000,19.80075,175,31,7653,1377,0.34425,8.177955511122219,0.756375777736884,42339.73146129206,0.6987036354097291,2882531.185785678,0.37489692620165116
Sepsis_20000_ORDERING_0.4_2.xes,288534,16,20000,14.4267,185,27,33195,917,0.04585,9.12134393280336,0.787353146789449,42339.73146129206,0.6987036354097291,2882531.185785678,0.37489692620165116
Sepsis_2000_ABSENCE_4.0_1.xes,28307,16,2000,14.1535,185,28,4667,809,0.4045,9.032983508245877,0.7888340614951612,42339.73146129206,0.6987036354097291,2882531.185785678,0.37489692620165116
RTFMS_10000_ABSENCE_0.1_3.xes,37487,11,10000,3.7487,12,26,3295,73,0.0073,3.6971302869713027,0.6015944843521106,42339.73146129206,0.6987036354097291,2882531.185785678,0.37489692620165116
RTFMS_100000_SUBSTITUTION_10.0_1.xes,373119,4758,100000,3.73119,17,6435,29461,5403,0.05403,3.6493535064649354,0.6109830608850209,42339.73146129206,0.6987036354097291,2882531.185785678,0.37489692620165116
BPIC2012_1000_SUBSTITUTION_0.2_1.xes,19595,24,1000,19.595,159,29,2486,430,0.43,8.098901098901099,0.754838363297931,42339.73146129206,0.6987036354097291,2882531.185785678,0.37489692620165116
RTFMS_1000_MIXED_4.0_1.xes,3793,23,1000,3.793,10,38,533,60,0.06,3.7372627372627374,0.600567848741222,42339.73146129206,0.6987036354097291,2882531.185785678,0.37489692620165116
BPIC2012_1000_MIXED_0.4_1.xes,19596,26,1000,19.596,159,31,2484,433,0.433,8.1008991008991,0.7544371286249119,42339.73146129206,0.6987036354097291,2882531.185785678,0.37489692620165116
RTFMS_2000_SUBSTITUTION_0.1_5.xes,7458,11,2000,3.729,11,19,868,35,0.0175,3.681159420289855,0.5986863794004691,42339.73146129206,0.6987036354097291,2882531.185785678,0.37489692620165116
Sepsis_1000_ABSENCE_0.2_2.xes,13898,16,1000,13.898,118,25,2556,542,0.542,9.03096903096903,0.7894442365824694,42339.73146129206,0.6987036354097291,2882531.185785678,0.37489692620165116
Sepsis_40000_INSERTION_4.0_5.xes,581066,803,40000,14.52665,186,1398,60576,2396,0.0599,9.156971075723106,0.7794537083008837,42339.73146129206,0.6987036354097291,2882531.185785678,0.37489692620165116
BPIC2012_100000_SUBSTITUTION_0.4_5.xes,1996892,244,100000,19.96892,175,323,114936,4731,0.04731,8.157548424515754,0.7512556384332044,42339.73146129206,0.6987036354097291,2882531.185785678,0.37489692620165116
RTFMS_10000_SUBSTITUTION_0.4_3.xes,37497,25,10000,3.7497,12,47,3317,103,0.0103,3.696730326967303,0.5939715317456622,42339.73146129206,0.6987036354097291,2882531.185785678,0.37489692620165116
Sepsis_20000_ABSENCE_0.2_3.xes,288494,16,20000,14.4247,185,30,33151,882,0.0441,9.119794010299485,0.7872456860415795,42339.73146129206,0.6987036354097291,2882531.185785678,0.37489692620165116
RTFMS_4000_MIXED_0.2_4.xes,14914,13,4000,3.7285,12,25,1532,55,0.01375,3.6800799800049986,0.5965564970348454,42339.73146129206,0.6987036354097291,2882531.185785678,0.37489692620165116
RTFMS_20000_INSERTION_0.1_5.xes,74722,22,20000,3.7361,12,38,5962,109,0.00545,3.6838158092095394,0.5943811972771508,42339.73146129206,0.6987036354097291,2882531.185785678,0.37489692620165116
Sepsis_40000_ORDERING_0.1_4.xes,579466,16,40000,14.48665,185,30,59557,880,0.022,9.132046698832529,0.7875103540810018,42339.73146129206,0.6987036354097291,2882531.185785678,0.37489692620165116
Sepsis_100000_INSERTION_0.4_5.xes,1450219,225,100000,14.50219,185,403,127116,1240,0.0124,9.146328536714632,0.7788400755923881,42339.73146129206,0.6987036354097291,2882531.185785678,0.37489692620165116
Sepsis_2000_INSERTION_10.0_1.xes,28587,115,2000,14.2935,185,219,4782,921,0.4605,9.12743628185907,0.7823707573839056,42339.73146129206,0.6987036354097291,2882531.185785678,0.37489692620165116
BPIC2012_4000_ABSENCE_10.0_5.xes,78803,24,4000,19.70075,175,38,7721,1490,0.3725,8.117720569857536,0.7558513310198812,42339.73146129206,0.6987036354097291,2882531.185785678,0.37489692620165116
RTFMS_20000_ORDERING_4.0_3.xes,74702,11,20000,3.7351,12,15,6550,178,0.0089,3.6831658417079147,0.6127884757861572,42339.73146129206,0.6987036354097291,2882531.185785678,0.37489692620165116
BPIC2012_100000_MIXED_0.4_2.xes,1996895,125,100000,19.96895,175,195,114911,4660,0.0466,8.156928430715693,0.7513182643029833,42339.73146129206,0.6987036354097291,2882531.185785678,0.37489692620165116
BPIC2012_100000_ABSENCE_10.0_1.xes,1986892,24,100000,19.86892,175,43,117524,8326,0.08326,8.099369006309937,0.7543455507121466,42339.73146129206,0.6987036354097291,2882531.185785678,0.37489692620165116
Sepsis_40000_SUBSTITUTION_0.1_2.xes,579466,36,40000,14.48665,185,72,59575,886,0.02215,9.131896702582436,0.7802552889041245,42339.73146129206,0.6987036354097291,2882531.185785678,0.37489692620165116
RTFMS_100000_MIXED_0.4_3.xes,373092,103,100000,3.73092,17,140,24247,362,0.00362,3.6783732162678375,0.5923151118153295,42339.73146129206,0.6987036354097291,2882531.185785678,0.37489692620165116
BPIC2012_1000_ORDERING_2.0_3.xes,19595,24,1000,19.595,159,30,2501,439,0.439,8.098901098901099,0.7549931593493656,42339.73146129206,0.6987036354097291,2882531.185785678,0.37489692620165116
Sepsis_2000_MIXED_1.0_3.xes,28385,21,2000,14.1925,185,34,4671,764,0.382,9.059970014992503,0.7850374706718664,42339.73146129206,0.6987036354097291,2882531.185785678,0.37489692620165116
BPIC2012_10000_ORDERING_0.4_5.xes,198864,24,10000,19.8864,175,27,16286,2524,0.2524,8.17988201179882,0.7546661512259609,42339.73146129206,0.6987036354097291,2882531.185785678,0.37489692620165116
RTFMS_20000_INSERTION_0.2_2.xes,74742,33,20000,3.7371,12,53,5980,126,0.0063,3.6844657767111646,0.5931603777946239,42339.73146129206,0.6987036354097291,2882531.185785678,0.37489692620165116
RTFMS_2000_SUBSTITUTION_1.0_1.xes,7458,20,2000,3.729,11,35,871,53,0.0265,3.6776611694152925,0.5937972314682041,42339.73146129206,0.6987036354097291,2882531.185785678,0.37489692620165116
RTFMS_10000_SUBSTITUTION_1.0_2.xes,37497,63,10000,3.7497,12,95,3354,147,0.0147,3.695030496950305,0.5935948035730951,42339.73146129206,0.6987036354097291,2882531.185785678,0.37489692620165116
BPIC2012_20000_ORDERING_2.0_5.xes,396166,24,20000,19.8083,175,42,29201,3685,0.18425,8.136493175341233,0.7547510802298774,42339.73146129206,0.6987036354097291,2882531.185785678,0.37489692620165116
BPIC2012_20000_ORDERING_0.1_2.xes,396166,24,20000,19.8083,175,23,28899,3519,0.17595,8.136493175341233,0.7545566784712171,42339.73146129206,0.6987036354097291,2882531.185785678,0.37489692620165116
RTFMS_10000_ORDERING_0.2_2.xes,37497,11,10000,3.7497,12,22,3316,81,0.0081,3.698130186981302,0.6021244258489187,42339.73146129206,0.6987036354097291,2882531.185785678,0.37489692620165116
Sepsis_2000_MIXED_0.2_1.xes,28388,18,2000,14.194,185,31,4659,750,0.375,9.062468765617192,0.7868782183994053,42339.73146129206,0.6987036354097291,2882531.185785678,0.37489692620165116
BPIC2012_10000_ORDERING_10.0_1.xes,198864,24,10000,19.8864,175,58,16920,2844,0.2844,8.17988201179882,0.7556033232053784,42339.73146129206,0.6987036354097291,2882531.185785678,0.37489692620165116
Sepsis_40000_ORDERING_0.2_3.xes,579466,16,40000,14.48665,185,22,59601,918,0.02295,9.132046698832529,0.7875419960714541,42339.73146129206,0.6987036354097291,2882531.185785678,0.37489692620165116
BPIC2012_1000_MIXED_0.2_2.xes,19595,25,1000,19.595,159,34,2494,431,0.431,8.098901098901099,0.7545870504280763,42339.73146129206,0.6987036354097291,2882531.185785678,0.37489692620165116
Sepsis_4000_SUBSTITUTION_0.4_1.xes,57008,26,4000,14.252,185,47,8433,843,0.21075,9.084228942764309,0.7835635559453424,42339.73146129206,0.6987036354097291,2882531.185785678,0.37489692620165116
Sepsis_4000_INSERTION_0.2_4.xes,57016,22,4000,14.254,185,40,8404,835,0.20875,9.085728567858036,0.7848314941318855,42339.73146129206,0.6987036354097291,2882531.185785678,0.37489692620165116
BPIC2012_1000_ORDERING_0.4_5.xes,19595,24,1000,19.595,159,30,2497,431,0.431,8.098901098901099,0.7548391536682547,42339.73146129206,0.6987036354097291,2882531.185785678,0.37489692620165116
Sepsis_2000_ORDERING_0.2_4.xes,28387,16,2000,14.1935,185,29,4655,749,0.3745,9.061969015492254,0.7887246740648932,42339.73146129206,0.6987036354097291,2882531.185785678,0.37489692620165116
BPIC2012_1000_SUBSTITUTION_1.0_2.xes,19595,28,1000,19.595,159,35,2485,437,0.437,8.097902097902098,0.7539528039208209,42339.73146129206,0.6987036354097291,2882531.185785678,0.37489692620165116
Sepsis_2000_ORDERING_0.1_3.xes,28387,16,2000,14.1935,185,29,4656,747,0.3735,9.061969015492254,0.7887231649489443,42339.73146129206,0.6987036354097291,2882531.185785678,0.37489692620165116
BPIC2012_20000_SUBSTITUTION_0.1_1.xes,396166,38,20000,19.8083,175,41,28903,3527,0.17635,8.136843157842108,0.7524468753562373,42339.73146129206,0.6987036354097291,2882531.185785678,0.37489692620165116
RTFMS_10000_ABSENCE_0.2_2.xes,37477,11,10000,3.7477,12,26,3315,79,0.0079,3.696130386961304,0.6015675376565537,42339.73146129206,0.6987036354097291,2882531.185785678,0.37489692620165116
Sepsis_1000_ABSENCE_4.0_4.xes,13860,16,1000,13.86,118,26,2564,566,0.566,9.003996003996004,0.7894919209001441,42339.73146129206,0.6987036354097291,2882531.185785678,0.37489692620165116
BPIC2012_4000_SUBSTITUTION_1.0_5.xes,79203,50,4000,19.80075,175,62,7643,1391,0.34775,8.180954761309673,0.7538051717826009,42339.73146129206,0.6987036354097291,2882531.185785678,0.37489692620165116
RTFMS_100000_ORDERING_0.1_4.xes,373119,11,100000,3.73119,17,10,24055,198,0.00198,3.6791232087679124,0.6020088576746886,42339.73146129206,0.6987036354097291,2882531.185785678,0.37489692620165116
RTFMS_100000_SUBSTITUTION_2.0_1.xes,373119,994,100000,3.73119,17,1361,25217,1336,0.01336,3.6733632663673363,0.5954038609747628,42339.73146129206,0.6987036354097291,2882531.185785678,0.37489692620165116
BPIC2012_100000_ORDERING_0.4_1.xes,1996892,24,100000,19.96892,175,39,114904,4564,0.04564,8.156708432915671,0.7547009880902996,42339.73146129206,0.6987036354097291,2882531.185785678,0.37489692620165116
Sepsis_2000_SUBSTITUTION_1.0_2.xes,28387,26,2000,14.1935,185,52,4679,763,0.3815,9.059470264867565,0.7832739121041641,42339.73146129206,0.6987036354097291,2882531.185785678,0.37489692620165116
Sepsis_100000_SUBSTITUTION_0.1_4.xes,1449819,63,100000,14.49819,185,106,126873,946,0.00946,9.143738562614374,0.7792956485469189,42339.73146129206,0.6987036354097291,2882531.185785678,0.37489692620165116
BPIC2012_100000_SUBSTITUTION_0.4_1.xes,1996892,225,100000,19.96892,175,301,114922,4712,0.04712,8.157448425515744,0.751250758087151,42339.73146129206,0.6987036354097291,2882531.185785678,0.37489692620165116
RTFMS_1000_SUBSTITUTION_10.0_5.xes,3785,54,1000,3.785,10,82,555,99,0.099,3.7002997002997002,0.6077145274567275,42339.73146129206,0.6987036354097291,2882531.185785678,0.37489692620165116
RTFMS_2000_INSERTION_4.0_4.xes,7538,46,2000,3.769,11,76,915,95,0.0475,3.708645677161419,0.5971890361510589,42339.73146129206,0.6987036354097291,2882531.185785678,0.37489692620165116
BPIC2012_10000_MIXED_0.1_2.xes,198862,28,10000,19.8862,175,34,16266,2513,0.2513,8.17978202179782,0.7537212423199797,42339.73146129206,0.6987036354097291,2882531.185785678,0.37489692620165116
Sepsis_4000_ORDERING_10.0_3.xes,57008,16,4000,14.252,185,18,8616,1157,0.28925,9.083979005248688,0.7918030421851898,42339.73146129206,0.6987036354097291,2882531.185785678,0.37489692620165116
Sepsis_1000_INSERTION_0.2_4.xes,13902,18,1000,13.902,118,28,2556,542,0.542,9.033966033966035,0.7875464554765315,42339.73146129206,0.6987036354097291,2882531.185785678,0.37489692620165116
BPIC2012_4000_INSERTION_0.4_5.xes,79219,29,4000,19.80475,175,34,7647,1378,0.3445,8.180204948762809,0.7552606362929282,42339.73146129206,0.6987036354097291,2882531.185785678,0.37489692620165116
Sepsis_1000_MIXED_2.0_2.xes,13898,21,1000,13.898,118,34,2571,553,0.553,9.03096903096903,0.7859870991058429,42339.73146129206,0.6987036354097291,2882531.185785678,0.37489692620165116
Sepsis_10000_ORDERING_0.2_1.xes,142645,16,10000,14.2645,185,27,18283,866,0.0866,9.078692130786921,0.7879470179479425,42339.73146129206,0.6987036354097291,2882531.185785678,0.37489692620165116
RTFMS_100000_ORDERING_1.0_3.xes,373119,11,100000,3.73119,17,11,24769,267,0.00267,3.6791232087679124,0.6044407358047835,42339.73146129206,0.6987036354097291,2882531.185785678,0.37489692620165116
RTFMS_2000_MIXED_10.0_4.xes,7453,51,2000,3.7265,11,86,981,142,0.071,3.660669665167416,0.6060374783410909,42339.73146129206,0.6987036354097291,2882531.185785678,0.37489692620165116
RTFMS_20000_ORDERING_0.4_5.xes,74702,11,20000,3.7351,12,15,6027,109,0.00545,3.6831658417079147,0.6028550027524768,42339.73146129206,0.6987036354097291,2882531.185785678,0.37489692620165116
Sepsis_2000_SUBSTITUTION_2.0_3.xes,28387,37,2000,14.1935,185,69,4675,782,0.391,9.060969515242379,0.7818085529337259,42339.73146129206,0.6987036354097291,2882531.185785678,0.37489692620165116
BPIC2012_1000_ABSENCE_4.0_5.xes,19555,24,1000,19.555,159,33,2485,444,0.444,8.073926073926074,0.7545517821040999,42339.73146129206,0.6987036354097291,2882531.185785678,0.37489692620165116
RTFMS_4000_MIXED_0.4_5.xes,14915,13,4000,3.72875,12,25,1541,61,0.01525,3.6798300424893777,0.597182646351839,42339.73146129206,0.6987036354097291,2882531.185785678,0.37489692620165116
RTFMS_40000_INSERTION_4.0_1.xes,150598,738,40000,3.76495,16,1117,11753,1062,0.02655,3.6994075148121297,0.599752190162344,42339.73146129206,0.6987036354097291,2882531.185785678,0.37489692620165116
Sepsis_1000_MIXED_4.0_5.xes,13899,25,1000,13.899,118,45,2590,562,0.562,9.026973026973026,0.7846196737506052,42339.73146129206,0.6987036354097291,2882531.185785678,0.37489692620165116
Sepsis_10000_MIXED_1.0_4.xes,142645,39,10000,14.2645,185,65,18298,942,0.0942,9.077892210778922,0.780565435823309,42339.73146129206,0.6987036354097291,2882531.185785678,0.37489692620165116
Sepsis_20000_MIXED_1.0_1.xes,288557,69,20000,14.42785,185,123,33266,1040,0.052,9.121493925303735,0.7789471082667957,42339.73146129206,0.6987036354097291,2882531.185785678,0.37489692620165116
BPIC2012_100000_ABSENCE_4.0_3.xes,1992892,24,100000,19.92892,175,39,115998,6171,0.06171,8.133738662613373,0.7545513901318913,42339.73146129206,0.6987036354097291,2882531.185785678,0.37489692620165116
Sepsis_2000_ABSENCE_4.0_2.xes,28307,16,2000,14.1535,185,29,4658,801,0.4005,9.03048475762119,0.788778402698949,42339.73146129206,0.6987036354097291,2882531.185785678,0.37489692620165116
RTFMS_4000_ABSENCE_2.0_4.xes,14835,11,4000,3.70875,12,26,1566,62,0.0155,3.6605848537865535,0.6002819842510561,42339.73146129206,0.6987036354097291,2882531.185785678,0.37489692620165116
RTFMS_4000_SUBSTITUTION_0.2_3.xes,14915,15,4000,3.72875,12,31,1524,56,0.014,3.6795801049737564,0.5949123121814044,42339.73146129206,0.6987036354097291,2882531.185785678,0.37489692620165116
Sepsis_100000_ORDERING_2.0_1.xes,1449819,16,100000,14.49819,185,17,128103,2502,0.02502,9.14379856201438,0.78822729741009,42339.73146129206,0.6987036354097291,2882531.185785678,0.37489692620165116
BPIC2012_100000_ORDERING_10.0_3.xes,1996892,24,100000,19.96892,175,27,120814,8023,0.08023,8.156708432915671,0.7556834065019611,42339.73146129206,0.6987036354097291,2882531.185785678,0.37489692620165116
Sepsis_40000_INSERTION_2.0_2.xes,580266,397,40000,14.50665,185,710,60066,1632,0.0408,9.144046398840029,0.7789706823188678,42339.73146129206,0.6987036354097291,2882531.185785678,0.37489692620165116
Sepsis_4000_MIXED_0.4_1.xes,57011,20,4000,14.25275,185,38,8438,841,0.21025,9.08472881779555,0.7859451527696786,42339.73146129206,0.6987036354097291,2882531.185785678,0.37489692620165116
Sepsis_100000_ORDERING_10.0_3.xes,1449819,16,100000,14.49819,185,11,133196,8146,0.08146,9.14379856201438,0.790343907730024,42339.73146129206,0.6987036354097291,2882531.185785678,0.37489692620165116
Sepsis_1000_SUBSTITUTION_10.0_2.xes,13900,66,1000,13.9,118,117,2613,605,0.605,9.023976023976024,0.7835527657649974,42339.73146129206,0.6987036354097291,2882531.185785678,0.37489692620165116
Sepsis_20000_SUBSTITUTION_0.2_1.xes,288534,39,20000,14.4267,185,65,33154,886,0.0443,9.121293935303235,0.7797904930265557,42339.73146129206,0.6987036354097291,2882531.185785678,0.37489692620165116
Sepsis_1000_ORDERING_1.0_5.xes,13900,16,1000,13.9,118,26,2571,546,0.546,9.031968031968033,0.7897647701814474,42339.73146129206,0.6987036354097291,2882531.185785678,0.37489692620165116
RTFMS_2000.xes,7458,11,2000,3.729,11,19,864,34,0.017,3.6816591704147927,0.5985479679089194,42339.73146129206,0.6987036354097291,2882531.185785678,0.37489692620165116
Sepsis_2000_INSERTION_1.0_1.xes,28407,25,2000,14.2035,185,48,4666,762,0.381,9.067966016991504,0.7835512609110628,42339.73146129206,0.6987036354097291,2882531.185785678,0.37489692620165116
BPIC2012_2000_ABSENCE_10.0_1.xes,38678,24,2000,19.339,159,34,4350,836,0.418,8.020489755122439,0.7570950224769877,42339.73146129206,0.6987036354097291,2882531.185785678,0.37489692620165116
BPIC2012_10000_ORDERING_4.0_2.xes,198864,24,10000,19.8864,175,44,16510,2635,0.2635,8.17988201179882,0.7550368461802563,42339.73146129206,0.6987036354097291,2882531.185785678,0.37489692620165116
BPIC2012_20000_ABSENCE_0.1_1.xes,396146,24,20000,19.8073,175,30,28896,3529,0.17645,8.135793210339482,0.7545437566984676,42339.73146129206,0.6987036354097291,2882531.185785678,0.37489692620165116
BPIC2012_20000_INSERTION_0.4_3.xes,396246,60,20000,19.8123,175,93,28914,3577,0.17885,8.139043047847608,0.7516473482352716,42339.73146129206,0.6987036354097291,2882531.185785678,0.37489692620165116
Sepsis_4000_INSERTION_0.4_5.xes,57024,23,4000,14.256,185,44,8426,843,0.21075,9.085978505373657,0.7844741040751051,42339.73146129206,0.6987036354097291,2882531.185785678,0.37489692620165116
RTFMS_100000_ABSENCE_2.0_5.xes,371119,11,100000,3.71119,17,17,24736,223,0.00223,3.6594434055659444,0.6025093155183171,42339.73146129206,0.6987036354097291,2882531.185785678,0.37489692620165116
BPIC2012_100000_ORDERING_0.1_5.xes,1996892,24,100000,19.96892,175,25,114731,4425,0.04425,8.156708432915671,0.754671863534851,42339.73146129206,0.6987036354097291,2882531.185785678,0.37489692620165116
BPIC2012_40000_MIXED_0.1_3.xes,799442,37,40000,19.98605,175,42,52343,4204,0.1051,8.172270693232669,0.7524863263074031,42339.73146129206,0.6987036354097291,2882531.185785678,0.37489692620165116
RTFMS_4000_SUBSTITUTION_4.0_3.xes,14915,83,4000,3.72875,12,132,1619,166,0.0415,3.6685828542864285,0.5965827855441674,42339.73146129206,0.6987036354097291,2882531.185785678,0.37489692620165116
BPIC2012_1000_INSERTION_0.2_1.xes,19597,24,1000,19.597,159,29,2485,431,0.431,8.098901098901099,0.754833433046675,42339.73146129206,0.6987036354097291,2882531.185785678,0.37489692620165116
Sepsis_40000_ORDERING_0.1_2.xes,579466,16,40000,14.48665,185,30,59610,883,0.022075,9.132046698832529,0.7875096422393745,42339.73146129206,0.6987036354097291,2882531.185785678,0.37489692620165116
BPIC2012_4000_ABSENCE_0.4_5.xes,79187,24,4000,19.79675,175,27,7621,1374,0.3435,8.176205948512871,0.756304346723383,42339.73146129206,0.6987036354097291,2882531.185785678,0.37489692620165116
BPIC2012_40000_INSERTION_0.1_1.xes,799479,42,40000,19.986975,175,51,52308,4202,0.10505,8.172770680732981,0.7521611274351417,42339.73146129206,0.6987036354097291,2882531.185785678,0.37489692620165116
RTFMS_10000_INSERTION_2.0_2.xes,37697,109,10000,3.7697,12,174,3428,210,0.021,3.710928907109289,0.5952818834533986,42339.73146129206,0.6987036354097291,2882531.185785678,0.37489692620165116
Sepsis_20000_SUBSTITUTION_0.2_2.xes,288534,36,20000,14.4267,185,72,33160,886,0.0443,9.12104394780261,0.7800446417664832,42339.73146129206,0.6987036354097291,2882531.185785678,0.37489692620165116
BPIC2012_1000_ORDERING_4.0_5.xes,19595,24,1000,19.595,159,29,2512,446,0.446,8.098901098901099,0.7550728611580769,42339.73146129206,0.6987036354097291,2882531.185785678,0.37489692620165116
BPIC2012_40000_ABSENCE_0.1_1.xes,799399,24,40000,19.984975,175,32,52335,4198,0.10495,8.171545711357217,0.7545145206325126,42339.73146129206,0.6987036354097291,2882531.185785678,0.37489692620165116
BPIC2012_20000_ABSENCE_0.4_5.xes,396086,24,20000,19.8043,175,32,28911,3556,0.1778,8.134343282835859,0.7545165994960322,42339.73146129206,0.6987036354097291,2882531.185785678,0.37489692620165116
RTFMS_2000_ORDERING_0.2_1.xes,7458,11,2000,3.729,11,19,870,38,0.019,3.6816591704147927,0.5990898431631496,42339.73146129206,0.6987036354097291,2882531.185785678,0.37489692620165116
RTFMS_10000_MIXED_1.0_4.xes,37485,31,10000,3.7485,12,57,3363,122,0.0122,3.6952304769523048,0.5939531948654226,42339.73146129206,0.6987036354097291,2882531.185785678,0.37489692620165116
RTFMS_10000_INSERTION_0.4_1.xes,37537,29,10000,3.7537,12,53,3322,106,0.0106,3.7014298570142987,0.5935798720601773,42339.73146129206,0.6987036354097291,2882531.185785678,0.37489692620165116
Sepsis_1000_INSERTION_10.0_2.xes,14000,62,1000,14.0,119,113,2625,611,0.611,9.090909090909092,0.7833559708104063,42339.73146129206,0.6987036354097291,2882531.185785678,0.37489692620165116
RTFMS_2000_ORDERING_2.0_4.xes,7458,11,2000,3.729,11,17,905,53,0.0265,3.6816591704147927,0.6039192244443968,42339.73146129206,0.6987036354097291,2882531.185785678,0.37489692620165116
RTFMS_2000_ABSENCE_1.0_5.xes,7438,11,2000,3.719,11,22,871,45,0.0225,3.6721639180409795,0.598970886114292,42339.73146129206,0.6987036354097291,2882531.185785678,0.37489692620165116
Sepsis_100000_SUBSTITUTION_0.4_1.xes,1449819,225,100000,14.49819,185,402,126987,1241,0.01241,9.143778562214377,0.7788498396530673,42339.73146129206,0.6987036354097291,2882531.185785678,0.37489692620165116
Sepsis_20000_ORDERING_4.0_1.xes,288534,16,20000,14.4267,185,20,33577,1534,0.0767,9.12134393280336,0.7882451883016599,42339.73146129206,0.6987036354097291,2882531.185785678,0.37489692620165116
RTFMS_100000_ABSENCE_2.0_2.xes,371119,11,100000,3.71119,17,17,24747,227,0.00227,3.6595234047659524,0.6024386403303779,42339.73146129206,0.6987036354097291,2882531.185785678,0.37489692620165116
BPIC2012_1000_INSERTION_4.0_1.xes,19635,42,1000,19.635,159,52,2506,456,0.456,8.123876123876125,0.753153919338349,42339.73146129206,0.6987036354097291,2882531.185785678,0.37489692620165116
Sepsis_40000_INSERTION_0.1_4.xes,579506,41,40000,14.48765,185,79,59635,886,0.02215,9.132721681957952,0.7798520538588395,42339.73146129206,0.6987036354097291,2882531.185785678,0.37489692620165116
RTFMS_40000_ORDERING_2.0_5.xes,148998,11,40000,3.72495,16,12,11366,204,0.0051,3.6725081872953176,0.6070988506240089,42339.73146129206,0.6987036354097291,2882531.185785678,0.37489692620165116
BPIC2012_1000_SUBSTITUTION_4.0_1.xes,19595,48,1000,19.595,159,53,2499,454,0.454,8.110889110889111,0.7528493076032199,42339.73146129206,0.6987036354097291,2882531.185785678,0.37489692620165116
RTFMS_100000_MIXED_4.0_3.xes,373078,926,100000,3.73078,17,1318,26299,1490,0.0149,3.6724432755672445,0.5984246939269056,42339.73146129206,0.6987036354097291,2882531.185785678,0.37489692620165116
BPIC2012_100000_INSERTION_2.0_1.xes,1998892,911,100000,19.98892,175,1250,115953,6014,0.06014,8.169578304216957,0.7514822765269301,42339.73146129206,0.6987036354097291,2882531.185785678,0.37489692620165116
Sepsis_2000_MIXED_0.2_5.xes,28388,16,2000,14.194,185,29,4663,749,0.3745,9.061469265367316,0.7886882397316544,42339.73146129206,0.6987036354097291,2882531.185785678,0.37489692620165116
RTFMS_4000_ABSENCE_0.2_5.xes,14907,11,4000,3.72675,12,24,1524,55,0.01375,3.678580354911272,0.5993041390749079,42339.73146129206,0.6987036354097291,2882531.185785678,0.37489692620165116
RTFMS_4000_ABSENCE_4.0_1.xes,14755,11,4000,3.68875,12,26,1581,67,0.01675,3.64158960259935,0.6008525728480196,42339.73146129206,0.6987036354097291,2882531.185785678,0.37489692620165116
RTFMS_40000_SUBSTITUTION_2.0_3.xes,148998,379,40000,3.72495,16,506,11257,608,0.0152,3.6664083397915053,0.5956431895014886,42339.73146129206,0.6987036354097291,2882531.185785678,0.37489692620165116
RTFMS_10000_MIXED_1.0_3.xes,37485,34,10000,3.7485,12,55,3359,128,0.0128,3.6956304369563044,0.5942594667483716,42339.73146129206,0.6987036354097291,2882531.185785678,0.37489692620165116
RTFMS_2000_ABSENCE_2.0_2.xes,7418,11,2000,3.709,11,21,879,48,0.024,3.6616691654172913,0.5994516083994605,42339.73146129206,0.6987036354097291,2882531.185785678,0.37489692620165116
Sepsis_4000_INSERTION_0.1_1.xes,57012,18,4000,14.253,185,35,8431,830,0.2075,9.08472881779555,0.7871997321038688,42339.73146129206,0.6987036354097291,2882531.185785678,0.37489692620165116
RTFMS_1000_MIXED_0.1_4.xes,3785,12,1000,3.785,10,21,501,27,0.027,3.7352647352647352,0.5981447755567495,42339.73146129206,0.6987036354097291,2882531.185785678,0.37489692620165116
BPIC2012_40000_MIXED_4.0_3.xes,799449,443,40000,19.986225,175,590,53283,5308,0.1327,8.176170595735107,0.7514214452330377,42339.73146129206,0.6987036354097291,2882531.185785678,0.37489692620165116
RTFMS_40000_INSERTION_0.4_5.xes,149158,93,40000,3.72895,16,135,10869,237,0.005925,3.675158121046974,0.5927291647075753,42339.73146129206,0.6987036354097291,2882531.185785678,0.37489692620165116
Sepsis_4000_SUBSTITUTION_4.0_4.xes,57008,89,4000,14.252,185,154,8511,986,0.2465,9.083229192701825,0.7813697897623872,42339.73146129206,0.6987036354097291,2882531.185785678,0.37489692620165116
Sepsis_10000_MIXED_0.2_3.xes,142643,21,10000,14.2643,185,35,18291,866,0.0866,9.078292170782921,0.7841042241142484,42339.73146129206,0.6987036354097291,2882531.185785678,0.37489692620165116
Sepsis_10000_MIXED_0.2_2.xes,142643,21,10000,14.2643,185,39,18274,866,0.0866,9.078592140785922,0.7841070344479631,42339.73146129206,0.6987036354097291,2882531.185785678,0.37489692620165116
RTFMS_100000_ABSENCE_0.2_2.xes,372919,11,100000,3.72919,17,17,24045,197,0.00197,3.6771532284677155,0.6018239467074593,42339.73146129206,0.6987036354097291,2882531.185785678,0.37489692620165116
BPIC2012_4000_INSERTION_2.0_5.xes,79283,57,4000,19.82075,175,81,7670,1420,0.355,8.190452386903274,0.7537924104849165,42339.73146129206,0.6987036354097291,2882531.185785678,0.37489692620165116
Sepsis_4000_MIXED_10.0_4.xes,57004,113,4000,14.251,185,193,8598,1196,0.299,9.078730317420645,0.7823724716368551,42339.73146129206,0.6987036354097291,2882531.185785678,0.37489692620165116
RTFMS_20000_INSERTION_10.0_4.xes,76702,938,20000,3.8351,12,1457,7156,1247,0.06235,3.7500124993750314,0.6111008406238945,42339.73146129206,0.6987036354097291,2882531.185785678,0.37489692620165116
BPIC2012_2000_SUBSTITUTION_1.0_2.xes,38878,35,2000,19.439,159,39,4306,788,0.394,8.081459270364817,0.7555704205654451,42339.73146129206,0.6987036354097291,2882531.185785678,0.37489692620165116
Sepsis_2000_ABSENCE_4.0_4.xes,28307,16,2000,14.1535,185,30,4658,812,0.406,9.03448275862069,0.7888854982015333,42339.73146129206,0.6987036354097291,2882531.185785678,0.37489692620165116
Sepsis_1000_ABSENCE_4.0_2.xes,13860,16,1000,13.86,118,24,2568,561,0.561,9.003996003996004,0.7895636864082058,42339.73146129206,0.6987036354097291,2882531.185785678,0.37489692620165116
RTFMS_20000_ORDERING_10.0_4.xes,74702,11,20000,3.7351,12,12,7189,208,0.0104,3.6831658417079147,0.6274668979496574,42339.73146129206,0.6987036354097291,2882531.185785678,0.37489692620165116
RTFMS_100000_ORDERING_10.0_1.xes,373119,11,100000,3.73119,17,11,29295,443,0.00443,3.6791232087679124,0.6273107559176123,42339.73146129206,0.6987036354097291,2882531.185785678,0.37489692620165116
RTFMS_2000_ABSENCE_10.0_3.xes,7258,11,2000,3.629,11,22,938,58,0.029,3.5827086456771613,0.6032041994597852,42339.73146129206,0.6987036354097291,2882531.185785678,0.37489692620165116
RTFMS_1000_ORDERING_1.0_3.xes,3785,11,1000,3.785,10,19,514,34,0.034,3.7352647352647352,0.6025960285258325,42339.73146129206,0.6987036354097291,2882531.185785678,0.37489692620165116
BPIC2012_100000_MIXED_4.0_5.xes,1996934,1020,100000,19.96934,175,1343,117055,7081,0.07081,8.16008839911601,0.7515623679463027,42339.73146129206,0.6987036354097291,2882531.185785678,0.37489692620165116
BPIC2012_1000_MIXED_2.0_3.xes,19598,31,1000,19.598,159,40,2503,445,0.445,8.102897102897103,0.7535406675657891,42339.73146129206,0.6987036354097291,2882531.185785678,0.37489692620165116
Sepsis_1000_SUBSTITUTION_4.0_1.xes,13900,39,1000,13.9,118,62,2577,571,0.571,9.03096903096903,0.7829748674590511,42339.73146129206,0.6987036354097291,2882531.185785678,0.37489692620165116
Sepsis_10000_SUBSTITUTION_0.1_3.xes,142645,22,10000,14.2645,185,41,18279,856,0.0856,9.078592140785922,0.7836303621532231,42339.73146129206,0.6987036354097291,2882531.185785678,0.37489692620165116
BPIC2012_4000_ORDERING_1.0_4.xes,79203,24,4000,19.80075,175,31,7652,1380,0.345,8.177955511122219,0.7564012411281569,42339.73146129206,0.6987036354097291,2882531.185785678,0.37489692620165116
Sepsis_40000_ABSENCE_0.2_4.xes,579386,16,40000,14.48465,185,31,59498,923,0.023075,9.13067173320667,0.7874914526840536,42339.73146129206,0.6987036354097291,2882531.185785678,0.37489692620165116
RTFMS_40000_ORDERING_0.4_3.xes,148998,11,40000,3.72495,16,12,10901,154,0.00385,3.6725081872953176,0.6030920952812965,42339.73146129206,0.6987036354097291,2882531.185785678,0.37489692620165116
BPIC2012_20000_SUBSTITUTION_4.0_4.xes,396166,434,20000,19.8083,175,557,29354,4174,0.2087,8.144242787860607,0.7517114638539691,42339.73146129206,0.6987036354097291,2882531.185785678,0.37489692620165116
BPIC2012_10000_INSERTION_2.0_5.xes,199064,114,10000,19.9064,175,170,16391,2660,0.266,8.193280671932806,0.7516294682028427,42339.73146129206,0.6987036354097291,2882531.185785678,0.37489692620165116
RTFMS_1000_INSERTION_0.4_1.xes,3789,12,1000,3.789,10,21,504,30,0.03,3.7382617382617385,0.5986834498307447,42339.73146129206,0.6987036354097291,2882531.185785678,0.37489692620165116
Sepsis_20000_INSERTION_4.0_2.xes,289334,397,20000,14.4667,185,710,33692,1632,0.0816,9.145342732863357,0.779215238423285,42339.73146129206,0.6987036354097291,2882531.185785678,0.37489692620165116
Sepsis_20000_INSERTION_0.2_5.xes,288574,40,20000,14.4287,185,76,33168,886,0.0443,9.12274386280686,0.7797172003521186,42339.73146129206,0.6987036354097291,2882531.185785678,0.37489692620165116
RTFMS_40000_ABSENCE_0.2_1.xes,148918,11,40000,3.72295,16,21,10798,136,0.0034,3.6705582360440987,0.6021128934872653,42339.73146129206,0.6987036354097291,2882531.185785678,0.37489692620165116
BPIC2012_20000_ABSENCE_0.1_3.xes,396146,24,20000,19.8073,175,32,28873,3526,0.1763,8.135793210339482,0.754536252301673,42339.73146129206,0.6987036354097291,2882531.185785678,0.37489692620165116
RTFMS_40000_SUBSTITUTION_0.4_2.xes,148998,98,40000,3.72495,16,135,10862,246,0.00615,3.6713832154196147,0.5927089480031134,42339.73146129206,0.6987036354097291,2882531.185785678,0.37489692620165116
BPIC2012_1000_ORDERING_0.1_5.xes,19595,24,1000,19.595,159,30,2494,430,0.43,8.098901098901099,0.7548094752416588,42339.73146129206,0.6987036354097291,2882531.185785678,0.37489692620165116
BPIC2012_2000_ORDERING_4.0_3.xes,38878,24,2000,19.439,159,39,4365,799,0.3995,8.080459770114942,0.7576591426522131,42339.73146129206,0.6987036354097291,2882531.185785678,0.37489692620165116
BPIC2012_100000_SUBSTITUTION_10.0_4.xes,1996892,5054,100000,19.96892,175,5998,120289,12359,0.12359,8.176668233317667,0.7528034230516641,42339.73146129206,0.6987036354097291,2882531.185785678,0.37489692620165116
RTFMS_40000_MIXED_4.0_1.xes,148989,413,40000,3.724725,16,587,11728,778,0.01945,3.6663333416664585,0.5986237429900492,42339.73146129206,0.6987036354097291,2882531.185785678,0.37489692620165116
Sepsis_2000_MIXED_4.0_2.xes,28386,41,2000,14.193,185,69,4693,810,0.405,9.061969015492254,0.7817982479233045,42339.73146129206,0.6987036354097291,2882531.185785678,0.37489692620165116
BPIC2012_40000_ORDERING_1.0_2.xes,799439,24,40000,19.985975,175,46,52589,4342,0.10855,8.17214569635759,0.7546123328846529,42339.73146129206,0.6987036354097291,2882531.185785678,0.37489692620165116
BPIC2012_10000_SUBSTITUTION_1.0_2.xes,198864,75,10000,19.8864,175,103,16309,2589,0.2589,8.181581841815818,0.7516210055144993,42339.73146129206,0.6987036354097291,2882531.185785678,0.37489692620165116
Sepsis_1000_SUBSTITUTION_4.0_3.xes,13900,37,1000,13.9,118,67,2576,571,0.571,9.02997002997003,0.7830537350659088,42339.73146129206,0.6987036354097291,2882531.185785678,0.37489692620165116
RTFMS_100000_ORDERING_0.2_3.xes,373119,11,100000,3.73119,17,8,24134,209,0.00209,3.6791232087679124,0.6022855001730564,42339.73146129206,0.6987036354097291,2882531.185785678,0.37489692620165116
RTFMS_40000_MIXED_0.4_2.xes,149010,51,40000,3.72525,16,77,10862,217,0.005425,3.6720581985450362,0.5929265454855077,42339.73146129206,0.6987036354097291,2882531.185785678,0.37489692620165116
RTFMS_4000_SUBSTITUTION_2.0_5.xes,14915,46,4000,3.72875,12,75,1567,109,0.02725,3.6733316670832292,0.5934610703984535,42339.73146129206,0.6987036354097291,2882531.185785678,0.37489692620165116
RTFMS_40000_SUBSTITUTION_2.0_2.xes,148998,424,40000,3.72495,16,567,11292,656,0.0164,3.666958326041849,0.595705742725077,42339.73146129206,0.6987036354097291,2882531.185785678,0.37489692620165116
BPIC2012_2000_MIXED_2.0_1.xes,38877,38,2000,19.4385,159,41,4336,797,0.3985,8.081959020489755,0.7553411245968124,42339.73146129206,0.6987036354097291,2882531.185785678,0.37489692620165116
BPIC2012_100000_SUBSTITUTION_0.2_1.xes,1996892,133,100000,19.96892,175,195,114767,4544,0.04544,8.157108428915711,0.7512936849840277,42339.73146129206,0.6987036354097291,2882531.185785678,0.37489692620165116
Sepsis_20000_MIXED_0.2_2.xes,288536,28,20000,14.4268,185,50,33173,885,0.04425,9.121593920303985,0.7811890125990335,42339.73146129206,0.6987036354097291,2882531.185785678,0.37489692620165116
Sepsis_20000_MIXED_4.0_3.xes,288546,225,20000,14.4273,185,396,33530,1589,0.07945,9.120193990300486,0.7790873092259472,42339.73146129206,0.6987036354097291,2882531.185785678,0.37489692620165116
Sepsis_2000_INSERTION_0.2_2.xes,28391,17,2000,14.1955,185,31,4667,750,0.375,9.06296851574213,0.7876815761990892,42339.73146129206,0.6987036354097291,2882531.185785678,0.37489692620165116
BPIC2012_40000_ABSENCE_2.0_2.xes,798639,24,40000,19.965975,175,33,52582,4560,0.114,8.160470988225294,0.7544576291496832,42339.73146129206,0.6987036354097291,2882531.185785678,0.37489692620165116
RTFMS_20000_ABSENCE_4.0_3.xes,73902,11,20000,3.6951,11,23,6241,137,0.00685,3.6438678066096695,0.6033260523485214,42339.73146129206,0.6987036354097291,2882531.185785678,0.37489692620165116
RTFMS_10000_ABSENCE_0.2_1.xes,37477,11,10000,3.7477,12,26,3304,77,0.0077,3.696330366963304,0.6014946646099081,42339.73146129206,0.6987036354097291,2882531.185785678,0.37489692620165116
RTFMS_10000_ABSENCE_1.0_4.xes,37397,11,10000,3.7397,12,27,3343,85,0.0085,3.688131186881312,0.6020052510469912,42339.73146129206,0.6987036354097291,2882531.185785678,0.37489692620165116
RTFMS_10000_SUBSTITUTION_1.0_4.xes,37497,57,10000,3.7497,12,85,3367,139,0.0139,3.6944305569443054,0.5934048361739448,42339.73146129206,0.6987036354097291,2882531.185785678,0.37489692620165116
RTFMS_100000_MIXED_10.0_5.xes,373123,2309,100000,3.73123,17,3270,29217,3144,0.03144,3.6636933630663693,0.6084702864803277,42339.73146129206,0.6987036354097291,2882531.185785678,0.37489692620165116
RTFMS_40000_MIXED_2.0_1.xes,148975,201,40000,3.724375,16,285,11294,477,0.011925,3.668933276668083,0.5951730468822138,42339.73146129206,0.6987036354097291,2882531.185785678,0.37489692620165116
RTFMS_1000_INSERTION_0.2_3.xes,3787,12,1000,3.787,10,20,501,28,0.028,3.7362637362637363,0.5981593539226648,42339.73146129206,0.6987036354097291,2882531.185785678,0.37489692620165116
BPIC2012_100000_ORDERING_4.0_3.xes,1996892,24,100000,19.96892,175,36,117414,5958,0.05958,8.156708432915671,0.7550753110168631,42339.73146129206,0.6987036354097291,2882531.185785678,0.37489692620165116
BPIC2012_2000_SUBSTITUTION_0.1_4.xes,38878,24,2000,19.439,159,27,4311,777,0.3885,8.079460269865068,0.7573139825850731,42339.73146129206,0.6987036354097291,2882531.185785678,0.37489692620165116
RTFMS_40000_ABSENCE_1.0_4.xes,148598,11,40000,3.71495,16,21,10909,152,0.0038,3.6626584335391614,0.602488097551032,42339.73146129206,0.6987036354097291,2882531.185785678,0.37489692620165116
BPIC2012_20000_ORDERING_2.0_1.xes,396166,24,20000,19.8083,175,39,29190,3683,0.18415,8.136493175341233,0.7547252231445908,42339.73146129206,0.6987036354097291,2882531.185785678,0.37489692620165116
BPIC2012_10000_ABSENCE_1.0_4.xes,198764,24,10000,19.8764,175,29,16291,2547,0.2547,8.173882611738826,0.7546002232312391,42339.73146129206,0.6987036354097291,2882531.185785678,0.37489692620165116
RTFMS_40000_ORDERING_10.0_2.xes,148998,11,40000,3.72495,16,9,13082,282,0.00705,3.6725081872953176,0.6278630038016332,42339.73146129206,0.6987036354097291,2882531.185785678,0.37489692620165116
RTFMS_20000_ABSENCE_4.0_1.xes,73902,11,20000,3.6951,12,24,6220,127,0.00635,3.6440677966101696,0.6032121726055766,42339.73146129206,0.6987036354097291,2882531.185785678,0.37489692620165116
Sepsis_10000_INSERTION_0.2_2.xes,142665,24,10000,14.2665,185,41,18275,866,0.0866,9.07969203079692,0.7828857042338455,42339.73146129206,0.6987036354097291,2882531.185785678,0.37489692620165116
BPIC2012_1000_ABSENCE_0.4_1.xes,19591,24,1000,19.591,159,31,2491,433,0.433,8.095904095904096,0.7548503045992051,42339.73146129206,0.6987036354097291,2882531.185785678,0.37489692620165116
RTFMS_4000_MIXED_4.0_1.xes,14927,57,4000,3.73175,12,92,1649,154,0.0385,3.678580354911272,0.5964643415147339,42339.73146129206,0.6987036354097291,2882531.185785678,0.37489692620165116
BPIC2012_10000_SUBSTITUTION_0.4_5.xes,198864,50,10000,19.8864,175,61,16255,2533,0.2533,8.18108189181082,0.752019034855004,42339.73146129206,0.6987036354097291,2882531.185785678,0.37489692620165116
Sepsis_4000_INSERTION_4.0_4.xes,57168,94,4000,14.292,185,171,8515,979,0.24475,9.108222944263934,0.7811851996295401,42339.73146129206,0.6987036354097291,2882531.185785678,0.37489692620165116
RTFMS_1000_INSERTION_0.1_2.xes,3786,11,1000,3.786,10,18,499,27,0.027,3.7352647352647352,0.5996542942528258,42339.73146129206,0.6987036354097291,2882531.185785678,0.37489692620165116
BPIC2012_10000.xes,198864,24,10000,19.8864,175,25,16224,2503,0.2503,8.17988201179882,0.7546436403358706,42339.73146129206,0.6987036354097291,2882531.185785678,0.37489692620165116
RTFMS_10000.xes,37497,11,10000,3.7497,12,24,3273,68,0.0068,3.698130186981302,0.6015029506568216,42339.73146129206,0.6987036354097291,2882531.185785678,0.37489692620165116
BPIC2012_1000_MIXED_10.0_2.xes,19588,48,1000,19.588,159,73,2532,482,0.482,8.101898101898103,0.753163541079519,42339.73146129206,0.6987036354097291,2882531.185785678,0.37489692620165116
Sepsis_20000_ORDERING_1.0_4.xes,288534,16,20000,14.4267,185,25,33195,1023,0.05115,9.12134393280336,0.7875047055575126,42339.73146129206,0.6987036354097291,2882531.185785678,0.37489692620165116
RTFMS_1000_MIXED_10.0_1.xes,3796,39,1000,3.796,10,65,561,97,0.097,3.7322677322677325,0.6079569174397272,42339.73146129206,0.6987036354097291,2882531.185785678,0.37489692620165116
Sepsis_2000_INSERTION_2.0_3.xes,28427,36,2000,14.2135,185,67,4672,780,0.39,9.074462768615692,0.7818649769830855,42339.73146129206,0.6987036354097291,2882531.185785678,0.37489692620165116
RTFMS_1000_SUBSTITUTION_0.1_3.xes,3785,12,1000,3.785,10,20,499,27,0.027,3.7352647352647352,0.59795456618736,42339.73146129206,0.6987036354097291,2882531.185785678,0.37489692620165116
Sepsis_10000_SUBSTITUTION_4.0_3.xes,142645,219,10000,14.2645,185,373,18481,1231,0.1231,9.077292270772922,0.7799938519064051,42339.73146129206,0.6987036354097291,2882531.185785678,0.37489692620165116
RTFMS_100000_INSERTION_1.0_3.xes,374119,482,100000,3.74119,17,724,24629,794,0.00794,3.6856531434685653,0.5935175224547931,42339.73146129206,0.6987036354097291,2882531.185785678,0.37489692620165116
Sepsis_100000_INSERTION_1.0_4.xes,1450819,490,100000,14.50819,186,848,127300,1828,0.01828,9.149848501514985,0.7789456069088216,42339.73146129206,0.6987036354097291,2882531.185785678,0.37489692620165116
Sepsis_100000_SUBSTITUTION_10.0_2.xes,1449819,4656,100000,14.49819,185,8059,132395,10153,0.10153,9.141868581314187,0.7812506894199636,42339.73146129206,0.6987036354097291,2882531.185785678,0.37489692620165116
BPIC2012_40000_MIXED_0.4_3.xes,799439,64,40000,19.985975,175,94,52441,4305,0.107625,8.172545686357841,0.7515294205414078,42339.73146129206,0.6987036354097291,2882531.185785678,0.37489692620165116
Sepsis_1000_INSERTION_4.0_3.xes,13940,36,1000,13.94,118,64,2572,565,0.565,9.056943056943057,0.7830613538915506,42339.73146129206,0.6987036354097291,2882531.185785678,0.37489692620165116
RTFMS_40000_ORDERING_0.4_1.xes,148998,11,40000,3.72495,16,14,10897,165,0.004125,3.6725081872953176,0.6031076267396585,42339.73146129206,0.6987036354097291,2882531.185785678,0.37489692620165116
BPIC2012_2000_ORDERING_2.0_3.xes,38878,24,2000,19.439,159,25,4332,789,0.3945,8.080459770114942,0.7574574851807825,42339.73146129206,0.6987036354097291,2882531.185785678,0.37489692620165116
BPIC2012_1000_ORDERING_2.0_1.xes,19595,24,1000,19.595,159,29,2492,437,0.437,8.098901098901099,0.7549219561271374,42339.73146129206,0.6987036354097291,2882531.185785678,0.37489692620165116
RTFMS_1000_SUBSTITUTION_4.0_1.xes,3785,29,1000,3.785,10,49,521,59,0.059,3.7202797202797204,0.5987204344016839,42339.73146129206,0.6987036354097291,2882531.185785678,0.37489692620165116
RTFMS_4000_INSERTION_0.2_3.xes,14923,16,4000,3.73075,12,32,1527,55,0.01375,3.6820794801299677,0.5942819722840899,42339.73146129206,0.6987036354097291,2882531.185785678,0.37489692620165116
BPIC2012_1000_INSERTION_0.1_5.xes,19596,24,1000,19.596,159,29,2492,431,0.431,8.0999000999001,0.754852405420187,42339.73146129206,0.6987036354097291,2882531.185785678,0.37489692620165116
BPIC2012_4000_INSERTION_4.0_2.xes,79363,96,4000,19.84075,175,146,7756,1470,0.3675,8.202449387653086,0.7536120292503163,42339.73146129206,0.6987036354097291,2882531.185785678,0.37489692620165116
Sepsis_20000_ORDERING_0.1_2.xes,288534,16,20000,14.4267,185,33,33164,864,0.0432,9.12134393280336,0.7872648613100228,42339.73146129206,0.6987036354097291,2882531.185785678,0.37489692620165116
Sepsis_10000_SUBSTITUTION_10.0_5.xes,142645,509,10000,14.2645,185,857,18784,1826,0.1826,9.075092490750924,0.7815381663901668,42339.73146129206,0.6987036354097291,2882531.185785678,0.37489692620165116
Sepsis_4000_INSERTION_0.1_4.xes,57012,20,4000,14.253,185,37,8438,831,0.20775,9.084978755311171,0.7858261687505591,42339.73146129206,0.6987036354097291,2882531.185785678,0.37489692620165116
BPIC2012_1000_SUBSTITUTION_0.4_4.xes,19595,25,1000,19.595,159,34,2492,433,0.433,8.097902097902098,0.7545987880437082,42339.73146129206,0.6987036354097291,2882531.185785678,0.37489692620165116
BPIC2012_100000_MIXED_0.1_2.xes,1996885,48,100000,19.96885,175,69,114715,4447,0.04447,8.156738432615674,0.752034684358758,42339.73146129206,0.6987036354097291,2882531.185785678,0.37489692620165116
Sepsis_1000_SUBSTITUTION_0.4_1.xes,13900,19,1000,13.9,118,30,2559,544,0.544,9.032967032967033,0.7869650591805644,42339.73146129206,0.6987036354097291,2882531.185785678,0.37489692620165116
Sepsis_2000_SUBSTITUTION_0.1_3.xes,28387,18,2000,14.1935,185,32,4647,748,0.374,9.062468765617192,0.7868037088530957,42339.73146129206,0.6987036354097291,2882531.185785678,0.37489692620165116
RTFMS_10000_MIXED_0.2_2.xes,37500,16,10000,3.75,12,32,3310,84,0.0084,3.697930206979302,0.5964085521509905,42339.73146129206,0.6987036354097291,2882531.185785678,0.37489692620165116
RTFMS_4000_ABSENCE_10.0_4.xes,14515,11,4000,3.62875,12,26,1652,78,0.0195,3.5821044738815297,0.6036156097998606,42339.73146129206,0.6987036354097291,2882531.185785678,0.37489692620165116
Sepsis_1000_INSERTION_1.0_4.xes,13910,24,1000,13.91,118,39,2567,548,0.548,9.040959040959041,0.7845460913721732,42339.73146129206,0.6987036354097291,2882531.185785678,0.37489692620165116
BPIC2012_4000_MIXED_0.4_2.xes,79196,28,4000,19.799,175,37,7643,1378,0.3445,8.176705823544115,0.7554304436855727,42339.73146129206,0.6987036354097291,2882531.185785678,0.37489692620165116
RTFMS_20000_ORDERING_2.0_4.xes,74702,11,20000,3.7351,12,13,6272,143,0.00715,3.6831658417079147,0.6070590971181589,42339.73146129206,0.6987036354097291,2882531.185785678,0.37489692620165116
BPIC2012_20000_SUBSTITUTION_4.0_2.xes,396166,468,20000,19.8083,175,607,29349,4175,0.20875,8.145592720363982,0.7516697183476811,42339.73146129206,0.6987036354097291,2882531.185785678,0.37489692620165116
RTFMS_10000_ABSENCE_4.0_1.xes,37097,11,10000,3.7097,12,27,3454,93,0.0093,3.6588341165883413,0.6031941482566989,42339.73146129206,0.6987036354097291,2882531.185785678,0.37489692620165116
BPIC2012_4000_MIXED_4.0_3.xes,79203,64,4000,19.80075,175,94,7742,1466,0.3665,8.181954511372156,0.7536373629823713,42339.73146129206,0.6987036354097291,2882531.185785678,0.37489692620165116
Sepsis_100000_INSERTION_2.0_4.xes,1451819,965,100000,14.51819,186,1677,128057,2783,0.02783,9.156028439715604,0.7791819508414279,42339.73146129206,0.6987036354097291,2882531.185785678,0.37489692620165116
RTFMS_100000_ORDERING_0.4_5.xes,373119,11,100000,3.73119,17,8,24317,223,0.00223,3.6791232087679124,0.6027322631730864,42339.73146129206,0.6987036354097291,2882531.185785678,0.37489692620165116
Sepsis_20000_ABSENCE_0.4_2.xes,288454,16,20000,14.4227,185,29,33160,919,0.04595,9.118194090295486,0.7872472019837562,42339.73146129206,0.6987036354097291,2882531.185785678,0.37489692620165116
Sepsis_1000_ORDERING_0.2_5.xes,13900,16,1000,13.9,118,25,2557,541,0.541,9.031968031968033,0.7895309729902071,42339.73146129206,0.6987036354097291,2882531.185785678,0.37489692620165116
Sepsis_40000_INSERTION_10.0_4.xes,583466,1880,40000,14.58665,186,3319,62001,4668,0.1167,9.192745181370466,0.7808667035802199,42339.73146129206,0.6987036354097291,2882531.185785678,0.37489692620165116
RTFMS_40000_MIXED_4.0_3.xes,148939,372,40000,3.723475,16,522,11718,729,0.018225,3.6651833704157397,0.5987840550224433,42339.73146129206,0.6987036354097291,2882531.185785678,0.37489692620165116
RTFMS_2000_SUBSTITUTION_4.0_3.xes,7458,41,2000,3.729,11,70,908,95,0.0475,3.6671664167916043,0.5963375540339726,42339.73146129206,0.6987036354097291,2882531.185785678,0.37489692620165116
Sepsis_2000_ABSENCE_0.2_1.xes,28383,16,2000,14.1915,185,29,4654,750,0.375,9.059970014992503,0.7887147105182739,42339.73146129206,0.6987036354097291,2882531.185785678,0.37489692620165116
BPIC2012_1000_SUBSTITUTION_1.0_1.xes,19595,29,1000,19.595,159,31,2497,434,0.434,8.1008991008991,0.7540258193652257,42339.73146129206,0.6987036354097291,2882531.185785678,0.37489692620165116
Sepsis_10000_SUBSTITUTION_0.2_3.xes,142645,28,10000,14.2645,185,53,18273,866,0.0866,9.078792120787922,0.7818325127001814,42339.73146129206,0.6987036354097291,2882531.185785678,0.37489692620165116
BPIC2012_100000_SUBSTITUTION_0.2_3.xes,1996892,124,100000,19.96892,175,199,114737,4552,0.04552,8.157068429315707,0.7513080351159032,42339.73146129206,0.6987036354097291,2882531.185785678,0.37489692620165116
RTFMS_2000_MIXED_0.1_1.xes,7457,11,2000,3.7285,11,19,867,36,0.018,3.681159420289855,0.5988795911800513,42339.73146129206,0.6987036354097291,2882531.185785678,0.37489692620165116
Sepsis_20000_SUBSTITUTION_4.0_1.xes,288534,415,20000,14.4267,185,704,33604,1630,0.0815,9.119994000299984,0.7792941626619363,42339.73146129206,0.6987036354097291,2882531.185785678,0.37489692620165116
BPIC2012_40000.xes,799439,24,40000,19.985975,175,28,52274,4166,0.10415,8.17214569635759,0.7545142568285493,42339.73146129206,0.6987036354097291,2882531.185785678,0.37489692620165116
Sepsis_100000_INSERTION_1.0_2.xes,1450819,488,100000,14.50819,185,866,127422,1825,0.01825,9.149818501814982,0.7789426551637266,42339.73146129206,0.6987036354097291,2882531.185785678,0.37489692620165116
Sepsis_2000_ORDERING_0.4_1.xes,28387,16,2000,14.1935,185,28,4654,752,0.376,9.061969015492254,0.7888339232683637,42339.73146129206,0.6987036354097291,2882531.185785678,0.37489692620165116
BPIC2012_20000_ORDERING_0.2_1.xes,396166,24,20000,19.8083,175,29,28877,3528,0.1764,8.136493175341233,0.7545527970078573,42339.73146129206,0.6987036354097291,2882531.185785678,0.37489692620165116
BPIC2012_1000_MIXED_0.4_5.xes,19598,27,1000,19.598,159,33,2498,431,0.431,8.101898101898103,0.7541740173944433,42339.73146129206,0.6987036354097291,2882531.185785678,0.37489692620165116
Sepsis_10000_ORDERING_0.2_3.xes,142645,16,10000,14.2645,185,28,18289,865,0.0865,9.078692130786921,0.7879493090303328,42339.73146129206,0.6987036354097291,2882531.185785678,0.37489692620165116
BPIC2012_1000_MIXED_4.0_4.xes,19582,32,1000,19.582,159,43,2495,451,0.451,8.096903096903096,0.7536127406711604,42339.73146129206,0.6987036354097291,2882531.185785678,0.37489692620165116
RTFMS_1000_ABSENCE_0.2_1.xes,3783,11,1000,3.783,10,19,499,27,0.027,3.734265734265734,0.5994339512452993,42339.73146129206,0.6987036354097291,2882531.185785678,0.37489692620165116
BPIC2012_4000_ORDERING_1.0_5.xes,79203,24,4000,19.80075,175,28,7657,1382,0.3455,8.177955511122219,0.756379245571992,42339.73146129206,0.6987036354097291,2882531.185785678,0.37489692620165116
Sepsis_4000_MIXED_10.0_2.xes,57000,119,4000,14.25,185,205,8590,1199,0.29975,9.07973006748313,0.7821613006537759,42339.73146129206,0.6987036354097291,2882531.185785678,0.37489692620165116
RTFMS_100000_MIXED_0.2_3.xes,373103,62,100000,3.73103,17,83,24109,278,0.00278,3.678763212367876,0.5921938439929244,42339.73146129206,0.6987036354097291,2882531.185785678,0.37489692620165116
Sepsis_40000_MIXED_0.4_2.xes,579464,67,40000,14.4866,185,112,59661,1001,0.025025,9.131996700082498,0.7790683343676577,42339.73146129206,0.6987036354097291,2882531.185785678,0.37489692620165116
RTFMS_4000_SUBSTITUTION_10.0_5.xes,14915,192,4000,3.72875,12,261,1756,304,0.076,3.646588352911772,0.6080908779940446,42339.73146129206,0.6987036354097291,2882531.185785678,0.37489692620165116
RTFMS_2000_ABSENCE_0.2_1.xes,7454,11,2000,3.727,11,20,863,36,0.018,3.68015992003998,0.5987680482074109,42339.73146129206,0.6987036354097291,2882531.185785678,0.37489692620165116
RTFMS_1000_ABSENCE_4.0_3.xes,3745,11,1000,3.745,10,22,517,36,0.036,3.6953046953046953,0.6006820546658987,42339.73146129206,0.6987036354097291,2882531.185785678,0.37489692620165116
BPIC2012_10000_MIXED_0.4_1.xes,198863,38,10000,19.8863,175,41,16280,2531,0.2531,8.18018198180182,0.7525612311246069,42339.73146129206,0.6987036354097291,2882531.185785678,0.37489692620165116
RTFMS_10000_ABSENCE_2.0_2.xes,37297,11,10000,3.7297,12,27,3376,94,0.0094,3.6784321567843214,0.6022666774365083,42339.73146129206,0.6987036354097291,2882531.185785678,0.37489692620165116
RTFMS_20000_MIXED_2.0_1.xes,74700,105,20000,3.735,12,146,6224,295,0.01475,3.680165991700415,0.5952357549135221,42339.73146129206,0.6987036354097291,2882531.185785678,0.37489692620165116
BPIC2012_40000_INSERTION_4.0_4.xes,801039,819,40000,20.025975,175,1099,53278,5530,0.13825,8.199095022624434,0.751658310968277,42339.73146129206,0.6987036354097291,2882531.185785678,0.37489692620165116
Sepsis_100000_SUBSTITUTION_4.0_1.xes,1449819,1875,100000,14.49819,185,3261,129240,4661,0.04661,9.142148578514215,0.7797057529885765,42339.73146129206,0.6987036354097291,2882531.185785678,0.37489692620165116
Sepsis_2000_ABSENCE_1.0_3.xes,28367,16,2000,14.1835,185,29,4641,763,0.3815,9.054472763618191,0.7887405741344824,42339.73146129206,0.6987036354097291,2882531.185785678,0.37489692620165116
Sepsis_20000_SUBSTITUTION_10.0_2.xes,288534,967,20000,14.4267,185,1668,34246,2787,0.13935,9.11874406279686,0.7808041795155106,42339.73146129206,0.6987036354097291,2882531.185785678,0.37489692620165116
BPIC2012_2000_ORDERING_0.2_5.xes,38878,24,2000,19.439,159,26,4321,778,0.389,8.080459770114942,0.7572982733430698,42339.73146129206,0.6987036354097291,2882531.185785678,0.37489692620165116
RTFMS_40000_ABSENCE_2.0_3.xes,148198,11,40000,3.70495,16,20,11089,166,0.00415,3.6528586785330366,0.6027666774072042,42339.73146129206,0.6987036354097291,2882531.185785678,0.37489692620165116
RTFMS_1000_MIXED_4.0_5.xes,3785,19,1000,3.785,10,27,526,56,0.056,3.727272727272727,0.5987465831089196,42339.73146129206,0.6987036354097291,2882531.185785678,0.37489692620165116
Sepsis_2000_ORDERING_4.0_2.xes,28387,16,2000,14.1935,185,27,4687,812,0.406,9.061969015492254,0.7898478968967722,42339.73146129206,0.6987036354097291,2882531.185785678,0.37489692620165116
Sepsis_100000_ORDERING_1.0_5.xes,1449819,16,100000,14.49819,185,15,127340,1685,0.01685,9.14379856201438,0.7879853016505096,42339.73146129206,0.6987036354097291,2882531.185785678,0.37489692620165116
RTFMS_1000_SUBSTITUTION_0.1_1.xes,3785,12,1000,3.785,10,20,504,27,0.027,3.7352647352647352,0.59795456618736,42339.73146129206,0.6987036354097291,2882531.185785678,0.37489692620165116
BPIC2012_40000_SUBSTITUTION_4.0_3.xes,799439,787,40000,19.985975,175,1000,53305,5493,0.137325,8.178445538861528,0.751647258030259,42339.73146129206,0.6987036354097291,2882531.185785678,0.37489692620165116
RTFMS_2000_SUBSTITUTION_0.4_3.xes,7458,15,2000,3.729,11,27,868,42,0.021,3.6796601699150426,0.5947398645402833,42339.73146129206,0.6987036354097291,2882531.185785678,0.37489692620165116
RTFMS_2000_ABSENCE_0.2_4.xes,7454,11,2000,3.727,11,20,874,37,0.0185,3.6796601699150426,0.5987600047808243,42339.73146129206,0.6987036354097291,2882531.185785678,0.37489692620165116
RTFMS_10000_ABSENCE_0.4_1.xes,37457,11,10000,3.7457,12,27,3308,80,0.008,3.6943305669433055,0.6015778754014071,42339.73146129206,0.6987036354097291,2882531.185785678,0.37489692620165116
Sepsis_2000_INSERTION_1.0_2.xes,28407,24,2000,14.2035,185,40,4679,764,0.382,9.06696651674163,0.7838484193639317,42339.73146129206,0.6987036354097291,2882531.185785678,0.37489692620165116
BPIC2012_10000_ORDERING_0.1_4.xes,198864,24,10000,19.8864,175,26,16241,2511,0.2511,8.17988201179882,0.7546552111880083,42339.73146129206,0.6987036354097291,2882531.185785678,0.37489692620165116
RTFMS_100000_SUBSTITUTION_1.0_5.xes,373119,465,100000,3.73119,17,630,24597,756,0.00756,3.6758632413675865,0.5934624937588736,42339.73146129206,0.6987036354097291,2882531.185785678,0.37489692620165116
BPIC2012_40000_INSERTION_0.1_5.xes,799479,39,40000,19.986975,175,50,52334,4204,0.1051,8.172770680732981,0.7523461659395263,42339.73146129206,0.6987036354097291,2882531.185785678,0.37489692620165116
RTFMS_20000_ORDERING_2.0_3.xes,74702,11,20000,3.7351,12,14,6285,142,0.0071,3.6831658417079147,0.607420999454401,42339.73146129206,0.6987036354097291,2882531.185785678,0.37489692620165116
RTFMS_40000_ABSENCE_10.0_2.xes,144998,11,40000,3.62495,16,21,11948,187,0.004675,3.5744356391090224,0.6057672623455268,42339.73146129206,0.6987036354097291,2882531.185785678,0.37489692620165116
RTFMS_2000_INSERTION_2.0_2.xes,7498,33,2000,3.749,11,51,896,70,0.035,3.6946526736631684,0.5934421809028481,42339.73146129206,0.6987036354097291,2882531.185785678,0.37489692620165116
BPIC2012_40000_SUBSTITUTION_2.0_3.xes,799439,409,40000,19.985975,175,550,52836,4850,0.12125,8.175495612609685,0.7513301275086169,42339.73146129206,0.6987036354097291,2882531.185785678,0.37489692620165116
Sepsis_1000_ORDERING_1.0_3.xes,13900,16,1000,13.9,118,23,2570,543,0.543,9.031968031968033,0.7896806658260249,42339.73146129206,0.6987036354097291,2882531.185785678,0.37489692620165116
BPIC2012_40000_MIXED_0.2_3.xes,799442,44,40000,19.98605,175,58,52331,4238,0.10595,8.172295692607685,0.7520607148016304,42339.73146129206,0.6987036354097291,2882531.185785678,0.37489692620165116
RTFMS_4000_INSERTION_4.0_3.xes,15075,88,4000,3.76875,12,141,1631,169,0.04225,3.7090727318170456,0.5974376137428691,42339.73146129206,0.6987036354097291,2882531.185785678,0.37489692620165116
Sepsis_4000_ABSENCE_4.0_4.xes,56848,16,4000,14.212,185,30,8442,975,0.24375,9.05473631592102,0.7893129417295395,42339.73146129206,0.6987036354097291,2882531.185785678,0.37489692620165116
Sepsis_40000_MIXED_10.0_4.xes,579468,969,40000,14.4867,186,1661,61537,4471,0.111775,9.127971800704982,0.7804917253660906,42339.73146129206,0.6987036354097291,2882531.185785678,0.37489692620165116
Sepsis_2000_ABSENCE_0.2_5.xes,28383,16,2000,14.1915,185,29,4663,750,0.375,9.059970014992503,0.788687099209203,42339.73146129206,0.6987036354097291,2882531.185785678,0.37489692620165116
BPIC2012_100000_SUBSTITUTION_0.1_5.xes,1996892,83,100000,19.96892,175,116,114797,4462,0.04462,8.156968430315697,0.7514622820244703,42339.73146129206,0.6987036354097291,2882531.185785678,0.37489692620165116
RTFMS_1000_ABSENCE_0.2_2.xes,3783,11,1000,3.783,10,19,500,28,0.028,3.733266733266733,0.5995525859042838,42339.73146129206,0.6987036354097291,2882531.185785678,0.37489692620165116
RTFMS_20000_ABSENCE_1.0_1.xes,74502,11,20000,3.7251,12,24,6044,112,0.0056,3.673366331683416,0.6023456712080753,42339.73146129206,0.6987036354097291,2882531.185785678,0.37489692620165116
RTFMS_2000_SUBSTITUTION_1.0_4.xes,7458,22,2000,3.729,11,35,877,53,0.0265,3.6786606696651676,0.5927186703203013,42339.73146129206,0.6987036354097291,2882531.185785678,0.37489692620165116
Sepsis_10000_ABSENCE_0.2_4.xes,142625,16,10000,14.2625,185,30,18296,865,0.0865,9.077492250774922,0.7879042719426641,42339.73146129206,0.6987036354097291,2882531.185785678,0.37489692620165116
BPIC2012_4000_INSERTION_0.2_3.xes,79211,26,4000,19.80275,175,27,7641,1372,0.343,8.178955261184704,0.7558283652478092,42339.73146129206,0.6987036354097291,2882531.185785678,0.37489692620165116
Sepsis_40000_ABSENCE_1.0_2.xes,579066,16,40000,14.47665,185,29,59566,1189,0.029725,9.12427189320267,0.7875135791412432,42339.73146129206,0.6987036354097291,2882531.185785678,0.37489692620165116
BPIC2012_20000_SUBSTITUTION_0.4_2.xes,396166,64,20000,19.8083,175,93,28954,3580,0.179,8.137093145342734,0.751577881306345,42339.73146129206,0.6987036354097291,2882531.185785678,0.37489692620165116
Sepsis_2000_MIXED_2.0_5.xes,28386,25,2000,14.193,185,48,4693,777,0.3885,9.059470264867565,0.7835942214768012,42339.73146129206,0.6987036354097291,2882531.185785678,0.37489692620165116
Sepsis_1000_ORDERING_4.0_1.xes,13900,16,1000,13.9,118,22,2573,562,0.562,9.031968031968033,0.7903900776272316,42339.73146129206,0.6987036354097291,2882531.185785678,0.37489692620165116
RTFMS_40000_ORDERING_0.1_1.xes,148998,11,40000,3.72495,16,14,10807,138,0.00345,3.6725081872953176,0.6023002144414206,42339.73146129206,0.6987036354097291,2882531.185785678,0.37489692620165116
RTFMS_2000_ABSENCE_0.4_5.xes,7450,11,2000,3.725,11,20,867,41,0.0205,3.6776611694152925,0.5987816386303368,42339.73146129206,0.6987036354097291,2882531.185785678,0.37489692620165116
Sepsis_10000_ORDERING_0.4_1.xes,142645,16,10000,14.2645,185,27,18286,886,0.0886,9.078692130786921,0.7879889560737466,42339.73146129206,0.6987036354097291,2882531.185785678,0.37489692620165116
Sepsis_20000_INSERTION_1.0_3.xes,288734,103,20000,14.4367,185,199,33253,1043,0.05215,9.127293635318233,0.7786987076011924,42339.73146129206,0.6987036354097291,2882531.185785678,0.37489692620165116
RTFMS_10000_ABSENCE_1.0_1.xes,37397,11,10000,3.7397,12,27,3331,83,0.0083,3.688331166883312,0.6020232708836515,42339.73146129206,0.6987036354097291,2882531.185785678,0.37489692620165116
Sepsis_4000_ORDERING_1.0_4.xes,57008,16,4000,14.252,185,30,8452,861,0.21525,9.083979005248688,0.7893952108006881,42339.73146129206,0.6987036354097291,2882531.185785678,0.37489692620165116
RTFMS_20000_MIXED_10.0_5.xes,74652,446,20000,3.7326,12,649,7067,806,0.0403,3.664366781660917,0.6089268249839699,42339.73146129206,0.6987036354097291,2882531.185785678,0.37489692620165116
BPIC2012_1000_SUBSTITUTION_0.2_4.xes,19595,24,1000,19.595,159,31,2493,431,0.431,8.096903096903096,0.7548698503198354,42339.73146129206,0.6987036354097291,2882531.185785678,0.37489692620165116
RTFMS_4000_ABSENCE_2.0_2.xes,14835,11,4000,3.70875,12,26,1554,69,0.01725,3.6608347913021744,0.600107960050891,42339.73146129206,0.6987036354097291,2882531.185785678,0.37489692620165116
BPIC2012_4000_ABSENCE_1.0_4.xes,79163,24,4000,19.79075,175,27,7646,1384,0.346,8.171457135716071,0.7562743639943107,42339.73146129206,0.6987036354097291,2882531.185785678,0.37489692620165116
BPIC2012_2000_ABSENCE_2.0_2.xes,38838,24,2000,19.419,159,27,4303,791,0.3955,8.065467266366817,0.7572153038934691,42339.73146129206,0.6987036354097291,2882531.185785678,0.37489692620165116
RTFMS_40000_ABSENCE_0.4_1.xes,148838,11,40000,3.72095,16,21,10819,140,0.0035,3.6686082847928803,0.6022084710398574,42339.73146129206,0.6987036354097291,2882531.185785678,0.37489692620165116
RTFMS_20000_ABSENCE_0.4_5.xes,74622,11,20000,3.7311,12,24,5990,111,0.00555,3.679266036698165,0.6020139559265798,42339.73146129206,0.6987036354097291,2882531.185785678,0.37489692620165116
RTFMS_4000_MIXED_2.0_3.xes,14906,28,4000,3.7265,12,45,1589,98,0.0245,3.6760809797550613,0.5944616199768044,42339.73146129206,0.6987036354097291,2882531.185785678,0.37489692620165116
RTFMS_40000_SUBSTITUTION_0.4_3.xes,148998,83,40000,3.72495,16,125,10854,240,0.006,3.6713082172945675,0.592709075396027,42339.73146129206,0.6987036354097291,2882531.185785678,0.37489692620165116
RTFMS_10000_INSERTION_10.0_3.xes,38497,482,10000,3.8497,12,729,3897,693,0.0693,3.7634236576342364,0.6105801333913805,42339.73146129206,0.6987036354097291,2882531.185785678,0.37489692620165116
BPIC2012_1000_SUBSTITUTION_2.0_5.xes,19595,35,1000,19.595,159,45,2504,439,0.439,8.103896103896103,0.7533182323336316,42339.73146129206,0.6987036354097291,2882531.185785678,0.37489692620165116
Sepsis_4000_ABSENCE_4.0_5.xes,56848,16,4000,14.212,185,29,8420,971,0.24275,9.054236440889778,0.7893166941194927,42339.73146129206,0.6987036354097291,2882531.185785678,0.37489692620165116
Sepsis_2000_ABSENCE_0.4_1.xes,28379,16,2000,14.1895,185,29,4655,753,0.3765,9.058470764617692,0.788707732483984,42339.73146129206,0.6987036354097291,2882531.185785678,0.37489692620165116
RTFMS_4000_ORDERING_0.2_4.xes,14915,11,4000,3.72875,12,22,1525,53,0.01325,3.6805798550362407,0.5997210300669173,42339.73146129206,0.6987036354097291,2882531.185785678,0.37489692620165116
Sepsis_1000_MIXED_10.0_1.xes,13913,42,1000,13.913,118,70,2600,604,0.604,9.036963036963037,0.784053553980807,42339.73146129206,0.6987036354097291,2882531.185785678,0.37489692620165116
Sepsis_40000_ORDERING_0.2_1.xes,579466,16,40000,14.48665,185,26,59643,922,0.02305,9.132046698832529,0.7875346694485295,42339.73146129206,0.6987036354097291,2882531.185785678,0.37489692620165116
RTFMS_10000_INSERTION_2.0_5.xes,37697,109,10000,3.7697,12,162,3426,207,0.0207,3.7112288771122888,0.5952995796543952,42339.73146129206,0.6987036354097291,2882531.185785678,0.37489692620165116
Sepsis_4000_SUBSTITUTION_0.2_3.xes,57008,21,4000,14.252,185,39,8446,835,0.20875,9.083729067733067,0.785317369917444,42339.73146129206,0.6987036354097291,2882531.185785678,0.37489692620165116
RTFMS_4000_ORDERING_1.0_4.xes,14915,11,4000,3.72875,12,21,1566,67,0.01675,3.6805798550362407,0.6018774579686262,42339.73146129206,0.6987036354097291,2882531.185785678,0.37489692620165116
RTFMS_100000_ORDERING_0.1_5.xes,373119,11,100000,3.73119,17,9,24049,192,0.00192,3.6791232087679124,0.6019945806935498,42339.73146129206,0.6987036354097291,2882531.185785678,0.37489692620165116
BPIC2012_4000_ABSENCE_0.2_4.xes,79195,24,4000,19.79875,175,27,7639,1371,0.34275,8.176705823544115,0.7563192337650637,42339.73146129206,0.6987036354097291,2882531.185785678,0.37489692620165116
BPIC2012_100000_ORDERING_2.0_5.xes,1996892,24,100000,19.96892,175,40,116186,5211,0.05211,8.156708432915671,0.7548736393075917,42339.73146129206,0.6987036354097291,2882531.185785678,0.37489692620165116
Sepsis_20000_MIXED_0.4_3.xes,288536,33,20000,14.4268,185,50,33176,924,0.0462,9.120693965301735,0.7804064056565393,42339.73146129206,0.6987036354097291,2882531.185785678,0.37489692620165116
BPIC2012_10000_INSERTION_0.1_2.xes,198874,31,10000,19.8874,175,29,16220,2513,0.2513,8.18058194180582,0.7532527392839201,42339.73146129206,0.6987036354097291,2882531.185785678,0.37489692620165116
RTFMS_2000_INSERTION_4.0_3.xes,7538,49,2000,3.769,11,79,913,97,0.0485,3.709145427286357,0.5970894671137027,42339.73146129206,0.6987036354097291,2882531.185785678,0.37489692620165116
BPIC2012_2000_SUBSTITUTION_4.0_5.xes,38878,70,2000,19.439,159,101,4355,829,0.4145,8.090454772613693,0.7549282706963532,42339.73146129206,0.6987036354097291,2882531.185785678,0.37489692620165116
Sepsis_40000_ORDERING_10.0_1.xes,579466,16,40000,14.48665,185,18,61923,4011,0.100275,9.132046698832529,0.7900380349970249,42339.73146129206,0.6987036354097291,2882531.185785678,0.37489692620165116
BPIC2012_100000_SUBSTITUTION_2.0_3.xes,1996892,990,100000,19.96892,175,1237,115928,6038,0.06038,8.159988400116,0.7514682171564514,42339.73146129206,0.6987036354097291,2882531.185785678,0.37489692620165116
Sepsis_1000_SUBSTITUTION_1.0_1.xes,13900,24,1000,13.9,118,39,2564,549,0.549,9.034965034965035,0.7847195437591858,42339.73146129206,0.6987036354097291,2882531.185785678,0.37489692620165116
RTFMS_100000_INSERTION_4.0_1.xes,377119,1863,100000,3.77119,17,2841,26437,2345,0.02345,3.7059929400705993,0.5994536823151544,42339.73146129206,0.6987036354097291,2882531.185785678,0.37489692620165116
RTFMS_1000_MIXED_0.4_3.xes,3787,12,1000,3.787,10,20,507,30,0.03,3.7352647352647352,0.5987752855848039,42339.73146129206,0.6987036354097291,2882531.185785678,0.37489692620165116
RTFMS_40000_MIXED_2.0_4.xes,149007,188,40000,3.725175,16,261,11260,464,0.0116,3.6693082672933177,0.5951922912789142,42339.73146129206,0.6987036354097291,2882531.185785678,0.37489692620165116
RTFMS_1000_ORDERING_0.2_5.xes,3785,11,1000,3.785,10,18,502,28,0.028,3.7352647352647352,0.6000016169396403,42339.73146129206,0.6987036354097291,2882531.185785678,0.37489692620165116
Sepsis_10000_MIXED_4.0_2.xes,142637,119,10000,14.2637,185,205,18432,1228,0.1228,9.076992300769923,0.7798235439416754,42339.73146129206,0.6987036354097291,2882531.185785678,0.37489692620165116
Sepsis_4000_ORDERING_4.0_2.xes,57008,16,4000,14.252,185,29,8480,967,0.24175,9.083979005248688,0.7903050122804192,42339.73146129206,0.6987036354097291,2882531.185785678,0.37489692620165116
Sepsis_40000_MIXED_0.1_1.xes,579473,27,40000,14.486825,185,52,59511,885,0.022125,9.132196695082623,0.7816263653817604,42339.73146129206,0.6987036354097291,2882531.185785678,0.37489692620165116
RTFMS_100000_INSERTION_0.1_1.xes,373219,52,100000,3.73219,17,74,24007,253,0.00253,3.679813201867981,0.5921599785336809,42339.73146129206,0.6987036354097291,2882531.185785678,0.37489692620165116
Sepsis_20000_MIXED_4.0_4.xes,288554,201,20000,14.4277,185,359,33581,1596,0.0798,9.11904404779761,0.7791155715426744,42339.73146129206,0.6987036354097291,2882531.185785678,0.37489692620165116
BPIC2012_2000_ABSENCE_10.0_2.xes,38678,24,2000,19.339,159,36,4337,838,0.419,8.02648675662169,0.7569337749935704,42339.73146129206,0.6987036354097291,2882531.185785678,0.37489692620165116
RTFMS_4000_ABSENCE_4.0_5.xes,14755,11,4000,3.68875,12,27,1573,71,0.01775,3.64158960259935,0.6005158466873162,42339.73146129206,0.6987036354097291,2882531.185785678,0.37489692620165116
RTFMS_1000_ORDERING_1.0_2.xes,3785,11,1000,3.785,10,17,511,34,0.034,3.7352647352647352,0.6024546033857912,42339.73146129206,0.6987036354097291,2882531.185785678,0.37489692620165116
RTFMS_4000_ORDERING_0.1_1.xes,14915,11,4000,3.72875,12,23,1528,52,0.013,3.6805798550362407,0.5994588493847051,42339.73146129206,0.6987036354097291,2882531.185785678,0.37489692620165116
Sepsis_100000_ORDERING_2.0_2.xes,1449819,16,100000,14.49819,185,17,127978,2479,0.02479,9.14379856201438,0.7882273409837666,42339.73146129206,0.6987036354097291,2882531.185785678,0.37489692620165116
Sepsis_1000_INSERTION_0.2_5.xes,13902,17,1000,13.902,118,27,2561,541,0.541,9.032967032967033,0.7884249393171213,42339.73146129206,0.6987036354097291,2882531.185785678,0.37489692620165116
Sepsis_2000_MIXED_4.0_1.xes,28398,37,2000,14.199,185,68,4692,816,0.408,9.06296851574213,0.782260760508233,42339.73146129206,0.6987036354097291,2882531.185785678,0.37489692620165116
Sepsis_40000_ABSENCE_1.0_4.xes,579066,16,40000,14.47665,185,31,59677,1196,0.0299,9.124821879453014,0.7875244007235815,42339.73146129206,0.6987036354097291,2882531.185785678,0.37489692620165116
RTFMS_100000_ABSENCE_0.4_1.xes,372719,11,100000,3.72719,17,17,24136,196,0.00196,3.675193248067519,0.6019164954270221,42339.73146129206,0.6987036354097291,2882531.185785678,0.37489692620165116
RTFMS_10000_SUBSTITUTION_1.0_1.xes,37497,57,10000,3.7497,12,93,3362,139,0.0139,3.6942305769423056,0.593538834351883,42339.73146129206,0.6987036354097291,2882531.185785678,0.37489692620165116
Sepsis_100000_ORDERING_0.2_1.xes,1449819,16,100000,14.49819,185,31,126846,1028,0.01028,9.14379856201438,0.7877551381292802,42339.73146129206,0.6987036354097291,2882531.185785678,0.37489692620165116
BPIC2012_2000_INSERTION_0.2_5.xes,38882,25,2000,19.441,159,26,4308,780,0.39,8.081459270364817,0.757058458980293,42339.73146129206,0.6987036354097291,2882531.185785678,0.37489692620165116
BPIC2012_10000_MIXED_0.2_5.xes,198869,30,10000,19.8869,175,35,16256,2519,0.2519,8.18018198180182,0.7533986898134691,42339.73146129206,0.6987036354097291,2882531.185785678,0.37489692620165116
Sepsis_2000_ABSENCE_0.1_4.xes,28385,16,2000,14.1925,185,29,4644,747,0.3735,9.061469265367316,0.7886987057396946,42339.73146129206,0.6987036354097291,2882531.185785678,0.37489692620165116
BPIC2012_20000_INSERTION_2.0_1.xes,396566,212,20000,19.8283,175,314,29123,3831,0.19155,8.149892505374732,0.7514032968627702,42339.73146129206,0.6987036354097291,2882531.185785678,0.37489692620165116
RTFMS_40000_SUBSTITUTION_10.0_3.xes,148998,1870,40000,3.72495,16,2506,12991,2275,0.056875,3.6424839379015523,0.611185400933485,42339.73146129206,0.6987036354097291,2882531.185785678,0.37489692620165116
BPIC2012_40000_INSERTION_10.0_2.xes,803439,1858,40000,20.085975,175,2454,54623,7352,0.1838,8.23876903077423,0.7526368395098324,42339.73146129206,0.6987036354097291,2882531.185785678,0.37489692620165116
Sepsis_40000_ORDERING_0.2_4.xes,579466,16,40000,14.48665,185,29,59558,919,0.022975,9.132046698832529,0.7875370279170185,42339.73146129206,0.6987036354097291,2882531.185785678,0.37489692620165116
BPIC2012_40000_ABSENCE_0.2_2.xes,799359,24,40000,19.983975,175,33,52267,4220,0.1055,8.170920726981825,0.7545070663921581,42339.73146129206,0.6987036354097291,2882531.185785678,0.37489692620165116
RTFMS_2000_SUBSTITUTION_0.2_4.xes,7458,14,2000,3.729,11,23,875,38,0.019,3.6816591704147927,0.5948640341095743,42339.73146129206,0.6987036354097291,2882531.185785678,0.37489692620165116
Sepsis_10000_INSERTION_1.0_4.xes,142745,68,10000,14.2745,185,129,18352,943,0.0943,9.084991500849915,0.7795940235556409,42339.73146129206,0.6987036354097291,2882531.185785678,0.37489692620165116
RTFMS_2000_ABSENCE_2.0_5.xes,7418,11,2000,3.709,11,23,878,49,0.0245,3.6626686656671663,0.5990041626536386,42339.73146129206,0.6987036354097291,2882531.185785678,0.37489692620165116
BPIC2012_100000_ABSENCE_4.0_5.xes,1992892,24,100000,19.92892,175,40,115975,6134,0.06134,8.133598664013359,0.7545424415484618,42339.73146129206,0.6987036354097291,2882531.185785678,0.37489692620165116
BPIC2012_40000_ORDERING_2.0_2.xes,799439,24,40000,19.985975,175,57,52895,4496,0.1124,8.17214569635759,0.7547077353084094,42339.73146129206,0.6987036354097291,2882531.185785678,0.37489692620165116
BPIC2012_2000_MIXED_0.2_1.xes,38879,26,2000,19.4395,159,27,4306,779,0.3895,8.081459270364817,0.7568308607314971,42339.73146129206,0.6987036354097291,2882531.185785678,0.37489692620165116
RTFMS_20000_INSERTION_4.0_4.xes,75502,401,20000,3.7751,12,612,6461,625,0.03125,3.7104144792760363,0.5996794412622732,42339.73146129206,0.6987036354097291,2882531.185785678,0.37489692620165116
BPIC2012_2000_INSERTION_0.2_4.xes,38882,25,2000,19.441,159,27,4298,780,0.39,8.08095952023988,0.7570428937217599,42339.73146129206,0.6987036354097291,2882531.185785678,0.37489692620165116
BPIC2012_10000_INSERTION_0.2_1.xes,198884,33,10000,19.8884,175,38,16228,2519,0.2519,8.181181881811819,0.7530151633234972,42339.73146129206,0.6987036354097291,2882531.185785678,0.37489692620165116
Sepsis_40000_ORDERING_0.2_5.xes,579466,16,40000,14.48665,185,27,59567,920,0.023,9.132046698832529,0.7875292378202985,42339.73146129206,0.6987036354097291,2882531.185785678,0.37489692620165116
Sepsis_4000_ABSENCE_4.0_1.xes,56848,16,4000,14.212,185,29,8452,962,0.2405,9.054486378405398,0.7893235379846859,42339.73146129206,0.6987036354097291,2882531.185785678,0.37489692620165116
Sepsis_100000_SUBSTITUTION_1.0_1.xes,1449819,504,100000,14.49819,185,853,127327,1820,0.0182,9.143248567514325,0.7789568085263852,42339.73146129206,0.6987036354097291,2882531.185785678,0.37489692620165116
BPIC2012_100000_ORDERING_0.1_3.xes,1996892,24,100000,19.96892,175,39,114728,4412,0.04412,8.156708432915671,0.7546723184112484,42339.73146129206,0.6987036354097291,2882531.185785678,0.37489692620165116
RTFMS_10000_SUBSTITUTION_10.0_2.xes,37497,513,10000,3.7497,12,683,3863,703,0.0703,3.6685331466853315,0.610249278124553,42339.73146129206,0.6987036354097291,2882531.185785678,0.37489692620165116
Sepsis_2000_INSERTION_4.0_5.xes,28467,57,2000,14.2335,185,111,4709,813,0.4065,9.087956021989006,0.7813766460523899,42339.73146129206,0.6987036354097291,2882531.185785678,0.37489692620165116
RTFMS_2000_ORDERING_0.4_5.xes,7458,11,2000,3.729,11,18,877,39,0.0195,3.6816591704147927,0.5996379017379773,42339.73146129206,0.6987036354097291,2882531.185785678,0.37489692620165116
Sepsis_4000_ABSENCE_0.4_2.xes,56992,16,4000,14.248,185,29,8433,842,0.2105,9.081229692576855,0.7891306504023754,42339.73146129206,0.6987036354097291,2882531.185785678,0.37489692620165116
Sepsis_10000_MIXED_0.4_5.xes,142644,25,10000,14.2644,185,48,18292,885,0.0885,9.078192180781922,0.7825846370511017,42339.73146129206,0.6987036354097291,2882531.185785678,0.37489692620165116
BPIC2012_2000_SUBSTITUTION_10.0_2.xes,38878,131,2000,19.439,159,171,4425,907,0.4535,8.097451274362818,0.7553209116574461,42339.73146129206,0.6987036354097291,2882531.185785678,0.37489692620165116
Sepsis_10000_ORDERING_4.0_3.xes,142645,16,10000,14.2645,185,18,18486,1187,0.1187,9.078692130786921,0.7889776802676763,42339.73146129206,0.6987036354097291,2882531.185785678,0.37489692620165116
Sepsis_10000_ABSENCE_1.0_3.xes,142545,16,10000,14.2545,185,30,18294,935,0.0935,9.070992900709928,0.7879400529303049,42339.73146129206,0.6987036354097291,2882531.185785678,0.37489692620165116
BPIC2012_100000_SUBSTITUTION_0.4_4.xes,1996892,224,100000,19.96892,175,312,114962,4717,0.04717,8.157318426815731,0.751253401299417,42339.73146129206,0.6987036354097291,2882531.185785678,0.37489692620165116
BPIC2012_1000_ABSENCE_2.0_4.xes,19575,24,1000,19.575,159,29,2494,441,0.441,8.087912087912088,0.754757040994406,42339.73146129206,0.6987036354097291,2882531.185785678,0.37489692620165116
RTFMS_20000_ABSENCE_10.0_3.xes,72702,11,20000,3.6351,11,24,6564,153,0.00765,3.585070746462677,0.6055756963001673,42339.73146129206,0.6987036354097291,2882531.185785678,0.37489692620165116
RTFMS_20000_MIXED_0.4_4.xes,74689,28,20000,3.73445,12,51,6006,139,0.00695,3.6819159042047898,0.5937963176972568,42339.73146129206,0.6987036354097291,2882531.185785678,0.37489692620165116
Sepsis_100000_INSERTION_10.0_4.xes,1459819,4595,100000,14.59819,186,8165,132849,10176,0.10176,9.204857951420486,0.7811023967650136,42339.73146129206,0.6987036354097291,2882531.185785678,0.37489692620165116
Sepsis_2000_SUBSTITUTION_0.1_1.xes,28387,17,2000,14.1935,185,31,4647,748,0.374,9.062468765617192,0.787698950603241,42339.73146129206,0.6987036354097291,2882531.185785678,0.37489692620165116
RTFMS_100000_ABSENCE_0.4_5.xes,372719,11,100000,3.72719,17,17,24123,199,0.00199,3.6751732482675172,0.6018960170047489,42339.73146129206,0.6987036354097291,2882531.185785678,0.37489692620165116
BPIC2012_40000_ORDERING_0.4_5.xes,799439,24,40000,19.985975,175,31,52445,4242,0.10605,8.17214569635759,0.7545463463586507,42339.73146129206,0.6987036354097291,2882531.185785678,0.37489692620165116
Sepsis_10000_MIXED_0.1_4.xes,142648,21,10000,14.2648,185,38,18274,856,0.0856,9.078992100789922,0.784094146437522,42339.73146129206,0.6987036354097291,2882531.185785678,0.37489692620165116
Sepsis_10000_INSERTION_0.2_3.xes,142665,26,10000,14.2665,185,50,18284,866,0.0866,9.07989201079892,0.7822954035312845,42339.73146129206,0.6987036354097291,2882531.185785678,0.37489692620165116
BPIC2012_1000_INSERTION_10.0_2.xes,19695,70,1000,19.695,159,101,2542,488,0.488,8.15884115884116,0.7532117284474591,42339.73146129206,0.6987036354097291,2882531.185785678,0.37489692620165116
RTFMS_100000_SUBSTITUTION_0.4_1.xes,373119,209,100000,3.73119,17,286,24226,441,0.00441,3.677863221367786,0.5923046051883538,42339.73146129206,0.6987036354097291,2882531.185785678,0.37489692620165116
Sepsis_40000_INSERTION_10.0_2.xes,583466,1860,40000,14.58665,186,3256,62047,4657,0.116425,9.191970200744981,0.7808488079303334,42339.73146129206,0.6987036354097291,2882531.185785678,0.37489692620165116
BPIC2012_4000_MIXED_1.0_2.xes,79192,32,4000,19.798,175,45,7671,1393,0.34825,8.176705823544115,0.7548491836619472,42339.73146129206,0.6987036354097291,2882531.185785678,0.37489692620165116
RTFMS_20000_ABSENCE_1.0_2.xes,74502,11,20000,3.7251,12,24,6043,118,0.0059,3.6733163341832906,0.6022772173406864,42339.73146129206,0.6987036354097291,2882531.185785678,0.37489692620165116
Sepsis_100000_ABSENCE_1.0_4.xes,1448819,16,100000,14.48819,185,32,126971,1639,0.01639,9.136468635313648,0.7877490334493515,42339.73146129206,0.6987036354097291,2882531.185785678,0.37489692620165116
Sepsis_4000_INSERTION_2.0_5.xes,57088,57,4000,14.272,185,112,8467,904,0.226,9.096975756060985,0.781259093406111,42339.73146129206,0.6987036354097291,2882531.185785678,0.37489692620165116
Sepsis_1000_SUBSTITUTION_0.1_4.xes,13900,17,1000,13.9,118,27,2555,541,0.541,9.031968031968033,0.7884080893377079,42339.73146129206,0.6987036354097291,2882531.185785678,0.37489692620165116
Sepsis_4000_INSERTION_10.0_3.xes,57408,200,4000,14.352,185,364,8665,1217,0.30425,9.144463884028992,0.7824255076960507,42339.73146129206,0.6987036354097291,2882531.185785678,0.37489692620165116
BPIC2012_20000_SUBSTITUTION_0.2_3.xes,396166,41,20000,19.8083,175,71,28896,3548,0.1774,8.137093145342734,0.7522623598992078,42339.73146129206,0.6987036354097291,2882531.185785678,0.37489692620165116
BPIC2012_1000_ABSENCE_2.0_5.xes,19575,24,1000,19.575,159,30,2492,439,0.439,8.08891108891109,0.7547346586298775,42339.73146129206,0.6987036354097291,2882531.185785678,0.37489692620165116
Sepsis_100000_ORDERING_1.0_3.xes,1449819,16,100000,14.49819,185,18,127386,1695,0.01695,9.14379856201438,0.7879792246927486,42339.73146129206,0.6987036354097291,2882531.185785678,0.37489692620165116
RTFMS_20000_ABSENCE_2.0_2.xes,74302,11,20000,3.7151,12,24,6113,121,0.00605,3.663716814159292,0.6026670861207659,42339.73146129206,0.6987036354097291,2882531.185785678,0.37489692620165116
BPIC2012_1000_MIXED_4.0_5.xes,19600,35,1000,19.6,159,49,2510,451,0.451,8.101898101898103,0.7534886864525845,42339.73146129206,0.6987036354097291,2882531.185785678,0.37489692620165116
Sepsis_20000_INSERTION_1.0_4.xes,288734,114,20000,14.4367,185,204,33284,1043,0.05215,9.127543622818859,0.7786488179352898,42339.73146129206,0.6987036354097291,2882531.185785678,0.37489692620165116
BPIC2012_100000_ORDERING_4.0_4.xes,1996892,24,100000,19.96892,175,47,117494,5980,0.0598,8.156708432915671,0.7550928487800643,42339.73146129206,0.6987036354097291,2882531.185785678,0.37489692620165116
Sepsis_100000_SUBSTITUTION_2.0_1.xes,1449819,978,100000,14.49819,185,1679,127979,2774,0.02774,9.142818571814281,0.7792034181090114,42339.73146129206,0.6987036354097291,2882531.185785678,0.37489692620165116
RTFMS_10000_ABSENCE_0.4_4.xes,37457,11,10000,3.7457,12,27,3308,78,0.0078,3.6941305869413057,0.6017148988557288,42339.73146129206,0.6987036354097291,2882531.185785678,0.37489692620165116
RTFMS_10000_INSERTION_1.0_4.xes,37597,59,10000,3.7597,12,101,3368,146,0.0146,3.705029497050295,0.5936993278772901,42339.73146129206,0.6987036354097291,2882531.185785678,0.37489692620165116
RTFMS_2000_MIXED_2.0_5.xes,7458,19,2000,3.729,11,27,894,64,0.032,3.6776611694152925,0.5948889555319412,42339.73146129206,0.6987036354097291,2882531.185785678,0.37489692620165116
RTFMS_100000_SUBSTITUTION_4.0_5.xes,373119,1841,100000,3.73119,17,2496,26333,2305,0.02305,3.6670733292667075,0.5991993440585718,42339.73146129206,0.6987036354097291,2882531.185785678,0.37489692620165116
RTFMS_10000_ORDERING_10.0_5.xes,37497,11,10000,3.7497,12,18,3955,159,0.0159,3.698130186981302,0.6266149644032638,42339.73146129206,0.6987036354097291,2882531.185785678,0.37489692620165116
Sepsis_1000_SUBSTITUTION_0.1_1.xes,13900,17,1000,13.9,118,27,2557,541,0.541,9.032967032967033,0.7884348724288404,42339.73146129206,0.6987036354097291,2882531.185785678,0.37489692620165116
BPIC2012_4000_ORDERING_0.2_1.xes,79203,24,4000,19.80075,175,26,7648,1369,0.34225,8.177955511122219,0.7563191569608979,42339.73146129206,0.6987036354097291,2882531.185785678,0.37489692620165116
RTFMS_10000_INSERTION_2.0_1.xes,37697,92,10000,3.7697,12,140,3438,217,0.0217,3.7116288371162884,0.5955129877831956,42339.73146129206,0.6987036354097291,2882531.185785678,0.37489692620165116
Sepsis_10000_MIXED_2.0_4.xes,142643,54,10000,14.2643,185,86,18354,1038,0.1038,9.076692330766923,0.7800875491690291,42339.73146129206,0.6987036354097291,2882531.185785678,0.37489692620165116
Sepsis_40000_MIXED_4.0_3.xes,579485,427,40000,14.487125,185,744,60434,2332,0.0583,9.130821729456764,0.7792932959544296,42339.73146129206,0.6987036354097291,2882531.185785678,0.37489692620165116
Sepsis_40000_SUBSTITUTION_10.0_5.xes,579466,1943,40000,14.48665,185,3306,61777,4689,0.117225,9.13107172320692,0.7810763407622354,42339.73146129206,0.6987036354097291,2882531.185785678,0.37489692620165116
Sepsis_10000_INSERTION_2.0_5.xes,142845,116,10000,14.2845,185,212,18396,1045,0.1045,9.090990900909908,0.7795473884048103,42339.73146129206,0.6987036354097291,2882531.185785678,0.37489692620165116
RTFMS_10000_SUBSTITUTION_0.2_4.xes,37497,22,10000,3.7497,12,40,3312,87,0.0087,3.6975302469753024,0.594161853427956,42339.73146129206,0.6987036354097291,2882531.185785678,0.37489692620165116
RTFMS_2000_ABSENCE_1.0_4.xes,7438,11,2000,3.719,11,22,882,43,0.0215,3.6716641679160418,0.5993631796148007,42339.73146129206,0.6987036354097291,2882531.185785678,0.37489692620165116
RTFMS_2000_ABSENCE_0.4_1.xes,7450,11,2000,3.725,11,20,873,39,0.0195,3.67816091954023,0.5986776007304232,42339.73146129206,0.6987036354097291,2882531.185785678,0.37489692620165116
BPIC2012_2000_ABSENCE_2.0_1.xes,38838,24,2000,19.419,159,32,4323,797,0.3985,8.068465767116441,0.7573092218881972,42339.73146129206,0.6987036354097291,2882531.185785678,0.37489692620165116
BPIC2012_2000_INSERTION_0.1_3.xes,38880,24,2000,19.44,159,25,4304,777,0.3885,8.08095952023988,0.7573236988663985,42339.73146129206,0.6987036354097291,2882531.185785678,0.37489692620165116
Sepsis_100000_INSERTION_10.0_3.xes,1459819,4573,100000,14.59819,186,8134,132819,10106,0.10106,9.204847951520485,0.7810747179998194,42339.73146129206,0.6987036354097291,2882531.185785678,0.37489692620165116
BPIC2012_2000_INSERTION_1.0_2.xes,38898,36,2000,19.449,159,40,4304,789,0.3945,8.086456771614193,0.7554848507410797,42339.73146129206,0.6987036354097291,2882531.185785678,0.37489692620165116
RTFMS_40000_ORDERING_2.0_3.xes,148998,11,40000,3.72495,16,12,11384,207,0.005175,3.6725081872953176,0.6075278522591152,42339.73146129206,0.6987036354097291,2882531.185785678,0.37489692620165116
RTFMS_4000_MIXED_0.1_1.xes,14915,12,4000,3.72875,12,25,1533,52,0.013,3.68032991752062,0.5978380152475657,42339.73146129206,0.6987036354097291,2882531.185785678,0.37489692620165116
BPIC2012_40000_MIXED_10.0_4.xes,799475,1027,40000,19.986875,175,1310,54546,6792,0.1698,8.18094547636309,0.7520330256118143,42339.73146129206,0.6987036354097291,2882531.185785678,0.37489692620165116
Sepsis_40000_ORDERING_2.0_1.xes,579466,16,40000,14.48665,185,20,60085,1534,0.03835,9.132046698832529,0.7879825321362024,42339.73146129206,0.6987036354097291,2882531.185785678,0.37489692620165116
Sepsis_20000_ORDERING_0.2_5.xes,288534,16,20000,14.4267,185,27,33133,883,0.04415,9.12134393280336,0.7872954767826151,42339.73146129206,0.6987036354097291,2882531.185785678,0.37489692620165116
RTFMS_1000_ABSENCE_2.0_4.xes,3765,11,1000,3.765,10,22,511,35,0.035,3.7152847152847155,0.6010990376721106,42339.73146129206,0.6987036354097291,2882531.185785678,0.37489692620165116
BPIC2012_1000_ORDERING_0.2_5.xes,19595,24,1000,19.595,159,30,2494,430,0.43,8.098901098901099,0.7548094752416588,42339.73146129206,0.6987036354097291,2882531.185785678,0.37489692620165116
Sepsis_40000_SUBSTITUTION_1.0_1.xes,579466,225,40000,14.48665,185,402,59838,1241,0.031025,9.131996700082498,0.77879433527143,42339.73146129206,0.6987036354097291,2882531.185785678,0.37489692620165116
Sepsis_10000_SUBSTITUTION_4.0_5.xes,142645,207,10000,14.2645,185,355,18491,1246,0.1246,9.076292370762923,0.7799937982616663,42339.73146129206,0.6987036354097291,2882531.185785678,0.37489692620165116
BPIC2012_100000_MIXED_2.0_4.xes,1996901,535,100000,19.96901,175,706,115881,5787,0.05787,8.158618413815862,0.7513693791507393,42339.73146129206,0.6987036354097291,2882531.185785678,0.37489692620165116
RTFMS_10000_SUBSTITUTION_0.4_2.xes,37497,32,10000,3.7497,12,57,3317,101,0.0101,3.696830316968303,0.5933122034618399,42339.73146129206,0.6987036354097291,2882531.185785678,0.37489692620165116
Sepsis_10000_INSERTION_4.0_4.xes,143045,214,10000,14.3045,185,378,18501,1240,0.124,9.103289671032897,0.7798772149780369,42339.73146129206,0.6987036354097291,2882531.185785678,0.37489692620165116
Sepsis_100000_ABSENCE_1.0_2.xes,1448819,16,100000,14.48819,185,31,127008,1634,0.01634,9.136198638013619,0.7877475040578465,42339.73146129206,0.6987036354097291,2882531.185785678,0.37489692620165116
BPIC2012_10000_ABSENCE_4.0_3.xes,198464,24,10000,19.8464,175,34,16377,2656,0.2656,8.155084491550845,0.7545572333580115,42339.73146129206,0.6987036354097291,2882531.185785678,0.37489692620165116
RTFMS_2000_ABSENCE_1.0_3.xes,7438,11,2000,3.719,11,22,874,43,0.0215,3.6716641679160418,0.5988804178143465,42339.73146129206,0.6987036354097291,2882531.185785678,0.37489692620165116
RTFMS_4000_INSERTION_1.0_5.xes,14955,36,4000,3.73875,12,59,1549,83,0.02075,3.6875781054736314,0.592079540232186,42339.73146129206,0.6987036354097291,2882531.185785678,0.37489692620165116
BPIC2012_40000_MIXED_2.0_4.xes,799445,226,40000,19.986125,175,316,52802,4759,0.118975,8.173570660733482,0.7512496438237922,42339.73146129206,0.6987036354097291,2882531.185785678,0.37489692620165116
RTFMS_10000_ORDERING_1.0_1.xes,37497,11,10000,3.7497,12,19,3387,105,0.0105,3.698130186981302,0.6042452052944869,42339.73146129206,0.6987036354097291,2882531.185785678,0.37489692620165116
Sepsis_4000_MIXED_10.0_1.xes,57032,114,4000,14.258,185,199,8579,1201,0.30025,9.082479380154961,0.7823390693034875,42339.73146129206,0.6987036354097291,2882531.185785678,0.37489692620165116
Sepsis_4000_MIXED_0.1_5.xes,57009,16,4000,14.25225,185,30,8420,830,0.2075,9.083729067733067,0.7891075275690631,42339.73146129206,0.6987036354097291,2882531.185785678,0.37489692620165116
Sepsis_20000_SUBSTITUTION_0.1_1.xes,288534,28,20000,14.4267,185,50,33177,866,0.0433,9.121293935303235,0.7811743059947156,42339.73146129206,0.6987036354097291,2882531.185785678,0.37489692620165116
Sepsis_4000_ABSENCE_4.0_3.xes,56848,16,4000,14.212,185,29,8428,968,0.242,9.052236940764809,0.7893149623696292,42339.73146129206,0.6987036354097291,2882531.185785678,0.37489692620165116
Sepsis_1000_ORDERING_0.4_5.xes,13900,16,1000,13.9,118,26,2564,542,0.542,9.031968031968033,0.7895885125858971,42339.73146129206,0.6987036354097291,2882531.185785678,0.37489692620165116
RTFMS_4000_ORDERING_1.0_1.xes,14915,11,4000,3.72875,12,19,1561,65,0.01625,3.6805798550362407,0.6018016290553444,42339.73146129206,0.6987036354097291,2882531.185785678,0.37489692620165116
Sepsis_10000_ORDERING_0.4_3.xes,142645,16,10000,14.2645,185,25,18303,884,0.0884,9.078692130786921,0.788024263429885,42339.73146129206,0.6987036354097291,2882531.185785678,0.37489692620165116
RTFMS_4000_ORDERING_4.0_4.xes,14915,11,4000,3.72875,12,18,1655,81,0.02025,3.6805798550362407,0.6093324996381918,42339.73146129206,0.6987036354097291,2882531.185785678,0.37489692620165116
RTFMS_1000_SUBSTITUTION_0.2_4.xes,3785,12,1000,3.785,10,21,504,28,0.028,3.7352647352647352,0.5980501407577471,42339.73146129206,0.6987036354097291,2882531.185785678,0.37489692620165116
BPIC2012_4000_MIXED_0.4_1.xes,79206,30,4000,19.8015,175,33,7629,1376,0.344,8.178955261184704,0.7550902764796471,42339.73146129206,0.6987036354097291,2882531.185785678,0.37489692620165116
BPIC2012_2000_ABSENCE_1.0_4.xes,38858,24,2000,19.429,159,25,4303,789,0.3945,8.07496251874063,0.7572599167179122,42339.73146129206,0.6987036354097291,2882531.185785678,0.37489692620165116
BPIC2012_1000_ABSENCE_0.1_3.xes,19594,24,1000,19.594,159,29,2479,431,0.431,8.097902097902098,0.7548284015352975,42339.73146129206,0.6987036354097291,2882531.185785678,0.37489692620165116
BPIC2012_1000_SUBSTITUTION_0.1_5.xes,19595,25,1000,19.595,159,29,2494,430,0.43,8.0999000999001,0.7546264844423788,42339.73146129206,0.6987036354097291,2882531.185785678,0.37489692620165116
Sepsis_4000_MIXED_4.0_1.xes,57030,59,4000,14.2575,185,109,8470,981,0.24525,9.08447888027993,0.7815609719556891,42339.73146129206,0.6987036354097291,2882531.185785678,0.37489692620165116
RTFMS_2000_INSERTION_1.0_1.xes,7478,20,2000,3.739,11,39,879,53,0.0265,3.689655172413793,0.5936771359178186,42339.73146129206,0.6987036354097291,2882531.185785678,0.37489692620165116
Sepsis_40000_INSERTION_1.0_5.xes,579866,225,40000,14.49665,185,403,59900,1240,0.031,9.138371540711482,0.7787699793786265,42339.73146129206,0.6987036354097291,2882531.185785678,0.37489692620165116
RTFMS_4000_INSERTION_10.0_5.xes,15315,194,4000,3.82875,12,284,1765,314,0.0785,3.7480629842539366,0.6080964862398346,42339.73146129206,0.6987036354097291,2882531.185785678,0.37489692620165116
Sepsis_40000_MIXED_10.0_5.xes,579441,986,40000,14.486025,185,1716,61477,4450,0.11125,9.127196820079497,0.7804717902796823,42339.73146129206,0.6987036354097291,2882531.185785678,0.37489692620165116
BPIC2012_1000_MIXED_1.0_2.xes,19593,28,1000,19.593,159,39,2500,438,0.438,8.097902097902098,0.7540516527087635,42339.73146129206,0.6987036354097291,2882531.185785678,0.37489692620165116
RTFMS_1000_SUBSTITUTION_4.0_2.xes,3785,32,1000,3.785,10,51,523,59,0.059,3.722277722277722,0.5988772270212668,42339.73146129206,0.6987036354097291,2882531.185785678,0.37489692620165116
RTFMS_2000_INSERTION_4.0_2.xes,7538,51,2000,3.769,11,81,918,97,0.0485,3.705647176411794,0.5968301758594876,42339.73146129206,0.6987036354097291,2882531.185785678,0.37489692620165116
Sepsis_10000_SUBSTITUTION_0.4_1.xes,142645,39,10000,14.2645,185,65,18295,886,0.0886,9.078592140785922,0.780479048532667,42339.73146129206,0.6987036354097291,2882531.185785678,0.37489692620165116
BPIC2012_10000_ABSENCE_2.0_5.xes,198664,24,10000,19.8664,175,33,16318,2593,0.2593,8.167683231676833,0.754537477177909,42339.73146129206,0.6987036354097291,2882531.185785678,0.37489692620165116
BPIC2012_100000_INSERTION_0.2_3.xes,1997092,106,100000,19.97092,175,179,114829,4553,0.04553,8.157918420815792,0.7513605410301928,42339.73146129206,0.6987036354097291,2882531.185785678,0.37489692620165116
BPIC2012_100000_ABSENCE_0.2_1.xes,1996692,24,100000,19.96692,175,33,114751,4486,0.04486,8.15550844491555,0.7546603361664737,42339.73146129206,0.6987036354097291,2882531.185785678,0.37489692620165116
BPIC2012_20000_MIXED_10.0_4.xes,396175,535,20000,19.80875,175,706,29952,4794,0.2397,8.146042697865107,0.7521005014078359,42339.73146129206,0.6987036354097291,2882531.185785678,0.37489692620165116
Sepsis_10000_ABSENCE_0.1_5.xes,142635,16,10000,14.2635,185,30,18285,856,0.0856,9.077892210778922,0.7879002587731766,42339.73146129206,0.6987036354097291,2882531.185785678,0.37489692620165116
RTFMS_20000_INSERTION_0.4_1.xes,74782,45,20000,3.7391,12,69,6004,158,0.0079,3.6860156992150395,0.5930447535046872,42339.73146129206,0.6987036354097291,2882531.185785678,0.37489692620165116
RTFMS_40000_INSERTION_0.1_3.xes,149038,30,40000,3.72595,16,48,10774,154,0.00385,3.673208169795755,0.5933604929324774,42339.73146129206,0.6987036354097291,2882531.185785678,0.37489692620165116
RTFMS_40000_MIXED_0.4_3.xes,148983,53,40000,3.724575,16,73,10882,210,0.00525,3.671758206044849,0.5929791322049498,42339.73146129206,0.6987036354097291,2882531.185785678,0.37489692620165116
Sepsis_100000_SUBSTITUTION_1.0_5.xes,1449819,509,100000,14.49819,185,857,127291,1826,0.01826,9.143438565614344,0.7789669404586087,42339.73146129206,0.6987036354097291,2882531.185785678,0.37489692620165116
BPIC2012_1000_INSERTION_2.0_3.xes,19615,34,1000,19.615,159,43,2491,445,0.445,8.112887112887114,0.7534050267724968,42339.73146129206,0.6987036354097291,2882531.185785678,0.37489692620165116
RTFMS_20000_INSERTION_0.2_4.xes,74742,28,20000,3.7371,12,49,5976,124,0.0062,3.6845157742112895,0.5936243049735859,42339.73146129206,0.6987036354097291,2882531.185785678,0.37489692620165116
Sepsis_10000_ABSENCE_0.2_5.xes,142625,16,10000,14.2625,185,30,18268,865,0.0865,9.077192280771923,0.7879129797552098,42339.73146129206,0.6987036354097291,2882531.185785678,0.37489692620165116
Sepsis_4000_INSERTION_0.1_3.xes,57012,19,4000,14.253,185,35,8422,831,0.20775,9.08472881779555,0.7864558030793037,42339.73146129206,0.6987036354097291,2882531.185785678,0.37489692620165116
Sepsis_100000_MIXED_1.0_4.xes,1449833,262,100000,14.49833,185,454,127311,1771,0.01771,9.143268567314326,0.7789347628422462,42339.73146129206,0.6987036354097291,2882531.185785678,0.37489692620165116
BPIC2012_10000_MIXED_2.0_3.xes,198869,78,10000,19.8869,175,118,16375,2645,0.2645,8.182581741825818,0.751654627585613,42339.73146129206,0.6987036354097291,2882531.185785678,0.37489692620165116
Sepsis_10000_MIXED_0.2_5.xes,142650,19,10000,14.265,185,36,18283,865,0.0865,9.078592140785922,0.7852608451410502,42339.73146129206,0.6987036354097291,2882531.185785678,0.37489692620165116
RTFMS_10000_ORDERING_2.0_1.xes,37497,11,10000,3.7497,12,19,3470,117,0.0117,3.698130186981302,0.606800806949658,42339.73146129206,0.6987036354097291,2882531.185785678,0.37489692620165116
BPIC2012_10000_SUBSTITUTION_2.0_4.xes,198864,125,10000,19.8864,175,174,16367,2658,0.2658,8.182181781821818,0.7515462606936271,42339.73146129206,0.6987036354097291,2882531.185785678,0.37489692620165116
BPIC2012_10000_ABSENCE_1.0_2.xes,198764,24,10000,19.8764,175,32,16270,2559,0.2559,8.174082591740826,0.7545999442987856,42339.73146129206,0.6987036354097291,2882531.185785678,0.37489692620165116
RTFMS_100000_SUBSTITUTION_0.1_2.xes,373119,63,100000,3.73119,17,86,24010,250,0.0025,3.6788132118678813,0.592014429675044,42339.73146129206,0.6987036354097291,2882531.185785678,0.37489692620165116
Sepsis_20000_INSERTION_0.1_5.xes,288554,26,20000,14.4277,185,48,33146,866,0.0433,9.121893905304734,0.7816315940357323,42339.73146129206,0.6987036354097291,2882531.185785678,0.37489692620165116
Sepsis_20000_INSERTION_2.0_2.xes,288934,207,20000,14.4467,185,370,33355,1243,0.06215,9.133393330333483,0.7787894123831873,42339.73146129206,0.6987036354097291,2882531.185785678,0.37489692620165116
BPIC2012_4000_ABSENCE_1.0_1.xes,79163,24,4000,19.79075,175,32,7667,1391,0.34775,8.171957010747313,0.7563268620813116,42339.73146129206,0.6987036354097291,2882531.185785678,0.37489692620165116
BPIC2012_40000_ORDERING_10.0_3.xes,799439,24,40000,19.985975,175,36,54841,5718,0.14295,8.17214569635759,0.7555296350777337,42339.73146129206,0.6987036354097291,2882531.185785678,0.37489692620165116
RTFMS_100000_MIXED_0.1_1.xes,373130,39,100000,3.7313,17,57,24025,241,0.00241,3.679093209067909,0.592492144765323,42339.73146129206,0.6987036354097291,2882531.185785678,0.37489692620165116
Sepsis_1000_SUBSTITUTION_0.2_5.xes,13900,17,1000,13.9,118,27,2556,542,0.542,9.032967032967033,0.7884565172341117,42339.73146129206,0.6987036354097291,2882531.185785678,0.37489692620165116
BPIC2012_1000_ABSENCE_10.0_4.xes,19495,24,1000,19.495,159,33,2495,458,0.458,8.03896103896104,0.754390544754898,42339.73146129206,0.6987036354097291,2882531.185785678,0.37489692620165116
BPIC2012_2000_ABSENCE_2.0_3.xes,38838,24,2000,19.419,159,32,4308,791,0.3955,8.066466766616692,0.7572516773604533,42339.73146129206,0.6987036354097291,2882531.185785678,0.37489692620165116
RTFMS_20000_ORDERING_4.0_4.xes,74702,11,20000,3.7351,12,15,6534,161,0.00805,3.6831658417079147,0.6120455978445196,42339.73146129206,0.6987036354097291,2882531.185785678,0.37489692620165116
Sepsis_1000_ORDERING_0.1_5.xes,13900,16,1000,13.9,118,25,2557,541,0.541,9.031968031968033,0.7894881497558782,42339.73146129206,0.6987036354097291,2882531.185785678,0.37489692620165116
RTFMS_20000_MIXED_10.0_2.xes,74719,495,20000,3.73595,12,672,7059,871,0.04355,3.6689665516724164,0.6087100056449184,42339.73146129206,0.6987036354097291,2882531.185785678,0.37489692620165116
Sepsis_20000_MIXED_2.0_5.xes,288516,107,20000,14.4258,185,196,33343,1222,0.0611,9.119794010299485,0.7788205817462835,42339.73146129206,0.6987036354097291,2882531.185785678,0.37489692620165116
BPIC2012_100000_SUBSTITUTION_4.0_5.xes,1996892,2052,100000,19.96892,175,2417,117115,7636,0.07636,8.164638353616464,0.7518442982403334,42339.73146129206,0.6987036354097291,2882531.185785678,0.37489692620165116
Sepsis_100000_ABSENCE_0.1_3.xes,1449719,16,100000,14.49719,185,30,126763,935,0.00935,9.143028569714303,0.7877117207724476,42339.73146129206,0.6987036354097291,2882531.185785678,0.37489692620165116
Sepsis_1000_ORDERING_2.0_5.xes,13900,16,1000,13.9,118,26,2571,548,0.548,9.031968031968033,0.7901298122925504,42339.73146129206,0.6987036354097291,2882531.185785678,0.37489692620165116
RTFMS_40000_ABSENCE_0.1_3.xes,148958,11,40000,3.72395,16,21,10769,130,0.00325,3.6715082122946927,0.6020709137213539,42339.73146129206,0.6987036354097291,2882531.185785678,0.37489692620165116
BPIC2012_4000_SUBSTITUTION_0.4_3.xes,79203,31,4000,19.80075,175,39,7637,1376,0.344,8.178705323669083,0.7549869890724171,42339.73146129206,0.6987036354097291,2882531.185785678,0.37489692620165116
Sepsis_2000_SUBSTITUTION_10.0_1.xes,28387,114,2000,14.1935,185,204,4768,917,0.4585,9.057471264367816,0.7823699605327086,42339.73146129206,0.6987036354097291,2882531.185785678,0.37489692620165116
Sepsis_1000_INSERTION_10.0_1.xes,14000,68,1000,14.0,118,127,2630,607,0.607,9.096903096903096,0.7833860965263868,42339.73146129206,0.6987036354097291,2882531.185785678,0.37489692620165116
Sepsis_40000_MIXED_2.0_2.xes,579458,220,40000,14.48645,185,380,59917,1605,0.040125,9.131121721956951,0.7789062040753785,42339.73146129206,0.6987036354097291,2882531.185785678,0.37489692620165116
RTFMS_2000_SUBSTITUTION_0.1_3.xes,7458,12,2000,3.729,11,20,863,36,0.018,3.681159420289855,0.5970736886227856,42339.73146129206,0.6987036354097291,2882531.185785678,0.37489692620165116
RTFMS_20000_SUBSTITUTION_0.2_1.xes,74702,29,20000,3.7351,12,52,5971,126,0.0063,3.6824158792060397,0.5935082541665797,42339.73146129206,0.6987036354097291,2882531.185785678,0.37489692620165116
BPIC2012_100000_ABSENCE_0.1_1.xes,1996792,24,100000,19.96792,175,32,114692,4428,0.04428,8.156058439415606,0.7546627906846387,42339.73146129206,0.6987036354097291,2882531.185785678,0.37489692620165116
BPIC2012_40000_ORDERING_10.0_1.xes,799439,24,40000,19.985975,175,49,54872,5720,0.143,8.17214569635759,0.7555076779743076,42339.73146129206,0.6987036354097291,2882531.185785678,0.37489692620165116
Sepsis_40000_ORDERING_1.0_2.xes,579466,16,40000,14.48665,185,20,59750,1195,0.029875,9.132046698832529,0.7877634716702917,42339.73146129206,0.6987036354097291,2882531.185785678,0.37489692620165116
BPIC2012_20000_ABSENCE_0.2_2.xes,396126,24,20000,19.8063,175,30,28891,3536,0.1768,8.134993250337484,0.7545334185117916,42339.73146129206,0.6987036354097291,2882531.185785678,0.37489692620165116
BPIC2012_1000_ABSENCE_1.0_4.xes,19585,24,1000,19.585,159,29,2491,435,0.435,8.092907092907092,0.7548196567518463,42339.73146129206,0.6987036354097291,2882531.185785678,0.37489692620165116
RTFMS_40000_INSERTION_2.0_5.xes,149798,388,40000,3.74495,16,564,11288,625,0.015625,3.6860328491787704,0.595784506605193,42339.73146129206,0.6987036354097291,2882531.185785678,0.37489692620165116
Sepsis_40000_ORDERING_0.1_3.xes,579466,16,40000,14.48665,185,25,59617,884,0.0221,9.132046698832529,0.787514012793777,42339.73146129206,0.6987036354097291,2882531.185785678,0.37489692620165116
BPIC2012_1000_SUBSTITUTION_0.4_1.xes,19595,25,1000,19.595,159,30,2493,431,0.431,8.098901098901099,0.7545727327112455,42339.73146129206,0.6987036354097291,2882531.185785678,0.37489692620165116
RTFMS_100000_MIXED_2.0_2.xes,373136,495,100000,3.73136,17,670,25216,948,0.00948,3.6762832371676284,0.5949403474839118,42339.73146129206,0.6987036354097291,2882531.185785678,0.37489692620165116
BPIC2012_100000_INSERTION_4.0_3.xes,2000892,1854,100000,20.00892,175,2423,117085,7629,0.07629,8.183128168718312,0.7518077735736222,42339.73146129206,0.6987036354097291,2882531.185785678,0.37489692620165116
RTFMS_100000_MIXED_0.1_3.xes,373107,34,100000,3.73107,17,43,24031,231,0.00231,3.6788732112678875,0.5927570608303898,42339.73146129206,0.6987036354097291,2882531.185785678,0.37489692620165116
BPIC2012_1000_ORDERING_0.1_3.xes,19595,24,1000,19.595,159,30,2490,431,0.431,8.098901098901099,0.7548585008409173,42339.73146129206,0.6987036354097291,2882531.185785678,0.37489692620165116
RTFMS_40000_INSERTION_2.0_2.xes,149798,389,40000,3.74495,16,599,11296,634,0.01585,3.6855828604284895,0.5958881661351982,42339.73146129206,0.6987036354097291,2882531.185785678,0.37489692620165116
BPIC2012_4000_ORDERING_10.0_3.xes,79203,24,4000,19.80075,175,44,7914,1478,0.3695,8.177955511122219,0.7572973476896172,42339.73146129206,0.6987036354097291,2882531.185785678,0.37489692620165116
BPIC2012_20000_INSERTION_4.0_1.xes,396966,402,20000,19.8483,175,545,29378,4158,0.2079,8.162741862906854,0.7517135546457244,42339.73146129206,0.6987036354097291,2882531.185785678,0.37489692620165116
BPIC2012_1000.xes,19595,24,1000,19.595,159,29,2492,430,0.43,8.098901098901099,0.7548388823468115,42339.73146129206,0.6987036354097291,2882531.185785678,0.37489692620165116
RTFMS_4000_INSERTION_4.0_1.xes,15075,72,4000,3.76875,12,118,1633,164,0.041,3.706323419145214,0.59748233004034,42339.73146129206,0.6987036354097291,2882531.185785678,0.37489692620165116
Sepsis_1000_INSERTION_1.0_5.xes,13910,20,1000,13.91,118,33,2567,547,0.547,9.036963036963037,0.7863102112982514,42339.73146129206,0.6987036354097291,2882531.185785678,0.37489692620165116
BPIC2012_10000_ABSENCE_10.0_2.xes,197864,24,10000,19.7864,175,35,16503,2864,0.2864,8.121087891210879,0.754370427030382,42339.73146129206,0.6987036354097291,2882531.185785678,0.37489692620165116
BPIC2012_100000_INSERTION_0.4_3.xes,1997292,194,100000,19.97292,175,296,114938,4723,0.04723,8.159208407915921,0.7512675861062663,42339.73146129206,0.6987036354097291,2882531.185785678,0.37489692620165116
BPIC2012_100000_MIXED_10.0_1.xes,1996790,2423,100000,19.9679,175,3070,119958,10702,0.10702,8.163828361716384,0.75215585767937,42339.73146129206,0.6987036354097291,2882531.185785678,0.37489692620165116
BPIC2012_4000_INSERTION_10.0_1.xes,79603,212,4000,19.90075,175,314,7857,1619,0.40475,8.244938765308673,0.7544534306978806,42339.73146129206,0.6987036354097291,2882531.185785678,0.37489692620165116
Sepsis_100000_ORDERING_0.2_5.xes,1449819,16,100000,14.49819,185,27,126871,1021,0.01021,9.14379856201438,0.7877544009163051,42339.73146129206,0.6987036354097291,2882531.185785678,0.37489692620165116
RTFMS_2000_ABSENCE_2.0_3.xes,7418,11,2000,3.709,11,22,885,44,0.022,3.6616691654172913,0.5991718112856894,42339.73146129206,0.6987036354097291,2882531.185785678,0.37489692620165116
RTFMS_4000_ORDERING_1.0_2.xes,14915,11,4000,3.72875,12,20,1569,63,0.01575,3.6805798550362407,0.6019872953123399,42339.73146129206,0.6987036354097291,2882531.185785678,0.37489692620165116
Sepsis_20000_MIXED_0.4_1.xes,288545,37,20000,14.42725,185,68,33240,924,0.0462,9.12144392780361,0.7799963253121971,42339.73146129206,0.6987036354097291,2882531.185785678,0.37489692620165116
RTFMS_2000_MIXED_4.0_2.xes,7462,29,2000,3.731,11,48,913,82,0.041,3.6766616691654175,0.5961698385701194,42339.73146129206,0.6987036354097291,2882531.185785678,0.37489692620165116
RTFMS_4000_MIXED_0.1_2.xes,14916,12,4000,3.729,12,25,1530,52,0.013,3.680829792551862,0.5977192694224933,42339.73146129206,0.6987036354097291,2882531.185785678,0.37489692620165116
BPIC2012_1000_ABSENCE_0.2_2.xes,19593,24,1000,19.593,159,29,2486,431,0.431,8.097902097902098,0.7548255413423766,42339.73146129206,0.6987036354097291,2882531.185785678,0.37489692620165116
BPIC2012_20000_INSERTION_0.2_4.xes,396206,43,20000,19.8103,175,62,28899,3544,0.1772,8.137843107844608,0.7521515145405797,42339.73146129206,0.6987036354097291,2882531.185785678,0.37489692620165116
RTFMS_4000_MIXED_0.4_1.xes,14915,14,4000,3.72875,12,29,1539,62,0.0155,3.6795801049737564,0.5961692315113927,42339.73146129206,0.6987036354097291,2882531.185785678,0.37489692620165116
BPIC2012_20000_MIXED_0.1_4.xes,396160,30,20000,19.808,175,38,28904,3527,0.17635,8.136493175341233,0.7532827644010165,42339.73146129206,0.6987036354097291,2882531.185785678,0.37489692620165116
RTFMS_40000_INSERTION_1.0_1.xes,149398,187,40000,3.73495,16,281,11047,389,0.009725,3.679258018549536,0.5938536283891043,42339.73146129206,0.6987036354097291,2882531.185785678,0.37489692620165116
RTFMS_10000_ORDERING_2.0_3.xes,37497,11,10000,3.7497,12,18,3461,106,0.0106,3.698130186981302,0.6068402617210025,42339.73146129206,0.6987036354097291,2882531.185785678,0.37489692620165116
RTFMS_20000_MIXED_0.1_1.xes,74702,16,20000,3.7351,12,29,5968,110,0.0055,3.6829658517074146,0.5966721083092459,42339.73146129206,0.6987036354097291,2882531.185785678,0.37489692620165116
BPIC2012_1000_MIXED_0.4_4.xes,19593,25,1000,19.593,159,31,2490,432,0.432,8.097902097902098,0.7545986344821216,42339.73146129206,0.6987036354097291,2882531.185785678,0.37489692620165116
RTFMS_40000_INSERTION_0.4_2.xes,149158,89,40000,3.72895,16,143,10870,233,0.005825,3.6749831254218646,0.5927448064538974,42339.73146129206,0.6987036354097291,2882531.185785678,0.37489692620165116
Sepsis_20000_SUBSTITUTION_10.0_4.xes,288534,962,20000,14.4267,185,1635,34241,2770,0.1385,9.116594170291485,0.7808205264889531,42339.73146129206,0.6987036354097291,2882531.185785678,0.37489692620165116
BPIC2012_4000_ABSENCE_0.2_1.xes,79195,24,4000,19.79875,175,29,7644,1372,0.343,8.176455886028492,0.7563300603617484,42339.73146129206,0.6987036354097291,2882531.185785678,0.37489692620165116
RTFMS_2000_ABSENCE_10.0_2.xes,7258,11,2000,3.629,11,22,930,59,0.0295,3.583208395802099,0.6023100415906321,42339.73146129206,0.6987036354097291,2882531.185785678,0.37489692620165116
Sepsis_2000_SUBSTITUTION_0.4_4.xes,28387,20,2000,14.1935,185,36,4643,753,0.3765,9.061969015492254,0.7854958072344791,42339.73146129206,0.6987036354097291,2882531.185785678,0.37489692620165116
BPIC2012_10000_ORDERING_10.0_2.xes,198864,24,10000,19.8864,175,66,16917,2824,0.2824,8.17988201179882,0.7556350124309495,42339.73146129206,0.6987036354097291,2882531.185785678,0.37489692620165116
BPIC2012_20000_MIXED_10.0_1.xes,396173,501,20000,19.80865,175,659,29987,4767,0.23835,8.143892805359732,0.7521290518908545,42339.73146129206,0.6987036354097291,2882531.185785678,0.37489692620165116
RTFMS_4000_SUBSTITUTION_4.0_1.xes,14915,89,4000,3.72875,12,138,1618,160,0.04,3.6660834791302173,0.5968722952060104,42339.73146129206,0.6987036354097291,2882531.185785678,0.37489692620165116
Sepsis_100000_ABSENCE_10.0_1.xes,1439819,16,100000,14.39819,185,30,128918,5787,0.05787,9.069069309306906,0.7881366855443384,42339.73146129206,0.6987036354097291,2882531.185785678,0.37489692620165116
BPIC2012_2000_MIXED_4.0_5.xes,38885,45,2000,19.4425,159,59,4352,826,0.413,8.08495752123938,0.7552327593623724,42339.73146129206,0.6987036354097291,2882531.185785678,0.37489692620165116
RTFMS_20000_SUBSTITUTION_1.0_2.xes,74702,121,20000,3.7351,12,167,6088,248,0.0124,3.680565971701415,0.5936845510816198,42339.73146129206,0.6987036354097291,2882531.185785678,0.37489692620165116
RTFMS_20000_ABSENCE_1.0_4.xes,74502,11,20000,3.7251,12,24,6050,115,0.00575,3.6732663366831657,0.602370158521026,42339.73146129206,0.6987036354097291,2882531.185785678,0.37489692620165116
RTFMS_10000_INSERTION_0.4_2.xes,37537,33,10000,3.7537,12,55,3328,102,0.0102,3.7007299270072993,0.593172914776567,42339.73146129206,0.6987036354097291,2882531.185785678,0.37489692620165116
Sepsis_20000_ABSENCE_0.4_1.xes,288454,16,20000,14.4227,185,29,33206,917,0.04585,9.11844407779611,0.7872527834424534,42339.73146129206,0.6987036354097291,2882531.185785678,0.37489692620165116
Sepsis_10000_ORDERING_2.0_2.xes,142645,16,10000,14.2645,185,25,18391,1022,0.1022,9.078692130786921,0.7885038763396229,42339.73146129206,0.6987036354097291,2882531.185785678,0.37489692620165116
RTFMS_40000_ORDERING_0.2_5.xes,148998,11,40000,3.72495,16,12,10848,138,0.00345,3.6725081872953176,0.6025237953525281,42339.73146129206,0.6987036354097291,2882531.185785678,0.37489692620165116
Sepsis_1000_ORDERING_10.0_1.xes,13900,16,1000,13.9,118,21,2596,602,0.602,9.031968031968033,0.7922949124691097,42339.73146129206,0.6987036354097291,2882531.185785678,0.37489692620165116
Sepsis_2000_SUBSTITUTION_4.0_1.xes,28387,56,2000,14.1935,185,102,4694,816,0.408,9.06046976511744,0.7814121403389485,42339.73146129206,0.6987036354097291,2882531.185785678,0.37489692620165116
RTFMS_40000_SUBSTITUTION_0.2_2.xes,148998,53,40000,3.72495,16,78,10803,187,0.004675,3.671933201669958,0.5926367504877463,42339.73146129206,0.6987036354097291,2882531.185785678,0.37489692620165116
Sepsis_20000_SUBSTITUTION_1.0_3.xes,288534,119,20000,14.4267,185,211,33246,1038,0.0519,9.12094395280236,0.7786706954756222,42339.73146129206,0.6987036354097291,2882531.185785678,0.37489692620165116
Sepsis_4000_ORDERING_0.1_4.xes,57008,16,4000,14.252,185,30,8416,831,0.20775,9.083979005248688,0.7891255510947319,42339.73146129206,0.6987036354097291,2882531.185785678,0.37489692620165116
BPIC2012_40000_SUBSTITUTION_10.0_2.xes,799439,2122,40000,19.985975,175,2624,54606,7421,0.185525,8.192920176995575,0.7526390394814073,42339.73146129206,0.6987036354097291,2882531.185785678,0.37489692620165116
RTFMS_20000_ABSENCE_2.0_1.xes,74302,11,20000,3.7151,12,24,6124,117,0.00585,3.663516824158792,0.602741839331232,42339.73146129206,0.6987036354097291,2882531.185785678,0.37489692620165116
Sepsis_40000_ABSENCE_0.4_2.xes,579306,16,40000,14.48265,185,29,59540,987,0.024675,9.128871778205545,0.7874909862458402,42339.73146129206,0.6987036354097291,2882531.185785678,0.37489692620165116
RTFMS_1000_SUBSTITUTION_0.4_4.xes,3785,14,1000,3.785,10,23,508,30,0.03,3.7352647352647352,0.5960286583128727,42339.73146129206,0.6987036354097291,2882531.185785678,0.37489692620165116
BPIC2012_20000_MIXED_0.2_3.xes,396169,37,20000,19.80845,175,42,28904,3544,0.1772,8.136743162841858,0.7525261042994023,42339.73146129206,0.6987036354097291,2882531.185785678,0.37489692620165116
BPIC2012_20000_ORDERING_0.4_2.xes,396166,24,20000,19.8083,175,35,28957,3544,0.1772,8.136493175341233,0.7545966211508318,42339.73146129206,0.6987036354097291,2882531.185785678,0.37489692620165116
RTFMS_4000_ORDERING_2.0_1.xes,14915,11,4000,3.72875,12,18,1603,78,0.0195,3.6805798550362407,0.604758906045876,42339.73146129206,0.6987036354097291,2882531.185785678,0.37489692620165116
BPIC2012_20000_SUBSTITUTION_2.0_1.xes,396166,225,20000,19.8083,175,301,29124,3839,0.19195,8.140192990350483,0.7513710515693476,42339.73146129206,0.6987036354097291,2882531.185785678,0.37489692620165116
BPIC2012_100000_ORDERING_0.4_2.xes,1996892,24,100000,19.96892,175,46,114943,4547,0.04547,8.156708432915671,0.7547040725260749,42339.73146129206,0.6987036354097291,2882531.185785678,0.37489692620165116
Sepsis_2000_MIXED_10.0_3.xes,28403,69,2000,14.2015,185,113,4734,912,0.456,9.056971514242878,0.7820138087726796,42339.73146129206,0.6987036354097291,2882531.185785678,0.37489692620165116
BPIC2012_2000_MIXED_2.0_3.xes,38881,37,2000,19.4405,159,41,4342,802,0.401,8.08295852073963,0.75548107368277,42339.73146129206,0.6987036354097291,2882531.185785678,0.37489692620165116
Sepsis_4000_SUBSTITUTION_2.0_1.xes,57008,56,4000,14.252,185,103,8455,905,0.22625,9.083229192701825,0.7812897021149127,42339.73146129206,0.6987036354097291,2882531.185785678,0.37489692620165116
BPIC2012_20000_ABSENCE_10.0_5.xes,394166,24,20000,19.7083,175,38,29435,4343,0.21715,8.077446127693616,0.7542025067815474,42339.73146129206,0.6987036354097291,2882531.185785678,0.37489692620165116
BPIC2012_10000_MIXED_4.0_5.xes,198881,126,10000,19.8881,175,194,16490,2766,0.2766,8.183581641835817,0.7517182814304555,42339.73146129206,0.6987036354097291,2882531.185785678,0.37489692620165116
BPIC2012_100000_INSERTION_1.0_4.xes,1997892,537,100000,19.97892,175,752,115355,5247,0.05247,8.16359836401636,0.7513225966021332,42339.73146129206,0.6987036354097291,2882531.185785678,0.37489692620165116
Sepsis_20000_INSERTION_2.0_4.xes,288934,214,20000,14.4467,185,378,33414,1241,0.06205,9.133643317834109,0.7787688036939427,42339.73146129206,0.6987036354097291,2882531.185785678,0.37489692620165116
BPIC2012_20000_MIXED_0.2_5.xes,396171,35,20000,19.80855,175,49,28874,3540,0.177,8.136643167841608,0.7527012270258392,42339.73146129206,0.6987036354097291,2882531.185785678,0.37489692620165116
RTFMS_40000_INSERTION_4.0_5.xes,150598,752,40000,3.76495,16,1128,11762,1068,0.0267,3.6993575160620984,0.5997570537037475,42339.73146129206,0.6987036354097291,2882531.185785678,0.37489692620165116
RTFMS_2000_SUBSTITUTION_2.0_4.xes,7458,29,2000,3.729,11,48,894,68,0.034,3.6751624187906047,0.5938126617109696,42339.73146129206,0.6987036354097291,2882531.185785678,0.37489692620165116
Sepsis_1000_ORDERING_2.0_2.xes,13900,16,1000,13.9,118,28,2569,558,0.558,9.031968031968033,0.789963061537026,42339.73146129206,0.6987036354097291,2882531.185785678,0.37489692620165116
Sepsis_2000_INSERTION_0.2_5.xes,28391,18,2000,14.1955,185,33,4668,748,0.374,9.06296851574213,0.7868034232473687,42339.73146129206,0.6987036354097291,2882531.185785678,0.37489692620165116
BPIC2012_1000_MIXED_4.0_2.xes,19584,32,1000,19.584,159,49,2512,453,0.453,8.093906093906094,0.7536250981979475,42339.73146129206,0.6987036354097291,2882531.185785678,0.37489692620165116
Sepsis_100000_MIXED_0.2_1.xes,1449842,69,100000,14.49842,185,123,126765,1040,0.0104,9.143828561714383,0.7792179355869937,42339.73146129206,0.6987036354097291,2882531.185785678,0.37489692620165116
RTFMS_4000_ABSENCE_0.4_5.xes,14899,11,4000,3.72475,12,25,1530,57,0.01425,3.6768307923019243,0.5993656948200385,42339.73146129206,0.6987036354097291,2882531.185785678,0.37489692620165116
Sepsis_100000_INSERTION_2.0_1.xes,1451819,936,100000,14.51819,185,1660,128009,2776,0.02776,9.155898441015589,0.7791805839067507,42339.73146129206,0.6987036354097291,2882531.185785678,0.37489692620165116
BPIC2012_2000_MIXED_0.4_3.xes,38879,28,2000,19.4395,159,29,4304,783,0.3915,8.081459270364817,0.7564055119883641,42339.73146129206,0.6987036354097291,2882531.185785678,0.37489692620165116
RTFMS_10000_ABSENCE_10.0_3.xes,36497,11,10000,3.6497,11,29,3612,118,0.0118,3.6000399960004,0.6049592589108975,42339.73146129206,0.6987036354097291,2882531.185785678,0.37489692620165116
BPIC2012_2000_MIXED_10.0_2.xes,38873,74,2000,19.4365,159,118,4411,889,0.4445,8.083458270864568,0.7551305665243726,42339.73146129206,0.6987036354097291,2882531.185785678,0.37489692620165116
BPIC2012_10000_INSERTION_1.0_4.xes,198964,80,10000,19.8964,175,115,16312,2583,0.2583,8.186881311868813,0.7516151833333298,42339.73146129206,0.6987036354097291,2882531.185785678,0.37489692620165116
BPIC2012_100000_INSERTION_0.4_5.xes,1997292,204,100000,19.97292,175,284,114945,4719,0.04719,8.159378406215938,0.7512705720773227,42339.73146129206,0.6987036354097291,2882531.185785678,0.37489692620165116
BPIC2012_1000_ORDERING_0.4_2.xes,19595,24,1000,19.595,159,29,2489,433,0.433,8.098901098901099,0.7548995360570553,42339.73146129206,0.6987036354097291,2882531.185785678,0.37489692620165116
RTFMS_1000_INSERTION_0.4_2.xes,3789,12,1000,3.789,10,19,505,30,0.03,3.7362637362637363,0.5984595921668374,42339.73146129206,0.6987036354097291,2882531.185785678,0.37489692620165116
RTFMS_40000_MIXED_0.1_4.xes,148988,18,40000,3.7247,16,29,10777,144,0.0036,3.6721081972950675,0.5957032241379747,42339.73146129206,0.6987036354097291,2882531.185785678,0.37489692620165116
Sepsis_40000_MIXED_1.0_1.xes,579490,114,40000,14.48725,185,199,59774,1229,0.030725,9.131896702582436,0.778864767603024,42339.73146129206,0.6987036354097291,2882531.185785678,0.37489692620165116
BPIC2012_2000_SUBSTITUTION_10.0_4.xes,38878,125,2000,19.439,159,175,4409,893,0.4465,8.091954022988507,0.7553602801874606,42339.73146129206,0.6987036354097291,2882531.185785678,0.37489692620165116
Sepsis_2000_ORDERING_0.1_1.xes,28387,16,2000,14.1935,185,29,4664,748,0.374,9.061969015492254,0.7887486990111059,42339.73146129206,0.6987036354097291,2882531.185785678,0.37489692620165116
Sepsis_20000_ORDERING_2.0_3.xes,288534,16,20000,14.4267,185,18,33385,1187,0.05935,9.12134393280336,0.7877717691314411,42339.73146129206,0.6987036354097291,2882531.185785678,0.37489692620165116
RTFMS_1000_ABSENCE_4.0_2.xes,3745,11,1000,3.745,10,21,514,40,0.04,3.6953046953046953,0.6012504463772549,42339.73146129206,0.6987036354097291,2882531.185785678,0.37489692620165116
Sepsis_100000_MIXED_2.0_3.xes,1449842,523,100000,14.49842,185,906,127915,2690,0.0269,9.143218567814323,0.7791108468757308,42339.73146129206,0.6987036354097291,2882531.185785678,0.37489692620165116
BPIC2012_100000_ABSENCE_0.2_4.xes,1996692,24,100000,19.96692,175,32,114730,4472,0.04472,8.155528444715554,0.7546565978148966,42339.73146129206,0.6987036354097291,2882531.185785678,0.37489692620165116
BPIC2012_40000_SUBSTITUTION_4.0_5.xes,799439,849,40000,19.985975,175,1051,53280,5512,0.1378,8.180070498237544,0.7516870863936504,42339.73146129206,0.6987036354097291,2882531.185785678,0.37489692620165116
Sepsis_100000_ABSENCE_0.4_2.xes,1449419,16,100000,14.49419,185,29,126758,1189,0.01189,9.140688593114069,0.7877199710848083,42339.73146129206,0.6987036354097291,2882531.185785678,0.37489692620165116
RTFMS_10000_SUBSTITUTION_2.0_4.xes,37497,98,10000,3.7497,12,144,3420,203,0.0203,3.6915308469153083,0.595058931383096,42339.73146129206,0.6987036354097291,2882531.185785678,0.37489692620165116
RTFMS_100000_ORDERING_0.1_3.xes,373119,11,100000,3.73119,17,8,24036,199,0.00199,3.6791232087679124,0.6020103482924687,42339.73146129206,0.6987036354097291,2882531.185785678,0.37489692620165116
Sepsis_1000_MIXED_2.0_4.xes,13903,23,1000,13.903,118,38,2565,553,0.553,9.035964035964035,0.7851641714796446,42339.73146129206,0.6987036354097291,2882531.185785678,0.37489692620165116
BPIC2012_40000_ABSENCE_10.0_1.xes,795439,24,40000,19.885975,175,41,53403,5910,0.14775,8.114822129446765,0.7541960764082314,42339.73146129206,0.6987036354097291,2882531.185785678,0.37489692620165116
RTFMS_100000_ABSENCE_4.0_4.xes,369119,11,100000,3.69119,17,17,25348,243,0.00243,3.6398336016639834,0.6032476065895934,42339.73146129206,0.6987036354097291,2882531.185785678,0.37489692620165116
RTFMS_10000_SUBSTITUTION_2.0_5.xes,37497,109,10000,3.7497,12,163,3422,207,0.0207,3.691830816918308,0.5951372257374286,42339.73146129206,0.6987036354097291,2882531.185785678,0.37489692620165116
Sepsis_4000_SUBSTITUTION_0.2_1.xes,57008,22,4000,14.252,185,40,8418,835,0.20875,9.08472881779555,0.7848658212257937,42339.73146129206,0.6987036354097291,2882531.185785678,0.37489692620165116
BPIC2012_2000_MIXED_0.1_1.xes,38879,25,2000,19.4395,159,25,4312,777,0.3885,8.08095952023988,0.7570739985514404,42339.73146129206,0.6987036354097291,2882531.185785678,0.37489692620165116
RTFMS_10000_MIXED_0.1_3.xes,37495,12,10000,3.7495,12,25,3288,76,0.0076,3.6976302369763023,0.5999964343599034,42339.73146129206,0.6987036354097291,2882531.185785678,0.37489692620165116
BPIC2012_20000_ORDERING_10.0_5.xes,396166,24,20000,19.8083,175,40,30237,4251,0.21255,8.136493175341233,0.7555856039790196,42339.73146129206,0.6987036354097291,2882531.185785678,0.37489692620165116
BPIC2012_100000_ABSENCE_1.0_1.xes,1995892,24,100000,19.95892,175,37,115019,4853,0.04853,8.150938490615093,0.7546304206218574,42339.73146129206,0.6987036354097291,2882531.185785678,0.37489692620165116
BPIC2012_10000_SUBSTITUTION_0.1_3.xes,198864,29,10000,19.8864,175,32,16270,2510,0.251,8.17988201179882,0.7535441829251865,42339.73146129206,0.6987036354097291,2882531.185785678,0.37489692620165116
BPIC2012_4000_ORDERING_0.2_3.xes,79203,24,4000,19.80075,175,30,7648,1370,0.3425,8.177955511122219,0.7563325058023933,42339.73146129206,0.6987036354097291,2882531.185785678,0.37489692620165116
RTFMS_1000_MIXED_0.2_2.xes,3786,11,1000,3.786,10,19,506,28,0.028,3.7362637362637363,0.5999102168087398,42339.73146129206,0.6987036354097291,2882531.185785678,0.37489692620165116
RTFMS_20000_ABSENCE_0.1_1.xes,74682,11,20000,3.7341,12,23,5955,101,0.00505,3.6822658867056646,0.6018846675877606,42339.73146129206,0.6987036354097291,2882531.185785678,0.37489692620165116
BPIC2012_4000_MIXED_0.1_1.xes,79204,26,4000,19.801,175,28,7641,1368,0.342,8.17845538615346,0.7558258638892655,42339.73146129206,0.6987036354097291,2882531.185785678,0.37489692620165116
BPIC2012_20000_INSERTION_10.0_3.xes,398166,954,20000,19.9083,175,1253,30037,5039,0.25195,8.2026398680066,0.7527093863015357,42339.73146129206,0.6987036354097291,2882531.185785678,0.37489692620165116
BPIC2012_2000_ABSENCE_0.1_1.xes,38876,24,2000,19.438,159,26,4291,777,0.3885,8.079960019990004,0.7573044380328378,42339.73146129206,0.6987036354097291,2882531.185785678,0.37489692620165116
RTFMS_40000_ORDERING_10.0_1.xes,148998,11,40000,3.72495,16,9,13068,299,0.007475,3.6725081872953176,0.62742937059584,42339.73146129206,0.6987036354097291,2882531.185785678,0.37489692620165116
RTFMS_100000_ORDERING_0.4_2.xes,373119,11,100000,3.73119,17,10,24328,227,0.00227,3.6791232087679124,0.6028052484392563,42339.73146129206,0.6987036354097291,2882531.185785678,0.37489692620165116
BPIC2012_40000_SUBSTITUTION_4.0_1.xes,799439,859,40000,19.985975,175,1097,53280,5523,0.138075,8.179895502612435,0.7516198818874605,42339.73146129206,0.6987036354097291,2882531.185785678,0.37489692620165116
Sepsis_10000_INSERTION_0.4_5.xes,142685,40,10000,14.2685,185,76,18291,886,0.0886,9.081491850814919,0.7804052637537291,42339.73146129206,0.6987036354097291,2882531.185785678,0.37489692620165116
BPIC2012_40000_ORDERING_0.4_4.xes,799439,24,40000,19.985975,175,37,52476,4246,0.10615,8.17214569635759,0.7545506605762287,42339.73146129206,0.6987036354097291,2882531.185785678,0.37489692620165116
BPIC2012_10000_ORDERING_0.2_2.xes,198864,24,10000,19.8864,175,23,16269,2512,0.2512,8.17988201179882,0.7546725594045223,42339.73146129206,0.6987036354097291,2882531.185785678,0.37489692620165116
BPIC2012_20000_ORDERING_2.0_4.xes,396166,24,20000,19.8083,175,40,29204,3671,0.18355,8.136493175341233,0.7547490016247514,42339.73146129206,0.6987036354097291,2882531.185785678,0.37489692620165116
Sepsis_1000_SUBSTITUTION_10.0_1.xes,13900,68,1000,13.9,118,124,2590,607,0.607,9.026973026973026,0.7835059044753325,42339.73146129206,0.6987036354097291,2882531.185785678,0.37489692620165116
Sepsis_10000_MIXED_10.0_2.xes,142648,264,10000,14.2648,185,462,18708,1788,0.1788,9.073992600739926,0.7808414229358631,42339.73146129206,0.6987036354097291,2882531.185785678,0.37489692620165116
Sepsis_40000_ORDERING_4.0_4.xes,579466,16,40000,14.48665,185,19,60620,2167,0.054175,9.132046698832529,0.7885422549800363,42339.73146129206,0.6987036354097291,2882531.185785678,0.37489692620165116
RTFMS_100000_SUBSTITUTION_2.0_3.xes,373119,965,100000,3.73119,17,1275,25216,1319,0.01319,3.6732032679673203,0.5953725058235926,42339.73146129206,0.6987036354097291,2882531.185785678,0.37489692620165116
Sepsis_20000_ORDERING_10.0_3.xes,288534,16,20000,14.4267,185,17,34270,2508,0.1254,9.12134393280336,0.7899152420023424,42339.73146129206,0.6987036354097291,2882531.185785678,0.37489692620165116
BPIC2012_10000_ABSENCE_4.0_5.xes,198464,24,10000,19.8464,175,37,16362,2673,0.2673,8.155784421557843,0.7544537185490644,42339.73146129206,0.6987036354097291,2882531.185785678,0.37489692620165116
RTFMS_1000_INSERTION_10.0_3.xes,3885,58,1000,3.885,11,94,565,105,0.105,3.804195804195804,0.60980530888652,42339.73146129206,0.6987036354097291,2882531.185785678,0.37489692620165116
Sepsis_100000_INSERTION_1.0_1.xes,1450819,471,100000,14.50819,185,848,127426,1820,0.0182,9.14979850201498,0.7789449850822464,42339.73146129206,0.6987036354097291,2882531.185785678,0.37489692620165116
Sepsis_4000.xes,57008,16,4000,14.252,185,30,8430,827,0.20675,9.083979005248688,0.7891121816221964,42339.73146129206,0.6987036354097291,2882531.185785678,0.37489692620165116
Sepsis_2000_ABSENCE_0.4_5.xes,28379,16,2000,14.1895,185,29,4660,753,0.3765,9.05897051474263,0.7887084942446537,42339.73146129206,0.6987036354097291,2882531.185785678,0.37489692620165116
Sepsis_4000_INSERTION_10.0_4.xes,57408,214,4000,14.352,185,378,8646,1212,0.303,9.145463634091477,0.7824440457092541,42339.73146129206,0.6987036354097291,2882531.185785678,0.37489692620165116
BPIC2012_2000_SUBSTITUTION_2.0_1.xes,38878,48,2000,19.439,159,49,4327,800,0.4,8.086456771614193,0.754962785776472,42339.73146129206,0.6987036354097291,2882531.185785678,0.37489692620165116
Sepsis_1000_MIXED_1.0_1.xes,13903,19,1000,13.903,118,29,2559,546,0.546,9.033966033966035,0.7871808658475885,42339.73146129206,0.6987036354097291,2882531.185785678,0.37489692620165116
BPIC2012_1000_MIXED_0.1_3.xes,19596,25,1000,19.596,159,31,2493,431,0.431,8.0999000999001,0.7545867583646577,42339.73146129206,0.6987036354097291,2882531.185785678,0.37489692620165116
RTFMS_4000_INSERTION_0.1_2.xes,14919,12,4000,3.72975,12,23,1528,52,0.013,3.680829792551862,0.5976982798655124,42339.73146129206,0.6987036354097291,2882531.185785678,0.37489692620165116
BPIC2012_10000_SUBSTITUTION_2.0_1.xes,198864,133,10000,19.8864,175,195,16401,2661,0.2661,8.183881611838816,0.7515306919006924,42339.73146129206,0.6987036354097291,2882531.185785678,0.37489692620165116
RTFMS_10000_MIXED_0.4_4.xes,37487,18,10000,3.7487,12,35,3323,91,0.0091,3.6965303469653032,0.5955250665566076,42339.73146129206,0.6987036354097291,2882531.185785678,0.37489692620165116
Sepsis_2000_ORDERING_10.0_2.xes,28387,16,2000,14.1935,185,25,4749,909,0.4545,9.061969015492254,0.7917310170850571,42339.73146129206,0.6987036354097291,2882531.185785678,0.37489692620165116
Sepsis_1000_ORDERING_0.1_3.xes,13900,16,1000,13.9,118,25,2555,540,0.54,9.031968031968033,0.7894771598638826,42339.73146129206,0.6987036354097291,2882531.185785678,0.37489692620165116
BPIC2012_100000_SUBSTITUTION_10.0_2.xes,1996892,5085,100000,19.96892,175,6168,120208,12314,0.12314,8.177788222117778,0.7527948097293619,42339.73146129206,0.6987036354097291,2882531.185785678,0.37489692620165116
RTFMS_20000_INSERTION_2.0_4.xes,75102,198,20000,3.7551,12,303,6230,361,0.01805,3.696265186740663,0.5956484533996351,42339.73146129206,0.6987036354097291,2882531.185785678,0.37489692620165116
RTFMS_40000_MIXED_0.1_3.xes,148993,19,40000,3.724825,16,27,10765,149,0.003725,3.672283192920177,0.5953836894192587,42339.73146129206,0.6987036354097291,2882531.185785678,0.37489692620165116
Sepsis_1000_SUBSTITUTION_0.4_2.xes,13900,18,1000,13.9,118,29,2570,543,0.543,9.03096903096903,0.7876475632074175,42339.73146129206,0.6987036354097291,2882531.185785678,0.37489692620165116
RTFMS_1000_INSERTION_1.0_4.xes,3795,18,1000,3.795,11,30,514,35,0.035,3.744255744255744,0.5952879759087459,42339.73146129206,0.6987036354097291,2882531.185785678,0.37489692620165116
BPIC2012_2000_MIXED_2.0_4.xes,38865,32,2000,19.4325,159,39,4306,797,0.3985,8.079460269865068,0.7559013317324902,42339.73146129206,0.6987036354097291,2882531.185785678,0.37489692620165116
RTFMS_1000_ORDERING_0.1_1.xes,3785,11,1000,3.785,10,21,501,27,0.027,3.7352647352647352,0.5999052539547319,42339.73146129206,0.6987036354097291,2882531.185785678,0.37489692620165116
RTFMS_4000_INSERTION_0.4_4.xes,14931,20,4000,3.73275,12,42,1535,60,0.015,3.6840789802549363,0.5930008880681525,42339.73146129206,0.6987036354097291,2882531.185785678,0.37489692620165116
RTFMS_40000_ORDERING_4.0_4.xes,148998,11,40000,3.72495,16,10,11866,222,0.00555,3.6725081872953176,0.6122734183855799,42339.73146129206,0.6987036354097291,2882531.185785678,0.37489692620165116
Sepsis_40000_ORDERING_2.0_3.xes,579466,16,40000,14.48665,185,16,60081,1532,0.0383,9.132046698832529,0.7880238337786043,42339.73146129206,0.6987036354097291,2882531.185785678,0.37489692620165116
BPIC2012_4000_INSERTION_10.0_2.xes,79603,208,4000,19.90075,175,295,7891,1620,0.405,8.242939265183704,0.7545192487952272,42339.73146129206,0.6987036354097291,2882531.185785678,0.37489692620165116
Sepsis_20000_ORDERING_10.0_1.xes,288534,16,20000,14.4267,185,17,34246,2502,0.1251,9.12134393280336,0.7898472654547068,42339.73146129206,0.6987036354097291,2882531.185785678,0.37489692620165116
BPIC2012_4000_INSERTION_4.0_4.xes,79363,105,4000,19.84075,175,169,7723,1473,0.36825,8.205948512871782,0.7536207328064624,42339.73146129206,0.6987036354097291,2882531.185785678,0.37489692620165116
BPIC2012_1000_MIXED_4.0_1.xes,19594,38,1000,19.594,159,45,2513,449,0.449,8.101898101898103,0.7530808742165147,42339.73146129206,0.6987036354097291,2882531.185785678,0.37489692620165116
Sepsis_40000_ABSENCE_4.0_5.xes,577866,16,40000,14.44665,185,31,59889,2084,0.0521,9.101347466313342,0.7876480844551688,42339.73146129206,0.6987036354097291,2882531.185785678,0.37489692620165116
RTFMS_1000_INSERTION_0.4_4.xes,3789,13,1000,3.789,10,24,506,30,0.03,3.7382617382617385,0.597682862101053,42339.73146129206,0.6987036354097291,2882531.185785678,0.37489692620165116
BPIC2012_100000_INSERTION_1.0_2.xes,1997892,472,100000,19.97892,175,657,115321,5221,0.05221,8.163168368316317,0.7513222970084574,42339.73146129206,0.6987036354097291,2882531.185785678,0.37489692620165116
BPIC2012_1000_ORDERING_2.0_5.xes,19595,24,1000,19.595,159,28,2497,438,0.438,8.098901098901099,0.754947069040848,42339.73146129206,0.6987036354097291,2882531.185785678,0.37489692620165116
Sepsis_10000_INSERTION_10.0_1.xes,143645,471,10000,14.3645,185,848,18845,1820,0.182,9.138686131386862,0.7812793599587975,42339.73146129206,0.6987036354097291,2882531.185785678,0.37489692620165116
RTFMS_2000_SUBSTITUTION_10.0_5.xes,7458,109,2000,3.729,11,160,978,173,0.0865,3.650174912543728,0.6073905720727475,42339.73146129206,0.6987036354097291,2882531.185785678,0.37489692620165116
BPIC2012_2000_ABSENCE_0.1_4.xes,38876,24,2000,19.438,159,25,4309,777,0.3885,8.079960019990004,0.7573072226696209,42339.73146129206,0.6987036354097291,2882531.185785678,0.37489692620165116
Sepsis_100000_ORDERING_0.1_3.xes,1449819,16,100000,14.49819,185,21,126792,937,0.00937,9.14379856201438,0.7877379427583457,42339.73146129206,0.6987036354097291,2882531.185785678,0.37489692620165116
RTFMS_2000_ORDERING_10.0_2.xes,7458,11,2000,3.729,11,19,1023,69,0.0345,3.6816591704147927,0.6250021465687106,42339.73146129206,0.6987036354097291,2882531.185785678,0.37489692620165116
Sepsis_1000_INSERTION_4.0_1.xes,13940,36,1000,13.94,118,63,2589,567,0.567,9.058941058941059,0.7831883560094538,42339.73146129206,0.6987036354097291,2882531.185785678,0.37489692620165116
RTFMS_10000_ORDERING_10.0_4.xes,37497,11,10000,3.7497,12,17,3941,146,0.0146,3.698130186981302,0.6266482802334531,42339.73146129206,0.6987036354097291,2882531.185785678,0.37489692620165116
BPIC2012_2000_SUBSTITUTION_1.0_1.xes,38878,38,2000,19.439,159,38,4312,787,0.3935,8.083958020989506,0.7553740134014497,42339.73146129206,0.6987036354097291,2882531.185785678,0.37489692620165116
BPIC2012_10000_MIXED_0.4_3.xes,198867,37,10000,19.8867,175,41,16280,2536,0.2536,8.18038196180382,0.7526506495517912,42339.73146129206,0.6987036354097291,2882531.185785678,0.37489692620165116
RTFMS_1000_INSERTION_0.4_5.xes,3789,13,1000,3.789,10,24,505,30,0.03,3.7382617382617385,0.5975307865784969,42339.73146129206,0.6987036354097291,2882531.185785678,0.37489692620165116
RTFMS_40000_ABSENCE_0.1_5.xes,148958,11,40000,3.72395,16,21,10759,136,0.0034,3.671558211044724,0.6020625942212581,42339.73146129206,0.6987036354097291,2882531.185785678,0.37489692620165116
RTFMS_100000_ABSENCE_2.0_4.xes,371119,11,100000,3.71119,17,17,24747,222,0.00222,3.6594334056659434,0.6025177855607737,42339.73146129206,0.6987036354097291,2882531.185785678,0.37489692620165116
BPIC2012_1000_ORDERING_0.2_1.xes,19595,24,1000,19.595,159,30,2488,432,0.432,8.098901098901099,0.7548468097753673,42339.73146129206,0.6987036354097291,2882531.185785678,0.37489692620165116
Sepsis_1000_MIXED_1.0_3.xes,13897,17,1000,13.897,118,24,2573,543,0.543,9.027972027972028,0.7885416792523829,42339.73146129206,0.6987036354097291,2882531.185785678,0.37489692620165116
RTFMS_100000_ORDERING_0.2_2.xes,373119,11,100000,3.73119,17,10,24146,206,0.00206,3.6791232087679124,0.6022836569914316,42339.73146129206,0.6987036354097291,2882531.185785678,0.37489692620165116
RTFMS_4000_ABSENCE_0.1_4.xes,14911,11,4000,3.72775,12,24,1536,51,0.01275,3.6795801049737564,0.5992940915937142,42339.73146129206,0.6987036354097291,2882531.185785678,0.37489692620165116
BPIC2012_100000_ABSENCE_0.1_4.xes,1996792,24,100000,19.96792,175,29,114683,4421,0.04421,8.156108438915611,0.7546604043442625,42339.73146129206,0.6987036354097291,2882531.185785678,0.37489692620165116
BPIC2012_2000_MIXED_0.1_2.xes,38878,25,2000,19.439,159,30,4300,777,0.3885,8.080459770114942,0.7570309822540862,42339.73146129206,0.6987036354097291,2882531.185785678,0.37489692620165116
RTFMS_40000_INSERTION_10.0_1.xes,152998,1863,40000,3.82495,16,2843,13103,2298,0.05745,3.739681507962301,0.6112625761965917,42339.73146129206,0.6987036354097291,2882531.185785678,0.37489692620165116
BPIC2012_40000_MIXED_10.0_5.xes,799481,1020,40000,19.987025,175,1343,54486,6826,0.17065,8.180595485112873,0.7520224917242775,42339.73146129206,0.6987036354097291,2882531.185785678,0.37489692620165116
RTFMS_40000_MIXED_1.0_1.xes,148996,105,40000,3.7249,16,146,11044,324,0.0081,3.67100822479438,0.5936487200381446,42339.73146129206,0.6987036354097291,2882531.185785678,0.37489692620165116
BPIC2012_100000_INSERTION_4.0_1.xes,2000892,1832,100000,20.00892,175,2463,117087,7577,0.07577,8.182928170718293,0.7518085940904862,42339.73146129206,0.6987036354097291,2882531.185785678,0.37489692620165116
Sepsis_2000_SUBSTITUTION_1.0_1.xes,28387,28,2000,14.1935,185,49,4680,765,0.3825,9.061469265367316,0.7828610121362957,42339.73146129206,0.6987036354097291,2882531.185785678,0.37489692620165116
BPIC2012_4000_MIXED_10.0_4.xes,79202,120,4000,19.8005,175,179,7859,1567,0.39175,8.180954761309673,0.7539532862740639,42339.73146129206,0.6987036354097291,2882531.185785678,0.37489692620165116
RTFMS_1000_ABSENCE_0.2_3.xes,3783,11,1000,3.783,10,20,502,28,0.028,3.733266733266733,0.5998283538428245,42339.73146129206,0.6987036354097291,2882531.185785678,0.37489692620165116
BPIC2012_4000_INSERTION_1.0_1.xes,79243,42,4000,19.81075,175,50,7650,1394,0.3485,8.184203949012748,0.7541037471521351,42339.73146129206,0.6987036354097291,2882531.185785678,0.37489692620165116
BPIC2012_4000_SUBSTITUTION_10.0_3.xes,79203,222,4000,19.80075,175,313,7874,1629,0.40725,8.199450137465634,0.7544032845344019,42339.73146129206,0.6987036354097291,2882531.185785678,0.37489692620165116
RTFMS_4000_ORDERING_0.2_1.xes,14915,11,4000,3.72875,12,19,1530,54,0.0135,3.6805798550362407,0.5997713392525605,42339.73146129206,0.6987036354097291,2882531.185785678,0.37489692620165116
RTFMS_2000_INSERTION_0.1_2.xes,7460,12,2000,3.73,11,19,864,36,0.018,3.68215892053973,0.5970611472747467,42339.73146129206,0.6987036354097291,2882531.185785678,0.37489692620165116
Sepsis_100000_SUBSTITUTION_4.0_5.xes,1449819,1943,100000,14.49819,185,3306,129087,4689,0.04689,9.14340856591434,0.7797359024730974,42339.73146129206,0.6987036354097291,2882531.185785678,0.37489692620165116
RTFMS_40000_INSERTION_0.1_5.xes,149038,36,40000,3.72595,16,53,10771,156,0.0039,3.673208169795755,0.5929459301566105,42339.73146129206,0.6987036354097291,2882531.185785678,0.37489692620165116
RTFMS_4000_ORDERING_0.4_5.xes,14915,11,4000,3.72875,12,21,1537,55,0.01375,3.6805798550362407,0.6000960159977693,42339.73146129206,0.6987036354097291,2882531.185785678,0.37489692620165116
RTFMS_1000_SUBSTITUTION_0.1_5.xes,3785,11,1000,3.785,10,19,507,27,0.027,3.734265734265734,0.599689729818775,42339.73146129206,0.6987036354097291,2882531.185785678,0.37489692620165116
Sepsis_40000_MIXED_1.0_2.xes,579458,119,40000,14.48645,185,205,59796,1229,0.030725,9.131621709457264,0.7788341705625522,42339.73146129206,0.6987036354097291,2882531.185785678,0.37489692620165116
RTFMS_1000_ORDERING_4.0_3.xes,3785,11,1000,3.785,10,16,540,43,0.043,3.7352647352647352,0.6103101895314329,42339.73146129206,0.6987036354097291,2882531.185785678,0.37489692620165116
RTFMS_2000_ABSENCE_0.4_3.xes,7450,11,2000,3.725,11,21,867,39,0.0195,3.6776611694152925,0.5989625945938223,42339.73146129206,0.6987036354097291,2882531.185785678,0.37489692620165116
Sepsis_4000_MIXED_2.0_3.xes,57010,33,4000,14.2525,185,50,8457,905,0.22625,9.080729817545613,0.7825289977033081,42339.73146129206,0.6987036354097291,2882531.185785678,0.37489692620165116
RTFMS_10000_ORDERING_2.0_2.xes,37497,11,10000,3.7497,12,18,3477,102,0.0102,3.698130186981302,0.6068256183550864,42339.73146129206,0.6987036354097291,2882531.185785678,0.37489692620165116
RTFMS_100000_SUBSTITUTION_2.0_5.xes,373119,941,100000,3.73119,17,1271,25206,1292,0.01292,3.672983270167298,0.5953772937114875,42339.73146129206,0.6987036354097291,2882531.185785678,0.37489692620165116
Sepsis_100000_MIXED_0.2_5.xes,1449823,67,100000,14.49823,185,127,126759,1034,0.01034,9.143738562614374,0.7792407260152515,42339.73146129206,0.6987036354097291,2882531.185785678,0.37489692620165116
RTFMS_4000_ORDERING_0.2_5.xes,14915,11,4000,3.72875,12,22,1536,53,0.01325,3.6805798550362407,0.5997344508235493,42339.73146129206,0.6987036354097291,2882531.185785678,0.37489692620165116
BPIC2012_4000_MIXED_0.4_3.xes,79205,30,4000,19.80125,175,33,7627,1378,0.3445,8.178705323669083,0.755055659821476,42339.73146129206,0.6987036354097291,2882531.185785678,0.37489692620165116
RTFMS_100000_ORDERING_2.0_4.xes,373119,11,100000,3.73119,17,9,25411,287,0.00287,3.6791232087679124,0.6069434320595879,42339.73146129206,0.6987036354097291,2882531.185785678,0.37489692620165116
Sepsis_10000_SUBSTITUTION_4.0_4.xes,142645,196,10000,14.2645,185,344,18500,1238,0.1238,9.076092390760923,0.779974872863195,42339.73146129206,0.6987036354097291,2882531.185785678,0.37489692620165116
RTFMS_1000_MIXED_0.1_5.xes,3785,11,1000,3.785,10,20,500,27,0.027,3.7352647352647352,0.5999674521552854,42339.73146129206,0.6987036354097291,2882531.185785678,0.37489692620165116
RTFMS_10000_MIXED_2.0_2.xes,37508,61,10000,3.7508,12,98,3433,185,0.0185,3.6956304369563044,0.5948896617601837,42339.73146129206,0.6987036354097291,2882531.185785678,0.37489692620165116
RTFMS_4000_INSERTION_1.0_3.xes,14955,30,4000,3.73875,12,53,1545,80,0.02,3.6875781054736314,0.592469171135446,42339.73146129206,0.6987036354097291,2882531.185785678,0.37489692620165116
RTFMS_10000_MIXED_10.0_2.xes,37506,256,10000,3.7506,12,348,3857,507,0.0507,3.683831616838316,0.6077968475917459,42339.73146129206,0.6987036354097291,2882531.185785678,0.37489692620165116
BPIC2012_2000_MIXED_0.4_1.xes,38877,27,2000,19.4385,159,28,4316,780,0.39,8.08095952023988,0.7565898192751712,42339.73146129206,0.6987036354097291,2882531.185785678,0.37489692620165116
Sepsis_20000_INSERTION_0.2_1.xes,288574,36,20000,14.4287,185,66,33161,886,0.0443,9.122693865306735,0.7800480383566926,42339.73146129206,0.6987036354097291,2882531.185785678,0.37489692620165116
BPIC2012_2000_ORDERING_10.0_5.xes,38878,24,2000,19.439,159,36,4434,827,0.4135,8.080459770114942,0.75826485369445,42339.73146129206,0.6987036354097291,2882531.185785678,0.37489692620165116
RTFMS_10000_MIXED_2.0_1.xes,37506,65,10000,3.7506,12,103,3431,191,0.0191,3.6965303469653032,0.5950953110845999,42339.73146129206,0.6987036354097291,2882531.185785678,0.37489692620165116
RTFMS_10000_INSERTION_0.1_2.xes,37507,16,10000,3.7507,12,29,3297,77,0.0077,3.6986301369863015,0.5962386182157249,42339.73146129206,0.6987036354097291,2882531.185785678,0.37489692620165116
RTFMS_2000_SUBSTITUTION_4.0_1.xes,7458,47,2000,3.729,11,76,917,92,0.046,3.6656671664167915,0.596831584853525,42339.73146129206,0.6987036354097291,2882531.185785678,0.37489692620165116
RTFMS_100000_MIXED_0.4_5.xes,373099,84,100000,3.73099,17,112,24221,342,0.00342,3.6781432185678145,0.5923220366304578,42339.73146129206,0.6987036354097291,2882531.185785678,0.37489692620165116
BPIC2012_2000_ORDERING_0.4_4.xes,38878,24,2000,19.439,159,25,4323,780,0.39,8.080459770114942,0.7573515707330389,42339.73146129206,0.6987036354097291,2882531.185785678,0.37489692620165116
Sepsis_1000_INSERTION_0.4_1.xes,13904,18,1000,13.904,118,30,2560,543,0.543,9.034965034965035,0.7875931427019146,42339.73146129206,0.6987036354097291,2882531.185785678,0.37489692620165116
RTFMS_100000_MIXED_0.4_4.xes,373123,98,100000,3.73123,17,138,24257,365,0.00365,3.6784832151678484,0.5923154935034052,42339.73146129206,0.6987036354097291,2882531.185785678,0.37489692620165116
Sepsis_40000_ORDERING_2.0_4.xes,579466,16,40000,14.48665,185,25,60164,1527,0.038175,9.132046698832529,0.7880270742768178,42339.73146129206,0.6987036354097291,2882531.185785678,0.37489692620165116
BPIC2012_4000_ORDERING_0.2_2.xes,79203,24,4000,19.80075,175,26,7628,1369,0.34225,8.177955511122219,0.7563474294190438,42339.73146129206,0.6987036354097291,2882531.185785678,0.37489692620165116
RTFMS_1000_ORDERING_0.2_2.xes,3785,11,1000,3.785,10,19,502,28,0.028,3.7352647352647352,0.6000744685833859,42339.73146129206,0.6987036354097291,2882531.185785678,0.37489692620165116
BPIC2012_10000_ORDERING_1.0_2.xes,198864,24,10000,19.8864,175,35,16339,2539,0.2539,8.17988201179882,0.7547640742812317,42339.73146129206,0.6987036354097291,2882531.185785678,0.37489692620165116
BPIC2012_2000_ABSENCE_10.0_3.xes,38678,24,2000,19.339,159,34,4362,828,0.414,8.012993503248376,0.7570527002958141,42339.73146129206,0.6987036354097291,2882531.185785678,0.37489692620165116
Sepsis_100000_ORDERING_10.0_4.xes,1449819,16,100000,14.49819,185,13,133148,8120,0.0812,9.14379856201438,0.790313082691857,42339.73146129206,0.6987036354097291,2882531.185785678,0.37489692620165116
BPIC2012_2000_SUBSTITUTION_0.4_3.xes,38878,29,2000,19.439,159,32,4301,780,0.39,8.080459770114942,0.7562021439085024,42339.73146129206,0.6987036354097291,2882531.185785678,0.37489692620165116
Sepsis_100000_INSERTION_0.2_5.xes,1450019,116,100000,14.50019,185,212,126890,1045,0.01045,9.145028549714503,0.778915702154284,42339.73146129206,0.6987036354097291,2882531.185785678,0.37489692620165116
Sepsis_100000_MIXED_0.2_3.xes,1449835,69,100000,14.49835,185,113,126812,1038,0.01038,9.14369856301437,0.7792105844093232,42339.73146129206,0.6987036354097291,2882531.185785678,0.37489692620165116
BPIC2012_2000_INSERTION_0.1_4.xes,38880,25,2000,19.44,159,27,4307,778,0.389,8.08095952023988,0.757032423350328,42339.73146129206,0.6987036354097291,2882531.185785678,0.37489692620165116
BPIC2012_20000_INSERTION_0.1_4.xes,396186,32,20000,19.8093,175,38,28899,3527,0.17635,8.137043147842608,0.7530160061734783,42339.73146129206,0.6987036354097291,2882531.185785678,0.37489692620165116
Sepsis_1000_ORDERING_0.2_1.xes,13900,16,1000,13.9,118,25,2566,542,0.542,9.031968031968033,0.7895453349990268,42339.73146129206,0.6987036354097291,2882531.185785678,0.37489692620165116
BPIC2012_10000_ABSENCE_0.4_4.xes,198824,24,10000,19.8824,175,26,16241,2525,0.2525,8.177282271772823,0.7546240306461458,42339.73146129206,0.6987036354097291,2882531.185785678,0.37489692620165116
BPIC2012_10000_ABSENCE_1.0_3.xes,198764,24,10000,19.8764,175,33,16278,2553,0.2553,8.172982701729827,0.7546229048516416,42339.73146129206,0.6987036354097291,2882531.185785678,0.37489692620165116
RTFMS_4000_SUBSTITUTION_1.0_1.xes,14915,29,4000,3.72875,12,53,1545,82,0.0205,3.6768307923019243,0.5925036994592028,42339.73146129206,0.6987036354097291,2882531.185785678,0.37489692620165116
RTFMS_20000_ORDERING_1.0_3.xes,74702,11,20000,3.7351,12,15,6117,130,0.0065,3.6831658417079147,0.6045779504582498,42339.73146129206,0.6987036354097291,2882531.185785678,0.37489692620165116
BPIC2012_40000_ORDERING_0.2_1.xes,799439,24,40000,19.985975,175,32,52350,4213,0.105325,8.17214569635759,0.7545280258995345,42339.73146129206,0.6987036354097291,2882531.185785678,0.37489692620165116
BPIC2012_1000_ABSENCE_10.0_1.xes,19495,24,1000,19.495,159,36,2515,461,0.461,8.033966033966035,0.7546296082210884,42339.73146129206,0.6987036354097291,2882531.185785678,0.37489692620165116
BPIC2012_4000_MIXED_0.1_3.xes,79205,26,4000,19.80125,175,28,7629,1368,0.342,8.17845538615346,0.7558052894331072,42339.73146129206,0.6987036354097291,2882531.185785678,0.37489692620165116
RTFMS_100000_MIXED_10.0_1.xes,373166,2388,100000,3.73166,17,3434,29197,3245,0.03245,3.6641333586664135,0.6086784738586279,42339.73146129206,0.6987036354097291,2882531.185785678,0.37489692620165116
Sepsis_20000_INSERTION_4.0_3.xes,289334,378,20000,14.4667,185,670,33632,1627,0.08135,9.144892755362232,0.7791904673164347,42339.73146129206,0.6987036354097291,2882531.185785678,0.37489692620165116
BPIC2012_10000_INSERTION_4.0_5.xes,199264,204,10000,19.9264,175,282,16541,2798,0.2798,8.206579342065794,0.7518871174754517,42339.73146129206,0.6987036354097291,2882531.185785678,0.37489692620165116
Sepsis_2000_ABSENCE_2.0_2.xes,28347,16,2000,14.1735,185,28,4675,774,0.387,9.047976011994002,0.7887535600759694,42339.73146129206,0.6987036354097291,2882531.185785678,0.37489692620165116
BPIC2012_1000_ORDERING_0.4_4.xes,19595,24,1000,19.595,159,31,2492,430,0.43,8.098901098901099,0.7549019431663027,42339.73146129206,0.6987036354097291,2882531.185785678,0.37489692620165116
BPIC2012_100000_ABSENCE_4.0_4.xes,1992892,24,100000,19.92892,175,41,115996,6156,0.06156,8.134178658213418,0.7545412327975997,42339.73146129206,0.6987036354097291,2882531.185785678,0.37489692620165116
RTFMS_100000_MIXED_4.0_2.xes,373170,1000,100000,3.7317,17,1397,26336,1589,0.01589,3.6739432605673943,0.5985071019653605,42339.73146129206,0.6987036354097291,2882531.185785678,0.37489692620165116
BPIC2012_4000_INSERTION_2.0_4.xes,79283,65,4000,19.82075,175,92,7687,1420,0.355,8.190952261934516,0.7535932287194171,42339.73146129206,0.6987036354097291,2882531.185785678,0.37489692620165116
BPIC2012_2000_ABSENCE_2.0_5.xes,38838,24,2000,19.419,159,29,4302,792,0.396,8.067966016991504,0.7571575570696505,42339.73146129206,0.6987036354097291,2882531.185785678,0.37489692620165116
BPIC2012_10000_INSERTION_4.0_1.xes,199264,212,10000,19.9264,175,313,16490,2797,0.2797,8.206679332066793,0.751827321567414,42339.73146129206,0.6987036354097291,2882531.185785678,0.37489692620165116
BPIC2012_10000_SUBSTITUTION_10.0_4.xes,198864,528,10000,19.8864,175,661,16821,3241,0.3241,8.1991800819918,0.7528223536572762,42339.73146129206,0.6987036354097291,2882531.185785678,0.37489692620165116
RTFMS_100000_ORDERING_2.0_2.xes,373119,11,100000,3.73119,17,8,25418,302,0.00302,3.6791232087679124,0.6070406803571611,42339.73146129206,0.6987036354097291,2882531.185785678,0.37489692620165116
Sepsis_40000_MIXED_10.0_2.xes,579408,937,40000,14.4852,186,1628,61579,4462,0.11155,9.126121846953826,0.7804172433509542,42339.73146129206,0.6987036354097291,2882531.185785678,0.37489692620165116
Sepsis_100000_SUBSTITUTION_0.4_2.xes,1449819,212,100000,14.49819,185,375,126920,1238,0.01238,9.143658563414366,0.7788516294571752,42339.73146129206,0.6987036354097291,2882531.185785678,0.37489692620165116
Sepsis_4000_MIXED_0.4_3.xes,57006,21,4000,14.2515,185,35,8417,843,0.21075,9.083229192701825,0.7853300772210778,42339.73146129206,0.6987036354097291,2882531.185785678,0.37489692620165116
RTFMS_40000_ORDERING_10.0_5.xes,148998,11,40000,3.72495,16,9,13103,299,0.007475,3.6725081872953176,0.6275353151684708,42339.73146129206,0.6987036354097291,2882531.185785678,0.37489692620165116
BPIC2012_2000_INSERTION_1.0_1.xes,38898,33,2000,19.449,159,38,4313,792,0.396,8.08695652173913,0.7557845763758618,42339.73146129206,0.6987036354097291,2882531.185785678,0.37489692620165116
BPIC2012_4000_ORDERING_4.0_1.xes,79203,24,4000,19.80075,175,42,7754,1419,0.35475,8.177955511122219,0.7566380063663969,42339.73146129206,0.6987036354097291,2882531.185785678,0.37489692620165116
Sepsis_40000_SUBSTITUTION_1.0_5.xes,579466,207,40000,14.48665,185,355,59761,1246,0.03115,9.131446713832155,0.7787956814022454,42339.73146129206,0.6987036354097291,2882531.185785678,0.37489692620165116
BPIC2012_20000_ABSENCE_1.0_2.xes,395966,24,20000,19.7983,175,35,28935,3617,0.18085,8.131093445327734,0.7545044190592075,42339.73146129206,0.6987036354097291,2882531.185785678,0.37489692620165116
RTFMS_40000_MIXED_0.4_4.xes,148987,39,40000,3.724675,16,62,10868,205,0.005125,3.6715082122946927,0.5932759801753344,42339.73146129206,0.6987036354097291,2882531.185785678,0.37489692620165116
BPIC2012_2000_ABSENCE_0.2_3.xes,38874,24,2000,19.437,159,26,4305,779,0.3895,8.078460769615193,0.7572877957437929,42339.73146129206,0.6987036354097291,2882531.185785678,0.37489692620165116
RTFMS_1000_MIXED_4.0_2.xes,3789,21,1000,3.789,10,37,525,56,0.056,3.7302697302697303,0.599098326928658,42339.73146129206,0.6987036354097291,2882531.185785678,0.37489692620165116
Sepsis_40000_SUBSTITUTION_0.4_4.xes,579466,89,40000,14.48665,185,154,59674,1005,0.025125,9.131971700707481,0.7788700015134409,42339.73146129206,0.6987036354097291,2882531.185785678,0.37489692620165116
RTFMS_20000_INSERTION_0.1_2.xes,74722,21,20000,3.7361,12,32,5970,110,0.0055,3.6838158092095394,0.5946176369604653,42339.73146129206,0.6987036354097291,2882531.185785678,0.37489692620165116
RTFMS_20000_ABSENCE_10.0_5.xes,72702,11,20000,3.6351,12,24,6562,141,0.00705,3.584770761461927,0.6057187108394453,42339.73146129206,0.6987036354097291,2882531.185785678,0.37489692620165116
RTFMS_4000_SUBSTITUTION_1.0_5.xes,14915,26,4000,3.72875,12,46,1556,78,0.0195,3.6765808547863035,0.5926658508633836,42339.73146129206,0.6987036354097291,2882531.185785678,0.37489692620165116
Sepsis_100000_ABSENCE_0.4_3.xes,1449419,16,100000,14.49419,185,30,126701,1195,0.01195,9.14080859191408,0.7877284353276252,42339.73146129206,0.6987036354097291,2882531.185785678,0.37489692620165116
RTFMS_4000_ABSENCE_0.4_2.xes,14899,11,4000,3.72475,12,25,1530,58,0.0145,3.6765808547863035,0.5993831145947174,42339.73146129206,0.6987036354097291,2882531.185785678,0.37489692620165116
Sepsis_20000_SUBSTITUTION_4.0_4.xes,288534,381,20000,14.4267,185,646,33619,1628,0.0814,9.118394080295985,0.7792785873209371,42339.73146129206,0.6987036354097291,2882531.185785678,0.37489692620165116
Sepsis_4000_MIXED_10.0_5.xes,56990,107,4000,14.2475,185,196,8577,1195,0.29875,9.076230942264434,0.7821365950118423,42339.73146129206,0.6987036354097291,2882531.185785678,0.37489692620165116
BPIC2012_1000_ABSENCE_1.0_1.xes,19585,24,1000,19.585,159,34,2491,437,0.437,8.091908091908092,0.7548848002651288,42339.73146129206,0.6987036354097291,2882531.185785678,0.37489692620165116
Sepsis_10000_MIXED_4.0_1.xes,142669,114,10000,14.2669,185,199,18485,1229,0.1229,9.078092190780922,0.7799036932280772,42339.73146129206,0.6987036354097291,2882531.185785678,0.37489692620165116
RTFMS_4000_MIXED_1.0_4.xes,14905,18,4000,3.72625,12,34,1555,71,0.01775,3.6765808547863035,0.5939569568120846,42339.73146129206,0.6987036354097291,2882531.185785678,0.37489692620165116
BPIC2012_10000_SUBSTITUTION_4.0_5.xes,198864,244,10000,19.8864,175,320,16513,2811,0.2811,8.188281171882812,0.7518720908039929,42339.73146129206,0.6987036354097291,2882531.185785678,0.37489692620165116
BPIC2012_2000_ORDERING_4.0_4.xes,38878,24,2000,19.439,159,28,4372,797,0.3985,8.080459770114942,0.7576957889869458,42339.73146129206,0.6987036354097291,2882531.185785678,0.37489692620165116
BPIC2012_2000_INSERTION_10.0_3.xes,39078,106,2000,19.539,159,175,4423,886,0.443,8.140929535232384,0.7554527231954117,42339.73146129206,0.6987036354097291,2882531.185785678,0.37489692620165116
Sepsis_4000_INSERTION_10.0_5.xes,57408,225,4000,14.352,185,403,8663,1212,0.303,9.147213196700825,0.7825277787878062,42339.73146129206,0.6987036354097291,2882531.185785678,0.37489692620165116
RTFMS_20000_ORDERING_10.0_1.xes,74702,11,20000,3.7351,12,16,7207,232,0.0116,3.6831658417079147,0.6275523200417589,42339.73146129206,0.6987036354097291,2882531.185785678,0.37489692620165116
BPIC2012_4000_SUBSTITUTION_2.0_1.xes,79203,71,4000,19.80075,175,91,7671,1419,0.35475,8.183204198950262,0.7535147264342625,42339.73146129206,0.6987036354097291,2882531.185785678,0.37489692620165116
RTFMS_2000_MIXED_2.0_1.xes,7466,23,2000,3.733,11,38,903,68,0.034,3.682658670664668,0.5952740155358259,42339.73146129206,0.6987036354097291,2882531.185785678,0.37489692620165116
RTFMS_2000_INSERTION_0.2_2.xes,7462,12,2000,3.731,11,19,870,38,0.019,3.68215892053973,0.5972149185526117,42339.73146129206,0.6987036354097291,2882531.185785678,0.37489692620165116
BPIC2012_10000_ABSENCE_4.0_2.xes,198464,24,10000,19.8464,175,34,16369,2674,0.2674,8.158284171582842,0.7545378566487877,42339.73146129206,0.6987036354097291,2882531.185785678,0.37489692620165116
BPIC2012_4000_SUBSTITUTION_0.1_3.xes,79203,26,4000,19.80075,175,31,7635,1367,0.34175,8.177705573606598,0.7558021704399833,42339.73146129206,0.6987036354097291,2882531.185785678,0.37489692620165116
BPIC2012_100000_INSERTION_0.2_4.xes,1997092,133,100000,19.97092,175,208,114763,4550,0.0455,8.158138418615813,0.7512977819996043,42339.73146129206,0.6987036354097291,2882531.185785678,0.37489692620165116
Sepsis_20000_INSERTION_2.0_1.xes,288934,211,20000,14.4467,185,394,33402,1244,0.0622,9.134443277836109,0.7787973218060278,42339.73146129206,0.6987036354097291,2882531.185785678,0.37489692620165116
BPIC2012_40000_ORDERING_0.4_1.xes,799439,24,40000,19.985975,175,42,52455,4256,0.1064,8.17214569635759,0.7545454011820372,42339.73146129206,0.6987036354097291,2882531.185785678,0.37489692620165116
BPIC2012_10000_INSERTION_1.0_1.xes,198964,71,10000,19.8964,175,94,16316,2582,0.2582,8.186281371862814,0.7516937777511158,42339.73146129206,0.6987036354097291,2882531.185785678,0.37489692620165116
Sepsis_40000_SUBSTITUTION_0.4_3.xes,579466,94,40000,14.48665,185,173,59690,1000,0.025,9.131771705707358,0.7788422126994508,42339.73146129206,0.6987036354097291,2882531.185785678,0.37489692620165116
Sepsis_4000_INSERTION_0.2_3.xes,57016,21,4000,14.254,185,39,8432,835,0.20875,9.085228692826794,0.7852979273478825,42339.73146129206,0.6987036354097291,2882531.185785678,0.37489692620165116
RTFMS_100000_ABSENCE_0.4_2.xes,372719,11,100000,3.72719,17,17,24129,200,0.002,3.6752332476675234,0.6019017967958215,42339.73146129206,0.6987036354097291,2882531.185785678,0.37489692620165116
Sepsis_1000_SUBSTITUTION_1.0_2.xes,13900,19,1000,13.9,118,33,2561,547,0.547,9.027972027972028,0.786996654297598,42339.73146129206,0.6987036354097291,2882531.185785678,0.37489692620165116
RTFMS_2000_INSERTION_10.0_5.xes,7658,109,2000,3.829,11,163,979,176,0.088,3.7471264367816093,0.6078004571910747,42339.73146129206,0.6987036354097291,2882531.185785678,0.37489692620165116
BPIC2012_100000_ABSENCE_2.0_4.xes,1994892,24,100000,19.94892,175,39,115338,5335,0.05335,8.145288547114529,0.7546072636618144,42339.73146129206,0.6987036354097291,2882531.185785678,0.37489692620165116
RTFMS_20000_ABSENCE_0.2_3.xes,74662,11,20000,3.7331,12,24,5962,101,0.00505,3.681165941702915,0.6019536644964875,42339.73146129206,0.6987036354097291,2882531.185785678,0.37489692620165116
BPIC2012_40000_ABSENCE_2.0_5.xes,798639,24,40000,19.965975,175,37,52613,4560,0.114,8.160420989475263,0.7544397120425583,42339.73146129206,0.6987036354097291,2882531.185785678,0.37489692620165116
BPIC2012_40000_SUBSTITUTION_0.2_2.xes,799439,64,40000,19.985975,175,93,52386,4242,0.10605,8.172445688857778,0.7515218228176423,42339.73146129206,0.6987036354097291,2882531.185785678,0.37489692620165116
RTFMS_4000_INSERTION_0.1_3.xes,14919,13,4000,3.72975,12,26,1530,52,0.013,3.6810797300674833,0.5964638822865633,42339.73146129206,0.6987036354097291,2882531.185785678,0.37489692620165116
RTFMS_40000_ABSENCE_0.1_1.xes,148958,11,40000,3.72395,16,21,10773,133,0.003325,3.671558211044724,0.6020574287804275,42339.73146129206,0.6987036354097291,2882531.185785678,0.37489692620165116
Sepsis_4000_MIXED_2.0_4.xes,57008,36,4000,14.252,185,63,8443,899,0.22475,9.082729317670582,0.7822044884561627,42339.73146129206,0.6987036354097291,2882531.185785678,0.37489692620165116
Sepsis_1000_ABSENCE_0.1_2.xes,13899,16,1000,13.899,118,25,2556,541,0.541,9.031968031968033,0.7894343811021728,42339.73146129206,0.6987036354097291,2882531.185785678,0.37489692620165116
RTFMS_2000_MIXED_0.4_2.xes,7459,13,2000,3.7295,11,24,877,41,0.0205,3.6816591704147927,0.5963466896354184,42339.73146129206,0.6987036354097291,2882531.185785678,0.37489692620165116
RTFMS_100000_MIXED_1.0_4.xes,373140,233,100000,3.7314,17,321,24639,586,0.00586,3.6775832241677584,0.593218141536897,42339.73146129206,0.6987036354097291,2882531.185785678,0.37489692620165116
BPIC2012_1000_SUBSTITUTION_4.0_5.xes,19595,50,1000,19.595,159,65,2510,451,0.451,8.110889110889111,0.7529701801962342,42339.73146129206,0.6987036354097291,2882531.185785678,0.37489692620165116
Sepsis_20000_ABSENCE_0.2_2.xes,288494,16,20000,14.4247,185,29,33154,885,0.04425,9.11994400279986,0.7872450575726759,42339.73146129206,0.6987036354097291,2882531.185785678,0.37489692620165116
BPIC2012_1000_ABSENCE_4.0_1.xes,19555,24,1000,19.555,159,36,2495,448,0.448,8.074925074925074,0.7548464745404314,42339.73146129206,0.6987036354097291,2882531.185785678,0.37489692620165116
BPIC2012_40000_ORDERING_0.1_2.xes,799439,24,40000,19.985975,175,33,52355,4187,0.104675,8.17214569635759,0.7545282462416312,42339.73146129206,0.6987036354097291,2882531.185785678,0.37489692620165116
Sepsis_1000_ABSENCE_0.2_5.xes,13898,16,1000,13.898,118,25,2556,542,0.542,9.02997002997003,0.7894190294856589,42339.73146129206,0.6987036354097291,2882531.185785678,0.37489692620165116
BPIC2012_2000_SUBSTITUTION_4.0_1.xes,38878,71,2000,19.439,159,90,4355,825,0.4125,8.090954522738631,0.7548184236532405,42339.73146129206,0.6987036354097291,2882531.185785678,0.37489692620165116
RTFMS_20000_SUBSTITUTION_0.1_1.xes,74702,20,20000,3.7351,12,37,5958,111,0.00555,3.6827658617069146,0.5949498257366378,42339.73146129206,0.6987036354097291,2882531.185785678,0.37489692620165116
BPIC2012_10000_MIXED_0.1_3.xes,198865,29,10000,19.8865,175,30,16266,2511,0.2511,8.18018198180182,0.7535426779706542,42339.73146129206,0.6987036354097291,2882531.185785678,0.37489692620165116
RTFMS_1000_ABSENCE_0.1_2.xes,3784,11,1000,3.784,10,19,500,27,0.027,3.734265734265734,0.5994784435998493,42339.73146129206,0.6987036354097291,2882531.185785678,0.37489692620165116
Sepsis_100000_SUBSTITUTION_0.1_2.xes,1449819,66,100000,14.49819,185,121,126671,945,0.00945,9.143718562814373,0.7792431396448024,42339.73146129206,0.6987036354097291,2882531.185785678,0.37489692620165116
RTFMS_4000_ABSENCE_0.2_2.xes,14907,11,4000,3.72675,12,23,1528,52,0.013,3.678580354911272,0.599177134360199,42339.73146129206,0.6987036354097291,2882531.185785678,0.37489692620165116
RTFMS_100000_INSERTION_4.0_3.xes,377119,1836,100000,3.77119,17,2772,26478,2328,0.02328,3.705612943870561,0.5994103042448333,42339.73146129206,0.6987036354097291,2882531.185785678,0.37489692620165116
BPIC2012_20000_ORDERING_10.0_4.xes,396166,24,20000,19.8083,175,51,30213,4254,0.2127,8.136493175341233,0.7556259555582632,42339.73146129206,0.6987036354097291,2882531.185785678,0.37489692620165116
RTFMS_100000_MIXED_4.0_5.xes,373104,924,100000,3.73104,17,1311,26292,1493,0.01493,3.672743272567274,0.5983178419251904,42339.73146129206,0.6987036354097291,2882531.185785678,0.37489692620165116
BPIC2012_1000_ABSENCE_0.4_5.xes,19591,24,1000,19.591,159,29,2493,432,0.432,8.094905094905094,0.7548317168315948,42339.73146129206,0.6987036354097291,2882531.185785678,0.37489692620165116
Sepsis_20000_ABSENCE_0.4_4.xes,288454,16,20000,14.4227,185,31,33129,923,0.04615,9.118594070296485,0.7872574553045091,42339.73146129206,0.6987036354097291,2882531.185785678,0.37489692620165116
RTFMS_4000_MIXED_0.2_2.xes,14916,13,4000,3.729,12,28,1535,55,0.01375,3.6805798550362407,0.5966274849241463,42339.73146129206,0.6987036354097291,2882531.185785678,0.37489692620165116
RTFMS_40000_ORDERING_0.2_3.xes,148998,11,40000,3.72495,16,12,10854,145,0.003625,3.6725081872953176,0.6025774798412624,42339.73146129206,0.6987036354097291,2882531.185785678,0.37489692620165116
Sepsis_100000_ORDERING_4.0_2.xes,1449819,16,100000,14.49819,185,12,129339,3980,0.0398,9.14379856201438,0.7887680669515778,42339.73146129206,0.6987036354097291,2882531.185785678,0.37489692620165116
RTFMS_1000_SUBSTITUTION_2.0_4.xes,3785,22,1000,3.785,10,35,517,45,0.045,3.7292707292707292,0.5953839540143893,42339.73146129206,0.6987036354097291,2882531.185785678,0.37489692620165116
Sepsis_1000_ABSENCE_2.0_5.xes,13880,16,1000,13.88,118,25,2554,554,0.554,9.016983016983017,0.7896139077088055,42339.73146129206,0.6987036354097291,2882531.185785678,0.37489692620165116
RTFMS_20000_ORDERING_1.0_4.xes,74702,11,20000,3.7351,12,13,6114,128,0.0064,3.6831658417079147,0.6044272918275491,42339.73146129206,0.6987036354097291,2882531.185785678,0.37489692620165116
BPIC2012_100000_INSERTION_10.0_4.xes,2006892,4611,100000,20.06892,175,6086,120237,12138,0.12138,8.223087769122309,0.7528022742295053,42339.73146129206,0.6987036354097291,2882531.185785678,0.37489692620165116
RTFMS_4000_INSERTION_2.0_3.xes,14995,49,4000,3.74875,12,83,1573,109,0.02725,3.694326418395401,0.593645773745742,42339.73146129206,0.6987036354097291,2882531.185785678,0.37489692620165116
RTFMS_40000_ORDERING_1.0_5.xes,148998,11,40000,3.72495,16,10,11102,173,0.004325,3.6725081872953176,0.6045076807149539,42339.73146129206,0.6987036354097291,2882531.185785678,0.37489692620165116
RTFMS_40000_MIXED_1.0_4.xes,149002,98,40000,3.72505,16,142,11033,314,0.00785,3.6709082272943174,0.5936342053126046,42339.73146129206,0.6987036354097291,2882531.185785678,0.37489692620165116
Sepsis_4000_SUBSTITUTION_10.0_2.xes,57008,212,4000,14.252,185,375,8630,1209,0.30225,9.080479880029992,0.782715450989669,42339.73146129206,0.6987036354097291,2882531.185785678,0.37489692620165116
Sepsis_1000_ABSENCE_1.0_2.xes,13890,16,1000,13.89,118,24,2563,547,0.547,9.023976023976024,0.7894804831108556,42339.73146129206,0.6987036354097291,2882531.185785678,0.37489692620165116
Sepsis_10000_MIXED_10.0_5.xes,142641,249,10000,14.2641,185,426,18704,1777,0.1777,9.074292570742927,0.7808886121061323,42339.73146129206,0.6987036354097291,2882531.185785678,0.37489692620165116
RTFMS_1000_ORDERING_2.0_4.xes,3785,11,1000,3.785,10,16,525,36,0.036,3.7352647352647352,0.6051683022808465,42339.73146129206,0.6987036354097291,2882531.185785678,0.37489692620165116
Sepsis_1000_ORDERING_0.2_4.xes,13900,16,1000,13.9,118,25,2556,540,0.54,9.031968031968033,0.7894198219144072,42339.73146129206,0.6987036354097291,2882531.185785678,0.37489692620165116
BPIC2012_2000_INSERTION_4.0_2.xes,38958,62,2000,19.479,159,85,4368,829,0.4145,8.104447776111945,0.7548863571169687,42339.73146129206,0.6987036354097291,2882531.185785678,0.37489692620165116
Sepsis_10000_SUBSTITUTION_10.0_2.xes,142645,488,10000,14.2645,185,843,18790,1820,0.182,9.074392560743926,0.7814553387596318,42339.73146129206,0.6987036354097291,2882531.185785678,0.37489692620165116
RTFMS_1000_INSERTION_10.0_4.xes,3885,59,1000,3.885,11,98,556,103,0.103,3.804195804195804,0.6096038076068695,42339.73146129206,0.6987036354097291,2882531.185785678,0.37489692620165116
RTFMS_10000_ORDERING_4.0_5.xes,37497,11,10000,3.7497,12,15,3602,120,0.012,3.698130186981302,0.6112256713477131,42339.73146129206,0.6987036354097291,2882531.185785678,0.37489692620165116
RTFMS_4000_INSERTION_1.0_2.xes,14955,33,4000,3.73875,12,54,1556,82,0.0205,3.6870782304423892,0.5921012545565498,42339.73146129206,0.6987036354097291,2882531.185785678,0.37489692620165116
Sepsis_20000_SUBSTITUTION_0.2_4.xes,288534,31,20000,14.4267,185,54,33173,886,0.0443,9.120993950302484,0.7806613651686446,42339.73146129206,0.6987036354097291,2882531.185785678,0.37489692620165116
Sepsis_100000_MIXED_0.2_4.xes,1449817,54,100000,14.49817,185,86,126881,1038,0.01038,9.14359856401436,0.7795168827792734,42339.73146129206,0.6987036354097291,2882531.185785678,0.37489692620165116
RTFMS_4000_SUBSTITUTION_10.0_1.xes,14915,209,4000,3.72875,12,296,1760,317,0.07925,3.649087728067983,0.6082860567879294,42339.73146129206,0.6987036354097291,2882531.185785678,0.37489692620165116
RTFMS_1000_SUBSTITUTION_1.0_3.xes,3785,16,1000,3.785,10,29,503,36,0.036,3.7312687312687314,0.5962120817058789,42339.73146129206,0.6987036354097291,2882531.185785678,0.37489692620165116
Sepsis_40000_SUBSTITUTION_10.0_4.xes,579466,1897,40000,14.48665,185,3270,61797,4661,0.116525,9.129821754456138,0.7810826761340202,42339.73146129206,0.6987036354097291,2882531.185785678,0.37489692620165116
RTFMS_2000_INSERTION_1.0_2.xes,7478,21,2000,3.739,11,30,884,54,0.027,3.6881559220389803,0.5930663181443204,42339.73146129206,0.6987036354097291,2882531.185785678,0.37489692620165116
RTFMS_20000_MIXED_4.0_4.xes,74711,188,20000,3.73555,12,262,6450,436,0.0218,3.6767661616919156,0.5983767528131059,42339.73146129206,0.6987036354097291,2882531.185785678,0.37489692620165116
BPIC2012_1000_SUBSTITUTION_0.1_2.xes,19595,24,1000,19.595,159,29,2492,430,0.43,8.098901098901099,0.7548342935209323,42339.73146129206,0.6987036354097291,2882531.185785678,0.37489692620165116
Sepsis_1000_MIXED_0.1_5.xes,13901,16,1000,13.901,118,25,2556,541,0.541,9.031968031968033,0.7894562308357889,42339.73146129206,0.6987036354097291,2882531.185785678,0.37489692620165116
RTFMS_100000_SUBSTITUTION_1.0_2.xes,373119,513,100000,3.73119,17,676,24646,807,0.00807,3.676163238367616,0.5934307725253498,42339.73146129206,0.6987036354097291,2882531.185785678,0.37489692620165116
Sepsis_2000_ORDERING_4.0_1.xes,28387,16,2000,14.1935,185,26,4717,809,0.4045,9.061969015492254,0.789760628907069,42339.73146129206,0.6987036354097291,2882531.185785678,0.37489692620165116
RTFMS_100000_ORDERING_4.0_4.xes,373119,11,100000,3.73119,17,9,26558,334,0.00334,3.6791232087679124,0.6121104047360802,42339.73146129206,0.6987036354097291,2882531.185785678,0.37489692620165116
BPIC2012_2000_ABSENCE_0.1_5.xes,38876,24,2000,19.438,159,25,4311,776,0.388,8.079460269865068,0.7572965539570421,42339.73146129206,0.6987036354097291,2882531.185785678,0.37489692620165116
BPIC2012_2000_SUBSTITUTION_4.0_4.xes,38878,62,2000,19.439,159,86,4363,822,0.411,8.08495752123938,0.7548262565486176,42339.73146129206,0.6987036354097291,2882531.185785678,0.37489692620165116
BPIC2012_40000_MIXED_0.2_2.xes,799428,41,40000,19.9857,175,56,52349,4232,0.1058,8.172120696982576,0.7522173746218276,42339.73146129206,0.6987036354097291,2882531.185785678,0.37489692620165116
Sepsis_1000_INSERTION_0.1_3.xes,13901,17,1000,13.901,118,27,2557,540,0.54,9.032967032967033,0.7884125676437269,42339.73146129206,0.6987036354097291,2882531.185785678,0.37489692620165116
RTFMS_2000_ORDERING_0.2_2.xes,7458,11,2000,3.729,11,19,874,38,0.019,3.6816591704147927,0.5990771162648705,42339.73146129206,0.6987036354097291,2882531.185785678,0.37489692620165116
Sepsis_2000_MIXED_0.2_2.xes,28385,16,2000,14.1925,185,29,4655,749,0.3745,9.061469265367316,0.7887294623061357,42339.73146129206,0.6987036354097291,2882531.185785678,0.37489692620165116
BPIC2012_40000_ABSENCE_10.0_2.xes,795439,24,40000,19.885975,175,38,53407,5899,0.147475,8.114497137571561,0.7541777160496652,42339.73146129206,0.6987036354097291,2882531.185785678,0.37489692620165116
Sepsis_100000_MIXED_2.0_2.xes,1449783,487,100000,14.49783,185,842,127780,2695,0.02695,9.142578574214259,0.7790981918823172,42339.73146129206,0.6987036354097291,2882531.185785678,0.37489692620165116
Sepsis_10000_ORDERING_1.0_2.xes,142645,16,10000,14.2645,185,27,18303,935,0.0935,9.078692130786921,0.7881783572725624,42339.73146129206,0.6987036354097291,2882531.185785678,0.37489692620165116
RTFMS_4000_INSERTION_10.0_4.xes,15315,198,4000,3.82875,12,308,1779,315,0.07875,3.746063484128968,0.6084729088227548,42339.73146129206,0.6987036354097291,2882531.185785678,0.37489692620165116
BPIC2012_2000_INSERTION_0.1_1.xes,38880,24,2000,19.44,159,25,4311,778,0.389,8.080459770114942,0.757294816011906,42339.73146129206,0.6987036354097291,2882531.185785678,0.37489692620165116
RTFMS_2000_SUBSTITUTION_2.0_5.xes,7458,26,2000,3.729,11,43,895,65,0.0325,3.6736631684157923,0.5938860497167595,42339.73146129206,0.6987036354097291,2882531.185785678,0.37489692620165116
Sepsis_4000_MIXED_1.0_5.xes,57007,25,4000,14.25175,185,48,8454,865,0.21625,9.082729317670582,0.7838559621384962,42339.73146129206,0.6987036354097291,2882531.185785678,0.37489692620165116
Sepsis_10000_ABSENCE_0.2_2.xes,142625,16,10000,14.2625,185,29,18275,865,0.0865,9.077392260773923,0.7878996792081083,42339.73146129206,0.6987036354097291,2882531.185785678,0.37489692620165116
BPIC2012_2000_SUBSTITUTION_2.0_3.xes,38878,41,2000,19.439,159,69,4335,801,0.4005,8.086456771614193,0.7553062735387783,42339.73146129206,0.6987036354097291,2882531.185785678,0.37489692620165116
RTFMS_100000_MIXED_0.1_4.xes,373107,31,100000,3.73107,17,47,24016,225,0.00225,3.6788332116678832,0.5929202419761936,42339.73146129206,0.6987036354097291,2882531.185785678,0.37489692620165116
BPIC2012_20000_SUBSTITUTION_0.2_1.xes,396166,48,20000,19.8083,175,52,28871,3545,0.17725,8.137093145342734,0.7519367756231945,42339.73146129206,0.6987036354097291,2882531.185785678,0.37489692620165116
RTFMS_10000_INSERTION_0.4_4.xes,37537,28,10000,3.7537,12,52,3317,100,0.01,3.700829917008299,0.5936612629435996,42339.73146129206,0.6987036354097291,2882531.185785678,0.37489692620165116
BPIC2012_10000_ABSENCE_0.4_1.xes,198824,24,10000,19.8824,175,31,16273,2532,0.2532,8.177482251774823,0.7546449770269823,42339.73146129206,0.6987036354097291,2882531.185785678,0.37489692620165116
Sepsis_4000_SUBSTITUTION_0.2_4.xes,57008,20,4000,14.252,185,37,8408,835,0.20875,9.083979005248688,0.7858536574638197,42339.73146129206,0.6987036354097291,2882531.185785678,0.37489692620165116
RTFMS_1000_INSERTION_10.0_1.xes,3885,52,1000,3.885,10,86,568,109,0.109,3.804195804195804,0.6091918004036438,42339.73146129206,0.6987036354097291,2882531.185785678,0.37489692620165116
BPIC2012_10000_ABSENCE_4.0_1.xes,198464,24,10000,19.8464,175,35,16360,2668,0.2668,8.155784421557843,0.7544995278939424,42339.73146129206,0.6987036354097291,2882531.185785678,0.37489692620165116
RTFMS_100000_MIXED_2.0_5.xes,373069,446,100000,3.73069,17,645,25225,883,0.00883,3.6753632463675365,0.5949804818372209,42339.73146129206,0.6987036354097291,2882531.185785678,0.37489692620165116
Sepsis_100000_INSERTION_10.0_1.xes,1459819,4623,100000,14.59819,186,8228,132761,10106,0.10106,9.204967950320496,0.7810843246510648,42339.73146129206,0.6987036354097291,2882531.185785678,0.37489692620165116
RTFMS_100000_ABSENCE_1.0_1.xes,372119,11,100000,3.72119,17,17,24361,212,0.00212,3.6693133068669312,0.6020918110954367,42339.73146129206,0.6987036354097291,2882531.185785678,0.37489692620165116
BPIC2012_100000_INSERTION_0.1_2.xes,1996992,70,100000,19.96992,175,99,114722,4460,0.0446,8.157308426915732,0.7515765693277006,42339.73146129206,0.6987036354097291,2882531.185785678,0.37489692620165116
RTFMS_40000_SUBSTITUTION_2.0_1.xes,148998,400,40000,3.72495,16,551,11280,619,0.015475,3.666358341041474,0.5957793282555846,42339.73146129206,0.6987036354097291,2882531.185785678,0.37489692620165116
Sepsis_4000_MIXED_0.1_4.xes,57008,18,4000,14.252,185,34,8424,830,0.2075,9.083979005248688,0.787200938834161,42339.73146129206,0.6987036354097291,2882531.185785678,0.37489692620165116
Sepsis_100000_SUBSTITUTION_4.0_4.xes,1449819,1897,100000,14.49819,185,3270,129111,4661,0.04661,9.14290857091429,0.7797385861668771,42339.73146129206,0.6987036354097291,2882531.185785678,0.37489692620165116
RTFMS_1000_MIXED_1.0_1.xes,3786,13,1000,3.786,10,22,511,34,0.034,3.733266733266733,0.598483437149232,42339.73146129206,0.6987036354097291,2882531.185785678,0.37489692620165116
RTFMS_20000_SUBSTITUTION_0.2_3.xes,74702,25,20000,3.7351,12,44,5973,127,0.00635,3.6824658767061647,0.5939797573515028,42339.73146129206,0.6987036354097291,2882531.185785678,0.37489692620165116
BPIC2012_40000_INSERTION_0.1_4.xes,799479,43,40000,19.986975,175,62,52346,4203,0.105075,8.172820679483014,0.752107648048708,42339.73146129206,0.6987036354097291,2882531.185785678,0.37489692620165116
Sepsis_4000_MIXED_0.4_5.xes,57011,19,4000,14.25275,185,35,8426,842,0.2105,9.083729067733067,0.7864706433698143,42339.73146129206,0.6987036354097291,2882531.185785678,0.37489692620165116
BPIC2012_20000_SUBSTITUTION_4.0_1.xes,396166,436,20000,19.8083,175,573,29399,4148,0.2074,8.143992800359982,0.7516847136927202,42339.73146129206,0.6987036354097291,2882531.185785678,0.37489692620165116
Sepsis_10000_SUBSTITUTION_4.0_1.xes,142645,225,10000,14.2645,185,402,18527,1241,0.1241,9.078492150784921,0.7800132996269189,42339.73146129206,0.6987036354097291,2882531.185785678,0.37489692620165116
RTFMS_100000_ORDERING_0.4_1.xes,373119,11,100000,3.73119,17,9,24313,236,0.00236,3.6791232087679124,0.6027792995379415,42339.73146129206,0.6987036354097291,2882531.185785678,0.37489692620165116
RTFMS_20000_ORDERING_0.2_3.xes,74702,11,20000,3.7351,12,17,5981,109,0.00545,3.6831658417079147,0.6024433707021175,42339.73146129206,0.6987036354097291,2882531.185785678,0.37489692620165116
RTFMS_40000_INSERTION_1.0_3.xes,149398,191,40000,3.73495,16,305,11036,387,0.009675,3.67900802479938,0.5938991370088027,42339.73146129206,0.6987036354097291,2882531.185785678,0.37489692620165116
BPIC2012_2000_ABSENCE_4.0_1.xes,38798,24,2000,19.399,159,32,4322,810,0.405,8.056971514242878,0.7572503071150514,42339.73146129206,0.6987036354097291,2882531.185785678,0.37489692620165116
BPIC2012_20000_SUBSTITUTION_1.0_2.xes,396166,131,20000,19.8083,175,171,28998,3681,0.18405,8.138193090345483,0.7512903268259468,42339.73146129206,0.6987036354097291,2882531.185785678,0.37489692620165116
BPIC2012_40000_INSERTION_0.2_3.xes,799519,60,40000,19.987975,175,93,52348,4240,0.106,8.173420664483388,0.7515905013057974,42339.73146129206,0.6987036354097291,2882531.185785678,0.37489692620165116
Sepsis_20000_SUBSTITUTION_0.1_5.xes,288534,25,20000,14.4267,185,44,33142,866,0.0433,9.121293935303235,0.7819142033779737,42339.73146129206,0.6987036354097291,2882531.185785678,0.37489692620165116
Sepsis_4000_MIXED_0.1_1.xes,57009,18,4000,14.25225,185,32,8434,831,0.20775,9.084228942764309,0.7872327170010667,42339.73146129206,0.6987036354097291,2882531.185785678,0.37489692620165116
RTFMS_40000_SUBSTITUTION_0.2_3.xes,148998,41,40000,3.72495,16,65,10804,181,0.004525,3.6717832054198647,0.5928805969510232,42339.73146129206,0.6987036354097291,2882531.185785678,0.37489692620165116
RTFMS_40000_SUBSTITUTION_10.0_4.xes,148998,1921,40000,3.72495,16,2611,12978,2321,0.058025,3.642708932276693,0.6112219410244455,42339.73146129206,0.6987036354097291,2882531.185785678,0.37489692620165116
RTFMS_100000_ORDERING_4.0_3.xes,373119,11,100000,3.73119,17,8,26547,348,0.00348,3.6791232087679124,0.6121314130511994,42339.73146129206,0.6987036354097291,2882531.185785678,0.37489692620165116
BPIC2012_20000_ABSENCE_0.1_4.xes,396146,24,20000,19.8073,175,28,28865,3526,0.1763,8.135943202839858,0.7545381465124292,42339.73146129206,0.6987036354097291,2882531.185785678,0.37489692620165116
RTFMS_100000_SUBSTITUTION_0.2_3.xes,373119,107,100000,3.73119,17,155,24091,317,0.00317,3.6785532144678554,0.5919988084541349,42339.73146129206,0.6987036354097291,2882531.185785678,0.37489692620165116
Sepsis_40000_ORDERING_10.0_2.xes,579466,16,40000,14.48665,185,12,61867,3980,0.0995,9.132046698832529,0.790128268952988,42339.73146129206,0.6987036354097291,2882531.185785678,0.37489692620165116
BPIC2012_40000_INSERTION_0.1_2.xes,799479,45,40000,19.986975,175,51,52316,4203,0.105075,8.172745681357966,0.7520154739524525,42339.73146129206,0.6987036354097291,2882531.185785678,0.37489692620165116
RTFMS_100000_INSERTION_10.0_1.xes,383119,4548,100000,3.83119,17,6975,29730,5295,0.05295,3.7458425415745844,0.6109734913817779,42339.73146129206,0.6987036354097291,2882531.185785678,0.37489692620165116
BPIC2012_100000_SUBSTITUTION_4.0_3.xes,1996892,1975,100000,19.96892,175,2395,117031,7612,0.07612,8.163978360216397,0.7518012365186967,42339.73146129206,0.6987036354097291,2882531.185785678,0.37489692620165116
BPIC2012_1000_ABSENCE_0.1_4.xes,19594,24,1000,19.594,159,29,2493,431,0.431,8.097902097902098,0.7548371081286611,42339.73146129206,0.6987036354097291,2882531.185785678,0.37489692620165116
BPIC2012_10000_ORDERING_10.0_3.xes,198864,24,10000,19.8864,175,37,16881,2820,0.282,8.17988201179882,0.7556765038196394,42339.73146129206,0.6987036354097291,2882531.185785678,0.37489692620165116
RTFMS_1000_INSERTION_1.0_1.xes,3795,14,1000,3.795,10,27,510,35,0.035,3.7422577422577423,0.5976293238329283,42339.73146129206,0.6987036354097291,2882531.185785678,0.37489692620165116
Sepsis_40000_INSERTION_10.0_1.xes,583466,1893,40000,14.58665,185,3349,62043,4664,0.1166,9.193270168245794,0.7808620979466985,42339.73146129206,0.6987036354097291,2882531.185785678,0.37489692620165116
Sepsis_100000_ORDERING_0.1_1.xes,1449819,16,100000,14.49819,185,24,126800,941,0.00941,9.14379856201438,0.7877348330408512,42339.73146129206,0.6987036354097291,2882531.185785678,0.37489692620165116
Sepsis_10000_ABSENCE_4.0_3.xes,142245,16,10000,14.2245,185,30,18341,1194,0.1194,9.04879512048795,0.7881145492951602,42339.73146129206,0.6987036354097291,2882531.185785678,0.37489692620165116
BPIC2012_2000_SUBSTITUTION_1.0_4.xes,38878,33,2000,19.439,159,42,4311,788,0.394,8.08095952023988,0.7556987565199182,42339.73146129206,0.6987036354097291,2882531.185785678,0.37489692620165116
RTFMS_100000_ABSENCE_4.0_5.xes,369119,11,100000,3.69119,17,17,25360,238,0.00238,3.639953600463995,0.6032426048125903,42339.73146129206,0.6987036354097291,2882531.185785678,0.37489692620165116
Sepsis_10000_ABSENCE_10.0_1.xes,141645,16,10000,14.1645,185,31,18373,1648,0.1648,9.003199680031997,0.7883655345465451,42339.73146129206,0.6987036354097291,2882531.185785678,0.37489692620165116
Sepsis_1000_ORDERING_0.1_2.xes,13900,16,1000,13.9,118,25,2555,541,0.541,9.031968031968033,0.7894680258447704,42339.73146129206,0.6987036354097291,2882531.185785678,0.37489692620165116
BPIC2012_20000_MIXED_1.0_3.xes,396171,78,20000,19.80855,175,119,29017,3668,0.1834,8.137843107844608,0.751458281517788,42339.73146129206,0.6987036354097291,2882531.185785678,0.37489692620165116
RTFMS_20000_INSERTION_2.0_3.xes,75102,191,20000,3.7551,12,307,6218,358,0.0179,3.696165191740413,0.5958014999567001,42339.73146129206,0.6987036354097291,2882531.185785678,0.37489692620165116
BPIC2012_100000_ABSENCE_10.0_3.xes,1986892,24,100000,19.86892,175,43,117588,8381,0.08381,8.099519004809952,0.7543622760179909,42339.73146129206,0.6987036354097291,2882531.185785678,0.37489692620165116
RTFMS_10000_SUBSTITUTION_1.0_5.xes,37497,54,10000,3.7497,12,85,3350,140,0.014,3.6946305369463053,0.5935269661915985,42339.73146129206,0.6987036354097291,2882531.185785678,0.37489692620165116
Sepsis_10000_ORDERING_2.0_1.xes,142645,16,10000,14.2645,185,31,18340,1028,0.1028,9.078692130786921,0.7883830678916305,42339.73146129206,0.6987036354097291,2882531.185785678,0.37489692620165116
BPIC2012_20000_ORDERING_2.0_2.xes,396166,24,20000,19.8083,175,46,29151,3671,0.18355,8.136493175341233,0.7547406392597231,42339.73146129206,0.6987036354097291,2882531.185785678,0.37489692620165116
RTFMS_2000_SUBSTITUTION_0.2_2.xes,7458,15,2000,3.729,11,24,865,38,0.019,3.6816591704147927,0.5942383775205065,42339.73146129206,0.6987036354097291,2882531.185785678,0.37489692620165116
Sepsis_4000_SUBSTITUTION_0.1_2.xes,57008,18,4000,14.252,185,34,8428,831,0.20775,9.083729067733067,0.7872129354990656,42339.73146129206,0.6987036354097291,2882531.185785678,0.37489692620165116
BPIC2012_100000_SUBSTITUTION_10.0_5.xes,1996892,5012,100000,19.96892,175,5945,120261,12255,0.12255,8.177318226817732,0.7528494974421798,42339.73146129206,0.6987036354097291,2882531.185785678,0.37489692620165116
BPIC2012_100000_INSERTION_2.0_5.xes,1998892,932,100000,19.98892,175,1253,115881,6016,0.06016,8.169858301416985,0.7514794725242726,42339.73146129206,0.6987036354097291,2882531.185785678,0.37489692620165116
RTFMS_20000_INSERTION_0.1_1.xes,74722,20,20000,3.7361,12,37,5956,110,0.0055,3.6839658017099146,0.594937108536012,42339.73146129206,0.6987036354097291,2882531.185785678,0.37489692620165116
BPIC2012_40000_ORDERING_1.0_3.xes,799439,24,40000,19.985975,175,45,52644,4344,0.1086,8.17214569635759,0.7546116456303634,42339.73146129206,0.6987036354097291,2882531.185785678,0.37489692620165116
BPIC2012_1000_ORDERING_0.2_3.xes,19595,24,1000,19.595,159,29,2492,432,0.432,8.098901098901099,0.7548702750506605,42339.73146129206,0.6987036354097291,2882531.185785678,0.37489692620165116
Sepsis_4000_ORDERING_10.0_2.xes,57008,16,4000,14.252,185,20,8604,1170,0.2925,9.083979005248688,0.7919662543694864,42339.73146129206,0.6987036354097291,2882531.185785678,0.37489692620165116
Sepsis_10000_ABSENCE_0.4_3.xes,142605,16,10000,14.2605,185,30,18269,882,0.0882,9.075592440755925,0.7879084625630403,42339.73146129206,0.6987036354097291,2882531.185785678,0.37489692620165116
BPIC2012_4000_ORDERING_2.0_1.xes,79203,24,4000,19.80075,175,33,7673,1395,0.34875,8.177955511122219,0.756461661464223,42339.73146129206,0.6987036354097291,2882531.185785678,0.37489692620165116
BPIC2012_100000_ORDERING_1.0_2.xes,1996892,24,100000,19.96892,175,67,115450,4798,0.04798,8.156708432915671,0.7547649334677757,42339.73146129206,0.6987036354097291,2882531.185785678,0.37489692620165116
Sepsis_2000_MIXED_2.0_4.xes,28386,26,2000,14.193,185,45,4682,782,0.391,9.061469265367316,0.7834615420533957,42339.73146129206,0.6987036354097291,2882531.185785678,0.37489692620165116
RTFMS_100000_INSERTION_2.0_2.xes,375119,964,100000,3.75119,17,1465,25288,1355,0.01355,3.6924830751692483,0.5955524628599147,42339.73146129206,0.6987036354097291,2882531.185785678,0.37489692620165116
Sepsis_100000_INSERTION_0.2_4.xes,1450019,114,100000,14.50019,185,204,126886,1043,0.01043,9.145038549614505,0.778917207312572,42339.73146129206,0.6987036354097291,2882531.185785678,0.37489692620165116
BPIC2012_40000_SUBSTITUTION_1.0_4.xes,799439,224,40000,19.985975,175,312,52595,4514,0.11285,8.173670658233544,0.7511972881884639,42339.73146129206,0.6987036354097291,2882531.185785678,0.37489692620165116
Sepsis_20000_INSERTION_0.1_2.xes,288554,24,20000,14.4277,185,41,33168,866,0.0433,9.12184390780461,0.7822220098017079,42339.73146129206,0.6987036354097291,2882531.185785678,0.37489692620165116
RTFMS_10000_ABSENCE_0.4_2.xes,37457,11,10000,3.7457,12,26,3300,83,0.0083,3.6941305869413057,0.6016863947606624,42339.73146129206,0.6987036354097291,2882531.185785678,0.37489692620165116
Sepsis_10000_ORDERING_2.0_4.xes,142645,16,10000,14.2645,185,25,18365,1023,0.1023,9.078692130786921,0.7884351466944342,42339.73146129206,0.6987036354097291,2882531.185785678,0.37489692620165116
Sepsis_20000_ORDERING_0.1_4.xes,288534,16,20000,14.4267,185,28,33155,865,0.04325,9.12134393280336,0.7872654952563125,42339.73146129206,0.6987036354097291,2882531.185785678,0.37489692620165116
Sepsis_20000_MIXED_10.0_1.xes,288517,509,20000,14.42585,185,879,34130,2690,0.1345,9.117544122793861,0.7802145226685553,42339.73146129206,0.6987036354097291,2882531.185785678,0.37489692620165116
RTFMS_10000_INSERTION_10.0_5.xes,38497,480,10000,3.8497,12,712,3894,693,0.0693,3.7663233676632335,0.6105301637277802,42339.73146129206,0.6987036354097291,2882531.185785678,0.37489692620165116
BPIC2012_1000_ABSENCE_2.0_1.xes,19575,24,1000,19.575,159,34,2496,441,0.441,8.084915084915085,0.7548668316144906,42339.73146129206,0.6987036354097291,2882531.185785678,0.37489692620165116
Sepsis_100000_ABSENCE_0.2_2.xes,1449619,16,100000,14.49619,185,29,126767,1020,0.0102,9.142228577714222,0.7877117454905438,42339.73146129206,0.6987036354097291,2882531.185785678,0.37489692620165116
BPIC2012_20000_ORDERING_0.1_5.xes,396166,24,20000,19.8083,175,28,28894,3523,0.17615,8.136493175341233,0.7545471977208598,42339.73146129206,0.6987036354097291,2882531.185785678,0.37489692620165116
Sepsis_10000_ORDERING_1.0_3.xes,142645,16,10000,14.2645,185,21,18319,937,0.0937,9.078692130786921,0.7882071708242201,42339.73146129206,0.6987036354097291,2882531.185785678,0.37489692620165116
BPIC2012_2000_ORDERING_4.0_2.xes,38878,24,2000,19.439,159,35,4368,799,0.3995,8.080459770114942,0.7578588363202411,42339.73146129206,0.6987036354097291,2882531.185785678,0.37489692620165116
BPIC2012_100000_SUBSTITUTION_1.0_5.xes,1996892,546,100000,19.96892,175,690,115367,5242,0.05242,8.158768412315878,0.7513290024251249,42339.73146129206,0.6987036354097291,2882531.185785678,0.37489692620165116
Sepsis_1000_MIXED_0.2_3.xes,13898,16,1000,13.898,118,25,2555,540,0.54,9.02997002997003,0.7894284496783366,42339.73146129206,0.6987036354097291,2882531.185785678,0.37489692620165116
BPIC2012_10000_INSERTION_2.0_1.xes,199064,111,10000,19.9064,175,162,16376,2650,0.265,8.192280771922809,0.7515951035606905,42339.73146129206,0.6987036354097291,2882531.185785678,0.37489692620165116
RTFMS_100000_ABSENCE_1.0_3.xes,372119,11,100000,3.72119,17,17,24367,221,0.00221,3.6693133068669312,0.6020982452743018,42339.73146129206,0.6987036354097291,2882531.185785678,0.37489692620165116
BPIC2012_40000_INSERTION_1.0_5.xes,799839,204,40000,19.995975,175,284,52568,4513,0.112825,8.178820529486762,0.751227975162545,42339.73146129206,0.6987036354097291,2882531.185785678,0.37489692620165116
RTFMS_20000_SUBSTITUTION_0.1_5.xes,74702,21,20000,3.7351,12,35,5965,109,0.00545,3.6829158542072897,0.5946227959396666,42339.73146129206,0.6987036354097291,2882531.185785678,0.37489692620165116
Sepsis_100000_ABSENCE_2.0_3.xes,1447819,16,100000,14.47819,185,32,127254,2323,0.02323,9.128978710212898,0.7878107792509842,42339.73146129206,0.6987036354097291,2882531.185785678,0.37489692620165116
BPIC2012_4000_INSERTION_1.0_5.xes,79243,39,4000,19.81075,175,48,7646,1394,0.3485,8.184203949012748,0.7543112133565553,42339.73146129206,0.6987036354097291,2882531.185785678,0.37489692620165116
Sepsis_10000_ORDERING_0.4_2.xes,142645,16,10000,14.2645,185,30,18342,883,0.0883,9.078692130786921,0.7880062480211725,42339.73146129206,0.6987036354097291,2882531.185785678,0.37489692620165116
Sepsis_2000_INSERTION_10.0_2.xes,28587,104,2000,14.2935,185,186,4783,918,0.459,9.120439780109946,0.7822335777108349,42339.73146129206,0.6987036354097291,2882531.185785678,0.37489692620165116
BPIC2012_20000_INSERTION_2.0_5.xes,396566,204,20000,19.8283,175,284,29172,3837,0.19185,8.149842507874606,0.7514351143616242,42339.73146129206,0.6987036354097291,2882531.185785678,0.37489692620165116
BPIC2012_4000_SUBSTITUTION_0.4_5.xes,79203,34,4000,19.80075,175,39,7647,1374,0.3435,8.179205198700325,0.7546215598633738,42339.73146129206,0.6987036354097291,2882531.185785678,0.37489692620165116
BPIC2012_10000_INSERTION_10.0_1.xes,199864,484,10000,19.9864,175,649,16829,3212,0.3212,8.244575542445755,0.752776343434793,42339.73146129206,0.6987036354097291,2882531.185785678,0.37489692620165116
BPIC2012_2000_INSERTION_2.0_2.xes,38918,45,2000,19.459,159,49,4326,803,0.4015,8.092453773113442,0.7551305137270404,42339.73146129206,0.6987036354097291,2882531.185785678,0.37489692620165116
Sepsis_20000_INSERTION_0.1_4.xes,288554,30,20000,14.4277,185,55,33142,866,0.0433,9.122093895305234,0.7807917665691253,42339.73146129206,0.6987036354097291,2882531.185785678,0.37489692620165116
BPIC2012_100000_ABSENCE_0.4_2.xes,1996492,24,100000,19.96492,175,33,114838,4591,0.04591,8.154548454515455,0.7546542227190638,42339.73146129206,0.6987036354097291,2882531.185785678,0.37489692620165116
RTFMS_100000_SUBSTITUTION_0.2_1.xes,373119,109,100000,3.73119,17,156,24091,311,0.00311,3.6784232157678423,0.5919992605233767,42339.73146129206,0.6987036354097291,2882531.185785678,0.37489692620165116
RTFMS_20000_INSERTION_0.4_4.xes,74782,46,20000,3.7391,12,76,6009,154,0.0077,3.6858657067146643,0.5930476591165961,42339.73146129206,0.6987036354097291,2882531.185785678,0.37489692620165116
BPIC2012_100000_INSERTION_1.0_5.xes,1997892,490,100000,19.97892,175,659,115331,5219,0.05219,8.16339836601634,0.7513283943037974,42339.73146129206,0.6987036354097291,2882531.185785678,0.37489692620165116
RTFMS_20000_MIXED_0.4_1.xes,74716,35,20000,3.7358,12,58,5998,153,0.00765,3.6833158342082895,0.5934394298362213,42339.73146129206,0.6987036354097291,2882531.185785678,0.37489692620165116
BPIC2012_100000_ABSENCE_0.2_2.xes,1996692,24,100000,19.96692,175,35,114708,4485,0.04485,8.155628443715562,0.7546572232041007,42339.73146129206,0.6987036354097291,2882531.185785678,0.37489692620165116
Sepsis_4000_INSERTION_0.4_4.xes,57024,27,4000,14.256,185,49,8444,842,0.2105,9.086978255436142,0.7832700695856532,42339.73146129206,0.6987036354097291,2882531.185785678,0.37489692620165116
BPIC2012_20000_MIXED_0.2_4.xes,396153,32,20000,19.80765,175,42,28880,3540,0.177,8.136393180340983,0.7530153444991249,42339.73146129206,0.6987036354097291,2882531.185785678,0.37489692620165116
RTFMS_4000_ORDERING_10.0_3.xes,14915,11,4000,3.72875,12,15,1814,100,0.025,3.6805798550362407,0.6265608070253496,42339.73146129206,0.6987036354097291,2882531.185785678,0.37489692620165116
Sepsis_10000_INSERTION_1.0_5.xes,142745,67,10000,14.2745,185,128,18330,945,0.0945,9.085091490850916,0.7796361951341775,42339.73146129206,0.6987036354097291,2882531.185785678,0.37489692620165116
BPIC2012_10000_MIXED_1.0_1.xes,198859,48,10000,19.8859,175,59,16327,2569,0.2569,8.18048195180482,0.7520969513577856,42339.73146129206,0.6987036354097291,2882531.185785678,0.37489692620165116
BPIC2012_20000_INSERTION_0.4_5.xes,396246,57,20000,19.8123,175,83,28907,3581,0.17905,8.138993050347482,0.7517268478997303,42339.73146129206,0.6987036354097291,2882531.185785678,0.37489692620165116
Sepsis_2000_MIXED_0.4_1.xes,28390,19,2000,14.195,185,33,4651,753,0.3765,9.06296851574213,0.786203836619323,42339.73146129206,0.6987036354097291,2882531.185785678,0.37489692620165116
BPIC2012_10000_ORDERING_1.0_3.xes,198864,24,10000,19.8864,175,38,16344,2542,0.2542,8.17988201179882,0.7547191288313733,42339.73146129206,0.6987036354097291,2882531.185785678,0.37489692620165116
BPIC2012_4000_ABSENCE_2.0_3.xes,79123,24,4000,19.78075,175,34,7665,1388,0.347,8.163959010247439,0.7562794426487514,42339.73146129206,0.6987036354097291,2882531.185785678,0.37489692620165116
RTFMS_40000_MIXED_10.0_3.xes,148957,926,40000,3.723925,16,1320,12923,1437,0.035925,3.6558086047848803,0.6090951727069145,42339.73146129206,0.6987036354097291,2882531.185785678,0.37489692620165116
RTFMS_20000_MIXED_0.1_3.xes,74700,14,20000,3.735,12,23,5954,107,0.00535,3.6829158542072897,0.5981010700663484,42339.73146129206,0.6987036354097291,2882531.185785678,0.37489692620165116
BPIC2012_10000_MIXED_4.0_3.xes,198880,131,10000,19.888,175,192,16448,2772,0.2772,8.184981501849816,0.7516706255613125,42339.73146129206,0.6987036354097291,2882531.185785678,0.37489692620165116
RTFMS_4000_MIXED_0.1_5.xes,14917,12,4000,3.72925,12,25,1533,52,0.013,3.680829792551862,0.5977971158971411,42339.73146129206,0.6987036354097291,2882531.185785678,0.37489692620165116
RTFMS_100000_ABSENCE_1.0_2.xes,372119,11,100000,3.72119,17,17,24377,214,0.00214,3.6693633063669364,0.6021200050066343,42339.73146129206,0.6987036354097291,2882531.185785678,0.37489692620165116
BPIC2012_20000_SUBSTITUTION_1.0_4.xes,396166,125,20000,19.8083,175,176,29022,3681,0.18405,8.137643117844108,0.751303703745164,42339.73146129206,0.6987036354097291,2882531.185785678,0.37489692620165116
BPIC2012_4000_MIXED_10.0_1.xes,79194,114,4000,19.7985,175,143,7861,1564,0.391,8.185953511622094,0.7540699532249651,42339.73146129206,0.6987036354097291,2882531.185785678,0.37489692620165116
RTFMS_2000_MIXED_2.0_4.xes,7448,18,2000,3.724,11,30,890,57,0.0285,3.6736631684157923,0.5944960404916346,42339.73146129206,0.6987036354097291,2882531.185785678,0.37489692620165116
RTFMS_1000_ORDERING_0.2_4.xes,3785,11,1000,3.785,10,20,502,28,0.028,3.7352647352647352,0.6003537487078903,42339.73146129206,0.6987036354097291,2882531.185785678,0.37489692620165116
RTFMS_20000_SUBSTITUTION_0.4_1.xes,74702,47,20000,3.7351,12,79,6001,151,0.00755,3.681565921703915,0.5929870496819272,42339.73146129206,0.6987036354097291,2882531.185785678,0.37489692620165116
RTFMS_20000_INSERTION_10.0_3.xes,76702,950,20000,3.8351,12,1421,7146,1254,0.0627,3.7490625468726564,0.6109804240896448,42339.73146129206,0.6987036354097291,2882531.185785678,0.37489692620165116
BPIC2012_10000_INSERTION_1.0_5.xes,198964,68,10000,19.8964,175,99,16338,2582,0.2582,8.186281371862814,0.7517403352431553,42339.73146129206,0.6987036354097291,2882531.185785678,0.37489692620165116
Sepsis_100000_SUBSTITUTION_0.2_5.xes,1449819,112,100000,14.49819,185,199,126864,1046,0.01046,9.143788562114379,0.7789355507711533,42339.73146129206,0.6987036354097291,2882531.185785678,0.37489692620165116
Sepsis_100000_SUBSTITUTION_2.0_4.xes,1449819,962,100000,14.49819,185,1635,128031,2770,0.0277,9.142848571514286,0.7792116983763684,42339.73146129206,0.6987036354097291,2882531.185785678,0.37489692620165116
Sepsis_1000_SUBSTITUTION_2.0_1.xes,13900,28,1000,13.9,118,45,2578,556,0.556,9.03096903096903,0.783902713902504,42339.73146129206,0.6987036354097291,2882531.185785678,0.37489692620165116
BPIC2012_20000_INSERTION_10.0_4.xes,398166,1014,20000,19.9083,175,1330,30025,5071,0.25355,8.20433978301085,0.7526967083946211,42339.73146129206,0.6987036354097291,2882531.185785678,0.37489692620165116
RTFMS_4000_ABSENCE_1.0_3.xes,14875,11,4000,3.71875,12,26,1547,58,0.0145,3.670582354411397,0.599504546340906,42339.73146129206,0.6987036354097291,2882531.185785678,0.37489692620165116
RTFMS_4000_SUBSTITUTION_0.1_1.xes,14915,13,4000,3.72875,12,27,1529,52,0.013,3.6800799800049986,0.5965834113997825,42339.73146129206,0.6987036354097291,2882531.185785678,0.37489692620165116
RTFMS_100000_ORDERING_4.0_2.xes,373119,11,100000,3.73119,17,7,26553,334,0.00334,3.6791232087679124,0.6121612836588621,42339.73146129206,0.6987036354097291,2882531.185785678,0.37489692620165116
Sepsis_4000_ORDERING_0.2_1.xes,57008,16,4000,14.252,185,29,8421,834,0.2085,9.083979005248688,0.789179641811194,42339.73146129206,0.6987036354097291,2882531.185785678,0.37489692620165116
BPIC2012_10000_ABSENCE_2.0_2.xes,198664,24,10000,19.8664,175,35,16306,2599,0.2599,8.169083091690831,0.7545679042014865,42339.73146129206,0.6987036354097291,2882531.185785678,0.37489692620165116
Sepsis_40000_SUBSTITUTION_4.0_3.xes,579466,823,40000,14.48665,185,1406,60515,2400,0.06,9.132321691957701,0.7795173677011082,42339.73146129206,0.6987036354097291,2882531.185785678,0.37489692620165116
BPIC2012_40000_SUBSTITUTION_0.1_5.xes,799439,50,40000,19.985975,175,64,52325,4205,0.105125,8.172445688857778,0.7518284861158249,42339.73146129206,0.6987036354097291,2882531.185785678,0.37489692620165116
Sepsis_40000_SUBSTITUTION_0.2_1.xes,579466,56,40000,14.48665,185,103,59597,926,0.02315,9.131971700707481,0.7792546030116845,42339.73146129206,0.6987036354097291,2882531.185785678,0.37489692620165116
RTFMS_4000_ORDERING_2.0_3.xes,14915,11,4000,3.72875,12,18,1600,72,0.018,3.6805798550362407,0.6045577167090788,42339.73146129206,0.6987036354097291,2882531.185785678,0.37489692620165116
Sepsis_10000_INSERTION_0.2_5.xes,142665,26,10000,14.2665,185,48,18257,866,0.0866,9.079792020797921,0.7822918669186311,42339.73146129206,0.6987036354097291,2882531.185785678,0.37489692620165116
BPIC2012_100000_INSERTION_2.0_2.xes,1998892,919,100000,19.98892,175,1251,115943,6026,0.06026,8.169818301816981,0.7514825616379874,42339.73146129206,0.6987036354097291,2882531.185785678,0.37489692620165116
BPIC2012_2000_ORDERING_0.1_3.xes,38878,24,2000,19.439,159,25,4311,778,0.389,8.080459770114942,0.7573141522564968,42339.73146129206,0.6987036354097291,2882531.185785678,0.37489692620165116
BPIC2012_100000_MIXED_2.0_3.xes,1996889,545,100000,19.96889,175,711,115886,5800,0.058,8.158558414415856,0.7513564874676842,42339.73146129206,0.6987036354097291,2882531.185785678,0.37489692620165116
Sepsis_100000_MIXED_1.0_5.xes,1449815,249,100000,14.49815,185,426,127374,1778,0.01778,9.143358566414335,0.7789281004371228,42339.73146129206,0.6987036354097291,2882531.185785678,0.37489692620165116
Sepsis_1000_INSERTION_10.0_5.xes,14000,67,1000,14.0,118,129,2619,615,0.615,9.095904095904096,0.7834388942428918,42339.73146129206,0.6987036354097291,2882531.185785678,0.37489692620165116
Sepsis_1000_ORDERING_4.0_3.xes,13900,16,1000,13.9,118,22,2584,563,0.563,9.031968031968033,0.7907662337739175,42339.73146129206,0.6987036354097291,2882531.185785678,0.37489692620165116
Sepsis_20000_MIXED_2.0_1.xes,288558,114,20000,14.4279,185,199,33360,1229,0.06145,9.12104394780261,0.7788423029947216,42339.73146129206,0.6987036354097291,2882531.185785678,0.37489692620165116
BPIC2012_2000_INSERTION_0.4_3.xes,38886,26,2000,19.443,159,26,4308,782,0.391,8.082458770614693,0.7568365212800159,42339.73146129206,0.6987036354097291,2882531.185785678,0.37489692620165116
RTFMS_10000_SUBSTITUTION_0.1_1.xes,37497,17,10000,3.7497,12,36,3301,78,0.0078,3.697830216978302,0.5957865067232879,42339.73146129206,0.6987036354097291,2882531.185785678,0.37489692620165116
RTFMS_20000_INSERTION_0.4_5.xes,74782,51,20000,3.7391,12,83,6013,156,0.0078,3.685665716714164,0.5929227781522981,42339.73146129206,0.6987036354097291,2882531.185785678,0.37489692620165116
Sepsis_10000_ORDERING_4.0_2.xes,142645,16,10000,14.2645,185,20,18496,1195,0.1195,9.078692130786921,0.7890435678305484,42339.73146129206,0.6987036354097291,2882531.185785678,0.37489692620165116
Sepsis_2000_MIXED_10.0_5.xes,28391,67,2000,14.1955,185,127,4750,910,0.455,9.05897051474263,0.7821105903513886,42339.73146129206,0.6987036354097291,2882531.185785678,0.37489692620165116
Sepsis_40000_SUBSTITUTION_2.0_3.xes,579466,404,40000,14.48665,185,696,60102,1622,0.04055,9.131271718207044,0.7790047008687769,42339.73146129206,0.6987036354097291,2882531.185785678,0.37489692620165116
Sepsis_2000_INSERTION_0.1_2.xes,28389,16,2000,14.1945,185,30,4657,748,0.374,9.061969015492254,0.7887110804161526,42339.73146129206,0.6987036354097291,2882531.185785678,0.37489692620165116
Sepsis_100000_INSERTION_1.0_3.xes,1450819,462,100000,14.50819,185,822,127318,1822,0.01822,9.149768502314977,0.7789435356727339,42339.73146129206,0.6987036354097291,2882531.185785678,0.37489692620165116
RTFMS_40000_SUBSTITUTION_1.0_3.xes,148998,202,40000,3.72495,16,284,11032,390,0.00975,3.6695082622934425,0.5938009414580855,42339.73146129206,0.6987036354097291,2882531.185785678,0.37489692620165116
RTFMS_20000_ORDERING_0.2_1.xes,74702,11,20000,3.7351,12,17,5992,109,0.00545,3.6831658417079147,0.6024107395582503,42339.73146129206,0.6987036354097291,2882531.185785678,0.37489692620165116
Sepsis_1000_ABSENCE_0.1_1.xes,13899,16,1000,13.899,118,25,2557,541,0.541,9.03096903096903,0.7894469404208975,42339.73146129206,0.6987036354097291,2882531.185785678,0.37489692620165116
Sepsis_4000_ORDERING_10.0_1.xes,57008,16,4000,14.252,185,26,8600,1167,0.29175,9.083979005248688,0.7915627166815933,42339.73146129206,0.6987036354097291,2882531.185785678,0.37489692620165116
Sepsis_100000_MIXED_4.0_5.xes,1449794,986,100000,14.49794,185,1716,128917,4450,0.0445,9.141858581414185,0.7794957035955336,42339.73146129206,0.6987036354097291,2882531.185785678,0.37489692620165116
Sepsis_4000_INSERTION_1.0_1.xes,57048,36,4000,14.262,185,66,8451,866,0.2165,9.090727318170458,0.7820649528386397,42339.73146129206,0.6987036354097291,2882531.185785678,0.37489692620165116
RTFMS_1000_ORDERING_10.0_2.xes,3785,11,1000,3.785,10,14,584,49,0.049,3.7352647352647352,0.6253090703862413,42339.73146129206,0.6987036354097291,2882531.185785678,0.37489692620165116
Sepsis_20000_ORDERING_0.1_1.xes,288534,16,20000,14.4267,185,27,33149,866,0.0433,9.12134393280336,0.7872649590908183,42339.73146129206,0.6987036354097291,2882531.185785678,0.37489692620165116
BPIC2012_40000_ABSENCE_4.0_1.xes,797839,24,40000,19.945975,175,38,52806,4911,0.122775,8.148946276343091,0.754382754666546,42339.73146129206,0.6987036354097291,2882531.185785678,0.37489692620165116
RTFMS_100000_INSERTION_0.2_2.xes,373319,109,100000,3.73319,17,164,24114,314,0.00314,3.68040319596804,0.5920016000023385,42339.73146129206,0.6987036354097291,2882531.185785678,0.37489692620165116
Sepsis_4000_MIXED_0.2_4.xes,57011,19,4000,14.25275,185,36,8436,834,0.2085,9.084228942764309,0.7864771978918348,42339.73146129206,0.6987036354097291,2882531.185785678,0.37489692620165116
BPIC2012_2000_ABSENCE_1.0_2.xes,38858,24,2000,19.429,159,26,4306,786,0.393,8.073463268365817,0.7572379020621165,42339.73146129206,0.6987036354097291,2882531.185785678,0.37489692620165116
BPIC2012_40000_ABSENCE_0.2_5.xes,799359,24,40000,19.983975,175,32,52368,4217,0.105425,8.171070723231919,0.7545015651043018,42339.73146129206,0.6987036354097291,2882531.185785678,0.37489692620165116
Sepsis_100000.xes,1449819,16,100000,14.49819,185,30,126538,846,0.00846,9.14379856201438,0.7877075871888353,42339.73146129206,0.6987036354097291,2882531.185785678,0.37489692620165116
BPIC2012_40000_MIXED_2.0_5.xes,799457,226,40000,19.986425,175,339,52802,4731,0.118275,8.17369565760856,0.7512596858528104,42339.73146129206,0.6987036354097291,2882531.185785678,0.37489692620165116
Sepsis_100000_ABSENCE_0.2_1.xes,1449619,16,100000,14.49619,185,29,126672,1024,0.01024,9.142348576514236,0.7877180114820488,42339.73146129206,0.6987036354097291,2882531.185785678,0.37489692620165116
BPIC2012_40000_MIXED_0.4_5.xes,799446,65,40000,19.98615,175,88,52407,4290,0.10725,8.172395690107747,0.7515289699379132,42339.73146129206,0.6987036354097291,2882531.185785678,0.37489692620165116
Sepsis_40000_MIXED_0.1_5.xes,579465,25,40000,14.486625,185,48,59650,885,0.022125,9.13192170195745,0.7821382532825578,42339.73146129206,0.6987036354097291,2882531.185785678,0.37489692620165116
BPIC2012_20000_SUBSTITUTION_10.0_5.xes,396166,1054,20000,19.8083,175,1294,30026,5062,0.2531,8.155092245387731,0.752743325121721,42339.73146129206,0.6987036354097291,2882531.185785678,0.37489692620165116
BPIC2012_2000_ABSENCE_1.0_1.xes,38858,24,2000,19.429,159,30,4313,790,0.395,8.073463268365817,0.7573163027490327,42339.73146129206,0.6987036354097291,2882531.185785678,0.37489692620165116
BPIC2012_10000_ABSENCE_2.0_3.xes,198664,24,10000,19.8664,175,34,16318,2594,0.2594,8.166383361663833,0.7545915227277004,42339.73146129206,0.6987036354097291,2882531.185785678,0.37489692620165116
BPIC2012_1000_SUBSTITUTION_10.0_2.xes,19595,75,1000,19.595,159,107,2544,489,0.489,8.115884115884116,0.753017747765847,42339.73146129206,0.6987036354097291,2882531.185785678,0.37489692620165116
RTFMS_20000_ABSENCE_0.1_4.xes,74682,11,20000,3.7341,12,24,5953,101,0.00505,3.6821658917054148,0.6019706024986954,42339.73146129206,0.6987036354097291,2882531.185785678,0.37489692620165116
RTFMS_10000_ORDERING_4.0_1.xes,37497,11,10000,3.7497,12,16,3603,133,0.0133,3.698130186981302,0.6116935653015558,42339.73146129206,0.6987036354097291,2882531.185785678,0.37489692620165116
Sepsis_4000_ORDERING_2.0_3.xes,57008,16,4000,14.252,185,22,8460,897,0.22425,9.083979005248688,0.7897173826618062,42339.73146129206,0.6987036354097291,2882531.185785678,0.37489692620165116
Sepsis_20000_SUBSTITUTION_1.0_1.xes,288534,114,20000,14.4267,185,203,33217,1046,0.0523,9.120893955302234,0.7786743631070018,42339.73146129206,0.6987036354097291,2882531.185785678,0.37489692620165116
BPIC2012_10000_MIXED_0.4_2.xes,198853,32,10000,19.8853,175,44,16269,2536,0.2536,8.17938206179382,0.7531327066239032,42339.73146129206,0.6987036354097291,2882531.185785678,0.37489692620165116
BPIC2012_2000.xes,38878,24,2000,19.439,159,25,4305,776,0.388,8.080459770114942,0.7572979915858129,42339.73146129206,0.6987036354097291,2882531.185785678,0.37489692620165116
RTFMS_20000_SUBSTITUTION_4.0_1.xes,74702,400,20000,3.7351,12,552,6440,590,0.0295,3.670866456677166,0.599570928083516,42339.73146129206,0.6987036354097291,2882531.185785678,0.37489692620165116
BPIC2012_10000_ORDERING_2.0_4.xes,198864,24,10000,19.8864,175,36,16404,2583,0.2583,8.17988201179882,0.7548332805115247,42339.73146129206,0.6987036354097291,2882531.185785678,0.37489692620165116
RTFMS_20000_ORDERING_0.4_4.xes,74702,11,20000,3.7351,12,16,6035,116,0.0058,3.6831658417079147,0.6029513320729645,42339.73146129206,0.6987036354097291,2882531.185785678,0.37489692620165116
Sepsis_20000_MIXED_0.4_4.xes,288534,36,20000,14.4267,185,63,33195,922,0.0461,9.121093945302734,0.7800752153660658,42339.73146129206,0.6987036354097291,2882531.185785678,0.37489692620165116
Sepsis_40000_ABSENCE_0.1_4.xes,579426,16,40000,14.48565,185,31,59602,885,0.022125,9.131346716332091,0.7874837533814626,42339.73146129206,0.6987036354097291,2882531.185785678,0.37489692620165116
RTFMS_4000_SUBSTITUTION_2.0_3.xes,14915,41,4000,3.72875,12,71,1563,108,0.027,3.6733316670832292,0.5933568364923403,42339.73146129206,0.6987036354097291,2882531.185785678,0.37489692620165116
Sepsis_1000_ORDERING_1.0_2.xes,13900,16,1000,13.9,118,28,2566,549,0.549,9.031968031968033,0.7896878089594936,42339.73146129206,0.6987036354097291,2882531.185785678,0.37489692620165116
RTFMS_1000_ABSENCE_0.4_5.xes,3781,11,1000,3.781,10,19,499,29,0.029,3.7312687312687314,0.5997059174990884,42339.73146129206,0.6987036354097291,2882531.185785678,0.37489692620165116
Sepsis_20000_ABSENCE_2.0_5.xes,288134,16,20000,14.4067,185,29,33236,1197,0.05985,9.106694665266737,0.7873406663382817,42339.73146129206,0.6987036354097291,2882531.185785678,0.37489692620165116
BPIC2012_100000_INSERTION_1.0_1.xes,1997892,484,100000,19.97892,175,650,115302,5227,0.05227,8.163178368216318,0.7513240543403377,42339.73146129206,0.6987036354097291,2882531.185785678,0.37489692620165116
RTFMS_10000_INSERTION_2.0_3.xes,37697,104,10000,3.7697,12,165,3432,215,0.0215,3.711928807119288,0.5954546068999029,42339.73146129206,0.6987036354097291,2882531.185785678,0.37489692620165116
RTFMS_4000_ORDERING_0.4_2.xes,14915,11,4000,3.72875,12,21,1553,59,0.01475,3.6805798550362407,0.6003453619908723,42339.73146129206,0.6987036354097291,2882531.185785678,0.37489692620165116
RTFMS_20000_ORDERING_0.1_5.xes,74702,11,20000,3.7351,12,19,5970,100,0.005,3.6831658417079147,0.602103957034449,42339.73146129206,0.6987036354097291,2882531.185785678,0.37489692620165116
Sepsis_10000_SUBSTITUTION_2.0_5.xes,142645,112,10000,14.2645,185,199,18383,1046,0.1046,9.078592140785922,0.7796395995956247,42339.73146129206,0.6987036354097291,2882531.185785678,0.37489692620165116
BPIC2012_40000_SUBSTITUTION_0.2_4.xes,799439,62,40000,19.985975,175,88,52380,4242,0.10605,8.172370690732732,0.7515526588101946,42339.73146129206,0.6987036354097291,2882531.185785678,0.37489692620165116
Sepsis_20000_INSERTION_0.4_2.xes,288614,54,20000,14.4307,185,96,33153,926,0.0463,9.123743812809359,0.7791165887066154,42339.73146129206,0.6987036354097291,2882531.185785678,0.37489692620165116
BPIC2012_40000_SUBSTITUTION_10.0_3.xes,799439,1975,40000,19.985975,175,2395,54537,7346,0.18365,8.19032024199395,0.7526215982800312,42339.73146129206,0.6987036354097291,2882531.185785678,0.37489692620165116
Sepsis_20000_INSERTION_0.4_5.xes,288614,57,20000,14.4307,185,112,33168,925,0.04625,9.12394380280986,0.7790471515624381,42339.73146129206,0.6987036354097291,2882531.185785678,0.37489692620165116
Sepsis_1000_INSERTION_0.4_4.xes,13904,20,1000,13.904,118,32,2571,543,0.543,9.035964035964035,0.7862167617744212,42339.73146129206,0.6987036354097291,2882531.185785678,0.37489692620165116
RTFMS_4000_MIXED_0.1_3.xes,14917,12,4000,3.72925,12,24,1530,51,0.01275,3.6805798550362407,0.5977782157061616,42339.73146129206,0.6987036354097291,2882531.185785678,0.37489692620165116
BPIC2012_10000_MIXED_1.0_4.xes,198848,50,10000,19.8848,175,61,16300,2569,0.2569,8.18028197180282,0.7520434027688311,42339.73146129206,0.6987036354097291,2882531.185785678,0.37489692620165116
RTFMS_1000_MIXED_10.0_5.xes,3776,29,1000,3.776,10,44,557,92,0.092,3.705294705294705,0.6049867313952662,42339.73146129206,0.6987036354097291,2882531.185785678,0.37489692620165116
BPIC2012_20000_MIXED_0.4_2.xes,396155,41,20000,19.80775,175,56,28921,3573,0.17865,8.136443177841109,0.7522620368759247,42339.73146129206,0.6987036354097291,2882531.185785678,0.37489692620165116
Sepsis_1000_MIXED_0.1_2.xes,13900,16,1000,13.9,118,25,2559,541,0.541,9.031968031968033,0.7894126022640213,42339.73146129206,0.6987036354097291,2882531.185785678,0.37489692620165116
RTFMS_20000_MIXED_0.4_5.xes,74697,26,20000,3.73485,12,42,6003,145,0.00725,3.6821658917054148,0.5940843807293881,42339.73146129206,0.6987036354097291,2882531.185785678,0.37489692620165116
Sepsis_100000_SUBSTITUTION_10.0_4.xes,1449819,4731,100000,14.49819,185,8224,132481,10146,0.10146,9.141608583914161,0.7812826948871299,42339.73146129206,0.6987036354097291,2882531.185785678,0.37489692620165116
RTFMS_100000_ORDERING_0.2_5.xes,373119,11,100000,3.73119,17,8,24142,210,0.0021,3.6791232087679124,0.6022587827624902,42339.73146129206,0.6987036354097291,2882531.185785678,0.37489692620165116
RTFMS_40000_ABSENCE_10.0_4.xes,144998,11,40000,3.62495,16,20,11947,191,0.004775,3.5742856428589285,0.6058562240006369,42339.73146129206,0.6987036354097291,2882531.185785678,0.37489692620165116
BPIC2012_4000_ABSENCE_4.0_2.xes,79043,24,4000,19.76075,175,36,7661,1425,0.35625,8.15546113471632,0.7561675959603043,42339.73146129206,0.6987036354097291,2882531.185785678,0.37489692620165116
BPIC2012_1000_ABSENCE_0.2_1.xes,19593,24,1000,19.593,159,30,2483,431,0.431,8.097902097902098,0.7548507795770714,42339.73146129206,0.6987036354097291,2882531.185785678,0.37489692620165116
BPIC2012_20000_INSERTION_0.4_2.xes,396246,62,20000,19.8123,175,87,28961,3582,0.1791,8.138893055347232,0.75161411935316,42339.73146129206,0.6987036354097291,2882531.185785678,0.37489692620165116
Sepsis_4000_ORDERING_4.0_3.xes,57008,16,4000,14.252,185,20,8502,964,0.241,9.083979005248688,0.7902905510680629,42339.73146129206,0.6987036354097291,2882531.185785678,0.37489692620165116
RTFMS_20000_MIXED_0.2_4.xes,74692,18,20000,3.7346,12,32,5975,115,0.00575,3.682365881705915,0.5956731589836262,42339.73146129206,0.6987036354097291,2882531.185785678,0.37489692620165116
Sepsis_4000_ABSENCE_1.0_4.xes,56968,16,4000,14.242,185,31,8433,866,0.2165,9.076980754811297,0.78912453482104,42339.73146129206,0.6987036354097291,2882531.185785678,0.37489692620165116
BPIC2012_2000_INSERTION_0.4_5.xes,38886,26,2000,19.443,159,28,4300,783,0.3915,8.082458770614693,0.7568568429683951,42339.73146129206,0.6987036354097291,2882531.185785678,0.37489692620165116
RTFMS_10000_ORDERING_10.0_1.xes,37497,11,10000,3.7497,12,15,3960,167,0.0167,3.698130186981302,0.6269511744364873,42339.73146129206,0.6987036354097291,2882531.185785678,0.37489692620165116
Sepsis_1000_MIXED_0.4_5.xes,13901,16,1000,13.901,118,25,2565,543,0.543,9.03096903096903,0.7894168817595801,42339.73146129206,0.6987036354097291,2882531.185785678,0.37489692620165116
BPIC2012_2000_ORDERING_0.4_2.xes,38878,24,2000,19.439,159,25,4318,780,0.39,8.080459770114942,0.7573511889136316,42339.73146129206,0.6987036354097291,2882531.185785678,0.37489692620165116
Sepsis_40000_SUBSTITUTION_0.2_2.xes,579466,57,40000,14.48665,185,104,59639,925,0.023125,9.131946701332467,0.779229790633205,42339.73146129206,0.6987036354097291,2882531.185785678,0.37489692620165116
BPIC2012_10000_ORDERING_2.0_5.xes,198864,24,10000,19.8864,175,36,16389,2578,0.2578,8.17988201179882,0.754831037526144,42339.73146129206,0.6987036354097291,2882531.185785678,0.37489692620165116
BPIC2012_4000_ABSENCE_0.1_1.xes,79199,24,4000,19.79975,175,27,7629,1368,0.342,8.177205698575357,0.756325142515751,42339.73146129206,0.6987036354097291,2882531.185785678,0.37489692620165116
BPIC2012_1000_ORDERING_10.0_5.xes,19595,24,1000,19.595,159,28,2573,458,0.458,8.098901098901099,0.7555595327771395,42339.73146129206,0.6987036354097291,2882531.185785678,0.37489692620165116
BPIC2012_10000_SUBSTITUTION_0.2_2.xes,198864,35,10000,19.8864,175,39,16249,2520,0.252,8.18008199180082,0.7528077148926438,42339.73146129206,0.6987036354097291,2882531.185785678,0.37489692620165116
BPIC2012_2000_SUBSTITUTION_4.0_2.xes,38878,64,2000,19.439,159,90,4355,830,0.415,8.086456771614193,0.7548204853429076,42339.73146129206,0.6987036354097291,2882531.185785678,0.37489692620165116
Sepsis_4000_SUBSTITUTION_0.1_5.xes,57008,19,4000,14.252,185,36,8392,831,0.20775,9.08447888027993,0.786456510331008,42339.73146129206,0.6987036354097291,2882531.185785678,0.37489692620165116
RTFMS_2000_ORDERING_0.1_2.xes,7458,11,2000,3.729,11,19,870,36,0.018,3.6816591704147927,0.5988363860468215,42339.73146129206,0.6987036354097291,2882531.185785678,0.37489692620165116
Sepsis_40000_INSERTION_0.2_5.xes,579546,57,40000,14.48865,185,112,59573,925,0.023125,9.133346666333342,0.7792294689172385,42339.73146129206,0.6987036354097291,2882531.185785678,0.37489692620165116
BPIC2012_10000_MIXED_2.0_4.xes,198845,73,10000,19.8845,175,108,16368,2635,0.2635,8.18058194180582,0.7516951353751742,42339.73146129206,0.6987036354097291,2882531.185785678,0.37489692620165116
BPIC2012_20000_INSERTION_1.0_5.xes,396366,114,20000,19.8183,175,173,29017,3677,0.18385,8.143192840357981,0.7513582539399375,42339.73146129206,0.6987036354097291,2882531.185785678,0.37489692620165116
BPIC2012_20000_MIXED_1.0_2.xes,396161,74,20000,19.80805,175,117,29006,3662,0.1831,8.136793160341982,0.7514962426989515,42339.73146129206,0.6987036354097291,2882531.185785678,0.37489692620165116
BPIC2012_4000_SUBSTITUTION_10.0_2.xes,79203,244,4000,19.80075,175,329,7866,1627,0.40675,8.198450387403149,0.754373260419997,42339.73146129206,0.6987036354097291,2882531.185785678,0.37489692620165116
BPIC2012_20000_ORDERING_0.2_5.xes,396166,24,20000,19.8083,175,27,28905,3532,0.1766,8.136493175341233,0.7545535005592067,42339.73146129206,0.6987036354097291,2882531.185785678,0.37489692620165116
Sepsis_4000_ORDERING_2.0_4.xes,57008,16,4000,14.252,185,29,8461,899,0.22475,9.083979005248688,0.7896670030066417,42339.73146129206,0.6987036354097291,2882531.185785678,0.37489692620165116
Sepsis_2000_SUBSTITUTION_1.0_3.xes,28387,28,2000,14.1935,185,52,4658,766,0.383,9.062468765617192,0.7828096980505472,42339.73146129206,0.6987036354097291,2882531.185785678,0.37489692620165116
Sepsis_20000_ABSENCE_4.0_2.xes,287734,16,20000,14.3867,185,30,33280,1495,0.07475,9.090795460226989,0.7873872079193681,42339.73146129206,0.6987036354097291,2882531.185785678,0.37489692620165116
Sepsis_4000_ORDERING_1.0_5.xes,57008,16,4000,14.252,185,27,8435,864,0.216,9.083979005248688,0.7893931981954143,42339.73146129206,0.6987036354097291,2882531.185785678,0.37489692620165116
BPIC2012_20000.xes,396166,24,20000,19.8083,175,28,28852,3509,0.17545,8.136493175341233,0.7545421123161505,42339.73146129206,0.6987036354097291,2882531.185785678,0.37489692620165116
BPIC2012_2000_ABSENCE_0.2_2.xes,38874,24,2000,19.437,159,25,4303,778,0.389,8.07896051974013,0.7572856231171812,42339.73146129206,0.6987036354097291,2882531.185785678,0.37489692620165116
BPIC2012_1000_MIXED_0.2_4.xes,19594,25,1000,19.594,159,32,2486,431,0.431,8.097902097902098,0.7545678857740485,42339.73146129206,0.6987036354097291,2882531.185785678,0.37489692620165116
RTFMS_20000_ABSENCE_2.0_4.xes,74302,11,20000,3.7151,12,24,6095,123,0.00615,3.663466826658667,0.6027816800516431,42339.73146129206,0.6987036354097291,2882531.185785678,0.37489692620165116
Sepsis_2000_INSERTION_0.2_1.xes,28391,18,2000,14.1955,185,34,4662,749,0.3745,9.063468265867067,0.7868112489290482,42339.73146129206,0.6987036354097291,2882531.185785678,0.37489692620165116
Sepsis_10000_MIXED_1.0_3.xes,142652,42,10000,14.2652,185,67,18282,944,0.0944,9.077892210778922,0.7803711067547059,42339.73146129206,0.6987036354097291,2882531.185785678,0.37489692620165116
Sepsis_1000_SUBSTITUTION_2.0_5.xes,13900,25,1000,13.9,118,41,2571,552,0.552,9.03096903096903,0.7845941888393876,42339.73146129206,0.6987036354097291,2882531.185785678,0.37489692620165116
Sepsis_40000_ABSENCE_0.4_5.xes,579306,16,40000,14.48265,185,29,59604,992,0.0248,9.12907177320567,0.7875021483136089,42339.73146129206,0.6987036354097291,2882531.185785678,0.37489692620165116
BPIC2012_10000_SUBSTITUTION_2.0_2.xes,198864,131,10000,19.8864,175,170,16380,2669,0.2669,8.183281671832816,0.7515312397013718,42339.73146129206,0.6987036354097291,2882531.185785678,0.37489692620165116
BPIC2012_20000_INSERTION_4.0_4.xes,396966,443,20000,19.8483,175,638,29400,4165,0.20825,8.164241787910605,0.751693793966594,42339.73146129206,0.6987036354097291,2882531.185785678,0.37489692620165116
BPIC2012_40000_ORDERING_0.2_4.xes,799439,24,40000,19.985975,175,30,52379,4205,0.105125,8.17214569635759,0.7545331742925097,42339.73146129206,0.6987036354097291,2882531.185785678,0.37489692620165116
Sepsis_20000_ORDERING_1.0_2.xes,288534,16,20000,14.4267,185,25,33250,1022,0.0511,9.12134393280336,0.7875389746570212,42339.73146129206,0.6987036354097291,2882531.185785678,0.37489692620165116
Sepsis_1000_ABSENCE_0.4_5.xes,13896,16,1000,13.896,118,25,2558,544,0.544,9.027972027972028,0.7894179850920824,42339.73146129206,0.6987036354097291,2882531.185785678,0.37489692620165116
BPIC2012_20000_ORDERING_1.0_5.xes,396166,24,20000,19.8083,175,36,29029,3597,0.17985,8.136493175341233,0.7546367595944039,42339.73146129206,0.6987036354097291,2882531.185785678,0.37489692620165116
Sepsis_10000_MIXED_0.2_1.xes,142650,21,10000,14.265,185,39,18306,865,0.0865,9.07909209079092,0.7841278944542095,42339.73146129206,0.6987036354097291,2882531.185785678,0.37489692620165116
RTFMS_10000_ABSENCE_0.1_5.xes,37487,11,10000,3.7487,12,25,3293,76,0.0076,3.6972302769723027,0.6015428580764808,42339.73146129206,0.6987036354097291,2882531.185785678,0.37489692620165116
BPIC2012_2000_ORDERING_2.0_1.xes,38878,24,2000,19.439,159,30,4328,787,0.3935,8.080459770114942,0.7574102720074694,42339.73146129206,0.6987036354097291,2882531.185785678,0.37489692620165116
RTFMS_40000_MIXED_10.0_5.xes,148983,924,40000,3.724575,16,1313,12913,1443,0.036075,3.656558586035349,0.6088300171553364,42339.73146129206,0.6987036354097291,2882531.185785678,0.37489692620165116
Sepsis_40000_INSERTION_4.0_4.xes,581066,767,40000,14.52665,186,1337,60569,2407,0.060175,9.156696082597936,0.7794467360391402,42339.73146129206,0.6987036354097291,2882531.185785678,0.37489692620165116
RTFMS_100000_ORDERING_2.0_5.xes,373119,11,100000,3.73119,17,7,25389,302,0.00302,3.6791232087679124,0.6067986102848734,42339.73146129206,0.6987036354097291,2882531.185785678,0.37489692620165116
BPIC2012_4000_INSERTION_10.0_3.xes,79603,194,4000,19.90075,175,294,7879,1607,0.40175,8.240439890027494,0.7543988847061729,42339.73146129206,0.6987036354097291,2882531.185785678,0.37489692620165116
Sepsis_100000_SUBSTITUTION_10.0_3.xes,1449819,4667,100000,14.49819,185,7984,132531,10131,0.10131,9.142228577714222,0.7812720555314755,42339.73146129206,0.6987036354097291,2882531.185785678,0.37489692620165116
BPIC2012_100000_MIXED_0.4_5.xes,1996909,126,100000,19.96909,175,195,114869,4664,0.04664,8.157078429215709,0.7513241153858439,42339.73146129206,0.6987036354097291,2882531.185785678,0.37489692620165116
BPIC2012_40000_SUBSTITUTION_0.4_3.xes,799439,102,40000,19.985975,175,164,52427,4313,0.107825,8.172820679483014,0.7512507696985613,42339.73146129206,0.6987036354097291,2882531.185785678,0.37489692620165116
Sepsis_100000_INSERTION_4.0_5.xes,1453819,1928,100000,14.53819,186,3351,129322,4665,0.04665,9.168678313216867,0.7796651473313005,42339.73146129206,0.6987036354097291,2882531.185785678,0.37489692620165116
BPIC2012_100000_SUBSTITUTION_2.0_2.xes,1996892,1088,100000,19.96892,175,1335,115972,6059,0.06059,8.160618393816062,0.75147081603169,42339.73146129206,0.6987036354097291,2882531.185785678,0.37489692620165116
BPIC2012_20000_ABSENCE_10.0_1.xes,394166,24,20000,19.7083,175,39,29455,4301,0.21505,8.07749612519374,0.7542028822065032,42339.73146129206,0.6987036354097291,2882531.185785678,0.37489692620165116
RTFMS_2000_ORDERING_2.0_2.xes,7458,11,2000,3.729,11,16,912,49,0.0245,3.6816591704147927,0.6041395557786154,42339.73146129206,0.6987036354097291,2882531.185785678,0.37489692620165116
BPIC2012_40000_ORDERING_0.4_3.xes,799439,24,40000,19.985975,175,43,52439,4236,0.1059,8.17214569635759,0.7545493309321871,42339.73146129206,0.6987036354097291,2882531.185785678,0.37489692620165116
Sepsis_10000_SUBSTITUTION_1.0_5.xes,142645,64,10000,14.2645,185,122,18360,946,0.0946,9.078292170782921,0.7797218247683774,42339.73146129206,0.6987036354097291,2882531.185785678,0.37489692620165116
Sepsis_4000_INSERTION_0.1_5.xes,57012,18,4000,14.253,185,34,8417,831,0.20775,9.08447888027993,0.787195770778917,42339.73146129206,0.6987036354097291,2882531.185785678,0.37489692620165116
Sepsis_20000_SUBSTITUTION_0.4_5.xes,288534,53,20000,14.4267,185,103,33206,926,0.0463,9.120893955302234,0.7791649851185147,42339.73146129206,0.6987036354097291,2882531.185785678,0.37489692620165116
BPIC2012_1000_ABSENCE_10.0_3.xes,19495,24,1000,19.495,159,37,2503,452,0.452,8.02997002997003,0.7546251523067713,42339.73146129206,0.6987036354097291,2882531.185785678,0.37489692620165116
BPIC2012_10000_ORDERING_0.4_4.xes,198864,24,10000,19.8864,175,30,16261,2525,0.2525,8.17988201179882,0.7546747664292497,42339.73146129206,0.6987036354097291,2882531.185785678,0.37489692620165116
BPIC2012_20000_ABSENCE_2.0_4.xes,395766,24,20000,19.7883,175,33,28976,3696,0.1848,8.12504374781261,0.7544890249099676,42339.73146129206,0.6987036354097291,2882531.185785678,0.37489692620165116
BPIC2012_10000_ORDERING_0.2_1.xes,198864,24,10000,19.8864,175,25,16255,2514,0.2514,8.17988201179882,0.7546514578542611,42339.73146129206,0.6987036354097291,2882531.185785678,0.37489692620165116
RTFMS_2000_ABSENCE_0.2_2.xes,7454,11,2000,3.727,11,19,861,36,0.018,3.6796601699150426,0.5985355241673851,42339.73146129206,0.6987036354097291,2882531.185785678,0.37489692620165116
RTFMS_10000_MIXED_0.1_1.xes,37498,13,10000,3.7498,12,27,3307,76,0.0076,3.697930206979302,0.5987634763109216,42339.73146129206,0.6987036354097291,2882531.185785678,0.37489692620165116
RTFMS_2000_MIXED_10.0_3.xes,7442,62,2000,3.721,11,93,992,143,0.0715,3.6636681659170414,0.607334353576549,42339.73146129206,0.6987036354097291,2882531.185785678,0.37489692620165116
BPIC2012_4000_ABSENCE_4.0_4.xes,79043,24,4000,19.76075,175,32,7651,1419,0.35475,8.153711572106973,0.7561496609604541,42339.73146129206,0.6987036354097291,2882531.185785678,0.37489692620165116
Sepsis_40000_SUBSTITUTION_10.0_1.xes,579466,1875,40000,14.48665,185,3261,61914,4661,0.116525,9.127921801954951,0.7810004485321778,42339.73146129206,0.6987036354097291,2882531.185785678,0.37489692620165116
BPIC2012_4000_INSERTION_1.0_2.xes,79243,45,4000,19.81075,175,49,7665,1392,0.348,8.183954011497125,0.7539722480220351,42339.73146129206,0.6987036354097291,2882531.185785678,0.37489692620165116
Sepsis_40000_ABSENCE_0.4_1.xes,579306,16,40000,14.48265,185,29,59564,986,0.02465,9.129096772580686,0.7875027267446478,42339.73146129206,0.6987036354097291,2882531.185785678,0.37489692620165116
RTFMS_20000_ORDERING_0.4_2.xes,74702,11,20000,3.7351,12,17,6038,113,0.00565,3.6831658417079147,0.6030282030759954,42339.73146129206,0.6987036354097291,2882531.185785678,0.37489692620165116
RTFMS_4000_MIXED_0.4_3.xes,14910,13,4000,3.7275,12,27,1541,60,0.015,3.678580354911272,0.5968277249547553,42339.73146129206,0.6987036354097291,2882531.185785678,0.37489692620165116
BPIC2012_20000_ORDERING_10.0_1.xes,396166,24,20000,19.8083,175,55,30186,4243,0.21215,8.136493175341233,0.7555478165060483,42339.73146129206,0.6987036354097291,2882531.185785678,0.37489692620165116
RTFMS_2000_ORDERING_0.2_4.xes,7458,11,2000,3.729,11,19,870,37,0.0185,3.6816591704147927,0.5990997235338067,42339.73146129206,0.6987036354097291,2882531.185785678,0.37489692620165116
RTFMS_20000_INSERTION_4.0_3.xes,75502,388,20000,3.7751,12,593,6456,594,0.0297,3.7094145292735363,0.5996255714968202,42339.73146129206,0.6987036354097291,2882531.185785678,0.37489692620165116
RTFMS_2000_ABSENCE_4.0_2.xes,7378,11,2000,3.689,11,22,894,54,0.027,3.6421789105447275,0.6003776276102148,42339.73146129206,0.6987036354097291,2882531.185785678,0.37489692620165116
Sepsis_4000_ABSENCE_0.1_1.xes,57004,16,4000,14.251,185,30,8410,831,0.20775,9.082979255186203,0.7891205370932115,42339.73146129206,0.6987036354097291,2882531.185785678,0.37489692620165116
RTFMS_4000_SUBSTITUTION_1.0_4.xes,14915,29,4000,3.72875,12,51,1559,82,0.0205,3.6773306673331665,0.5924503330692252,42339.73146129206,0.6987036354097291,2882531.185785678,0.37489692620165116
RTFMS_100000_ABSENCE_0.1_1.xes,373019,11,100000,3.73019,17,17,23991,186,0.00186,3.6781432185678145,0.6017984179534421,42339.73146129206,0.6987036354097291,2882531.185785678,0.37489692620165116
BPIC2012_4000_MIXED_10.0_5.xes,79220,126,4000,19.805,175,194,7861,1582,0.3955,8.1872031992002,0.7540689965982812,42339.73146129206,0.6987036354097291,2882531.185785678,0.37489692620165116
BPIC2012_100000_INSERTION_0.4_1.xes,1997292,212,100000,19.97292,175,314,114933,4721,0.04721,8.159388406115939,0.7512613772232637,42339.73146129206,0.6987036354097291,2882531.185785678,0.37489692620165116
Sepsis_10000_SUBSTITUTION_0.2_4.xes,142645,25,10000,14.2645,185,45,18263,866,0.0866,9.078492150784921,0.7825849723827726,42339.73146129206,0.6987036354097291,2882531.185785678,0.37489692620165116
RTFMS_2000_MIXED_4.0_4.xes,7445,28,2000,3.7225,11,48,919,82,0.041,3.6691654172913544,0.5958408788826282,42339.73146129206,0.6987036354097291,2882531.185785678,0.37489692620165116
RTFMS_100000_ABSENCE_0.4_4.xes,372719,11,100000,3.72719,17,17,24119,202,0.00202,3.675183248167518,0.6019243459567933,42339.73146129206,0.6987036354097291,2882531.185785678,0.37489692620165116
BPIC2012_20000_ABSENCE_10.0_4.xes,394166,24,20000,19.7083,175,39,29409,4341,0.21705,8.07939603019849,0.7542483147485506,42339.73146129206,0.6987036354097291,2882531.185785678,0.37489692620165116
Sepsis_10000_MIXED_2.0_5.xes,142649,67,10000,14.2649,185,127,18352,1034,0.1034,9.078092190780922,0.7797752890504349,42339.73146129206,0.6987036354097291,2882531.185785678,0.37489692620165116
Sepsis_1000_ORDERING_2.0_1.xes,13900,16,1000,13.9,118,22,2562,550,0.55,9.031968031968033,0.7899621746145168,42339.73146129206,0.6987036354097291,2882531.185785678,0.37489692620165116
BPIC2012_100000_MIXED_0.2_3.xes,1996897,78,100000,19.96897,175,119,114819,4541,0.04541,8.156978430215698,0.7515013565856494,42339.73146129206,0.6987036354097291,2882531.185785678,0.37489692620165116
BPIC2012_2000_SUBSTITUTION_0.1_3.xes,38878,25,2000,19.439,159,28,4316,776,0.388,8.080459770114942,0.7570229808043417,42339.73146129206,0.6987036354097291,2882531.185785678,0.37489692620165116
Sepsis_2000_ORDERING_4.0_4.xes,28387,16,2000,14.1935,185,29,4702,808,0.404,9.061969015492254,0.7898093215077973,42339.73146129206,0.6987036354097291,2882531.185785678,0.37489692620165116
RTFMS_10000_SUBSTITUTION_4.0_3.xes,37497,202,10000,3.7497,12,288,3550,335,0.0335,3.6861313868613137,0.5991248193679239,42339.73146129206,0.6987036354097291,2882531.185785678,0.37489692620165116
RTFMS_20000_INSERTION_10.0_5.xes,76702,939,20000,3.8351,12,1410,7152,1251,0.06255,3.7501124943752813,0.6110914523014501,42339.73146129206,0.6987036354097291,2882531.185785678,0.37489692620165116
BPIC2012_20000_ORDERING_0.4_3.xes,396166,24,20000,19.8083,175,40,28946,3542,0.1771,8.136493175341233,0.7545765945461033,42339.73146129206,0.6987036354097291,2882531.185785678,0.37489692620165116
RTFMS_2000_SUBSTITUTION_0.4_1.xes,7458,15,2000,3.729,11,28,877,42,0.021,3.68015992003998,0.5949082144821027,42339.73146129206,0.6987036354097291,2882531.185785678,0.37489692620165116
Sepsis_2000_ORDERING_2.0_5.xes,28387,16,2000,14.1935,185,28,4682,777,0.3885,9.061969015492254,0.7892608818431703,42339.73146129206,0.6987036354097291,2882531.185785678,0.37489692620165116
Sepsis_20000_ABSENCE_10.0_2.xes,286534,16,20000,14.3267,185,31,33472,2323,0.11615,9.045497725113744,0.787668459833218,42339.73146129206,0.6987036354097291,2882531.185785678,0.37489692620165116
BPIC2012_4000_ORDERING_0.1_5.xes,79203,24,4000,19.80075,175,27,7650,1367,0.34175,8.177955511122219,0.7563216545521898,42339.73146129206,0.6987036354097291,2882531.185785678,0.37489692620165116
Sepsis_10000_INSERTION_2.0_4.xes,142845,114,10000,14.2845,185,204,18393,1042,0.1042,9.091090890910909,0.7795088954332925,42339.73146129206,0.6987036354097291,2882531.185785678,0.37489692620165116
Sepsis_10000_ORDERING_1.0_5.xes,142645,16,10000,14.2645,185,28,18320,938,0.0938,9.078692130786921,0.7881367808317388,42339.73146129206,0.6987036354097291,2882531.185785678,0.37489692620165116
BPIC2012_40000_ORDERING_2.0_3.xes,799439,24,40000,19.985975,175,38,52967,4506,0.11265,8.17214569635759,0.7547217043703571,42339.73146129206,0.6987036354097291,2882531.185785678,0.37489692620165116
Sepsis_4000_ABSENCE_0.1_4.xes,57004,16,4000,14.251,185,30,8421,831,0.20775,9.083479130217446,0.789119308300755,42339.73146129206,0.6987036354097291,2882531.185785678,0.37489692620165116
BPIC2012_40000_MIXED_2.0_3.xes,799416,218,40000,19.9854,175,304,52781,4750,0.11875,8.173670658233544,0.7512363350387165,42339.73146129206,0.6987036354097291,2882531.185785678,0.37489692620165116
RTFMS_2000_ORDERING_1.0_3.xes,7458,11,2000,3.729,11,18,894,44,0.022,3.6816591704147927,0.6011942492977868,42339.73146129206,0.6987036354097291,2882531.185785678,0.37489692620165116
RTFMS_1000_ABSENCE_0.4_3.xes,3781,11,1000,3.781,10,21,501,29,0.029,3.7312687312687314,0.6002162790235128,42339.73146129206,0.6987036354097291,2882531.185785678,0.37489692620165116
Sepsis_20000_ABSENCE_4.0_4.xes,287734,16,20000,14.3867,185,32,33232,1501,0.07505,9.09259537023149,0.7874101189158322,42339.73146129206,0.6987036354097291,2882531.185785678,0.37489692620165116
RTFMS_20000_ABSENCE_4.0_2.xes,73902,11,20000,3.6951,12,24,6219,128,0.0064,3.6440677966101696,0.6034510457244716,42339.73146129206,0.6987036354097291,2882531.185785678,0.37489692620165116
BPIC2012_1000_SUBSTITUTION_0.4_2.xes,19595,25,1000,19.595,159,32,2495,432,0.432,8.096903096903096,0.7545742174726904,42339.73146129206,0.6987036354097291,2882531.185785678,0.37489692620165116
BPIC2012_20000_ABSENCE_4.0_2.xes,395366,24,20000,19.7683,175,33,29118,3861,0.19305,8.11314434278286,0.7544293666661674,42339.73146129206,0.6987036354097291,2882531.185785678,0.37489692620165116
BPIC2012_20000_ORDERING_0.4_5.xes,396166,24,20000,19.8083,175,26,28945,3550,0.1775,8.136493175341233,0.7545698225952386,42339.73146129206,0.6987036354097291,2882531.185785678,0.37489692620165116
BPIC2012_100000_SUBSTITUTION_2.0_4.xes,1996892,1047,100000,19.96892,175,1262,115966,6068,0.06068,8.160738392616073,0.7514940945519448,42339.73146129206,0.6987036354097291,2882531.185785678,0.37489692620165116
RTFMS_100000_ORDERING_10.0_3.xes,373119,11,100000,3.73119,17,7,29306,440,0.0044,3.6791232087679124,0.6275560947824184,42339.73146129206,0.6987036354097291,2882531.185785678,0.37489692620165116
RTFMS_4000_SUBSTITUTION_2.0_4.xes,14915,44,4000,3.72875,12,69,1571,103,0.02575,3.672331917020745,0.5931418408932725,42339.73146129206,0.6987036354097291,2882531.185785678,0.37489692620165116
RTFMS_100000_INSERTION_1.0_2.xes,374119,483,100000,3.74119,17,731,24633,799,0.00799,3.6856531434685653,0.5935588623954645,42339.73146129206,0.6987036354097291,2882531.185785678,0.37489692620165116
RTFMS_20000_ABSENCE_4.0_4.xes,73902,11,20000,3.6951,12,24,6245,131,0.00655,3.6436678166091694,0.6037588482144197,42339.73146129206,0.6987036354097291,2882531.185785678,0.37489692620165116
BPIC2012_40000_ORDERING_4.0_1.xes,799439,24,40000,19.985975,175,68,53470,4833,0.120825,8.17214569635759,0.7549084658193148,42339.73146129206,0.6987036354097291,2882531.185785678,0.37489692620165116
RTFMS_2000_INSERTION_0.1_4.xes,7460,12,2000,3.73,11,21,871,36,0.018,3.68215892053973,0.5971764627229625,42339.73146129206,0.6987036354097291,2882531.185785678,0.37489692620165116
RTFMS_40000_MIXED_1.0_5.xes,148978,84,40000,3.72445,16,116,11023,292,0.0073,3.6700582485437865,0.593581427638681,42339.73146129206,0.6987036354097291,2882531.185785678,0.37489692620165116
Sepsis_20000_ORDERING_0.2_2.xes,288534,16,20000,14.4267,185,30,33204,883,0.04415,9.12134393280336,0.7872941585121624,42339.73146129206,0.6987036354097291,2882531.185785678,0.37489692620165116
BPIC2012_20000_INSERTION_1.0_3.xes,396366,106,20000,19.8183,175,179,29023,3679,0.18395,8.142542872856357,0.7513608864661008,42339.73146129206,0.6987036354097291,2882531.185785678,0.37489692620165116
RTFMS_1000_MIXED_2.0_5.xes,3785,13,1000,3.785,10,21,516,41,0.041,3.7312687312687314,0.6006712862306844,42339.73146129206,0.6987036354097291,2882531.185785678,0.37489692620165116
Sepsis_100000_MIXED_1.0_3.xes,1449829,269,100000,14.49829,185,475,127318,1773,0.01773,9.143458565414345,0.7789239726820221,42339.73146129206,0.6987036354097291,2882531.185785678,0.37489692620165116
BPIC2012_1000_MIXED_1.0_5.xes,19597,28,1000,19.597,159,34,2494,436,0.436,8.0999000999001,0.7540484569288889,42339.73146129206,0.6987036354097291,2882531.185785678,0.37489692620165116
RTFMS_4000_MIXED_10.0_5.xes,14895,84,4000,3.72375,12,123,1752,219,0.05475,3.6560859785053736,0.6052733172573236,42339.73146129206,0.6987036354097291,2882531.185785678,0.37489692620165116
Sepsis_2000_ABSENCE_4.0_5.xes,28307,16,2000,14.1535,185,28,4647,809,0.4045,9.031484257871064,0.7888945193945078,42339.73146129206,0.6987036354097291,2882531.185785678,0.37489692620165116
BPIC2012_4000_INSERTION_2.0_2.xes,79283,62,4000,19.82075,175,85,7692,1418,0.3545,8.189952511872033,0.7536112943996212,42339.73146129206,0.6987036354097291,2882531.185785678,0.37489692620165116
RTFMS_1000_SUBSTITUTION_0.4_2.xes,3785,15,1000,3.785,10,24,503,30,0.03,3.7352647352647352,0.5955871174779042,42339.73146129206,0.6987036354097291,2882531.185785678,0.37489692620165116
Sepsis_100000_MIXED_4.0_3.xes,1449868,985,100000,14.49868,185,1687,128854,4469,0.04469,9.142778572214278,0.7794922447841872,42339.73146129206,0.6987036354097291,2882531.185785678,0.37489692620165116
RTFMS_40000_ABSENCE_0.4_2.xes,148838,11,40000,3.72095,16,21,10824,147,0.003675,3.6685832854178644,0.6021940262213665,42339.73146129206,0.6987036354097291,2882531.185785678,0.37489692620165116
Sepsis_100000_INSERTION_2.0_3.xes,1451819,927,100000,14.51819,186,1653,127976,2777,0.02777,9.155928440715593,0.7791680679804136,42339.73146129206,0.6987036354097291,2882531.185785678,0.37489692620165116
BPIC2012_100000_ORDERING_0.2_1.xes,1996892,24,100000,19.96892,175,42,114794,4467,0.04467,8.156708432915671,0.7546814130133586,42339.73146129206,0.6987036354097291,2882531.185785678,0.37489692620165116
Sepsis_20000_SUBSTITUTION_0.2_5.xes,288534,30,20000,14.4267,185,55,33162,886,0.0443,9.120893955302234,0.7808171927899726,42339.73146129206,0.6987036354097291,2882531.185785678,0.37489692620165116
RTFMS_1000_INSERTION_4.0_3.xes,3825,30,1000,3.825,10,50,524,59,0.059,3.763236763236763,0.5988092531387597,42339.73146129206,0.6987036354097291,2882531.185785678,0.37489692620165116
Sepsis_10000_INSERTION_0.4_4.xes,142685,41,10000,14.2685,185,79,18315,886,0.0886,9.081391860813918,0.780319586231073,42339.73146129206,0.6987036354097291,2882531.185785678,0.37489692620165116
RTFMS_20000_ABSENCE_10.0_1.xes,72702,11,20000,3.6351,12,24,6549,147,0.00735,3.584820758962052,0.605536255593087,42339.73146129206,0.6987036354097291,2882531.185785678,0.37489692620165116
RTFMS_2000_ORDERING_4.0_2.xes,7458,11,2000,3.729,11,14,947,55,0.0275,3.6816591704147927,0.6099128821041215,42339.73146129206,0.6987036354097291,2882531.185785678,0.37489692620165116
Sepsis_20000_SUBSTITUTION_1.0_4.xes,288534,110,20000,14.4267,185,189,33297,1043,0.05215,9.12114394280286,0.7786958863591027,42339.73146129206,0.6987036354097291,2882531.185785678,0.37489692620165116
BPIC2012_1000_MIXED_0.4_2.xes,19594,26,1000,19.594,159,34,2490,432,0.432,8.098901098901099,0.7544052036161706,42339.73146129206,0.6987036354097291,2882531.185785678,0.37489692620165116
RTFMS_4000_MIXED_0.2_5.xes,14917,13,4000,3.72925,12,28,1538,55,0.01375,3.680829792551862,0.5967610360150597,42339.73146129206,0.6987036354097291,2882531.185785678,0.37489692620165116
Sepsis_4000_INSERTION_4.0_3.xes,57168,89,4000,14.292,185,170,8499,982,0.2455,9.107973006748313,0.7812558614157873,42339.73146129206,0.6987036354097291,2882531.185785678,0.37489692620165116
Sepsis_2000_ABSENCE_1.0_2.xes,28367,16,2000,14.1835,185,28,4656,760,0.38,9.055472263868065,0.7887154788569255,42339.73146129206,0.6987036354097291,2882531.185785678,0.37489692620165116
BPIC2012_10000_MIXED_1.0_5.xes,198876,52,10000,19.8876,175,70,16334,2580,0.258,8.18128187181282,0.7520122298692604,42339.73146129206,0.6987036354097291,2882531.185785678,0.37489692620165116
Sepsis_40000_INSERTION_2.0_1.xes,580266,388,40000,14.50665,185,705,60056,1627,0.040675,9.144346391340216,0.7789758475940781,42339.73146129206,0.6987036354097291,2882531.185785678,0.37489692620165116
Sepsis_20000_ABSENCE_4.0_1.xes,287734,16,20000,14.3867,185,31,33231,1499,0.07495,9.090695465226739,0.7874125039657192,42339.73146129206,0.6987036354097291,2882531.185785678,0.37489692620165116
RTFMS_100000_INSERTION_0.1_3.xes,373219,58,100000,3.73219,17,88,24018,248,0.00248,3.679813201867981,0.5920788265858894,42339.73146129206,0.6987036354097291,2882531.185785678,0.37489692620165116
RTFMS_4000_ORDERING_2.0_2.xes,14915,11,4000,3.72875,12,18,1611,69,0.01725,3.6805798550362407,0.6048894281390158,42339.73146129206,0.6987036354097291,2882531.185785678,0.37489692620165116
Sepsis_40000_SUBSTITUTION_0.1_5.xes,579466,30,40000,14.48665,185,55,59530,886,0.02215,9.131821704457389,0.7810288295721237,42339.73146129206,0.6987036354097291,2882531.185785678,0.37489692620165116
RTFMS_10000_ABSENCE_4.0_5.xes,37097,11,10000,3.7097,12,27,3424,96,0.0096,3.6586341365863415,0.6029694643977762,42339.73146129206,0.6987036354097291,2882531.185785678,0.37489692620165116
BPIC2012_100000_ABSENCE_4.0_2.xes,1992892,24,100000,19.92892,175,38,115942,6172,0.06172,8.133648663513364,0.7545329351385333,42339.73146129206,0.6987036354097291,2882531.185785678,0.37489692620165116
Sepsis_2000_MIXED_0.4_3.xes,28383,17,2000,14.1915,185,28,4648,752,0.376,9.059970014992503,0.7877038292889699,42339.73146129206,0.6987036354097291,2882531.185785678,0.37489692620165116
RTFMS_1000_INSERTION_2.0_1.xes,3805,20,1000,3.805,10,40,510,45,0.045,3.751248751248751,0.5967419682485045,42339.73146129206,0.6987036354097291,2882531.185785678,0.37489692620165116
RTFMS_2000_ABSENCE_0.1_3.xes,7456,11,2000,3.728,11,20,860,36,0.018,3.6806596701649177,0.5987137590151432,42339.73146129206,0.6987036354097291,2882531.185785678,0.37489692620165116
BPIC2012_10000_SUBSTITUTION_10.0_2.xes,198864,564,10000,19.8864,175,724,16808,3238,0.3238,8.1994800519948,0.752669944561297,42339.73146129206,0.6987036354097291,2882531.185785678,0.37489692620165116
RTFMS_4000_MIXED_10.0_3.xes,14888,103,4000,3.722,12,149,1756,238,0.0595,3.6618345413646587,0.6065274145389308,42339.73146129206,0.6987036354097291,2882531.185785678,0.37489692620165116
BPIC2012_1000_SUBSTITUTION_1.0_4.xes,19595,29,1000,19.595,159,42,2486,435,0.435,8.102897102897103,0.7538427983478115,42339.73146129206,0.6987036354097291,2882531.185785678,0.37489692620165116
Sepsis_40000_ORDERING_0.2_2.xes,579466,16,40000,14.48665,185,27,59602,917,0.022925,9.132046698832529,0.7875389649571577,42339.73146129206,0.6987036354097291,2882531.185785678,0.37489692620165116
RTFMS_1000_ABSENCE_0.2_5.xes,3783,11,1000,3.783,10,19,499,27,0.027,3.733266733266733,0.599558712017472,42339.73146129206,0.6987036354097291,2882531.185785678,0.37489692620165116
RTFMS_4000_MIXED_0.4_4.xes,14912,14,4000,3.728,12,26,1542,59,0.01475,3.6790802299425143,0.5957810453003476,42339.73146129206,0.6987036354097291,2882531.185785678,0.37489692620165116
BPIC2012_20000_ABSENCE_0.1_5.xes,396146,24,20000,19.8073,175,29,28896,3526,0.1763,8.135993200339984,0.7545366878378403,42339.73146129206,0.6987036354097291,2882531.185785678,0.37489692620165116
Sepsis_2000_SUBSTITUTION_10.0_4.xes,28387,110,2000,14.1935,185,190,4778,922,0.461,9.059970014992503,0.7824668977953417,42339.73146129206,0.6987036354097291,2882531.185785678,0.37489692620165116
Sepsis_100000_ORDERING_2.0_4.xes,1449819,16,100000,14.49819,185,17,128137,2488,0.02488,9.14379856201438,0.7882389446155179,42339.73146129206,0.6987036354097291,2882531.185785678,0.37489692620165116
Sepsis_4000_MIXED_0.2_1.xes,57011,19,4000,14.25275,185,34,8400,834,0.2085,9.08447888027993,0.7865237169479211,42339.73146129206,0.6987036354097291,2882531.185785678,0.37489692620165116
RTFMS_1000_SUBSTITUTION_10.0_1.xes,3785,57,1000,3.785,10,88,566,96,0.096,3.6963036963036964,0.6082172695014736,42339.73146129206,0.6987036354097291,2882531.185785678,0.37489692620165116
RTFMS_10000_SUBSTITUTION_0.1_2.xes,37497,16,10000,3.7497,12,34,3295,78,0.0078,3.6977302269773022,0.5962796060564272,42339.73146129206,0.6987036354097291,2882531.185785678,0.37489692620165116
RTFMS_100000_SUBSTITUTION_0.4_5.xes,373119,192,100000,3.73119,17,253,24235,426,0.00426,3.6777632223677763,0.5923009269850475,42339.73146129206,0.6987036354097291,2882531.185785678,0.37489692620165116
BPIC2012_100000_ORDERING_2.0_4.xes,1996892,24,100000,19.96892,175,51,116174,5222,0.05222,8.156708432915671,0.7548816227531392,42339.73146129206,0.6987036354097291,2882531.185785678,0.37489692620165116
BPIC2012_20000_ABSENCE_0.2_5.xes,396126,24,20000,19.8063,175,32,28878,3534,0.1767,8.135243237838107,0.7545275475640324,42339.73146129206,0.6987036354097291,2882531.185785678,0.37489692620165116
BPIC2012_40000_INSERTION_0.2_5.xes,799519,57,40000,19.987975,175,83,52341,4240,0.106,8.173395665108373,0.7516603353594343,42339.73146129206,0.6987036354097291,2882531.185785678,0.37489692620165116
Sepsis_1000_ABSENCE_4.0_1.xes,13860,16,1000,13.86,118,25,2556,565,0.565,9.000999000999,0.7896132010625602,42339.73146129206,0.6987036354097291,2882531.185785678,0.37489692620165116
Sepsis_40000_ABSENCE_0.2_2.xes,579386,16,40000,14.48465,185,29,59561,919,0.022975,9.130471738206545,0.7874863428619602,42339.73146129206,0.6987036354097291,2882531.185785678,0.37489692620165116
Sepsis_100000_ABSENCE_1.0_5.xes,1448819,16,100000,14.48819,185,30,126953,1664,0.01664,9.136178638213618,0.7877542390535985,42339.73146129206,0.6987036354097291,2882531.185785678,0.37489692620165116
Sepsis_2000_SUBSTITUTION_0.2_5.xes,28387,19,2000,14.1935,185,35,4648,749,0.3745,9.06296851574213,0.7860680053544161,42339.73146129206,0.6987036354097291,2882531.185785678,0.37489692620165116
BPIC2012_1000_ABSENCE_2.0_3.xes,19575,24,1000,19.575,159,33,2498,435,0.435,8.084915084915085,0.7547212231017433,42339.73146129206,0.6987036354097291,2882531.185785678,0.37489692620165116
Sepsis_1000_INSERTION_0.2_1.xes,13902,17,1000,13.902,118,27,2556,542,0.542,9.033966033966035,0.7884288576791458,42339.73146129206,0.6987036354097291,2882531.185785678,0.37489692620165116
BPIC2012_100000_MIXED_0.1_1.xes,1996887,48,100000,19.96887,175,59,114671,4443,0.04443,8.156768432315676,0.7520344724305389,42339.73146129206,0.6987036354097291,2882531.185785678,0.37489692620165116
Sepsis_100000_ABSENCE_0.4_5.xes,1449419,16,100000,14.49419,185,29,126675,1197,0.01197,9.140868591314087,0.7877276472365272,42339.73146129206,0.6987036354097291,2882531.185785678,0.37489692620165116
Sepsis_1000_ABSENCE_0.1_3.xes,13899,16,1000,13.899,118,25,2554,540,0.54,9.03096903096903,0.7894230212727358,42339.73146129206,0.6987036354097291,2882531.185785678,0.37489692620165116
RTFMS_10000_MIXED_0.4_5.xes,37497,19,10000,3.7497,12,31,3316,97,0.0097,3.6973302669733026,0.5952895361479003,42339.73146129206,0.6987036354097291,2882531.185785678,0.37489692620165116
RTFMS_40000_MIXED_4.0_5.xes,148965,357,40000,3.724125,16,514,11750,713,0.017825,3.664833379165521,0.5987181440267733,42339.73146129206,0.6987036354097291,2882531.185785678,0.37489692620165116
RTFMS_10000_ABSENCE_2.0_5.xes,37297,11,10000,3.7297,12,27,3362,91,0.0091,3.6785321467853214,0.6022577121361912,42339.73146129206,0.6987036354097291,2882531.185785678,0.37489692620165116
Sepsis_40000_SUBSTITUTION_0.1_4.xes,579466,31,40000,14.48665,185,54,59583,886,0.02215,9.13187170320742,0.7808703835182171,42339.73146129206,0.6987036354097291,2882531.185785678,0.37489692620165116
BPIC2012_1000_INSERTION_0.2_4.xes,19597,25,1000,19.597,159,31,2483,432,0.432,8.0999000999001,0.7545908028741258,42339.73146129206,0.6987036354097291,2882531.185785678,0.37489692620165116
BPIC2012_4000_ORDERING_1.0_2.xes,79203,24,4000,19.80075,175,34,7680,1380,0.345,8.177955511122219,0.7564639405237947,42339.73146129206,0.6987036354097291,2882531.185785678,0.37489692620165116
BPIC2012_20000_INSERTION_0.4_1.xes,396246,59,20000,19.8123,175,82,28919,3577,0.17885,8.138993050347482,0.7516746953831877,42339.73146129206,0.6987036354097291,2882531.185785678,0.37489692620165116
BPIC2012_4000_INSERTION_0.4_3.xes,79219,31,4000,19.80475,175,36,7624,1378,0.3445,8.180704823794052,0.7549654056874681,42339.73146129206,0.6987036354097291,2882531.185785678,0.37489692620165116
Sepsis_1000_MIXED_4.0_1.xes,13907,27,1000,13.907,118,46,2581,568,0.568,9.037962037962037,0.7845705095271853,42339.73146129206,0.6987036354097291,2882531.185785678,0.37489692620165116
RTFMS_100000_SUBSTITUTION_0.4_2.xes,373119,219,100000,3.73119,17,290,24242,461,0.00461,3.678043219567804,0.5923292001494254,42339.73146129206,0.6987036354097291,2882531.185785678,0.37489692620165116
BPIC2012_4000_MIXED_0.2_1.xes,79202,27,4000,19.8005,175,29,7633,1370,0.3425,8.17820544863784,0.7555956389931066,42339.73146129206,0.6987036354097291,2882531.185785678,0.37489692620165116
BPIC2012_10000_ABSENCE_0.4_5.xes,198824,24,10000,19.8824,175,29,16248,2522,0.2522,8.177382261773822,0.754614529481693,42339.73146129206,0.6987036354097291,2882531.185785678,0.37489692620165116
Sepsis_2000_INSERTION_0.4_1.xes,28395,19,2000,14.1975,185,36,4656,753,0.3765,9.063968015992003,0.786126844552375,42339.73146129206,0.6987036354097291,2882531.185785678,0.37489692620165116
Sepsis_2000_ORDERING_10.0_5.xes,28387,16,2000,14.1935,185,27,4732,894,0.447,9.061969015492254,0.7910891775490305,42339.73146129206,0.6987036354097291,2882531.185785678,0.37489692620165116
Sepsis_100000_ABSENCE_4.0_2.xes,1445819,16,100000,14.45819,185,31,127712,3482,0.03482,9.113618863811363,0.7878664804025548,42339.73146129206,0.6987036354097291,2882531.185785678,0.37489692620165116
BPIC2012_40000_ORDERING_0.1_4.xes,799439,24,40000,19.985975,175,31,52318,4190,0.10475,8.17214569635759,0.754522002517546,42339.73146129206,0.6987036354097291,2882531.185785678,0.37489692620165116
BPIC2012_4000_ABSENCE_0.4_1.xes,79187,24,4000,19.79675,175,30,7609,1380,0.345,8.175206198450388,0.7563349903546479,42339.73146129206,0.6987036354097291,2882531.185785678,0.37489692620165116
RTFMS_4000_MIXED_2.0_4.xes,14902,28,4000,3.7255,12,52,1580,95,0.02375,3.6743314171457135,0.5935195386019131,42339.73146129206,0.6987036354097291,2882531.185785678,0.37489692620165116
RTFMS_4000_INSERTION_0.4_5.xes,14931,19,4000,3.73275,12,37,1534,61,0.01525,3.683079230192452,0.5932182494008653,42339.73146129206,0.6987036354097291,2882531.185785678,0.37489692620165116
Sepsis_100000_SUBSTITUTION_0.1_5.xes,1449819,64,100000,14.49819,185,122,126842,946,0.00946,9.143758562414376,0.7792791899357108,42339.73146129206,0.6987036354097291,2882531.185785678,0.37489692620165116
BPIC2012_10000_ORDERING_2.0_3.xes,198864,24,10000,19.8864,175,37,16430,2572,0.2572,8.17988201179882,0.7548274434178459,42339.73146129206,0.6987036354097291,2882531.185785678,0.37489692620165116
Sepsis_40000_MIXED_2.0_1.xes,579472,208,40000,14.4868,185,364,59931,1602,0.04005,9.131496712582186,0.7789456148705916,42339.73146129206,0.6987036354097291,2882531.185785678,0.37489692620165116
BPIC2012_100000_MIXED_0.4_1.xes,1996883,114,100000,19.96883,175,143,114977,4656,0.04656,8.157028429715703,0.7513510122928679,42339.73146129206,0.6987036354097291,2882531.185785678,0.37489692620165116
Sepsis_4000_SUBSTITUTION_10.0_3.xes,57008,219,4000,14.252,185,373,8622,1203,0.30075,9.080479880029992,0.7827558480937724,42339.73146129206,0.6987036354097291,2882531.185785678,0.37489692620165116
BPIC2012_10000_INSERTION_2.0_2.xes,199064,114,10000,19.9064,175,178,16379,2661,0.2661,8.192480751924808,0.7516023646407337,42339.73146129206,0.6987036354097291,2882531.185785678,0.37489692620165116
BPIC2012_4000_MIXED_4.0_1.xes,79204,59,4000,19.801,175,79,7718,1453,0.36325,8.182204448887777,0.7537699214133204,42339.73146129206,0.6987036354097291,2882531.185785678,0.37489692620165116
Sepsis_20000_ABSENCE_2.0_1.xes,288134,16,20000,14.4067,185,31,33205,1191,0.05955,9.106594670266487,0.7873226888645374,42339.73146129206,0.6987036354097291,2882531.185785678,0.37489692620165116
Sepsis_2000_INSERTION_0.1_5.xes,28389,17,2000,14.1945,185,31,4666,747,0.3735,9.062468765617192,0.7876659606733216,42339.73146129206,0.6987036354097291,2882531.185785678,0.37489692620165116
BPIC2012_1000_ABSENCE_1.0_2.xes,19585,24,1000,19.585,159,29,2484,435,0.435,8.092907092907092,0.7547565138263831,42339.73146129206,0.6987036354097291,2882531.185785678,0.37489692620165116
Sepsis_1000_SUBSTITUTION_0.1_3.xes,13900,17,1000,13.9,118,27,2554,541,0.541,9.032967032967033,0.7884348724288404,42339.73146129206,0.6987036354097291,2882531.185785678,0.37489692620165116
BPIC2012_10000_SUBSTITUTION_0.2_1.xes,198864,38,10000,19.8864,175,38,16280,2519,0.2519,8.18058194180582,0.7525687967627397,42339.73146129206,0.6987036354097291,2882531.185785678,0.37489692620165116
RTFMS_1000_SUBSTITUTION_1.0_2.xes,3785,16,1000,3.785,10,29,508,36,0.036,3.7312687312687314,0.596139288309524,42339.73146129206,0.6987036354097291,2882531.185785678,0.37489692620165116
BPIC2012_40000_ABSENCE_2.0_3.xes,798639,24,40000,19.965975,175,34,52580,4558,0.11395,8.160245993850154,0.7544633931421502,42339.73146129206,0.6987036354097291,2882531.185785678,0.37489692620165116
Sepsis_2000_ABSENCE_0.4_2.xes,28379,16,2000,14.1895,185,28,4669,752,0.376,9.05897051474263,0.7886976530165642,42339.73146129206,0.6987036354097291,2882531.185785678,0.37489692620165116
BPIC2012_20000_ABSENCE_2.0_3.xes,395766,24,20000,19.7883,175,34,29016,3693,0.18465,8.124093795310234,0.754499467069799,42339.73146129206,0.6987036354097291,2882531.185785678,0.37489692620165116
RTFMS_2000_SUBSTITUTION_0.1_4.xes,7458,12,2000,3.729,11,21,871,36,0.018,3.6816591704147927,0.5970092936297627,42339.73146129206,0.6987036354097291,2882531.185785678,0.37489692620165116
RTFMS_1000_ABSENCE_10.0_3.xes,3685,11,1000,3.685,10,22,540,44,0.044,3.635364635364635,0.6034681405510063,42339.73146129206,0.6987036354097291,2882531.185785678,0.37489692620165116
BPIC2012_1000_INSERTION_2.0_4.xes,19615,32,1000,19.615,159,39,2497,442,0.442,8.10989010989011,0.7536218605761781,42339.73146129206,0.6987036354097291,2882531.185785678,0.37489692620165116
Sepsis_10000_ORDERING_10.0_1.xes,142645,16,10000,14.2645,185,19,18815,1696,0.1696,9.078692130786921,0.7904819883975078,42339.73146129206,0.6987036354097291,2882531.185785678,0.37489692620165116
RTFMS_1000_SUBSTITUTION_2.0_3.xes,3785,20,1000,3.785,10,35,508,45,0.045,3.7292707292707292,0.5957708626393143,42339.73146129206,0.6987036354097291,2882531.185785678,0.37489692620165116
Sepsis_2000_MIXED_0.1_1.xes,28388,17,2000,14.194,185,31,4666,748,0.374,9.061969015492254,0.7876897046743293,42339.73146129206,0.6987036354097291,2882531.185785678,0.37489692620165116
BPIC2012_40000_INSERTION_0.4_2.xes,799599,96,40000,19.989975,175,148,52474,4314,0.10785,8.174595635109123,0.7512818965969954,42339.73146129206,0.6987036354097291,2882531.185785678,0.37489692620165116
Sepsis_100000_SUBSTITUTION_0.2_2.xes,1449819,115,100000,14.49819,185,219,126915,1042,0.01042,9.143668563314368,0.7789193167750431,42339.73146129206,0.6987036354097291,2882531.185785678,0.37489692620165116
Sepsis_20000_MIXED_2.0_2.xes,288526,119,20000,14.4263,185,205,33305,1229,0.06145,9.120493975301235,0.7787953281631466,42339.73146129206,0.6987036354097291,2882531.185785678,0.37489692620165116
BPIC2012_20000_ORDERING_4.0_3.xes,396166,24,20000,19.8083,175,38,29471,3817,0.19085,8.136493175341233,0.7549615349378491,42339.73146129206,0.6987036354097291,2882531.185785678,0.37489692620165116
Sepsis_20000_ABSENCE_0.1_3.xes,288514,16,20000,14.4257,185,30,33144,864,0.0432,9.120593970301485,0.7872439184801548,42339.73146129206,0.6987036354097291,2882531.185785678,0.37489692620165116
BPIC2012_4000_INSERTION_10.0_4.xes,79603,239,4000,19.90075,175,375,7886,1625,0.40625,8.24893776555861,0.7544380605414754,42339.73146129206,0.6987036354097291,2882531.185785678,0.37489692620165116
RTFMS_2000_MIXED_1.0_4.xes,7453,15,2000,3.7265,11,23,873,47,0.0235,3.6776611694152925,0.5949784581961592,42339.73146129206,0.6987036354097291,2882531.185785678,0.37489692620165116
Sepsis_100000_ORDERING_0.2_4.xes,1449819,16,100000,14.49819,185,25,126763,1023,0.01023,9.14379856201438,0.7877601524116904,42339.73146129206,0.6987036354097291,2882531.185785678,0.37489692620165116
RTFMS_40000_ABSENCE_4.0_3.xes,147398,11,40000,3.68495,16,21,11320,176,0.0044,3.6333341666458336,0.6034804743332246,42339.73146129206,0.6987036354097291,2882531.185785678,0.37489692620165116
BPIC2012_20000_ABSENCE_2.0_2.xes,395766,24,20000,19.7883,175,33,28997,3704,0.1852,8.125693715314235,0.7544897159881294,42339.73146129206,0.6987036354097291,2882531.185785678,0.37489692620165116
Sepsis_20000_ABSENCE_10.0_1.xes,286534,16,20000,14.3267,185,32,33478,2337,0.11685,9.046297685115745,0.7876676341315849,42339.73146129206,0.6987036354097291,2882531.185785678,0.37489692620165116
BPIC2012_20000_MIXED_1.0_5.xes,396172,73,20000,19.8086,175,102,29007,3657,0.18285,8.137143142842858,0.7515271560424943,42339.73146129206,0.6987036354097291,2882531.185785678,0.37489692620165116
Sepsis_10000_INSERTION_1.0_1.xes,142745,68,10000,14.2745,185,129,18315,945,0.0945,9.085191480851915,0.7796174025193452,42339.73146129206,0.6987036354097291,2882531.185785678,0.37489692620165116
RTFMS_2000_MIXED_0.1_4.xes,7458,12,2000,3.729,11,21,862,36,0.018,3.681159420289855,0.5971684254493816,42339.73146129206,0.6987036354097291,2882531.185785678,0.37489692620165116
RTFMS_100000_ABSENCE_1.0_5.xes,372119,11,100000,3.72119,17,17,24377,214,0.00214,3.6693033069669303,0.6021235886270642,42339.73146129206,0.6987036354097291,2882531.185785678,0.37489692620165116
RTFMS_40000_ORDERING_10.0_4.xes,148998,11,40000,3.72495,16,9,13105,286,0.00715,3.6725081872953176,0.627741845944926,42339.73146129206,0.6987036354097291,2882531.185785678,0.37489692620165116
BPIC2012_100000_ABSENCE_0.4_1.xes,1996492,24,100000,19.96492,175,35,114806,4573,0.04573,8.15429845701543,0.7546504890775845,42339.73146129206,0.6987036354097291,2882531.185785678,0.37489692620165116
Sepsis_2000_MIXED_0.1_3.xes,28385,16,2000,14.1925,185,29,4649,747,0.3735,9.060969515242379,0.7886922341057611,42339.73146129206,0.6987036354097291,2882531.185785678,0.37489692620165116
RTFMS_10000_MIXED_1.0_5.xes,37488,29,10000,3.7488,12,48,3361,132,0.0132,3.695130486951305,0.5941820593096725,42339.73146129206,0.6987036354097291,2882531.185785678,0.37489692620165116
BPIC2012_40000_MIXED_10.0_2.xes,799398,965,40000,19.98495,176,1207,54477,6791,0.169775,8.178995525111873,0.75201664236288,42339.73146129206,0.6987036354097291,2882531.185785678,0.37489692620165116
Sepsis_100000_MIXED_10.0_5.xes,1449848,2390,100000,14.49848,186,4199,132011,9478,0.09478,9.13980860191398,0.7806998181304359,42339.73146129206,0.6987036354097291,2882531.185785678,0.37489692620165116
BPIC2012_20000_SUBSTITUTION_0.2_5.xes,396166,50,20000,19.8083,175,64,28885,3543,0.17715,8.137093145342734,0.7518772049177408,42339.73146129206,0.6987036354097291,2882531.185785678,0.37489692620165116
Sepsis_10000_SUBSTITUTION_1.0_1.xes,142645,68,10000,14.2645,185,123,18332,946,0.0946,9.078192180781922,0.7796262385849089,42339.73146129206,0.6987036354097291,2882531.185785678,0.37489692620165116
Sepsis_100000_MIXED_2.0_5.xes,1449815,507,100000,14.49815,185,873,127841,2672,0.02672,9.142928570714293,0.7790983056512144,42339.73146129206,0.6987036354097291,2882531.185785678,0.37489692620165116
BPIC2012_40000_ABSENCE_0.1_2.xes,799399,24,40000,19.984975,175,30,52329,4194,0.10485,8.171395715107122,0.754509904033278,42339.73146129206,0.6987036354097291,2882531.185785678,0.37489692620165116
BPIC2012_2000_SUBSTITUTION_0.2_4.xes,38878,25,2000,19.439,159,30,4303,779,0.3895,8.079960019990004,0.7570370258838077,42339.73146129206,0.6987036354097291,2882531.185785678,0.37489692620165116
Sepsis_10000_ABSENCE_0.4_5.xes,142605,16,10000,14.2605,185,29,18255,884,0.0884,9.075792420757924,0.7879272525643091,42339.73146129206,0.6987036354097291,2882531.185785678,0.37489692620165116
RTFMS_100000_ORDERING_1.0_1.xes,373119,11,100000,3.73119,17,9,24785,271,0.00271,3.6791232087679124,0.6043482253978085,42339.73146129206,0.6987036354097291,2882531.185785678,0.37489692620165116
BPIC2012_40000_ABSENCE_1.0_5.xes,799039,24,40000,19.975975,175,37,52466,4384,0.1096,8.166120846978826,0.7544671147107492,42339.73146129206,0.6987036354097291,2882531.185785678,0.37489692620165116
BPIC2012_1000_ORDERING_10.0_1.xes,19595,24,1000,19.595,159,38,2546,459,0.459,8.098901098901099,0.7555254135270715,42339.73146129206,0.6987036354097291,2882531.185785678,0.37489692620165116
RTFMS_1000_ABSENCE_4.0_1.xes,3745,11,1000,3.745,10,21,514,37,0.037,3.6973026973026974,0.6001572855251466,42339.73146129206,0.6987036354097291,2882531.185785678,0.37489692620165116
BPIC2012_4000_MIXED_0.2_5.xes,79205,27,4000,19.80125,175,32,7648,1372,0.343,8.17820544863784,0.7556063485381881,42339.73146129206,0.6987036354097291,2882531.185785678,0.37489692620165116
BPIC2012_2000_ABSENCE_0.4_3.xes,38870,24,2000,19.435,159,26,4308,779,0.3895,8.07696151924038,0.7572633943408457,42339.73146129206,0.6987036354097291,2882531.185785678,0.37489692620165116
BPIC2012_4000_ABSENCE_0.2_5.xes,79195,24,4000,19.79875,175,26,7624,1369,0.34225,8.176705823544115,0.7563066673292018,42339.73146129206,0.6987036354097291,2882531.185785678,0.37489692620165116
RTFMS_20000_SUBSTITUTION_4.0_5.xes,74702,375,20000,3.7351,12,502,6460,568,0.0284,3.669816509174541,0.5993793921690047,42339.73146129206,0.6987036354097291,2882531.185785678,0.37489692620165116
BPIC2012_1000_ABSENCE_0.1_5.xes,19594,24,1000,19.594,159,29,2491,430,0.43,8.097902097902098,0.7548371081286611,42339.73146129206,0.6987036354097291,2882531.185785678,0.37489692620165116
Sepsis_2000_MIXED_0.2_3.xes,28383,16,2000,14.1915,185,29,4651,748,0.374,9.059970014992503,0.7886909405074534,42339.73146129206,0.6987036354097291,2882531.185785678,0.37489692620165116
BPIC2012_10000_MIXED_10.0_1.xes,198872,250,10000,19.8872,175,334,16803,3106,0.3106,8.188281171882812,0.7522648227170925,42339.73146129206,0.6987036354097291,2882531.185785678,0.37489692620165116
RTFMS_40000_SUBSTITUTION_0.1_1.xes,148998,29,40000,3.72495,16,49,10792,155,0.003875,3.6721331966700834,0.5934510276298879,42339.73146129206,0.6987036354097291,2882531.185785678,0.37489692620165116
RTFMS_1000_INSERTION_2.0_5.xes,3805,22,1000,3.805,10,38,514,44,0.044,3.7482517482517483,0.5958038685692325,42339.73146129206,0.6987036354097291,2882531.185785678,0.37489692620165116
RTFMS_1000_INSERTION_0.2_2.xes,3787,12,1000,3.787,10,19,500,28,0.028,3.7362637362637363,0.5981593539226648,42339.73146129206,0.6987036354097291,2882531.185785678,0.37489692620165116
RTFMS_40000_INSERTION_4.0_3.xes,150598,759,40000,3.76495,16,1136,11758,1072,0.0268,3.698807529811755,0.5996938515689825,42339.73146129206,0.6987036354097291,2882531.185785678,0.37489692620165116
Sepsis_40000_INSERTION_10.0_3.xes,583466,1849,40000,14.58665,186,3297,62051,4661,0.116525,9.19352016199595,0.780858253903883,42339.73146129206,0.6987036354097291,2882531.185785678,0.37489692620165116
Sepsis_2000_ORDERING_2.0_4.xes,28387,16,2000,14.1935,185,30,4686,777,0.3885,9.061969015492254,0.7892658433237887,42339.73146129206,0.6987036354097291,2882531.185785678,0.37489692620165116
Sepsis_4000_ABSENCE_2.0_2.xes,56928,16,4000,14.232,185,29,8424,898,0.2245,9.06823294176456,0.789152779604041,42339.73146129206,0.6987036354097291,2882531.185785678,0.37489692620165116
Sepsis_1000_SUBSTITUTION_1.0_4.xes,13900,21,1000,13.9,118,33,2573,545,0.545,9.03096903096903,0.7858428244420812,42339.73146129206,0.6987036354097291,2882531.185785678,0.37489692620165116
BPIC2012_1000_ORDERING_4.0_4.xes,19595,24,1000,19.595,159,34,2527,444,0.444,8.098901098901099,0.7551588137518956,42339.73146129206,0.6987036354097291,2882531.185785678,0.37489692620165116
BPIC2012_40000_SUBSTITUTION_4.0_2.xes,799439,885,40000,19.985975,175,1099,53279,5513,0.137825,8.180145496362591,0.7516330720647847,42339.73146129206,0.6987036354097291,2882531.185785678,0.37489692620165116
RTFMS_40000_MIXED_0.4_5.xes,148984,40,40000,3.7246,16,53,10864,210,0.00525,3.6713832154196147,0.593151582442415,42339.73146129206,0.6987036354097291,2882531.185785678,0.37489692620165116
BPIC2012_20000_INSERTION_10.0_5.xes,398166,932,20000,19.9083,175,1253,30053,5030,0.2515,8.2022398880056,0.7526680462901374,42339.73146129206,0.6987036354097291,2882531.185785678,0.37489692620165116
BPIC2012_2000_MIXED_1.0_2.xes,38869,28,2000,19.4345,159,39,4317,790,0.395,8.077961019490255,0.7564498779275226,42339.73146129206,0.6987036354097291,2882531.185785678,0.37489692620165116
BPIC2012_2000_ORDERING_0.2_3.xes,38878,24,2000,19.439,159,24,4300,779,0.3895,8.080459770114942,0.7573218269826103,42339.73146129206,0.6987036354097291,2882531.185785678,0.37489692620165116
BPIC2012_4000_SUBSTITUTION_2.0_4.xes,79203,62,4000,19.80075,175,86,7698,1415,0.35375,8.180204948762809,0.7535786585216353,42339.73146129206,0.6987036354097291,2882531.185785678,0.37489692620165116
Sepsis_100000_SUBSTITUTION_2.0_5.xes,1449819,1016,100000,14.49819,185,1717,127993,2794,0.02794,9.143558564414356,0.7792221207384207,42339.73146129206,0.6987036354097291,2882531.185785678,0.37489692620165116
BPIC2012_4000_MIXED_2.0_3.xes,79206,44,4000,19.8015,175,58,7672,1420,0.355,8.179455136215946,0.754014650948346,42339.73146129206,0.6987036354097291,2882531.185785678,0.37489692620165116
Sepsis_4000_SUBSTITUTION_1.0_5.xes,57008,30,4000,14.252,185,55,8444,867,0.21675,9.081729567608098,0.7828270229411362,42339.73146129206,0.6987036354097291,2882531.185785678,0.37489692620165116
BPIC2012_10000_ABSENCE_0.2_2.xes,198844,24,10000,19.8844,175,26,16252,2517,0.2517,8.178482151784822,0.7546312617038939,42339.73146129206,0.6987036354097291,2882531.185785678,0.37489692620165116
Sepsis_100000_ORDERING_0.1_4.xes,1449819,16,100000,14.49819,185,26,126900,936,0.00936,9.14379856201438,0.7877357720537418,42339.73146129206,0.6987036354097291,2882531.185785678,0.37489692620165116
RTFMS_2000_SUBSTITUTION_0.2_5.xes,7458,12,2000,3.729,11,22,873,37,0.0185,3.6806596701649177,0.5972628511566973,42339.73146129206,0.6987036354097291,2882531.185785678,0.37489692620165116
RTFMS_100000_INSERTION_0.4_2.xes,373519,204,100000,3.73519,17,309,24234,448,0.00448,3.6817231827681725,0.5923598415638833,42339.73146129206,0.6987036354097291,2882531.185785678,0.37489692620165116
BPIC2012_1000_ORDERING_1.0_3.xes,19595,24,1000,19.595,159,33,2495,436,0.436,8.098901098901099,0.7548975301507407,42339.73146129206,0.6987036354097291,2882531.185785678,0.37489692620165116
BPIC2012_40000_ORDERING_4.0_2.xes,799439,24,40000,19.985975,175,55,53467,4802,0.12005,8.17214569635759,0.7549268108765822,42339.73146129206,0.6987036354097291,2882531.185785678,0.37489692620165116
Sepsis_2000_MIXED_0.1_2.xes,28386,16,2000,14.193,185,29,4652,748,0.374,9.061969015492254,0.7887107827992694,42339.73146129206,0.6987036354097291,2882531.185785678,0.37489692620165116
RTFMS_100000_ORDERING_0.2_1.xes,373119,11,100000,3.73119,17,10,24153,220,0.0022,3.6791232087679124,0.6022814131765751,42339.73146129206,0.6987036354097291,2882531.185785678,0.37489692620165116
RTFMS_4000_INSERTION_0.1_1.xes,14919,12,4000,3.72975,12,25,1533,52,0.013,3.681329667583104,0.5977557434362943,42339.73146129206,0.6987036354097291,2882531.185785678,0.37489692620165116
BPIC2012_1000_SUBSTITUTION_0.1_4.xes,19595,24,1000,19.595,159,30,2493,431,0.431,8.097902097902098,0.7548537464856439,42339.73146129206,0.6987036354097291,2882531.185785678,0.37489692620165116
Sepsis_100000_INSERTION_1.0_5.xes,1450819,520,100000,14.50819,186,891,127476,1818,0.01818,9.15020849791502,0.7789489986559252,42339.73146129206,0.6987036354097291,2882531.185785678,0.37489692620165116
BPIC2012_40000_ORDERING_4.0_4.xes,799439,24,40000,19.985975,175,58,53494,4851,0.121275,8.17214569635759,0.7549339876014787,42339.73146129206,0.6987036354097291,2882531.185785678,0.37489692620165116
Sepsis_1000_ABSENCE_10.0_3.xes,13800,16,1000,13.8,118,25,2568,602,0.602,8.955044955044954,0.7899157593164263,42339.73146129206,0.6987036354097291,2882531.185785678,0.37489692620165116
Sepsis_40000.xes,579466,16,40000,14.48665,185,30,59518,846,0.02115,9.132046698832529,0.7874827849454255,42339.73146129206,0.6987036354097291,2882531.185785678,0.37489692620165116
BPIC2012_100000_ORDERING_0.1_1.xes,1996892,24,100000,19.96892,175,34,114714,4426,0.04426,8.156708432915671,0.7546714640685245,42339.73146129206,0.6987036354097291,2882531.185785678,0.37489692620165116
RTFMS_4000_ORDERING_0.1_3.xes,14915,11,4000,3.72875,12,25,1527,51,0.01275,3.6805798550362407,0.5995182007625395,42339.73146129206,0.6987036354097291,2882531.185785678,0.37489692620165116
BPIC2012_100000_ORDERING_4.0_2.xes,1996892,24,100000,19.96892,175,32,117450,5986,0.05986,8.156708432915671,0.7550881108210962,42339.73146129206,0.6987036354097291,2882531.185785678,0.37489692620165116
Sepsis_10000_ORDERING_4.0_1.xes,142645,16,10000,14.2645,185,26,18458,1195,0.1195,9.078692130786921,0.7888813919268217,42339.73146129206,0.6987036354097291,2882531.185785678,0.37489692620165116
BPIC2012_4000.xes,79203,24,4000,19.80075,175,26,7636,1365,0.34125,8.177955511122219,0.7563219273876529,42339.73146129206,0.6987036354097291,2882531.185785678,0.37489692620165116
RTFMS_4000_SUBSTITUTION_0.2_1.xes,14915,15,4000,3.72875,12,32,1528,56,0.014,3.6798300424893777,0.594996218802726,42339.73146129206,0.6987036354097291,2882531.185785678,0.37489692620165116
BPIC2012_2000_ABSENCE_0.2_1.xes,38874,24,2000,19.437,159,27,4297,779,0.3895,8.07896051974013,0.7573046289563178,42339.73146129206,0.6987036354097291,2882531.185785678,0.37489692620165116
RTFMS_20000_SUBSTITUTION_2.0_5.xes,74702,192,20000,3.7351,12,260,6211,347,0.01735,3.6763661816909154,0.5954920828530801,42339.73146129206,0.6987036354097291,2882531.185785678,0.37489692620165116
BPIC2012_20000_ABSENCE_0.4_4.xes,396086,24,20000,19.8043,175,29,28882,3552,0.1776,8.134043297835108,0.7545234460728713,42339.73146129206,0.6987036354097291,2882531.185785678,0.37489692620165116
Sepsis_10000_ABSENCE_1.0_1.xes,142545,16,10000,14.2545,185,29,18284,935,0.0935,9.071492850714929,0.7879307934524028,42339.73146129206,0.6987036354097291,2882531.185785678,0.37489692620165116
Sepsis_1000_SUBSTITUTION_0.2_1.xes,13900,17,1000,13.9,118,27,2557,542,0.542,9.032967032967033,0.7884958641859576,42339.73146129206,0.6987036354097291,2882531.185785678,0.37489692620165116
RTFMS_100000_ORDERING_0.4_4.xes,373119,11,100000,3.73119,17,8,24316,222,0.00222,3.6791232087679124,0.6027849928769995,42339.73146129206,0.6987036354097291,2882531.185785678,0.37489692620165116
RTFMS_2000_SUBSTITUTION_10.0_4.xes,7458,98,2000,3.729,11,144,978,169,0.0845,3.6486756621689156,0.6068811641916714,42339.73146129206,0.6987036354097291,2882531.185785678,0.37489692620165116
BPIC2012_10000_SUBSTITUTION_0.1_2.xes,198864,28,10000,19.8864,175,31,16225,2511,0.2511,8.17978202179782,0.7537117097694648,42339.73146129206,0.6987036354097291,2882531.185785678,0.37489692620165116
BPIC2012_20000_MIXED_0.4_1.xes,396160,43,20000,19.808,175,52,28945,3565,0.17825,8.136593170341483,0.7521565528600025,42339.73146129206,0.6987036354097291,2882531.185785678,0.37489692620165116
BPIC2012_4000_SUBSTITUTION_4.0_5.xes,79203,118,4000,19.80075,175,166,7745,1471,0.36775,8.1872031992002,0.753636025664221,42339.73146129206,0.6987036354097291,2882531.185785678,0.37489692620165116
Sepsis_40000_ABSENCE_4.0_4.xes,577866,16,40000,14.44665,185,32,59812,2048,0.0512,9.102647433814155,0.7876600343385836,42339.73146129206,0.6987036354097291,2882531.185785678,0.37489692620165116
BPIC2012_1000_INSERTION_10.0_5.xes,19695,68,1000,19.695,159,103,2544,487,0.487,8.162837162837162,0.7535254082637576,42339.73146129206,0.6987036354097291,2882531.185785678,0.37489692620165116
BPIC2012_20000_SUBSTITUTION_2.0_2.xes,396166,244,20000,19.8083,175,329,29146,3846,0.1923,8.140592970351483,0.7513754880252748,42339.73146129206,0.6987036354097291,2882531.185785678,0.37489692620165116
RTFMS_1000_INSERTION_0.2_5.xes,3787,12,1000,3.787,10,21,508,28,0.028,3.7362637362637363,0.5982849644818875,42339.73146129206,0.6987036354097291,2882531.185785678,0.37489692620165116
RTFMS_100000_ABSENCE_10.0_2.xes,363119,11,100000,3.63119,17,17,26776,276,0.00276,3.5811741882581174,0.6054516270738228,42339.73146129206,0.6987036354097291,2882531.185785678,0.37489692620165116
Sepsis_1000_INSERTION_4.0_2.xes,13940,36,1000,13.94,119,56,2578,571,0.571,9.054945054945055,0.7830300278565441,42339.73146129206,0.6987036354097291,2882531.185785678,0.37489692620165116
Sepsis_1000_ABSENCE_4.0_5.xes,13860,16,1000,13.86,118,24,2558,569,0.569,9.002997002997002,0.7897685452150409,42339.73146129206,0.6987036354097291,2882531.185785678,0.37489692620165116
RTFMS_2000_ORDERING_1.0_5.xes,7458,11,2000,3.729,11,17,886,42,0.021,3.6816591704147927,0.6006989477083904,42339.73146129206,0.6987036354097291,2882531.185785678,0.37489692620165116
RTFMS_100000_SUBSTITUTION_0.2_4.xes,373119,98,100000,3.73119,17,135,24089,307,0.00307,3.6784632153678465,0.59199955650615,42339.73146129206,0.6987036354097291,2882531.185785678,0.37489692620165116
BPIC2012_40000_INSERTION_1.0_3.xes,799839,194,40000,19.995975,175,296,52589,4520,0.113,8.178395540111497,0.7512128589630717,42339.73146129206,0.6987036354097291,2882531.185785678,0.37489692620165116
RTFMS_100000_INSERTION_1.0_5.xes,374119,480,100000,3.74119,17,706,24631,797,0.00797,3.6859431405685945,0.5935117312139303,42339.73146129206,0.6987036354097291,2882531.185785678,0.37489692620165116
BPIC2012_100000_INSERTION_0.1_5.xes,1996992,68,100000,19.96992,175,102,114745,4455,0.04455,8.157348426515735,0.7516039553403691,42339.73146129206,0.6987036354097291,2882531.185785678,0.37489692620165116
Sepsis_40000_ABSENCE_2.0_3.xes,578666,16,40000,14.46665,185,30,59686,1515,0.037875,9.1171220719482,0.7875912141093393,42339.73146129206,0.6987036354097291,2882531.185785678,0.37489692620165116
RTFMS_20000_SUBSTITUTION_2.0_2.xes,74702,219,20000,3.7351,12,297,6221,382,0.0191,3.677766111694415,0.5956640867693319,42339.73146129206,0.6987036354097291,2882531.185785678,0.37489692620165116
BPIC2012_4000_SUBSTITUTION_0.4_2.xes,79203,33,4000,19.80075,175,38,7630,1374,0.3435,8.17845538615346,0.7547081503849897,42339.73146129206,0.6987036354097291,2882531.185785678,0.37489692620165116
Sepsis_20000_ABSENCE_1.0_3.xes,288334,16,20000,14.4167,185,29,33194,1023,0.05115,9.113894305284736,0.7872973804671459,42339.73146129206,0.6987036354097291,2882531.185785678,0.37489692620165116
RTFMS_40000_ORDERING_4.0_5.xes,148998,11,40000,3.72495,16,11,11876,235,0.005875,3.6725081872953176,0.6122407934863721,42339.73146129206,0.6987036354097291,2882531.185785678,0.37489692620165116
RTFMS_10000_INSERTION_4.0_5.xes,37897,194,10000,3.7897,12,282,3545,333,0.0333,3.725127487251275,0.5990026771087469,42339.73146129206,0.6987036354097291,2882531.185785678,0.37489692620165116
RTFMS_1000_SUBSTITUTION_2.0_2.xes,3785,22,1000,3.785,10,39,515,45,0.045,3.728271728271728,0.5962219009364165,42339.73146129206,0.6987036354097291,2882531.185785678,0.37489692620165116
RTFMS_10000_ORDERING_1.0_2.xes,37497,11,10000,3.7497,12,20,3387,90,0.009,3.698130186981302,0.604161537770412,42339.73146129206,0.6987036354097291,2882531.185785678,0.37489692620165116
BPIC2012_40000_INSERTION_1.0_2.xes,799839,208,40000,19.995975,175,298,52571,4515,0.112875,8.178645533861653,0.751218582154646,42339.73146129206,0.6987036354097291,2882531.185785678,0.37489692620165116
RTFMS_4000_MIXED_1.0_3.xes,14910,19,4000,3.7275,12,35,1550,76,0.019,3.6783304173956513,0.5942884561652515,42339.73146129206,0.6987036354097291,2882531.185785678,0.37489692620165116
BPIC2012_10000_INSERTION_0.4_1.xes,198904,42,10000,19.8904,175,49,16285,2535,0.2535,8.182381761823818,0.7523401519196313,42339.73146129206,0.6987036354097291,2882531.185785678,0.37489692620165116
BPIC2012_10000_INSERTION_0.2_4.xes,198884,32,10000,19.8884,175,35,16254,2519,0.2519,8.180981901809819,0.7531330438923127,42339.73146129206,0.6987036354097291,2882531.185785678,0.37489692620165116
RTFMS_40000_ABSENCE_4.0_1.xes,147398,11,40000,3.68495,16,21,11351,172,0.0043,3.6332091697707556,0.6034002307853572,42339.73146129206,0.6987036354097291,2882531.185785678,0.37489692620165116
RTFMS_4000_ORDERING_2.0_4.xes,14915,11,4000,3.72875,12,18,1609,72,0.018,3.6805798550362407,0.6044952745665825,42339.73146129206,0.6987036354097291,2882531.185785678,0.37489692620165116
RTFMS_40000_ABSENCE_0.2_3.xes,148918,11,40000,3.72295,16,21,10801,136,0.0034,3.670508237294068,0.6021200862761564,42339.73146129206,0.6987036354097291,2882531.185785678,0.37489692620165116
BPIC2012_100000_ORDERING_0.2_2.xes,1996892,24,100000,19.96892,175,37,114849,4459,0.04459,8.156708432915671,0.7546889856791673,42339.73146129206,0.6987036354097291,2882531.185785678,0.37489692620165116
BPIC2012_1000_ABSENCE_4.0_2.xes,19555,24,1000,19.555,159,31,2493,443,0.443,8.06893106893107,0.7546662992453261,42339.73146129206,0.6987036354097291,2882531.185785678,0.37489692620165116
RTFMS_40000_INSERTION_0.2_4.xes,149078,46,40000,3.72695,16,73,10808,183,0.004575,3.673858153546161,0.5927814391888906,42339.73146129206,0.6987036354097291,2882531.185785678,0.37489692620165116
RTFMS_10000_MIXED_0.1_4.xes,37496,14,10000,3.7496,12,27,3297,77,0.0077,3.697930206979302,0.597677835933631,42339.73146129206,0.6987036354097291,2882531.185785678,0.37489692620165116
Sepsis_10000_INSERTION_10.0_2.xes,143645,488,10000,14.3645,185,866,18891,1825,0.1825,9.138886111388862,0.7812624767576626,42339.73146129206,0.6987036354097291,2882531.185785678,0.37489692620165116
RTFMS_40000_SUBSTITUTION_10.0_2.xes,148998,1934,40000,3.72495,16,2627,13012,2339,0.058475,3.6422339441513962,0.6110567782870993,42339.73146129206,0.6987036354097291,2882531.185785678,0.37489692620165116
BPIC2012_40000_INSERTION_0.4_5.xes,799599,97,40000,19.989975,175,148,52454,4313,0.107825,8.174920626984326,0.7512876412966849,42339.73146129206,0.6987036354097291,2882531.185785678,0.37489692620165116
Sepsis_100000_ORDERING_1.0_1.xes,1449819,16,100000,14.49819,185,19,127420,1697,0.01697,9.14379856201438,0.7879609653488016,42339.73146129206,0.6987036354097291,2882531.185785678,0.37489692620165116
RTFMS_2000_SUBSTITUTION_4.0_4.xes,7458,44,2000,3.729,11,66,914,89,0.0445,3.665167416291854,0.5960064560126419,42339.73146129206,0.6987036354097291,2882531.185785678,0.37489692620165116
BPIC2012_40000_MIXED_1.0_1.xes,799430,114,40000,19.98575,175,143,52598,4452,0.1113,8.172945676358092,0.7512694756713348,42339.73146129206,0.6987036354097291,2882531.185785678,0.37489692620165116
BPIC2012_20000_MIXED_2.0_5.xes,396183,126,20000,19.80915,175,195,29109,3790,0.1895,8.138343082845857,0.7513891935642557,42339.73146129206,0.6987036354097291,2882531.185785678,0.37489692620165116
RTFMS_40000_SUBSTITUTION_0.4_1.xes,148998,89,40000,3.72495,16,132,10854,234,0.00585,3.6710582235444114,0.5927184363770551,42339.73146129206,0.6987036354097291,2882531.185785678,0.37489692620165116
Sepsis_40000_MIXED_0.1_3.xes,579464,25,40000,14.4866,185,41,59621,885,0.022125,9.131846703832403,0.7821424319376276,42339.73146129206,0.6987036354097291,2882531.185785678,0.37489692620165116
Sepsis_4000_SUBSTITUTION_0.2_5.xes,57008,20,4000,14.252,185,36,8392,835,0.20875,9.083979005248688,0.7858506560823002,42339.73146129206,0.6987036354097291,2882531.185785678,0.37489692620165116
BPIC2012_100000_ABSENCE_0.1_5.xes,1996792,24,100000,19.96792,175,32,114688,4427,0.04427,8.156168438315618,0.7546587493975463,42339.73146129206,0.6987036354097291,2882531.185785678,0.37489692620165116
Sepsis_40000_SUBSTITUTION_2.0_4.xes,579466,381,40000,14.48665,185,646,60106,1628,0.0407,9.130571735706607,0.7790021639809461,42339.73146129206,0.6987036354097291,2882531.185785678,0.37489692620165116
RTFMS_1000_INSERTION_4.0_4.xes,3825,28,1000,3.825,11,49,533,56,0.056,3.762237762237762,0.5989860714406656,42339.73146129206,0.6987036354097291,2882531.185785678,0.37489692620165116
Sepsis_40000_ABSENCE_0.4_4.xes,579306,16,40000,14.48265,185,30,59626,997,0.024925,9.1291217719557,0.7875015347577514,42339.73146129206,0.6987036354097291,2882531.185785678,0.37489692620165116
BPIC2012_2000_SUBSTITUTION_1.0_3.xes,38878,35,2000,19.439,159,44,4315,788,0.394,8.081959020489755,0.7556052373294994,42339.73146129206,0.6987036354097291,2882531.185785678,0.37489692620165116
BPIC2012_1000_INSERTION_0.1_2.xes,19596,25,1000,19.596,159,30,2494,431,0.431,8.0999000999001,0.7545749872387266,42339.73146129206,0.6987036354097291,2882531.185785678,0.37489692620165116
RTFMS_40000_INSERTION_1.0_5.xes,149398,194,40000,3.73495,16,281,11032,387,0.009675,3.679258018549536,0.5937841198130833,42339.73146129206,0.6987036354097291,2882531.185785678,0.37489692620165116
Sepsis_10000_ORDERING_1.0_4.xes,142645,16,10000,14.2645,185,26,18333,936,0.0936,9.078692130786921,0.7881856443461366,42339.73146129206,0.6987036354097291,2882531.185785678,0.37489692620165116
RTFMS_10000_ORDERING_0.2_4.xes,37497,11,10000,3.7497,12,21,3309,79,0.0079,3.698130186981302,0.602078402172867,42339.73146129206,0.6987036354097291,2882531.185785678,0.37489692620165116
Sepsis_1000_SUBSTITUTION_0.2_4.xes,13900,18,1000,13.9,118,29,2556,542,0.542,9.031968031968033,0.7875526146871085,42339.73146129206,0.6987036354097291,2882531.185785678,0.37489692620165116
Sepsis_40000_INSERTION_0.4_5.xes,579626,95,40000,14.49065,185,176,59656,1005,0.025125,9.13444663883403,0.7788289824673739,42339.73146129206,0.6987036354097291,2882531.185785678,0.37489692620165116
Sepsis_40000_ORDERING_0.4_5.xes,579466,16,40000,14.48665,185,26,59682,988,0.0247,9.132046698832529,0.7875707329945277,42339.73146129206,0.6987036354097291,2882531.185785678,0.37489692620165116
RTFMS_1000_ABSENCE_10.0_2.xes,3685,11,1000,3.685,10,22,533,47,0.047,3.6373626373626373,0.604387810452709,42339.73146129206,0.6987036354097291,2882531.185785678,0.37489692620165116
RTFMS_40000.xes,148998,11,40000,3.72495,16,18,10738,121,0.003025,3.6725081872953176,0.6020377979825295,42339.73146129206,0.6987036354097291,2882531.185785678,0.37489692620165116
BPIC2012_20000_INSERTION_0.2_5.xes,396206,39,20000,19.8103,175,50,28882,3547,0.17735,8.137743112844358,0.7523933070872898,42339.73146129206,0.6987036354097291,2882531.185785678,0.37489692620165116
BPIC2012_40000_INSERTION_0.1_3.xes,799479,41,40000,19.986975,175,58,52354,4203,0.105075,8.172770680732981,0.7522145207555542,42339.73146129206,0.6987036354097291,2882531.185785678,0.37489692620165116
RTFMS_40000_MIXED_0.1_2.xes,149002,21,40000,3.72505,16,34,10764,152,0.0038,3.6723831904202395,0.5947543306677956,42339.73146129206,0.6987036354097291,2882531.185785678,0.37489692620165116
Sepsis_4000_SUBSTITUTION_1.0_3.xes,57008,37,4000,14.252,185,70,8438,866,0.2165,9.083479130217446,0.7819598382380408,42339.73146129206,0.6987036354097291,2882531.185785678,0.37489692620165116
BPIC2012_40000_ORDERING_10.0_4.xes,799439,24,40000,19.985975,175,47,54942,5732,0.1433,8.17214569635759,0.7555729350101876,42339.73146129206,0.6987036354097291,2882531.185785678,0.37489692620165116
RTFMS_20000_ORDERING_4.0_5.xes,74702,11,20000,3.7351,12,15,6537,175,0.00875,3.6831658417079147,0.6119341156282241,42339.73146129206,0.6987036354097291,2882531.185785678,0.37489692620165116
Sepsis_4000_ABSENCE_0.2_5.xes,57000,16,4000,14.25,185,30,8431,834,0.2085,9.082479380154961,0.7891177175729269,42339.73146129206,0.6987036354097291,2882531.185785678,0.37489692620165116
RTFMS_10000_SUBSTITUTION_10.0_5.xes,37497,465,10000,3.7497,12,636,3876,652,0.0652,3.6655334466553344,0.6105820668628885,42339.73146129206,0.6987036354097291,2882531.185785678,0.37489692620165116
BPIC2012_2000_ORDERING_10.0_3.xes,38878,24,2000,19.439,159,39,4429,829,0.4145,8.080459770114942,0.7582516041345914,42339.73146129206,0.6987036354097291,2882531.185785678,0.37489692620165116
Sepsis_100000_MIXED_0.4_5.xes,1449801,107,100000,14.49801,185,196,126889,1222,0.01222,9.14348856511435,0.7789702002161227,42339.73146129206,0.6987036354097291,2882531.185785678,0.37489692620165116
Sepsis_40000_MIXED_0.1_4.xes,579465,26,40000,14.486625,185,46,59623,885,0.022125,9.132021699457514,0.7818685700557708,42339.73146129206,0.6987036354097291,2882531.185785678,0.37489692620165116
RTFMS_10000_INSERTION_1.0_1.xes,37597,52,10000,3.7597,12,81,3371,151,0.0151,3.705029497050295,0.5937479136999058,42339.73146129206,0.6987036354097291,2882531.185785678,0.37489692620165116
Sepsis_100000_MIXED_0.1_1.xes,1449832,42,100000,14.49832,185,75,126725,943,0.00943,9.143848561514385,0.780005914790701,42339.73146129206,0.6987036354097291,2882531.185785678,0.37489692620165116
BPIC2012_1000_MIXED_2.0_5.xes,19600,30,1000,19.6,159,39,2489,442,0.442,8.101898101898103,0.7538269791325015,42339.73146129206,0.6987036354097291,2882531.185785678,0.37489692620165116
BPIC2012_1000_SUBSTITUTION_0.1_3.xes,19595,24,1000,19.595,159,30,2492,430,0.43,8.097902097902098,0.7548408287899012,42339.73146129206,0.6987036354097291,2882531.185785678,0.37489692620165116
BPIC2012_100000_MIXED_4.0_4.xes,1996928,1027,100000,19.96928,175,1310,116984,7050,0.0705,8.160228397716024,0.7515664611775414,42339.73146129206,0.6987036354097291,2882531.185785678,0.37489692620165116
Sepsis_100000_MIXED_10.0_3.xes,1449791,2344,100000,14.49791,186,4054,131969,9475,0.09475,9.139048609513905,0.780660973634753,42339.73146129206,0.6987036354097291,2882531.185785678,0.37489692620165116
BPIC2012_2000_ORDERING_0.1_2.xes,38878,24,2000,19.439,159,26,4306,777,0.3885,8.080459770114942,0.7573130766628717,42339.73146129206,0.6987036354097291,2882531.185785678,0.37489692620165116
RTFMS_20000_SUBSTITUTION_0.1_4.xes,74702,22,20000,3.7351,12,36,5960,111,0.00555,3.682865856707165,0.5943605611786003,42339.73146129206,0.6987036354097291,2882531.185785678,0.37489692620165116
BPIC2012_10000_INSERTION_0.4_3.xes,198904,41,10000,19.8904,175,55,16280,2538,0.2538,8.182381761823818,0.7523842065652657,42339.73146129206,0.6987036354097291,2882531.185785678,0.37489692620165116
RTFMS_2000_INSERTION_2.0_3.xes,7498,30,2000,3.749,11,49,889,67,0.0335,3.6956521739130435,0.5939357128675609,42339.73146129206,0.6987036354097291,2882531.185785678,0.37489692620165116
Sepsis_20000_INSERTION_1.0_2.xes,288734,104,20000,14.4367,185,187,33256,1046,0.0523,9.127193640317984,0.7786949774504276,42339.73146129206,0.6987036354097291,2882531.185785678,0.37489692620165116
BPIC2012_2000_ORDERING_0.2_4.xes,38878,24,2000,19.439,159,27,4294,776,0.388,8.080459770114942,0.7573301594709209,42339.73146129206,0.6987036354097291,2882531.185785678,0.37489692620165116
BPIC2012_4000_ABSENCE_0.4_2.xes,79187,24,4000,19.79675,175,26,7637,1375,0.34375,8.175206198450388,0.7562921601762017,42339.73146129206,0.6987036354097291,2882531.185785678,0.37489692620165116
BPIC2012_2000_ORDERING_4.0_1.xes,38878,24,2000,19.439,159,34,4358,804,0.402,8.080459770114942,0.7575879261839008,42339.73146129206,0.6987036354097291,2882531.185785678,0.37489692620165116
RTFMS_10000_INSERTION_10.0_1.xes,38497,463,10000,3.8497,12,691,3902,682,0.0682,3.765223477652235,0.6105757550444344,42339.73146129206,0.6987036354097291,2882531.185785678,0.37489692620165116
RTFMS_1000_ORDERING_4.0_4.xes,3785,11,1000,3.785,10,17,535,44,0.044,3.7352647352647352,0.6099903892372747,42339.73146129206,0.6987036354097291,2882531.185785678,0.37489692620165116
BPIC2012_10000_MIXED_10.0_5.xes,198881,275,10000,19.8881,175,404,16822,3096,0.3096,8.186781321867814,0.7522380467693697,42339.73146129206,0.6987036354097291,2882531.185785678,0.37489692620165116
Sepsis_100000_ABSENCE_1.0_1.xes,1448819,16,100000,14.48819,185,31,126838,1648,0.01648,9.136248637513624,0.7877524324329725,42339.73146129206,0.6987036354097291,2882531.185785678,0.37489692620165116
RTFMS_2000_INSERTION_0.4_5.xes,7466,15,2000,3.733,11,28,873,42,0.021,3.684657671164418,0.5947667609091736,42339.73146129206,0.6987036354097291,2882531.185785678,0.37489692620165116
Sepsis_1000_SUBSTITUTION_2.0_2.xes,13900,26,1000,13.9,118,47,2576,554,0.554,9.026973026973026,0.7842588256328229,42339.73146129206,0.6987036354097291,2882531.185785678,0.37489692620165116
RTFMS_100000_SUBSTITUTION_10.0_3.xes,373119,4646,100000,3.73119,17,6262,29456,5306,0.05306,3.6487635123648765,0.6108798264295459,42339.73146129206,0.6987036354097291,2882531.185785678,0.37489692620165116
BPIC2012_2000_INSERTION_2.0_3.xes,38918,41,2000,19.459,159,55,4332,805,0.4025,8.09295352323838,0.7552406209014388,42339.73146129206,0.6987036354097291,2882531.185785678,0.37489692620165116
RTFMS_4000_ORDERING_0.4_3.xes,14915,11,4000,3.72875,12,22,1540,58,0.0145,3.6805798550362407,0.600376950757002,42339.73146129206,0.6987036354097291,2882531.185785678,0.37489692620165116
Sepsis_20000_SUBSTITUTION_10.0_1.xes,288534,978,20000,14.4267,185,1679,34253,2774,0.1387,9.116444177791111,0.7807788184413464,42339.73146129206,0.6987036354097291,2882531.185785678,0.37489692620165116
Sepsis_2000_SUBSTITUTION_0.2_1.xes,28387,19,2000,14.1935,185,34,4645,750,0.375,9.062468765617192,0.7861255202954358,42339.73146129206,0.6987036354097291,2882531.185785678,0.37489692620165116
Sepsis_100000_SUBSTITUTION_10.0_5.xes,1449819,4724,100000,14.49819,185,8044,132486,10182,0.10182,9.141978580214198,0.7812715468046579,42339.73146129206,0.6987036354097291,2882531.185785678,0.37489692620165116
BPIC2012_2000_ABSENCE_4.0_5.xes,38798,24,2000,19.399,159,29,4311,804,0.402,8.05897051474263,0.7570499247302621,42339.73146129206,0.6987036354097291,2882531.185785678,0.37489692620165116
BPIC2012_40000_SUBSTITUTION_1.0_3.xes,799439,222,40000,19.985975,175,311,52573,4525,0.113125,8.174295642608934,0.7512000892608306,42339.73146129206,0.6987036354097291,2882531.185785678,0.37489692620165116
RTFMS_1000_SUBSTITUTION_0.2_2.xes,3785,13,1000,3.785,10,23,503,28,0.028,3.7352647352647352,0.5972679550119606,42339.73146129206,0.6987036354097291,2882531.185785678,0.37489692620165116
BPIC2012_10000_ORDERING_4.0_3.xes,198864,24,10000,19.8864,175,43,16564,2645,0.2645,8.17988201179882,0.7550339170651585,42339.73146129206,0.6987036354097291,2882531.185785678,0.37489692620165116
RTFMS_100000_ABSENCE_0.2_1.xes,372919,11,100000,3.72919,17,17,24043,191,0.00191,3.6771632283677165,0.6018374737510143,42339.73146129206,0.6987036354097291,2882531.185785678,0.37489692620165116
BPIC2012_100000_INSERTION_0.4_4.xes,1997292,239,100000,19.97292,175,374,114930,4728,0.04728,8.159548404515954,0.7512515986202901,42339.73146129206,0.6987036354097291,2882531.185785678,0.37489692620165116
BPIC2012_100000_SUBSTITUTION_4.0_1.xes,1996892,2078,100000,19.96892,175,2537,117142,7680,0.0768,8.164818351816482,0.7517865162176675,42339.73146129206,0.6987036354097291,2882531.185785678,0.37489692620165116
Sepsis_40000_ORDERING_0.1_1.xes,579466,16,40000,14.48665,185,27,59610,886,0.02215,9.132046698832529,0.7875054779651218,42339.73146129206,0.6987036354097291,2882531.185785678,0.37489692620165116
Sepsis_40000_ABSENCE_2.0_4.xes,578666,16,40000,14.46665,185,32,59718,1501,0.037525,9.117672058198545,0.7875674559951766,42339.73146129206,0.6987036354097291,2882531.185785678,0.37489692620165116
BPIC2012_100000_ABSENCE_2.0_1.xes,1994892,24,100000,19.94892,175,39,115371,5295,0.05295,8.14490855091449,0.7545984137197492,42339.73146129206,0.6987036354097291,2882531.185785678,0.37489692620165116
Sepsis_1000_MIXED_2.0_5.xes,13905,19,1000,13.905,118,32,2582,552,0.552,9.03096903096903,0.7870283188406629,42339.73146129206,0.6987036354097291,2882531.185785678,0.37489692620165116
BPIC2012_100000_INSERTION_4.0_2.xes,2000892,1858,100000,20.00892,175,2454,117158,7605,0.07605,8.183358166418335,0.7518079698855955,42339.73146129206,0.6987036354097291,2882531.185785678,0.37489692620165116
Sepsis_4000_INSERTION_1.0_5.xes,57048,40,4000,14.262,185,76,8436,866,0.2165,9.090977255686079,0.7817396512205663,42339.73146129206,0.6987036354097291,2882531.185785678,0.37489692620165116
RTFMS_10000_ABSENCE_10.0_2.xes,36497,11,10000,3.6497,12,26,3602,108,0.0108,3.6005399460053993,0.6051835121396414,42339.73146129206,0.6987036354097291,2882531.185785678,0.37489692620165116
RTFMS_40000_ABSENCE_10.0_3.xes,144998,11,40000,3.62495,15,21,11943,200,0.005,3.574360640983975,0.605658141074598,42339.73146129206,0.6987036354097291,2882531.185785678,0.37489692620165116
Sepsis_10000_ORDERING_4.0_4.xes,142645,16,10000,14.2645,185,23,18475,1198,0.1198,9.078692130786921,0.7889810229880962,42339.73146129206,0.6987036354097291,2882531.185785678,0.37489692620165116
BPIC2012_1000_INSERTION_1.0_5.xes,19605,28,1000,19.605,159,34,2487,439,0.439,8.104895104895105,0.7541011379199709,42339.73146129206,0.6987036354097291,2882531.185785678,0.37489692620165116
Sepsis_4000_ABSENCE_10.0_3.xes,56608,16,4000,14.152,185,30,8466,1170,0.2925,9.00924768807798,0.7896624400180877,42339.73146129206,0.6987036354097291,2882531.185785678,0.37489692620165116
Sepsis_2000_INSERTION_4.0_1.xes,28467,60,2000,14.2335,185,114,4695,815,0.4075,9.08895552223888,0.7812895128845382,42339.73146129206,0.6987036354097291,2882531.185785678,0.37489692620165116
Sepsis_40000_MIXED_0.2_5.xes,579469,33,40000,14.486725,185,62,59550,919,0.022975,9.13187170320742,0.7805976383234322,42339.73146129206,0.6987036354097291,2882531.185785678,0.37489692620165116
RTFMS_10000_ABSENCE_10.0_4.xes,36497,11,10000,3.6497,12,28,3612,111,0.0111,3.5996400359964005,0.6060012325532123,42339.73146129206,0.6987036354097291,2882531.185785678,0.37489692620165116
RTFMS_1000_ABSENCE_0.1_4.xes,3784,11,1000,3.784,10,20,500,27,0.027,3.734265734265734,0.5996901411352222,42339.73146129206,0.6987036354097291,2882531.185785678,0.37489692620165116
BPIC2012_20000_MIXED_4.0_3.xes,396143,218,20000,19.80715,175,304,29339,4056,0.2028,8.139543022848857,0.7514596407466332,42339.73146129206,0.6987036354097291,2882531.185785678,0.37489692620165116
BPIC2012_4000_ORDERING_4.0_5.xes,79203,24,4000,19.80075,175,32,7761,1412,0.353,8.177955511122219,0.7566468946483034,42339.73146129206,0.6987036354097291,2882531.185785678,0.37489692620165116
Sepsis_20000_ORDERING_2.0_4.xes,288534,16,20000,14.4267,185,23,33367,1198,0.0599,9.12134393280336,0.7877737303417574,42339.73146129206,0.6987036354097291,2882531.185785678,0.37489692620165116
RTFMS_40000_ORDERING_0.4_5.xes,148998,11,40000,3.72495,16,12,10893,153,0.003825,3.6725081872953176,0.6030502859197989,42339.73146129206,0.6987036354097291,2882531.185785678,0.37489692620165116
BPIC2012_4000_SUBSTITUTION_0.2_1.xes,79203,27,4000,19.80075,175,28,7611,1369,0.34225,8.177955511122219,0.7556174820924988,42339.73146129206,0.6987036354097291,2882531.185785678,0.37489692620165116
Sepsis_100000_SUBSTITUTION_0.2_4.xes,1449819,110,100000,14.49819,185,189,126794,1043,0.01043,9.143758562414376,0.7789369122726792,42339.73146129206,0.6987036354097291,2882531.185785678,0.37489692620165116
RTFMS_10000_INSERTION_0.4_5.xes,37537,36,10000,3.7537,12,59,3316,103,0.0103,3.700929907009299,0.5930550859718126,42339.73146129206,0.6987036354097291,2882531.185785678,0.37489692620165116
BPIC2012_40000_ORDERING_10.0_2.xes,799439,24,40000,19.985975,175,32,54887,5724,0.1431,8.17214569635759,0.7555612100159167,42339.73146129206,0.6987036354097291,2882531.185785678,0.37489692620165116
Sepsis_2000_MIXED_4.0_5.xes,28390,33,2000,14.195,185,62,4689,806,0.403,9.058470764617692,0.7823997229665427,42339.73146129206,0.6987036354097291,2882531.185785678,0.37489692620165116
RTFMS_10000_MIXED_2.0_4.xes,37492,51,10000,3.7492,12,86,3425,174,0.0174,3.693930606939306,0.5951569614799808,42339.73146129206,0.6987036354097291,2882531.185785678,0.37489692620165116
BPIC2012_1000_MIXED_0.2_5.xes,19596,25,1000,19.596,159,31,2493,431,0.431,8.0999000999001,0.7545760241120288,42339.73146129206,0.6987036354097291,2882531.185785678,0.37489692620165116
Sepsis_40000_MIXED_4.0_5.xes,579472,412,40000,14.4868,185,703,60369,2318,0.05795,9.130221744456389,0.779277843084474,42339.73146129206,0.6987036354097291,2882531.185785678,0.37489692620165116
RTFMS_1000_MIXED_10.0_4.xes,3773,31,1000,3.773,10,52,553,81,0.081,3.7062937062937062,0.6043551235592328,42339.73146129206,0.6987036354097291,2882531.185785678,0.37489692620165116
BPIC2012_100000_ABSENCE_10.0_2.xes,1986892,24,100000,19.86892,175,41,117575,8382,0.08382,8.099249007509925,0.75434477891182,42339.73146129206,0.6987036354097291,2882531.185785678,0.37489692620165116
BPIC2012_100000.xes,1996892,24,100000,19.96892,175,28,114617,4365,0.04365,8.156708432915671,0.7546647493989016,42339.73146129206,0.6987036354097291,2882531.185785678,0.37489692620165116
RTFMS_100000_ABSENCE_0.4_3.xes,372719,11,100000,3.72719,17,17,24146,203,0.00203,3.675193248067519,0.6018897458706562,42339.73146129206,0.6987036354097291,2882531.185785678,0.37489692620165116
Sepsis_20000_INSERTION_2.0_5.xes,288934,225,20000,14.4467,185,403,33442,1240,0.062,9.133993300334984,0.7787819293119654,42339.73146129206,0.6987036354097291,2882531.185785678,0.37489692620165116
Sepsis_40000_SUBSTITUTION_0.2_4.xes,579466,51,40000,14.48665,185,87,59653,926,0.02315,9.131821704457389,0.779407246243066,42339.73146129206,0.6987036354097291,2882531.185785678,0.37489692620165116
RTFMS_20000_INSERTION_0.1_3.xes,74722,20,20000,3.7361,12,37,5955,108,0.0054,3.6838658067096643,0.5949317464808677,42339.73146129206,0.6987036354097291,2882531.185785678,0.37489692620165116
RTFMS_100000_ORDERING_1.0_2.xes,373119,11,100000,3.73119,17,8,24791,261,0.00261,3.6791232087679124,0.6044270480017501,42339.73146129206,0.6987036354097291,2882531.185785678,0.37489692620165116
RTFMS_40000_SUBSTITUTION_1.0_5.xes,148998,192,40000,3.72495,16,257,11031,376,0.0094,3.6691082722931925,0.5937400429791111,42339.73146129206,0.6987036354097291,2882531.185785678,0.37489692620165116
RTFMS_20000_SUBSTITUTION_10.0_2.xes,74702,1000,20000,3.7351,12,1338,7070,1266,0.0633,3.6533673316334183,0.6107730595495197,42339.73146129206,0.6987036354097291,2882531.185785678,0.37489692620165116
Sepsis_2000_INSERTION_0.1_3.xes,28389,18,2000,14.1945,185,33,4659,747,0.3735,9.06296851574213,0.786790357335823,42339.73146129206,0.6987036354097291,2882531.185785678,0.37489692620165116
RTFMS_40000_MIXED_1.0_3.xes,148971,103,40000,3.724275,16,144,11037,311,0.007775,3.670633234169146,0.5936515975470453,42339.73146129206,0.6987036354097291,2882531.185785678,0.37489692620165116
Sepsis_100000_SUBSTITUTION_4.0_2.xes,1449819,1867,100000,14.49819,185,3258,129137,4673,0.04673,9.142728572714272,0.7797192363676084,42339.73146129206,0.6987036354097291,2882531.185785678,0.37489692620165116
BPIC2012_100000_ABSENCE_0.4_5.xes,1996492,24,100000,19.96492,175,37,114776,4588,0.04588,8.15429845701543,0.7546459726792003,42339.73146129206,0.6987036354097291,2882531.185785678,0.37489692620165116
Sepsis_4000_MIXED_1.0_3.xes,57006,25,4000,14.2515,185,41,8426,866,0.2165,9.08197950512372,0.7838989680925694,42339.73146129206,0.6987036354097291,2882531.185785678,0.37489692620165116
Sepsis_20000_ORDERING_1.0_1.xes,288534,16,20000,14.4267,185,31,33213,1028,0.0514,9.12134393280336,0.7874794560384492,42339.73146129206,0.6987036354097291,2882531.185785678,0.37489692620165116
RTFMS_2000_INSERTION_1.0_5.xes,7478,22,2000,3.739,11,37,873,52,0.026,3.6881559220389803,0.5929382844643125,42339.73146129206,0.6987036354097291,2882531.185785678,0.37489692620165116
RTFMS_1000_INSERTION_0.4_3.xes,3789,13,1000,3.789,10,22,506,30,0.03,3.7372627372627374,0.5973417307710984,42339.73146129206,0.6987036354097291,2882531.185785678,0.37489692620165116
RTFMS_10000_MIXED_10.0_4.xes,37518,233,10000,3.7518,12,325,3883,485,0.0485,3.6827317268273174,0.6080077239252683,42339.73146129206,0.6987036354097291,2882531.185785678,0.37489692620165116
BPIC2012_4000_ABSENCE_10.0_3.xes,78803,24,4000,19.70075,175,35,7729,1468,0.367,8.115971007248188,0.7561108591354134,42339.73146129206,0.6987036354097291,2882531.185785678,0.37489692620165116
RTFMS_4000_SUBSTITUTION_0.2_4.xes,14915,16,4000,3.72875,12,29,1534,56,0.014,3.6800799800049986,0.594094971410686,42339.73146129206,0.6987036354097291,2882531.185785678,0.37489692620165116
RTFMS_40000_MIXED_0.2_4.xes,148985,28,40000,3.724625,16,48,10827,168,0.0042,3.671883202919927,0.5936487734879958,42339.73146129206,0.6987036354097291,2882531.185785678,0.37489692620165116
BPIC2012_20000_MIXED_0.1_3.xes,396169,31,20000,19.80845,175,39,28895,3527,0.17635,8.136693165341732,0.7531348232594595,42339.73146129206,0.6987036354097291,2882531.185785678,0.37489692620165116
BPIC2012_10000_INSERTION_1.0_2.xes,198964,70,10000,19.8964,175,96,16325,2584,0.2584,8.185881411858814,0.7516868529320618,42339.73146129206,0.6987036354097291,2882531.185785678,0.37489692620165116
BPIC2012_100000_SUBSTITUTION_0.2_2.xes,1996892,131,100000,19.96892,175,171,114822,4550,0.0455,8.157048429515704,0.7512969107297403,42339.73146129206,0.6987036354097291,2882531.185785678,0.37489692620165116
BPIC2012_40000_MIXED_0.2_1.xes,799433,43,40000,19.985825,175,52,52378,4229,0.105725,8.172195695107622,0.7521100743698065,42339.73146129206,0.6987036354097291,2882531.185785678,0.37489692620165116
Sepsis_4000_ABSENCE_1.0_3.xes,56968,16,4000,14.242,185,30,8410,862,0.2155,9.076230942264434,0.7891433969842245,42339.73146129206,0.6987036354097291,2882531.185785678,0.37489692620165116
Sepsis_20000_MIXED_2.0_4.xes,288530,113,20000,14.4265,185,193,33363,1225,0.06125,9.120293985300735,0.7788510938876556,42339.73146129206,0.6987036354097291,2882531.185785678,0.37489692620165116
BPIC2012_10000_SUBSTITUTION_1.0_4.xes,198864,75,10000,19.8864,175,104,16308,2585,0.2585,8.180981901809819,0.751631838315982,42339.73146129206,0.6987036354097291,2882531.185785678,0.37489692620165116
RTFMS_100000_SUBSTITUTION_1.0_4.xes,373119,479,100000,3.73119,17,662,24628,772,0.00772,3.6761032389676105,0.5934621010955132,42339.73146129206,0.6987036354097291,2882531.185785678,0.37489692620165116
RTFMS_1000_MIXED_0.1_1.xes,3784,11,1000,3.784,10,20,500,27,0.027,3.734265734265734,0.5997542847047588,42339.73146129206,0.6987036354097291,2882531.185785678,0.37489692620165116
Sepsis_4000_ORDERING_0.1_3.xes,57008,16,4000,14.252,185,29,8431,830,0.2075,9.083979005248688,0.7891356066036597,42339.73146129206,0.6987036354097291,2882531.185785678,0.37489692620165116
Sepsis_4000_ORDERING_4.0_1.xes,57008,16,4000,14.252,185,30,8499,970,0.2425,9.083979005248688,0.7901541172657047,42339.73146129206,0.6987036354097291,2882531.185785678,0.37489692620165116
Sepsis_1000_SUBSTITUTION_0.1_2.xes,13900,17,1000,13.9,118,27,2564,541,0.541,9.031968031968033,0.788431804840332,42339.73146129206,0.6987036354097291,2882531.185785678,0.37489692620165116
Sepsis_40000_INSERTION_0.2_4.xes,579546,55,40000,14.48865,185,104,59603,924,0.0231,9.133221669458264,0.7792742356543056,42339.73146129206,0.6987036354097291,2882531.185785678,0.37489692620165116
Sepsis_20000_ORDERING_0.4_4.xes,288534,16,20000,14.4267,185,29,33194,919,0.04595,9.12134393280336,0.7873492097766469,42339.73146129206,0.6987036354097291,2882531.185785678,0.37489692620165116
Sepsis_1000_INSERTION_4.0_5.xes,13940,40,1000,13.94,118,71,2580,571,0.571,9.05994005994006,0.7828895009304891,42339.73146129206,0.6987036354097291,2882531.185785678,0.37489692620165116
RTFMS_4000_SUBSTITUTION_1.0_3.xes,14915,25,4000,3.72875,12,46,1543,83,0.02075,3.6770807298175456,0.5928318181811851,42339.73146129206,0.6987036354097291,2882531.185785678,0.37489692620165116
RTFMS_20000_ORDERING_0.2_5.xes,74702,11,20000,3.7351,12,18,5992,103,0.00515,3.6831658417079147,0.6023404530013291,42339.73146129206,0.6987036354097291,2882531.185785678,0.37489692620165116
RTFMS_40000_ABSENCE_0.4_4.xes,148838,11,40000,3.72095,16,21,10837,141,0.003525,3.6685332866678335,0.6022281959707818,42339.73146129206,0.6987036354097291,2882531.185785678,0.37489692620165116
RTFMS_100000_SUBSTITUTION_0.1_3.xes,373119,50,100000,3.73119,17,80,24055,250,0.0025,3.6787932120678795,0.5921733719072555,42339.73146129206,0.6987036354097291,2882531.185785678,0.37489692620165116
RTFMS_20000_MIXED_1.0_5.xes,74683,42,20000,3.73415,12,60,6095,192,0.0096,3.680265986700665,0.5938825193761414,42339.73146129206,0.6987036354097291,2882531.185785678,0.37489692620165116
RTFMS_2000_INSERTION_0.1_1.xes,7460,12,2000,3.73,11,19,873,36,0.018,3.682658670664668,0.5970611472747468,42339.73146129206,0.6987036354097291,2882531.185785678,0.37489692620165116
RTFMS_10000_ABSENCE_4.0_2.xes,37097,11,10000,3.7097,12,27,3435,96,0.0096,3.6592340765923406,0.6030347177314135,42339.73146129206,0.6987036354097291,2882531.185785678,0.37489692620165116
Sepsis_4000_ORDERING_0.4_3.xes,57008,16,4000,14.252,185,28,8439,842,0.2105,9.083979005248688,0.7892155783040173,42339.73146129206,0.6987036354097291,2882531.185785678,0.37489692620165116
BPIC2012_1000_ABSENCE_10.0_5.xes,19495,24,1000,19.495,159,34,2509,459,0.459,8.044955044955046,0.7542303149815465,42339.73146129206,0.6987036354097291,2882531.185785678,0.37489692620165116
Sepsis_40000_SUBSTITUTION_0.2_5.xes,579466,53,40000,14.48665,185,103,59582,926,0.02315,9.131821704457389,0.7793429547979673,42339.73146129206,0.6987036354097291,2882531.185785678,0.37489692620165116
Sepsis_100000_SUBSTITUTION_0.2_1.xes,1449819,114,100000,14.49819,185,203,126783,1046,0.01046,9.143708562914371,0.7789223411613735,42339.73146129206,0.6987036354097291,2882531.185785678,0.37489692620165116
Sepsis_4000_INSERTION_10.0_1.xes,57408,211,4000,14.352,185,394,8657,1216,0.304,9.149462634341415,0.7825818776618736,42339.73146129206,0.6987036354097291,2882531.185785678,0.37489692620165116
RTFMS_20000_SUBSTITUTION_1.0_3.xes,74702,107,20000,3.7351,12,161,6076,237,0.01185,3.68031598420079,0.5936924697247048,42339.73146129206,0.6987036354097291,2882531.185785678,0.37489692620165116
Sepsis_100000_ABSENCE_0.1_4.xes,1449719,16,100000,14.49719,185,31,126607,943,0.00943,9.14309856901431,0.7877123266155511,42339.73146129206,0.6987036354097291,2882531.185785678,0.37489692620165116
RTFMS_10000_ORDERING_2.0_5.xes,37497,11,10000,3.7497,12,18,3467,107,0.0107,3.698130186981302,0.6065763678344565,42339.73146129206,0.6987036354097291,2882531.185785678,0.37489692620165116
Sepsis_4000_MIXED_2.0_2.xes,57007,41,4000,14.25175,185,70,8456,904,0.226,9.083979005248688,0.781798070927067,42339.73146129206,0.6987036354097291,2882531.185785678,0.37489692620165116
Sepsis_2000_INSERTION_10.0_3.xes,28587,103,2000,14.2935,185,198,4770,918,0.459,9.12143928035982,0.7822352380887041,42339.73146129206,0.6987036354097291,2882531.185785678,0.37489692620165116
RTFMS_2000_MIXED_10.0_2.xes,7469,61,2000,3.7345,10,96,982,149,0.0745,3.6691654172913544,0.6052173709429953,42339.73146129206,0.6987036354097291,2882531.185785678,0.37489692620165116
RTFMS_100000_SUBSTITUTION_1.0_3.xes,373119,484,100000,3.73119,17,642,24589,778,0.00778,3.676083239167608,0.5934334704073632,42339.73146129206,0.6987036354097291,2882531.185785678,0.37489692620165116
Sepsis_4000_MIXED_0.4_2.xes,57004,21,4000,14.251,185,37,8432,843,0.21075,9.083729067733067,0.7853316480092473,42339.73146129206,0.6987036354097291,2882531.185785678,0.37489692620165116
RTFMS_20000_ABSENCE_0.1_2.xes,74682,11,20000,3.7341,12,23,5961,103,0.00515,3.6821658917054148,0.6019213279795292,42339.73146129206,0.6987036354097291,2882531.185785678,0.37489692620165116
BPIC2012_1000_SUBSTITUTION_10.0_4.xes,19595,75,1000,19.595,159,108,2537,485,0.485,8.10989010989011,0.7531488129139211,42339.73146129206,0.6987036354097291,2882531.185785678,0.37489692620165116
BPIC2012_100000_ABSENCE_0.4_3.xes,1996492,24,100000,19.96492,175,34,114826,4571,0.04571,8.154228457715423,0.7546561529133164,42339.73146129206,0.6987036354097291,2882531.185785678,0.37489692620165116
BPIC2012_100000_MIXED_2.0_5.xes,1996931,514,100000,19.96931,175,698,115885,5758,0.05758,8.158208417915821,0.7513673293320112,42339.73146129206,0.6987036354097291,2882531.185785678,0.37489692620165116
Sepsis_10000_MIXED_2.0_1.xes,142668,69,10000,14.2668,185,123,18375,1040,0.104,9.078992100789922,0.7798077639492498,42339.73146129206,0.6987036354097291,2882531.185785678,0.37489692620165116
RTFMS_100000_INSERTION_0.4_4.xes,373519,198,100000,3.73519,17,299,24258,442,0.00442,3.6817431825681743,0.5923347123170439,42339.73146129206,0.6987036354097291,2882531.185785678,0.37489692620165116
BPIC2012_10000_ORDERING_4.0_5.xes,198864,24,10000,19.8864,175,41,16564,2651,0.2651,8.17988201179882,0.7550569336617778,42339.73146129206,0.6987036354097291,2882531.185785678,0.37489692620165116
BPIC2012_4000_MIXED_0.1_5.xes,79206,27,4000,19.8015,175,30,7615,1369,0.34225,8.178705323669083,0.755594066611694,42339.73146129206,0.6987036354097291,2882531.185785678,0.37489692620165116
BPIC2012_2000_ABSENCE_0.1_2.xes,38876,24,2000,19.438,159,25,4300,777,0.3885,8.079960019990004,0.757291490951944,42339.73146129206,0.6987036354097291,2882531.185785678,0.37489692620165116
BPIC2012_2000_ORDERING_1.0_5.xes,38878,24,2000,19.439,159,26,4318,785,0.3925,8.080459770114942,0.757353425292992,42339.73146129206,0.6987036354097291,2882531.185785678,0.37489692620165116
RTFMS_4000_SUBSTITUTION_0.4_4.xes,14915,20,4000,3.72875,12,35,1549,63,0.01575,3.6790802299425143,0.5927566791162335,42339.73146129206,0.6987036354097291,2882531.185785678,0.37489692620165116
Sepsis_1000_SUBSTITUTION_2.0_4.xes,13900,25,1000,13.9,118,40,2568,552,0.552,9.02997002997003,0.7846258546746838,42339.73146129206,0.6987036354097291,2882531.185785678,0.37489692620165116
Sepsis_100000_MIXED_10.0_1.xes,1449886,2349,100000,14.49886,185,4076,132146,9475,0.09475,9.140028599714002,0.7806706523855873,42339.73146129206,0.6987036354097291,2882531.185785678,0.37489692620165116
BPIC2012_10000_INSERTION_0.2_5.xes,198884,30,10000,19.8884,175,35,16254,2520,0.252,8.18108189181082,0.7534053654156425,42339.73146129206,0.6987036354097291,2882531.185785678,0.37489692620165116
Sepsis_1000_INSERTION_1.0_3.xes,13910,22,1000,13.91,118,37,2561,544,0.544,9.03896103896104,0.7853219848616685,42339.73146129206,0.6987036354097291,2882531.185785678,0.37489692620165116
BPIC2012_20000_INSERTION_0.2_1.xes,396206,42,20000,19.8103,175,51,28906,3543,0.17715,8.137743112844358,0.7522058958699263,42339.73146129206,0.6987036354097291,2882531.185785678,0.37489692620165116
Sepsis_20000_ABSENCE_1.0_5.xes,288334,16,20000,14.4167,185,29,33202,1027,0.05135,9.11404429778511,0.7872843214058911,42339.73146129206,0.6987036354097291,2882531.185785678,0.37489692620165116
BPIC2012_40000_ABSENCE_0.2_3.xes,799359,24,40000,19.983975,175,34,52353,4216,0.1054,8.170745731356716,0.7545097324091543,42339.73146129206,0.6987036354097291,2882531.185785678,0.37489692620165116
BPIC2012_20000_INSERTION_0.4_4.xes,396246,65,20000,19.8123,175,94,28934,3577,0.17885,8.139093045347733,0.7515727377931285,42339.73146129206,0.6987036354097291,2882531.185785678,0.37489692620165116
RTFMS_100000_MIXED_0.4_1.xes,373117,105,100000,3.73117,17,142,24264,374,0.00374,3.678523214767852,0.5923115032524056,42339.73146129206,0.6987036354097291,2882531.185785678,0.37489692620165116
BPIC2012_10000_MIXED_0.4_5.xes,198869,35,10000,19.8869,175,45,16265,2532,0.2532,8.18018198180182,0.7528273566814656,42339.73146129206,0.6987036354097291,2882531.185785678,0.37489692620165116
Sepsis_40000_INSERTION_1.0_3.xes,579866,200,40000,14.49665,185,364,59763,1240,0.031,9.13809654758631,0.778770424648615,42339.73146129206,0.6987036354097291,2882531.185785678,0.37489692620165116
RTFMS_40000_INSERTION_1.0_4.xes,149398,198,40000,3.73495,16,303,11043,390,0.00975,3.6790580235494112,0.5938211118498771,42339.73146129206,0.6987036354097291,2882531.185785678,0.37489692620165116
RTFMS_2000_ORDERING_4.0_5.xes,7458,11,2000,3.729,11,14,931,51,0.0255,3.6816591704147927,0.6081525736999129,42339.73146129206,0.6987036354097291,2882531.185785678,0.37489692620165116
BPIC2012_1000_INSERTION_0.4_3.xes,19599,26,1000,19.599,159,31,2496,431,0.431,8.101898101898103,0.7544290693087112,42339.73146129206,0.6987036354097291,2882531.185785678,0.37489692620165116
RTFMS_2000_ORDERING_0.4_4.xes,7458,11,2000,3.729,11,18,871,39,0.0195,3.6816591704147927,0.5996138387903187,42339.73146129206,0.6987036354097291,2882531.185785678,0.37489692620165116
RTFMS_20000_INSERTION_0.1_4.xes,74722,21,20000,3.7361,12,40,5959,109,0.00545,3.6840157992100395,0.5946723956657107,42339.73146129206,0.6987036354097291,2882531.185785678,0.37489692620165116
RTFMS_20000_ABSENCE_0.2_5.xes,74662,11,20000,3.7331,12,24,5966,107,0.00535,3.681265936703165,0.6019373355556823,42339.73146129206,0.6987036354097291,2882531.185785678,0.37489692620165116
Sepsis_10000_MIXED_10.0_4.xes,142659,262,10000,14.2659,185,454,18678,1771,0.1771,9.073392660733926,0.7809890991002042,42339.73146129206,0.6987036354097291,2882531.185785678,0.37489692620165116
BPIC2012_4000_ORDERING_1.0_3.xes,79203,24,4000,19.80075,175,26,7639,1378,0.3445,8.177955511122219,0.7563977853194219,42339.73146129206,0.6987036354097291,2882531.185785678,0.37489692620165116
RTFMS_1000_SUBSTITUTION_2.0_1.xes,3785,20,1000,3.785,10,35,507,44,0.044,3.727272727272727,0.5969866128364876,42339.73146129206,0.6987036354097291,2882531.185785678,0.37489692620165116
BPIC2012_1000_ABSENCE_1.0_5.xes,19585,24,1000,19.585,159,29,2498,435,0.435,8.093906093906094,0.7547556874560901,42339.73146129206,0.6987036354097291,2882531.185785678,0.37489692620165116
Sepsis_2000_ORDERING_1.0_1.xes,28387,16,2000,14.1935,185,26,4671,761,0.3805,9.061969015492254,0.7889526335805704,42339.73146129206,0.6987036354097291,2882531.185785678,0.37489692620165116
RTFMS_10000_ORDERING_2.0_4.xes,37497,11,10000,3.7497,12,16,3463,103,0.0103,3.698130186981302,0.6065400455083751,42339.73146129206,0.6987036354097291,2882531.185785678,0.37489692620165116
Sepsis_20000_MIXED_1.0_4.xes,288532,54,20000,14.4266,185,86,33213,1038,0.0519,9.12034398280086,0.7792366609027293,42339.73146129206,0.6987036354097291,2882531.185785678,0.37489692620165116
BPIC2012_2000_INSERTION_0.4_2.xes,38886,29,2000,19.443,159,27,4313,781,0.3905,8.08295852073963,0.756273923502646,42339.73146129206,0.6987036354097291,2882531.185785678,0.37489692620165116
Sepsis_2000_INSERTION_10.0_4.xes,28587,114,2000,14.2935,185,204,4779,923,0.4615,9.123938030984508,0.7820818990587468,42339.73146129206,0.6987036354097291,2882531.185785678,0.37489692620165116
RTFMS_1000_MIXED_2.0_4.xes,3780,15,1000,3.78,10,23,510,39,0.039,3.727272727272727,0.5969907146492481,42339.73146129206,0.6987036354097291,2882531.185785678,0.37489692620165116
RTFMS_20000_SUBSTITUTION_0.2_2.xes,74702,32,20000,3.7351,12,54,5972,125,0.00625,3.6825158742062896,0.5932661243526033,42339.73146129206,0.6987036354097291,2882531.185785678,0.37489692620165116
Sepsis_2000_INSERTION_2.0_1.xes,28427,36,2000,14.2135,185,67,4687,781,0.3905,9.075462268865568,0.7819241149135392,42339.73146129206,0.6987036354097291,2882531.185785678,0.37489692620165116
BPIC2012_10000_ABSENCE_10.0_1.xes,197864,24,10000,19.7864,175,37,16527,2858,0.2858,8.122187781221879,0.7542914588818389,42339.73146129206,0.6987036354097291,2882531.185785678,0.37489692620165116
Sepsis_20000_ORDERING_0.4_3.xes,288534,16,20000,14.4267,185,22,33199,918,0.0459,9.12134393280336,0.7873592595390175,42339.73146129206,0.6987036354097291,2882531.185785678,0.37489692620165116
RTFMS_2000_INSERTION_0.2_1.xes,7462,12,2000,3.731,11,21,868,38,0.019,3.683158420789605,0.5973301935593004,42339.73146129206,0.6987036354097291,2882531.185785678,0.37489692620165116
BPIC2012_20000_INSERTION_0.1_2.xes,396186,36,20000,19.8093,175,42,28885,3527,0.17635,8.137093145342734,0.7526015316300793,42339.73146129206,0.6987036354097291,2882531.185785678,0.37489692620165116
BPIC2012_20000_ABSENCE_4.0_3.xes,395366,24,20000,19.7683,175,34,29140,3860,0.193,8.112694365281737,0.7544411143881178,42339.73146129206,0.6987036354097291,2882531.185785678,0.37489692620165116
RTFMS_1000_SUBSTITUTION_0.2_1.xes,3785,13,1000,3.785,10,22,505,28,0.028,3.7352647352647352,0.5970781595675079,42339.73146129206,0.6987036354097291,2882531.185785678,0.37489692620165116
RTFMS_4000_SUBSTITUTION_0.1_2.xes,14915,15,4000,3.72875,12,28,1526,52,0.013,3.6805798550362407,0.5946609243169516,42339.73146129206,0.6987036354097291,2882531.185785678,0.37489692620165116
BPIC2012_40000_ORDERING_0.2_3.xes,799439,24,40000,19.985975,175,40,52365,4202,0.10505,8.17214569635759,0.7545312999512931,42339.73146129206,0.6987036354097291,2882531.185785678,0.37489692620165116
BPIC2012_4000_INSERTION_0.1_1.xes,79207,26,4000,19.80175,175,29,7638,1368,0.342,8.17845538615346,0.7558010957817047,42339.73146129206,0.6987036354097291,2882531.185785678,0.37489692620165116
BPIC2012_40000_MIXED_0.4_4.xes,799417,61,40000,19.985425,175,88,52377,4291,0.107275,8.172220694482638,0.7515810582233344,42339.73146129206,0.6987036354097291,2882531.185785678,0.37489692620165116
Sepsis_4000_ABSENCE_1.0_1.xes,56968,16,4000,14.242,185,30,8429,864,0.216,9.076230942264434,0.7891527196639025,42339.73146129206,0.6987036354097291,2882531.185785678,0.37489692620165116
Sepsis_40000_MIXED_0.1_2.xes,579468,28,40000,14.4867,185,50,59555,885,0.022125,9.132171695707607,0.7814028261641908,42339.73146129206,0.6987036354097291,2882531.185785678,0.37489692620165116
BPIC2012_10000_INSERTION_4.0_4.xes,199264,239,10000,19.9264,175,374,16515,2808,0.2808,8.208279172082792,0.7518152231073656,42339.73146129206,0.6987036354097291,2882531.185785678,0.37489692620165116
BPIC2012_10000_ABSENCE_2.0_1.xes,198664,24,10000,19.8664,175,33,16297,2606,0.2606,8.167883211678832,0.7545995025072681,42339.73146129206,0.6987036354097291,2882531.185785678,0.37489692620165116
BPIC2012_10000_SUBSTITUTION_0.4_4.xes,198864,40,10000,19.8864,175,52,16270,2539,0.2539,8.18018198180182,0.752436417862269,42339.73146129206,0.6987036354097291,2882531.185785678,0.37489692620165116
RTFMS_100000_ABSENCE_10.0_3.xes,363119,11,100000,3.63119,17,17,26848,287,0.00287,3.5809741902580976,0.6054711928427892,42339.73146129206,0.6987036354097291,2882531.185785678,0.37489692620165116
BPIC2012_20000_INSERTION_4.0_2.xes,396966,391,20000,19.8483,175,553,29398,4166,0.2083,8.16249187540623,0.7517011402230084,42339.73146129206,0.6987036354097291,2882531.185785678,0.37489692620165116
BPIC2012_100000_ABSENCE_2.0_2.xes,1994892,24,100000,19.94892,175,35,115326,5338,0.05338,8.145168548314517,0.7546019763486841,42339.73146129206,0.6987036354097291,2882531.185785678,0.37489692620165116
RTFMS_20000_ORDERING_0.1_1.xes,74702,11,20000,3.7351,12,16,5987,103,0.00515,3.6831658417079147,0.6021605698511114,42339.73146129206,0.6987036354097291,2882531.185785678,0.37489692620165116
Sepsis_1000_INSERTION_0.1_5.xes,13901,16,1000,13.901,118,25,2561,541,0.541,9.031968031968033,0.7894509229896407,42339.73146129206,0.6987036354097291,2882531.185785678,0.37489692620165116
Sepsis_20000_MIXED_4.0_5.xes,288532,205,20000,14.4266,185,360,33525,1598,0.0799,9.119994000299984,0.77907946956393,42339.73146129206,0.6987036354097291,2882531.185785678,0.37489692620165116
Sepsis_4000_INSERTION_0.2_5.xes,57016,19,4000,14.254,185,37,8423,835,0.20875,9.084978755311171,0.786472275349059,42339.73146129206,0.6987036354097291,2882531.185785678,0.37489692620165116
RTFMS_10000_SUBSTITUTION_0.2_2.xes,37497,22,10000,3.7497,12,44,3310,87,0.0087,3.6974302569743025,0.5942460960210729,42339.73146129206,0.6987036354097291,2882531.185785678,0.37489692620165116
RTFMS_10000_SUBSTITUTION_0.4_4.xes,37497,29,10000,3.7497,12,50,3320,102,0.0102,3.696830316968303,0.5935135711455177,42339.73146129206,0.6987036354097291,2882531.185785678,0.37489692620165116
BPIC2012_2000_INSERTION_1.0_3.xes,38898,34,2000,19.449,159,39,4306,792,0.396,8.087456271864069,0.7556783385788254,42339.73146129206,0.6987036354097291,2882531.185785678,0.37489692620165116
RTFMS_40000_ORDERING_0.1_4.xes,148998,11,40000,3.72495,16,16,10794,140,0.0035,3.6725081872953176,0.6023080570164923,42339.73146129206,0.6987036354097291,2882531.185785678,0.37489692620165116
BPIC2012_2000_ABSENCE_1.0_5.xes,38858,24,2000,19.429,159,26,4305,786,0.393,8.075462268865568,0.7572466258129301,42339.73146129206,0.6987036354097291,2882531.185785678,0.37489692620165116
