,size,connector_mismatch,connector_heterogeneity,token_split,separability,control_flow_complexity,average_connector_degree,maximum_connector_degree,sequentiality,cyclicity,density,coefficient_of_network_connectivity,number_of_duplicate_tasks,empty_sequence_flows
Sepsis_4000_SUBSTITUTION_0.4_5_inductive_inf.pnml,109,3,0.4566836315394428,10,0.9724770642201834,49,3.2884615384615383,12,1.0,0.29357798165137616,0.02424863387978142,1.3027522935779816,44,0
BPIC2012_40000_ABSENCE_2.0_1_heuristics.pnml,135,4,0.8023534428291901,5,0.9703703703703703,78,4.644444444444445,16,0.9690721649484536,0.7703703703703704,0.024519716885743174,1.4370370370370371,67,4
BPIC2012_40000_ABSENCE_0.2_3_inductive_inf.pnml,109,1,0.6500224216483541,7,0.944954128440367,60,3.5833333333333335,7,0.9726027397260274,0.944954128440367,0.025722339675828047,1.3394495412844036,42,0
RTFMS_4000_ABSENCE_10.0_2_heuristics.pnml,77,25,0.9418285354475157,4,1.0,52,3.7948717948717947,10,1.0,0.4935064935064935,0.04081632653061224,1.4545454545454546,37,3
Sepsis_20000_ORDERING_1.0_1_inductive.pnml,96,2,0.5665095065529053,11,0.9791666666666666,44,3.466666666666667,12,0.984375,0.25,0.028082492321193506,1.3333333333333333,36,0
RTFMS_10000_ORDERING_0.4_5_alpha.pnml,28,11,0.9927744539878083,18,1.0,22,4.5,10,0.9811320754716981,0.5,0.14171122994652408,1.8928571428571428,0,13
Sepsis_10000_ORDERING_0.1_5_alpha.pnml,22,15,0.9402859586706311,7,0.9545454545454546,18,4.0,14,1.0,0.0,0.17708333333333334,1.5454545454545454,0,2
Sepsis_100000_INSERTION_4.0_4_heuristics.pnml,2119,18,0.8888636119715569,19,1.0,2039,38.108108108108105,348,1.0,0.8216139688532327,0.01248803595875889,1.9457291175082587,158,7
RTFMS_40000_SUBSTITUTION_0.2_2_inductive.pnml,164,2,0.7732266742876346,8,0.9878048780487805,100,4.2727272727272725,32,1.0,0.14634146341463414,0.020227774944756076,1.451219512195122,57,0
BPIC2012_4000_MIXED_2.0_4_inductive.pnml,239,1,0.7111806626974717,15,0.9832635983263598,124,3.398230088495575,8,0.9874213836477987,0.6861924686192469,0.01162280701754386,1.3305439330543933,99,0
Sepsis_20000_MIXED_0.2_4_alpha.pnml,33,21,0.9957274520849255,8,0.8484848484848485,17,4.461538461538462,16,0.9743589743589743,0.0,0.10714285714285714,1.1818181818181819,0,1
RTFMS_20000_ORDERING_0.2_5_alpha.pnml,22,25,0.9967916319816366,12,1.0,13,4.0,10,0.972972972972973,0.3181818181818182,0.15289256198347106,1.6818181818181819,0,5
BPIC2012_2000_INSERTION_4.0_2_inductive.pnml,251,6,0.7076690004167968,15,0.9840637450199203,140,3.7017543859649122,8,1.0,0.5896414342629482,0.011894995898277276,1.3864541832669324,96,0
BPIC2012_1000_ORDERING_2.0_5_heuristics.pnml,120,5,0.4394969869215134,1,0.975,64,5.03030303030303,12,0.9526627218934911,0.7583333333333333,0.027943121693121693,1.4083333333333334,60,0
BPIC2012_2000_ABSENCE_4.0_2_heuristics.pnml,112,3,0.5916727785823275,3,0.9642857142857143,64,4.714285714285714,12,0.9685534591194969,0.75,0.02997737556561086,1.4196428571428572,55,0
RTFMS_4000_SUBSTITUTION_0.4_1_heuristics.pnml,81,24,0.9494520153879484,4,1.0,57,4.157894736842105,11,1.0,0.4444444444444444,0.04183813443072702,1.5061728395061729,34,3
Sepsis_20000_INSERTION_2.0_5_alpha.pnml,229,10,0.8112781244591328,1,0.9781659388646288,40,18.5,37,0.9863013698630136,0.0,0.04055555555555555,0.31877729257641924,0,0
BPIC2012_100000_INSERTION_4.0_4_inductive_inf.pnml,1056,4,0.39124356362925566,17,0.9933712121212122,952,22.263736263736263,246,1.0,0.09375,0.012112972761120909,1.8731060606060606,77,0
RTFMS_20000_SUBSTITUTION_0.2_4_alpha.pnml,37,19,0.9709505944546686,7,0.9459459459459459,18,5.7,15,1.0,0.0,0.09482758620689655,1.1891891891891893,0,2
RTFMS_4000_SUBSTITUTION_4.0_1_alpha.pnml,97,7,0.9182958340544896,6,0.979381443298969,36,14.333333333333334,36,0.9875,0.09278350515463918,0.056179775280898875,0.8247422680412371,0,4
Sepsis_4000_SUBSTITUTION_1.0_5_inductive.pnml,141,5,0.7553754125614287,8,0.9716312056737588,77,3.420289855072464,8,1.0,0.5673758865248227,0.02022137079608344,1.3475177304964538,56,0
RTFMS_10000_MIXED_2.0_4_inductive.pnml,158,1,0.7281342378690551,7,0.9746835443037974,97,4.1875,14,1.0,0.1518987341772152,0.020890599230346345,1.4430379746835442,55,0
BPIC2012_4000_INSERTION_4.0_5_inductive.pnml,263,2,0.6695920597928519,10,0.9847908745247148,166,4.536082474226804,17,1.0,0.40304182509505704,0.013183060109289617,1.467680608365019,85,0
BPIC2012_20000_alpha.pnml,34,8,1.0,4,0.7941176470588236,11,3.9166666666666665,11,0.8857142857142857,0.0,0.07291666666666667,1.0294117647058822,0,1
RTFMS_1000_SUBSTITUTION_2.0_2_inductive_inf.pnml,83,3,0.362051251733998,1,0.9518072289156626,46,3.9310344827586206,9,0.9818181818181818,0.24096385542168675,0.0351213282247765,1.3253012048192772,32,0
Sepsis_4000_ORDERING_1.0_4_inductive_inf.pnml,85,1,0.4059770384755711,8,0.9411764705882353,39,3.4864864864864864,10,0.9821428571428571,0.2823529411764706,0.03153153153153153,1.3176470588235294,31,0
RTFMS_2000_ORDERING_10.0_3_heuristics.pnml,76,28,0.9182958340544896,3,1.0,52,3.9444444444444446,10,1.0,0.15789473684210525,0.04195011337868481,1.4605263157894737,37,3
Sepsis_2000_MIXED_10.0_5_heuristics.pnml,173,34,0.9108783787500366,5,1.0,146,7.565217391304348,24,1.0,0.5953757225433526,0.031845112145577656,1.739884393063584,71,4
Sepsis_40000_ORDERING_0.2_4_heuristics.pnml,113,36,0.9377342939868041,8,1.0,87,5.0,15,1.0,0.5221238938053098,0.03388278388278388,1.6371681415929205,61,7
BPIC2012_40000_SUBSTITUTION_10.0_1_heuristics.pnml,2493,11,0.7017660038918876,16,1.0,2342,34.15492957746479,370,1.0,0.6329723225030084,0.008452917814134922,1.9157641395908545,295,4
BPIC2012_1000_ORDERING_0.1_3_inductive.pnml,137,1,0.8042522359016422,10,0.9635036496350365,65,3.473684210526316,6,0.9157303370786517,0.8832116788321168,0.019423832387603666,1.2992700729927007,54,0
RTFMS_100000_INSERTION_2.0_3_inductive.pnml,1095,6,0.7480881057801531,11,0.9963470319634703,1016,23.95505617977528,243,1.0,0.029223744292237442,0.014439024390243903,1.8922374429223745,74,0
RTFMS_2000_MIXED_2.0_1_inductive.pnml,107,1,0.714015280437867,6,0.9626168224299065,58,3.450980392156863,7,1.0,0.14953271028037382,0.026607538802660754,1.3457943925233644,42,0
BPIC2012_40000_INSERTION_2.0_1_inductive_inf.pnml,318,2,0.560576942614533,5,0.9748427672955975,251,9.278688524590164,58,1.0,0.3553459119496855,0.019223923104307584,1.6981132075471699,57,0
RTFMS_20000_INSERTION_1.0_4_alpha.pnml,107,8,0.9182958340544896,4,0.9626168224299065,34,11.666666666666666,31,0.9846153846153847,0.0,0.05363036303630363,0.6074766355140186,0,2
BPIC2012_2000_ORDERING_0.1_2_inductive.pnml,134,0,0.7355085815538398,9,0.9328358208955224,65,3.413793103448276,6,0.9310344827586207,0.9104477611940298,0.019917582417582416,1.2985074626865671,53,0
Sepsis_1000_MIXED_0.4_2_inductive.pnml,90,4,0.5266170655714281,9,0.9666666666666667,40,3.357142857142857,11,0.9830508474576272,0.26666666666666666,0.0295,1.3111111111111111,33,0
RTFMS_20000_ORDERING_2.0_2_alpha.pnml,23,12,0.9886994082884974,12,1.0,16,4.25,10,1.0,0.0,0.1553030303030303,1.7826086956521738,0,8
Sepsis_4000_SUBSTITUTION_0.1_4_inductive.pnml,106,2,0.6880476235340796,7,0.9716981132075472,55,3.4081632653061225,7,0.9857142857142858,0.7169811320754716,0.025839793281653745,1.320754716981132,43,0
BPIC2012_4000_MIXED_4.0_3_heuristics.pnml,192,3,0.6267511370265895,4,0.9895833333333334,128,6.196078431372549,19,1.0,0.65625,0.022185824895771294,1.5520833333333333,81,3
RTFMS_2000_MIXED_0.4_3_inductive.pnml,63,1,0.7355085815538398,4,0.9523809523809523,33,3.3448275862068964,5,0.975609756097561,0.12698412698412698,0.04261954261954262,1.3015873015873016,24,0
BPIC2012_2000_INSERTION_4.0_5_alpha.pnml,67,11,0.954434002924965,2,0.791044776119403,12,5.0,17,0.8095238095238095,0.0,0.03684210526315789,0.6268656716417911,0,0
Sepsis_1000_ABSENCE_0.2_3_alpha.pnml,23,15,0.9182958340544896,7,0.9130434782608696,16,4.333333333333333,14,1.0,0.0,0.15625,1.5217391304347827,0,2
RTFMS_1000_inductive_inf.pnml,47,2,0.7024665512903903,2,0.9361702127659575,24,3.2857142857142856,5,0.9666666666666667,0.0851063829787234,0.05639097744360902,1.2765957446808511,16,0
BPIC2012_10000_ABSENCE_10.0_1_heuristics.pnml,129,1,0.7320666900931938,4,0.937984496124031,74,4.9743589743589745,16,0.967741935483871,0.7131782945736435,0.026495726495726495,1.441860465116279,65,3
RTFMS_20000_ORDERING_4.0_5_inductive.pnml,62,0,0.7219280948873623,8,0.967741935483871,31,3.533333333333333,8,0.9761904761904762,0.06451612903225806,0.04411764705882353,1.3548387096774193,22,0
RTFMS_40000_MIXED_4.0_4_inductive.pnml,496,3,0.7424875695421236,8,0.9919354838709677,426,12.31578947368421,104,1.0,0.06451612903225806,0.016972477064220184,1.7903225806451613,68,0
BPIC2012_1000_ABSENCE_2.0_4_alpha.pnml,35,9,0.9967916319816366,7,0.8857142857142857,14,4.066666666666666,13,0.9512195121951219,0.0,0.07765151515151515,1.1714285714285715,0,3
RTFMS_10000_INSERTION_1.0_2_inductive.pnml,153,0,0.676941869780886,6,0.9738562091503268,97,4.607142857142857,16,1.0,0.1568627450980392,0.02295814709467696,1.477124183006536,47,0
RTFMS_100000_MIXED_4.0_5_inductive_inf.pnml,850,0,0.5916727785823275,9,0.9905882352941177,794,29.571428571428573,292,1.0,0.03294117647058824,0.021067123857024108,1.908235294117647,45,0
Sepsis_40000_INSERTION_1.0_5_inductive.pnml,391,1,0.6695920597928519,11,0.989769820971867,293,7.216494845360825,85,1.0,0.1329923273657289,0.012942122186495177,1.6470588235294117,85,0
BPIC2012_40000_INSERTION_0.4_4_inductive.pnml,308,2,0.6951360991052256,14,0.987012987012987,187,4.211382113821138,17,1.0,0.39285714285714285,0.010673076923076922,1.4415584415584415,102,0
RTFMS_40000_SUBSTITUTION_4.0_1_inductive.pnml,946,4,0.7219280948873623,9,0.9957716701902748,872,22.9,257,1.0,0.03805496828752643,0.015784438775510203,1.8837209302325582,73,0
BPIC2012_10000_SUBSTITUTION_10.0_3_heuristics.pnml,681,4,0.6619760641115652,6,1.0,607,20.125,90,1.0,0.6299559471365639,0.018014285714285715,1.8516886930983847,126,3
BPIC2012_100000_ORDERING_0.4_5_inductive.pnml,156,0,0.7586638628883695,10,0.9871794871794872,85,3.3972602739726026,6,0.9805825242718447,0.9358974358974359,0.01757979177334016,1.3205128205128205,68,0
RTFMS_4000_INSERTION_10.0_2_alpha.pnml,210,9,0.9852281360342515,4,0.9857142857142858,56,18.714285714285715,58,1.0,0.02857142857142857,0.0494281045751634,0.5761904761904761,0,3
RTFMS_2000_ABSENCE_0.2_3_alpha.pnml,29,8,0.954434002924965,13,0.9655172413793104,14,3.9375,7,1.0,0.0,0.1111111111111111,1.5172413793103448,0,13
Sepsis_2000_MIXED_0.2_2_heuristics.pnml,111,33,0.9564574047992594,6,1.0,86,5.066666666666666,14,1.0,0.5405405405405406,0.03496503496503497,1.6216216216216217,61,6
RTFMS_100000_MIXED_4.0_3_alpha.pnml,929,19,0.9182958340544896,1,0.9956942949407965,283,183.33333333333334,282,0.9981785063752276,0.0,0.0988120950323974,0.5909580193756727,0,0
BPIC2012_100000_ABSENCE_2.0_4_alpha.pnml,38,12,0.998363672593813,11,0.9736842105263158,18,4.0,16,1.0,0.0,0.07738095238095238,1.368421052631579,0,9
Sepsis_2000_ABSENCE_0.4_3_alpha.pnml,22,19,0.8904916402194913,7,0.9545454545454546,16,4.0,14,1.0,0.0,0.171875,1.5,0,1
RTFMS_10000_ABSENCE_4.0_4_inductive.pnml,41,1,0.5435644431995964,1,0.975609756097561,27,3.875,7,1.0,0.7317073170731707,0.07407407407407407,1.3658536585365855,15,0
BPIC2012_4000_MIXED_10.0_2_alpha.pnml,136,20,0.9182958340544896,5,0.875,34,6.533333333333333,33,0.9882352941176471,0.0,0.03090909090909091,0.625,0,0
RTFMS_20000_INSERTION_1.0_2_heuristics.pnml,181,27,0.8212809417449863,2,1.0,151,8.76923076923077,34,1.0,0.2983425414364641,0.03454746136865342,1.729281767955801,41,1
Sepsis_10000_ABSENCE_0.2_4_alpha.pnml,22,15,0.9402859586706311,7,0.9545454545454546,18,4.0,14,1.0,0.0,0.17708333333333334,1.5454545454545454,0,2
Sepsis_4000_SUBSTITUTION_0.2_2_inductive.pnml,124,1,0.603652249754401,11,0.9838709677419355,58,3.278688524590164,7,1.0,0.25806451612903225,0.02142857142857143,1.3064516129032258,50,0
BPIC2012_10000_INSERTION_1.0_2_inductive_inf.pnml,179,0,0.6500224216483541,8,0.9106145251396648,103,3.861111111111111,9,0.983739837398374,0.7597765363128491,0.01671195652173913,1.3743016759776536,69,0
RTFMS_100000_ORDERING_0.2_1_heuristics.pnml,81,10,0.8997437586982626,5,1.0,53,3.9473684210526314,10,1.0,0.3950617283950617,0.03975741239892183,1.4567901234567902,41,2
RTFMS_4000_SUBSTITUTION_0.2_3_inductive.pnml,61,0,0.74959525725948,3,0.9672131147540983,33,3.4285714285714284,6,1.0,0.47540983606557374,0.04504504504504504,1.3114754098360655,21,0
Sepsis_100000_SUBSTITUTION_2.0_2_heuristics.pnml,1134,36,0.9410313090323237,15,1.0,1090,28.320987654320987,187,1.0,0.800705467372134,0.018221574344023325,1.9400352733686066,110,7
RTFMS_1000_SUBSTITUTION_0.1_3_heuristics.pnml,53,17,0.9509560484549725,3,0.9622641509433962,31,3.4444444444444446,6,0.9861111111111112,0.1320754716981132,0.05278592375366569,1.3584905660377358,18,4
RTFMS_100000_SUBSTITUTION_4.0_2_inductive.pnml,2089,5,0.7263997735417456,9,0.9980852082336046,2006,46.157303370786515,648,1.0,0.02106270943034945,0.01414732198941917,1.9406414552417424,83,0
RTFMS_2000_INSERTION_4.0_2_alpha.pnml,59,7,0.9709505944546686,4,0.8983050847457628,19,8.2,16,0.9285714285714286,0.0,0.051470588235294115,0.711864406779661,0,2
BPIC2012_2000_ABSENCE_10.0_4_heuristics.pnml,112,5,0.5916727785823275,3,0.9553571428571429,63,4.742857142857143,14,0.9685534591194969,0.7142857142857143,0.02997737556561086,1.4196428571428572,55,0
BPIC2012_1000_MIXED_10.0_5_heuristics.pnml,170,4,0.35335933502142136,1,0.9705882352941176,104,5.711111111111111,16,0.9841269841269842,0.7058823529411765,0.022727272727272728,1.4823529411764707,73,0
RTFMS_20000_SUBSTITUTION_0.4_3_inductive.pnml,149,3,0.7219280948873623,7,0.9731543624161074,87,3.8153846153846156,13,1.0,0.1610738255033557,0.020618556701030927,1.395973154362416,55,0
BPIC2012_1000_SUBSTITUTION_1.0_2_alpha.pnml,38,15,0.9852281360342515,2,0.7631578947368421,5,4.0,11,0.7575757575757576,0.0,0.05892857142857143,0.868421052631579,0,0
Sepsis_2000_ORDERING_1.0_5_alpha.pnml,22,19,0.8904916402194913,7,0.9545454545454546,16,4.0,14,1.0,0.0,0.171875,1.5,0,1
RTFMS_1000_ORDERING_2.0_1_alpha.pnml,23,9,0.8904916402194913,8,1.0,12,3.6923076923076925,8,1.0,0.0,0.12878787878787878,1.4782608695652173,0,7
BPIC2012_100000_ORDERING_4.0_1_inductive.pnml,99,0,0.30337483608641397,11,0.9797979797979798,49,4.162162162162162,14,0.9710144927536232,0.42424242424242425,0.029015979814970564,1.393939393939394,33,0
BPIC2012_1000_SUBSTITUTION_10.0_5_inductive.pnml,291,3,0.7049450065963295,12,0.9862542955326461,172,4.016666666666667,18,1.0,0.6391752577319587,0.010946965671165905,1.4158075601374571,110,0
RTFMS_20000_ORDERING_0.1_4_alpha.pnml,22,25,1.0,12,0.9545454545454546,13,3.9375,9,1.0,0.3181818181818182,0.15289256198347106,1.6818181818181819,0,6
BPIC2012_10000_INSERTION_4.0_5_inductive.pnml,442,6,0.7274873474533534,16,0.9909502262443439,305,5.440559440559441,35,1.0,0.2873303167420814,0.009199828840393666,1.5565610859728507,123,0
RTFMS_2000_ORDERING_0.2_3_inductive_inf.pnml,47,1,0.7024665512903903,2,0.8936170212765957,28,3.4761904761904763,5,0.9838709677419355,0.851063829787234,0.05938697318007663,1.3191489361702127,17,0
BPIC2012_10000_INSERTION_1.0_3_heuristics.pnml,189,1,0.6420642892306891,4,0.9894179894179894,124,6.163265306122449,19,0.993103448275862,0.6931216931216931,0.02204317421708726,1.5343915343915344,74,3
Sepsis_1000_SUBSTITUTION_1.0_4_inductive_inf.pnml,107,2,0.4021791902022728,9,0.9626168224299065,50,3.32,11,1.0,0.29906542056074764,0.024946543121881683,1.308411214953271,43,0
Sepsis_20000_SUBSTITUTION_1.0_1_alpha.pnml,119,3,0.863120568566631,2,0.957983193277311,34,10.428571428571429,27,1.0,0.0,0.05789473684210526,0.5546218487394958,0,0
Sepsis_10000_MIXED_10.0_4_inductive.pnml,451,3,0.6876445334580581,12,0.991130820399113,342,7.4495412844036695,89,1.0,0.11529933481152993,0.011608417654727171,1.6585365853658536,99,0
Sepsis_1000_SUBSTITUTION_2.0_4_inductive.pnml,117,5,0.7147274731317892,6,0.9658119658119658,66,3.392857142857143,9,1.0,0.7350427350427351,0.024074074074074074,1.3333333333333333,46,0
BPIC2012_100000_INSERTION_4.0_4_alpha.pnml,1941,50,0.7219280948873623,1,0.9974240082431737,269,98.4,261,1.0,0.0,0.03149199793495096,0.2514167954662545,0,0
Sepsis_100000_SUBSTITUTION_4.0_5_heuristics.pnml,2161,6,0.9830133796037189,32,1.0,2111,39.6036036036036,408,1.0,0.6876446089773253,0.014313632994137071,1.965756594169366,146,10
BPIC2012_10000_ORDERING_0.1_4_inductive.pnml,140,0,0.7905013842153698,11,0.9857142857142858,65,3.457627118644068,7,0.9230769230769231,0.9285714285714286,0.018958333333333334,1.3,55,0
RTFMS_2000_MIXED_10.0_5_heuristics.pnml,121,34,0.9182958340544896,3,1.0,91,5.428571428571429,22,1.0,0.47107438016528924,0.03388342696629214,1.5950413223140496,46,4
Sepsis_4000_INSERTION_4.0_2_heuristics.pnml,214,40,0.9305861291319928,7,1.0,174,8.038461538461538,31,1.0,0.7102803738317757,0.02522779817761458,1.733644859813084,80,10
RTFMS_10000_ABSENCE_0.1_4_inductive_inf.pnml,36,0,0.5916727785823275,1,0.8611111111111112,22,3.7857142857142856,6,0.9791666666666666,0.8055555555555556,0.0802675585284281,1.3333333333333333,11,0
Sepsis_4000_INSERTION_0.2_4_inductive_inf.pnml,95,4,0.5107878229540133,8,0.9578947368421052,43,3.3181818181818183,10,0.9838709677419355,0.25263157894736843,0.028003613369467027,1.305263157894737,35,0
Sepsis_4000_SUBSTITUTION_4.0_3_alpha.pnml,101,23,0.9023932827949788,5,0.9504950495049505,45,5.136363636363637,25,1.0,0.0,0.05851063829787234,0.7623762376237624,0,2
Sepsis_40000_INSERTION_0.4_3_alpha.pnml,92,7,0.9182958340544896,0,0.9565217391304348,17,14.0,22,0.975609756097561,0.0,0.07677902621722846,0.44565217391304346,0,0
RTFMS_100000_ORDERING_1.0_1_inductive_inf.pnml,66,0,0.8112781244591328,8,0.9696969696969697,32,3.4375,5,0.9545454545454546,0.06060606060606061,0.040740740740740744,1.3333333333333333,24,0
RTFMS_100000_ORDERING_1.0_1_heuristics.pnml,84,11,0.8904916402194913,5,1.0,55,3.948717948717949,11,1.0,0.42857142857142855,0.03824451410658307,1.4523809523809523,43,2
Sepsis_100000_MIXED_0.1_3_inductive.pnml,172,9,0.596510991708588,10,0.9767441860465116,87,3.6315789473684212,13,1.0,0.23255813953488372,0.016822429906542057,1.3604651162790697,64,0
BPIC2012_100000_ORDERING_1.0_2_inductive.pnml,109,1,0.876716288999464,9,0.981651376146789,60,3.4814814814814814,6,0.972972972972973,0.908256880733945,0.025874125874125874,1.3577981651376148,40,0
BPIC2012_100000_SUBSTITUTION_0.1_5_inductive.pnml,293,2,0.7016443140299524,12,0.9863481228668942,173,4.0,18,1.0,0.6484641638225256,0.010832025117739404,1.4129692832764504,111,0
RTFMS_2000_MIXED_4.0_2_alpha.pnml,39,8,0.9798687566511528,7,0.8461538461538461,23,5.5,14,0.9583333333333334,0.0,0.08275862068965517,1.2307692307692308,0,6
RTFMS_4000_ORDERING_0.2_4_inductive_inf.pnml,42,0,0.7424875695421236,2,0.8809523809523809,25,3.526315789473684,6,0.9821428571428571,0.8333333333333334,0.0673076923076923,1.3333333333333333,14,0
Sepsis_1000_MIXED_0.1_1_inductive.pnml,96,2,0.5746356978376794,9,0.96875,41,3.2954545454545454,10,0.967741935483871,0.25,0.02720491443615621,1.2916666666666667,35,0
RTFMS_20000_ORDERING_0.1_1_inductive.pnml,47,0,0.8453509366224364,5,0.9574468085106383,26,3.6363636363636362,7,0.96875,0.6808510638297872,0.05925925925925926,1.3617021276595744,15,0
RTFMS_4000_INSERTION_0.1_3_alpha.pnml,30,6,0.9910760598382222,13,0.9333333333333333,18,3.8333333333333335,7,1.0,0.5,0.10180995475113122,1.5,0,11
RTFMS_40000_MIXED_0.2_5_alpha.pnml,33,10,0.954434002924965,5,0.9393939393939394,15,5.75,15,1.0,0.0,0.10164835164835165,1.121212121212121,0,3
Sepsis_4000_INSERTION_0.1_3_heuristics.pnml,120,42,0.9656361333706098,7,1.0,90,5.217391304347826,15,1.0,0.675,0.03158580267014002,1.6166666666666667,63,10
RTFMS_4000_ABSENCE_1.0_1_alpha.pnml,30,20,1.0,20,1.0,18,4.4,9,1.0,0.5333333333333333,0.1291866028708134,1.8,0,15
RTFMS_20000_SUBSTITUTION_0.4_1_heuristics.pnml,109,27,0.863120568566631,2,1.0,85,5.885714285714286,20,1.0,0.21100917431192662,0.041010194624652455,1.6238532110091743,35,1
RTFMS_4000_SUBSTITUTION_10.0_3_inductive_inf.pnml,295,0,0.676941869780886,6,0.9864406779661017,241,9.678571428571429,63,1.0,0.08135593220338982,0.022262964903090623,1.728813559322034,46,0
Sepsis_40000_ABSENCE_0.2_3_heuristics.pnml,107,36,0.9503376699710268,8,1.0,84,5.043478260869565,14,1.0,0.5514018691588785,0.03624078624078624,1.6542056074766356,57,7
BPIC2012_40000_SUBSTITUTION_4.0_4_inductive_inf.pnml,587,2,0.4924109213158983,12,0.9880749574105622,483,11.56989247311828,161,1.0,0.151618398637138,0.012335054503729202,1.75809199318569,85,0
Sepsis_20000_INSERTION_2.0_2_heuristics.pnml,328,32,0.898653375690748,8,1.0,291,12.148148148148149,52,1.0,0.6798780487804879,0.02558001189767995,1.8353658536585367,79,7
BPIC2012_20000_INSERTION_10.0_2_alpha.pnml,921,3,0.0,0,0.997828447339848,120,121.5,123,1.0,0.0,0.0661044613710555,0.26384364820846906,0,0
BPIC2012_40000_ABSENCE_0.2_3_inductive.pnml,135,1,0.6373874992221911,8,0.9703703703703703,75,3.467741935483871,6,0.9944444444444445,0.9037037037037037,0.020708697653014266,1.3333333333333333,57,0
Sepsis_2000_ABSENCE_0.1_4_alpha.pnml,22,19,0.8904916402194913,7,0.9545454545454546,16,4.0,14,1.0,0.0,0.171875,1.5,0,1
RTFMS_10000_ORDERING_10.0_5_inductive.pnml,25,0,0.863120568566631,2,0.92,15,5.428571428571429,10,0.9444444444444444,0.56,0.125,1.44,4,0
RTFMS_100000_ORDERING_10.0_2_inductive.pnml,66,0,0.7871265862012691,10,0.9696969696969697,30,3.3529411764705883,7,0.9545454545454546,0.06060606060606061,0.04044117647058824,1.3333333333333333,22,0
BPIC2012_40000_INSERTION_2.0_1_inductive.pnml,733,5,0.7378773101576344,22,0.9945429740791268,541,6.720812182741117,62,1.0,0.13096862210095497,0.006654668266453362,1.6343792633015006,174,0
RTFMS_10000_INSERTION_2.0_2_inductive.pnml,214,0,0.7516499461153355,8,0.9813084112149533,155,5.938461538461539,28,1.0,0.11214953271028037,0.020570191266690727,1.5981308411214954,53,0
BPIC2012_20000_MIXED_0.1_3_heuristics.pnml,138,2,0.74959525725948,4,0.9710144927536232,80,4.976190476190476,13,0.9698492462311558,0.6666666666666666,0.02501885843600704,1.4420289855072463,65,3
RTFMS_1000_ABSENCE_1.0_4_alpha.pnml,29,9,0.954434002924965,14,1.0,14,4.125,7,1.0,0.0,0.11616161616161616,1.5862068965517242,0,12
BPIC2012_40000_ABSENCE_2.0_2_heuristics.pnml,134,3,0.8112781244591328,5,0.9701492537313433,76,4.659090909090909,15,0.9635416666666666,0.7761194029850746,0.024533605928954767,1.4328358208955223,66,4
Sepsis_1000_ABSENCE_0.4_4_inductive.pnml,91,4,0.5107878229540133,9,0.967032967032967,42,3.340909090909091,11,1.0,0.26373626373626374,0.029411764705882353,1.3186813186813187,34,0
Sepsis_40000_SUBSTITUTION_0.1_4_alpha.pnml,37,14,1.0,4,0.8648648648648649,16,5.625,17,0.9473684210526316,0.0,0.10215053763440861,1.027027027027027,0,0
BPIC2012_20000_MIXED_4.0_1_inductive.pnml,475,5,0.7117503413095557,17,0.991578947368421,316,5.182389937106918,43,1.0,0.2505263157894737,0.008195244956772334,1.5326315789473683,140,0
BPIC2012_40000_MIXED_1.0_5_inductive_inf.pnml,151,1,0.30337483608641397,1,0.880794701986755,107,6.486486486486487,19,1.0,0.543046357615894,0.028817733990147785,1.5496688741721854,41,0
Sepsis_1000_INSERTION_1.0_2_inductive.pnml,108,5,0.6880476235340796,7,0.9814814814814815,54,3.4285714285714284,7,0.9859154929577465,0.6111111111111112,0.02521306818181818,1.3148148148148149,42,0
BPIC2012_10000_MIXED_0.4_3_alpha.pnml,54,13,0.9828586897127056,15,0.9814814814814815,28,4.5,14,0.9861111111111112,0.0,0.057233704292527825,1.3333333333333333,0,6
Sepsis_40000_ORDERING_0.4_1_inductive.pnml,96,2,0.5665095065529053,11,0.9791666666666666,44,3.466666666666667,12,0.984375,0.25,0.028082492321193506,1.3333333333333333,36,0
Sepsis_100000_ABSENCE_10.0_5_inductive.pnml,96,4,0.5665095065529053,8,0.9791666666666666,44,3.3777777777777778,10,1.0,0.25,0.027937915742793792,1.3125,38,0
Sepsis_10000_ABSENCE_4.0_1_inductive.pnml,95,3,0.5107878229540133,9,0.9789473684210527,44,3.4545454545454546,11,1.0,0.25263157894736843,0.028455284552845527,1.3263157894736841,37,0
RTFMS_4000_INSERTION_0.1_1_heuristics.pnml,74,20,0.954434002924965,5,0.9594594594594594,49,3.65,8,1.0,0.7162162162162162,0.041537267080745344,1.445945945945946,33,3
RTFMS_2000_ABSENCE_0.2_1_inductive.pnml,58,0,0.7355085815538398,3,0.9310344827586207,32,3.2413793103448274,5,1.0,0.06896551724137931,0.04720496894409938,1.3103448275862069,23,0
BPIC2012_2000_MIXED_0.1_3_alpha.pnml,38,8,0.9957274520849255,5,0.8421052631578947,12,3.923076923076923,11,0.8974358974358975,0.0,0.0625,1.0263157894736843,0,2
RTFMS_4000_INSERTION_4.0_2_heuristics.pnml,161,24,0.9182958340544896,4,1.0,131,7.380952380952381,26,1.0,0.35403726708074534,0.033995037220843675,1.7018633540372672,40,3
RTFMS_10000_ABSENCE_0.2_1_heuristics.pnml,64,30,0.9456603046006401,3,1.0,45,3.757575757575758,9,1.0,0.359375,0.0484375,1.453125,28,3
RTFMS_10000_ABSENCE_2.0_1_alpha.pnml,33,13,0.9940302114769565,23,1.0,22,4.636363636363637,9,1.0,0.5757575757575758,0.128099173553719,1.878787878787879,0,19
BPIC2012_4000_INSERTION_0.1_5_alpha.pnml,36,8,1.0,5,0.8888888888888888,12,4.0,11,0.8648648648648649,0.0,0.06727272727272728,1.0277777777777777,0,1
BPIC2012_4000_MIXED_0.1_2_inductive.pnml,149,0,0.7516499461153355,9,0.9395973154362416,74,3.4,6,0.9432989690721649,0.8926174496644296,0.01807004470938897,1.3020134228187918,61,0
BPIC2012_2000_MIXED_1.0_2_heuristics.pnml,115,6,0.5916727785823275,3,0.991304347826087,65,4.828571428571428,12,0.9695121951219512,0.7304347826086957,0.029774872912127815,1.4260869565217391,54,0
Sepsis_1000_MIXED_0.1_2_heuristics.pnml,98,28,0.9268190639645772,4,1.0,73,5.052631578947368,14,1.0,0.6428571428571429,0.038980509745127435,1.5918367346938775,52,4
Sepsis_4000_INSERTION_2.0_1_heuristics.pnml,175,47,0.941423108186979,7,1.0,138,6.490566037735849,23,1.0,0.6971428571428572,0.025898520084566595,1.68,71,10
Sepsis_40000_ORDERING_10.0_3_inductive.pnml,96,0,0.5586293734521992,13,0.9791666666666666,45,3.5217391304347827,13,0.9846153846153847,0.25,0.028409090909090908,1.3541666666666667,35,0
Sepsis_1000_ABSENCE_10.0_4_heuristics.pnml,98,26,0.9268190639645772,4,1.0,72,5.0,14,1.0,0.6428571428571429,0.03873063468265867,1.5816326530612246,52,4
Sepsis_10000_MIXED_4.0_2_inductive.pnml,297,5,0.7024665512903903,12,0.9865319865319865,193,4.876190476190477,40,1.0,0.16161616161616163,0.012430632630410655,1.5084175084175084,92,0
BPIC2012_10000_ORDERING_0.1_3_inductive.pnml,157,0,0.8739810481273578,13,0.9872611464968153,73,3.411764705882353,6,0.9117647058823529,0.9363057324840764,0.016853932584269662,1.2993630573248407,64,0
RTFMS_40000_ORDERING_0.1_4_heuristics.pnml,71,21,0.898058793450166,3,1.0,48,3.8285714285714287,10,1.0,0.38028169014084506,0.044782608695652176,1.4507042253521127,34,1
BPIC2012_10000_ORDERING_2.0_1_alpha.pnml,45,8,0.9629004147713269,21,0.9777777777777777,33,4.483870967741935,15,1.0,0.37777777777777777,0.07738095238095238,1.7333333333333334,0,14
RTFMS_40000_SUBSTITUTION_1.0_2_inductive_inf.pnml,291,0,0.6699960320994333,8,0.9587628865979382,236,9.473684210526315,78,1.0,0.08247422680412371,0.021974189047785142,1.731958762886598,47,0
Sepsis_20000_SUBSTITUTION_0.2_5_alpha.pnml,35,15,1.0,5,0.8857142857142857,19,4.8,15,1.0,0.0,0.12,1.0285714285714285,0,0
RTFMS_10000_SUBSTITUTION_0.4_3_inductive.pnml,114,2,0.714015280437867,6,0.9824561403508771,60,3.607843137254902,12,1.0,0.21052631578947367,0.02522109400589584,1.3508771929824561,45,0
Sepsis_2000_heuristics.pnml,111,33,0.9564574047992594,6,1.0,86,5.066666666666666,14,1.0,0.5405405405405406,0.03496503496503497,1.6216216216216217,61,6
Sepsis_10000_ABSENCE_0.1_2_inductive_inf.pnml,94,4,0.5107878229540133,9,0.9787234042553191,43,3.409090909090909,11,1.0,0.2553191489361702,0.028531983433041877,1.3191489361702127,36,0
RTFMS_10000_SUBSTITUTION_0.4_3_heuristics.pnml,95,20,0.9262122127346664,5,1.0,67,4.439024390243903,14,1.0,0.42105263157894735,0.03717948717948718,1.5263157894736843,39,3
BPIC2012_10000_ABSENCE_0.1_1_inductive.pnml,130,1,0.6840384356390417,8,0.9538461538461538,68,3.5454545454545454,7,0.9593023255813954,0.9230769230769231,0.021203155818540435,1.323076923076923,53,0
Sepsis_40000_ABSENCE_2.0_2_inductive.pnml,95,3,0.5107878229540133,9,0.9789473684210527,44,3.4545454545454546,11,1.0,0.25263157894736843,0.028455284552845527,1.3263157894736841,37,0
Sepsis_20000_INSERTION_0.4_3_inductive.pnml,221,3,0.7054690408228711,11,0.9819004524886877,124,3.676767676767677,15,1.0,0.23529411764705882,0.01347517730496454,1.3755656108597285,87,0
BPIC2012_40000_inductive_inf.pnml,132,1,0.74959525725948,9,0.9545454545454546,67,3.5357142857142856,6,0.9310344827586207,0.9545454545454546,0.020655270655270654,1.3181818181818181,53,0
BPIC2012_20000_ORDERING_10.0_5_inductive.pnml,89,0,0.7642045065086203,7,0.9775280898876404,48,4.0,15,0.967741935483871,0.7752808988764045,0.033155080213903745,1.3932584269662922,30,0
Sepsis_4000_ABSENCE_0.4_2_alpha.pnml,22,14,0.9402859586706311,7,0.9545454545454546,19,4.071428571428571,14,1.0,0.0,0.18229166666666666,1.5909090909090908,0,2
BPIC2012_1000_ORDERING_0.2_3_inductive_inf.pnml,131,1,0.7642045065086203,10,0.9618320610687023,64,3.5555555555555554,6,0.9244186046511628,0.8778625954198473,0.02057416267942584,1.3129770992366412,51,0
BPIC2012_20000_ORDERING_0.4_4_heuristics.pnml,131,3,0.7592757847892833,4,0.9770992366412213,75,4.780487804878049,13,0.9679144385026738,0.7022900763358778,0.025686813186813186,1.4274809160305344,66,3
RTFMS_20000_ORDERING_0.1_3_heuristics.pnml,64,30,0.8960382325345574,2,1.0,46,3.8125,10,1.0,0.328125,0.049310710498409335,1.453125,29,1
Sepsis_40000_INSERTION_4.0_4_alpha.pnml,770,8,0.9182958340544896,0,0.9948051948051948,92,60.333333333333336,92,0.9944444444444445,0.0,0.03911342894393742,0.23376623376623376,0,0
Sepsis_10000_INSERTION_10.0_2_inductive.pnml,684,3,0.7041920940481364,13,0.9941520467836258,570,11.11304347826087,186,1.0,0.08187134502923976,0.010989210923712316,1.7660818713450293,102,0
BPIC2012_40000_SUBSTITUTION_0.2_4_alpha.pnml,73,10,1.0,8,0.9589041095890412,30,5.5625,20,0.9516129032258065,0.0,0.045454545454545456,0.8493150684931506,0,6
Sepsis_40000_SUBSTITUTION_0.1_2_heuristics.pnml,134,35,0.9526092095121206,9,1.0,108,5.647058823529412,19,1.0,0.5970149253731343,0.032171201814058956,1.6940298507462686,61,7
RTFMS_20000_ABSENCE_10.0_5_inductive.pnml,41,0,0.7424875695421236,2,0.975609756097561,26,3.5789473684210527,7,1.0,0.5853658536585366,0.07179487179487179,1.3658536585365855,14,0
Sepsis_40000_ORDERING_1.0_1_inductive.pnml,100,3,0.5993142373098092,11,0.98,45,3.375,12,0.9848484848484849,0.24,0.02666666666666667,1.32,38,0
Sepsis_20000_MIXED_1.0_3_alpha.pnml,72,11,0.8112781244591328,1,0.9722222222222222,14,9.5,22,1.0,0.0,0.08695652173913043,0.5,0,0
RTFMS_4000_ORDERING_2.0_5_heuristics.pnml,76,24,0.9494520153879484,4,1.0,52,3.8947368421052633,10,1.0,0.47368421052631576,0.042328042328042326,1.4736842105263157,37,3
BPIC2012_1000_MIXED_1.0_5_inductive.pnml,173,1,0.6977652006354234,11,0.9653179190751445,88,3.2588235294117647,6,0.9867256637168141,0.6011560693641619,0.015603424468378901,1.30635838150289,73,0
BPIC2012_2000_INSERTION_4.0_2_heuristics.pnml,157,3,0.6098403047164004,4,0.9617834394904459,104,6.3,16,0.975103734439834,0.6496815286624203,0.02664750110570544,1.535031847133758,57,0
Sepsis_10000_SUBSTITUTION_10.0_1_inductive.pnml,698,1,0.6962122601251458,12,0.994269340974212,587,11.642857142857142,167,1.0,0.07449856733524356,0.011206256675778917,1.7736389684813754,102,0
RTFMS_20000_MIXED_4.0_4_inductive_inf.pnml,246,0,0.419921097375718,8,0.959349593495935,194,9.48936170212766,57,1.0,0.13008130081300814,0.02417229923244358,1.7154471544715446,41,0
Sepsis_100000_SUBSTITUTION_10.0_2_inductive.pnml,4899,0,0.7134566956859694,16,0.9991835068381302,4759,67.74825174825175,2155,1.0,0.01306389058991631,0.008724734622655227,1.9595835884874464,127,0
Sepsis_20000_ABSENCE_10.0_5_heuristics.pnml,113,34,0.9684610087601622,9,1.0,85,4.958333333333333,14,1.0,0.5221238938053098,0.03318903318903319,1.6283185840707965,60,10
BPIC2012_4000_MIXED_4.0_2_inductive_inf.pnml,152,1,0.4743454375622397,5,0.881578947368421,88,3.8983050847457625,11,1.0,0.756578947368421,0.019820850009529253,1.368421052631579,58,0
RTFMS_10000_INSERTION_0.1_3_inductive_inf.pnml,58,1,0.6193821946787638,2,0.8448275862068966,34,3.3846153846153846,4,1.0,0.7586206896551724,0.047979797979797977,1.3103448275862069,22,0
BPIC2012_20000_MIXED_0.1_2_alpha.pnml,37,8,1.0,5,0.8378378378378378,15,3.7857142857142856,13,0.9722222222222222,0.0,0.07142857142857142,0.972972972972973,0,2
BPIC2012_100000_INSERTION_2.0_5_heuristics.pnml,1173,2,0.7024665512903903,8,1.0,1081,26.88095238095238,147,1.0,0.7868712702472294,0.013989807245938035,1.8908780903665814,168,4
Sepsis_1000_MIXED_0.4_3_heuristics.pnml,98,28,0.9268190639645772,4,1.0,73,5.052631578947368,14,1.0,0.6428571428571429,0.038980509745127435,1.5918367346938775,52,4
RTFMS_4000_SUBSTITUTION_4.0_2_alpha.pnml,107,5,0.9910760598382222,5,0.9719626168224299,44,11.88888888888889,44,0.9895833333333334,0.102803738317757,0.05442176870748299,0.897196261682243,0,4
RTFMS_2000_SUBSTITUTION_10.0_5_inductive.pnml,226,2,0.7276874545656657,7,0.9823008849557522,161,5.768115942028985,39,1.0,0.12389380530973451,0.018926103136629454,1.575221238938053,61,0
RTFMS_10000_ABSENCE_0.1_1_alpha.pnml,32,13,1.0,21,1.0,20,4.6,9,1.0,0.5625,0.12554112554112554,1.8125,0,18
BPIC2012_2000_INSERTION_0.1_1_alpha.pnml,33,8,1.0,4,0.8787878787878788,11,3.8333333333333335,11,0.9090909090909091,0.0,0.0763888888888889,1.0,0,1
RTFMS_40000_ORDERING_4.0_4_alpha.pnml,21,10,0.8904916402194913,10,1.0,17,4.769230769230769,11,1.0,0.0,0.17727272727272728,1.8571428571428572,0,7
Sepsis_2000_ABSENCE_10.0_4_heuristics.pnml,112,33,0.9564574047992594,7,1.0,88,5.2,14,1.0,0.5357142857142857,0.03528960490985807,1.6428571428571428,62,6
RTFMS_100000_ORDERING_4.0_2_heuristics.pnml,81,18,0.934068055375491,5,1.0,56,3.95,11,1.0,0.41975308641975306,0.04043126684636118,1.4814814814814814,41,2
Sepsis_1000_ABSENCE_0.1_4_heuristics.pnml,98,28,0.9268190639645772,4,1.0,73,5.052631578947368,14,1.0,0.6428571428571429,0.038980509745127435,1.5918367346938775,52,4
RTFMS_2000_SUBSTITUTION_10.0_3_heuristics.pnml,225,20,0.9786961448300947,14,1.0,189,6.742857142857143,44,1.0,0.36,0.023743016759776536,1.7377777777777779,71,10
BPIC2012_20000_SUBSTITUTION_4.0_2_heuristics.pnml,643,11,0.668127333843614,4,1.0,572,19.26984126984127,81,1.0,0.5956454121306376,0.018351886209029066,1.8460342146189737,119,3
Sepsis_100000_SUBSTITUTION_4.0_2_inductive.pnml,2096,2,0.6870408064059199,14,0.9980916030534351,1966,31.16030534351145,749,1.0,0.030534351145038167,0.009411576756271644,1.911259541984733,121,0
BPIC2012_4000_SUBSTITUTION_1.0_5_heuristics.pnml,152,1,0.7024665512903903,4,0.9736842105263158,95,5.642857142857143,16,0.986784140969163,0.6907894736842105,0.02533482142857143,1.493421052631579,61,3
BPIC2012_10000_SUBSTITUTION_4.0_3_alpha.pnml,231,11,0.9957274520849255,3,0.9696969696969697,63,10.153846153846153,52,0.9833333333333333,0.0,0.03003003003003003,0.5194805194805194,0,1
BPIC2012_10000_ORDERING_2.0_5_heuristics.pnml,131,2,0.7320666900931938,4,0.9618320610687023,75,5.0256410256410255,16,0.9682539682539683,0.6717557251908397,0.026337792642140468,1.4427480916030535,67,3
RTFMS_10000_ORDERING_0.2_4_inductive.pnml,36,0,0.6500224216483541,2,0.9444444444444444,20,4.166666666666667,7,0.9583333333333334,0.5555555555555556,0.07792207792207792,1.3333333333333333,10,0
BPIC2012_20000_ABSENCE_1.0_3_heuristics.pnml,129,3,0.7592757847892833,4,0.9534883720930233,72,4.7073170731707314,15,0.9672131147540983,0.6821705426356589,0.025702247191011236,1.4186046511627908,64,3
Sepsis_10000_INSERTION_2.0_5_inductive.pnml,283,2,0.6840384356390417,11,0.9858657243816255,183,4.888888888888889,43,1.0,0.18374558303886926,0.013017968463513017,1.5053003533568905,85,0
RTFMS_1000_SUBSTITUTION_1.0_4_inductive_inf.pnml,60,1,0.6343095546405662,2,0.8833333333333333,37,3.76,7,1.0,0.13333333333333333,0.050061050061050064,1.3666666666666667,20,0
RTFMS_2000_SUBSTITUTION_0.2_1_heuristics.pnml,67,29,0.9275265884316759,3,1.0,45,3.6,9,1.0,0.1791044776119403,0.04455909943714822,1.4179104477611941,27,3
BPIC2012_4000_ORDERING_0.4_5_inductive.pnml,115,0,0.7382848661434506,6,0.9565217391304348,63,3.5833333333333335,6,0.9539473684210527,0.8608695652173913,0.02412698412698413,1.3217391304347825,45,0
BPIC2012_20000_SUBSTITUTION_0.2_1_inductive.pnml,203,3,0.7035821005719904,11,0.9901477832512315,114,3.707865168539326,10,0.9928057553956835,0.5221674876847291,0.014479166666666666,1.3694581280788178,79,0
Sepsis_4000_SUBSTITUTION_1.0_3_inductive.pnml,187,1,0.7035821005719904,11,0.9786096256684492,100,3.460674157303371,10,1.0,0.21390374331550802,0.015217391304347827,1.3475935828877006,77,0
RTFMS_2000_SUBSTITUTION_2.0_2_heuristics.pnml,93,34,0.9182958340544896,2,1.0,71,5.0,15,1.0,0.13978494623655913,0.04219288174512055,1.5806451612903225,34,2
Sepsis_2000_MIXED_1.0_5_alpha.pnml,24,16,0.9456603046006401,6,0.9166666666666666,16,4.2727272727272725,14,1.0,0.0,0.16842105263157894,1.3333333333333333,0,2
RTFMS_10000_INSERTION_0.2_4_alpha.pnml,37,7,0.9949848281859701,14,0.9459459459459459,29,4.291666666666667,9,0.9508196721311475,0.5135135135135135,0.09077380952380952,1.6486486486486487,0,7
BPIC2012_10000_SUBSTITUTION_4.0_3_heuristics.pnml,371,0,0.6121961274908337,4,0.9919137466307277,305,12.622641509433961,52,1.0,0.5660377358490566,0.020994582043343653,1.7547169811320755,100,3
Sepsis_2000_ORDERING_2.0_2_inductive_inf.pnml,85,1,0.41381685030363374,8,0.9764705882352941,39,3.5555555555555554,10,0.9821428571428571,0.2823529411764706,0.03153153153153153,1.3176470588235294,31,0
Sepsis_4000_ABSENCE_10.0_3_alpha.pnml,22,15,0.9402859586706311,7,0.9545454545454546,18,4.0,14,1.0,0.0,0.17708333333333334,1.5454545454545454,0,2
BPIC2012_1000_SUBSTITUTION_0.2_4_inductive_inf.pnml,132,1,0.691289869405789,8,0.9318181818181819,65,3.5185185185185186,6,0.9302325581395349,0.9090909090909091,0.020417853751187084,1.303030303030303,53,0
BPIC2012_1000_INSERTION_0.2_1_inductive_inf.pnml,130,1,0.691289869405789,8,0.9230769230769231,65,3.5185185185185186,6,0.9411764705882353,0.9153846153846154,0.020828228375398185,1.3076923076923077,52,0
RTFMS_20000_INSERTION_1.0_4_inductive.pnml,198,5,0.7076690004167968,6,0.9797979797979798,146,6.140350877192983,29,1.0,0.1919191919191919,0.02259725400457666,1.595959595959596,50,0
Sepsis_2000_ABSENCE_2.0_1_heuristics.pnml,112,33,0.9564574047992594,6,1.0,87,5.111111111111111,14,1.0,0.5357142857142857,0.0349060222477944,1.625,62,6
Sepsis_1000_INSERTION_0.4_1_inductive.pnml,89,3,0.5617526078313282,6,0.9662921348314607,46,3.5526315789473686,8,0.9830508474576272,0.6629213483146067,0.030922431865828093,1.3258426966292134,34,0
BPIC2012_100000_ORDERING_0.1_5_inductive_inf.pnml,127,1,0.691289869405789,8,0.9606299212598425,70,3.6296296296296298,6,0.9705882352941176,0.8976377952755905,0.02207792207792208,1.3385826771653544,53,0
BPIC2012_10000_INSERTION_1.0_3_alpha.pnml,79,9,0.9852281360342515,5,0.8354430379746836,23,4.571428571428571,19,0.9259259259259259,0.0,0.03609625668449198,0.6835443037974683,0,0
Sepsis_40000_INSERTION_2.0_3_heuristics.pnml,508,36,0.8935711016541907,8,1.0,468,17.517241379310345,81,1.0,0.765748031496063,0.023461990595611285,1.8858267716535433,85,7
Sepsis_4000_ORDERING_10.0_3_inductive_inf.pnml,72,1,0.5225593745369408,9,0.9444444444444444,34,3.4705882352941178,10,0.96875,0.3333333333333333,0.037296037296037296,1.3333333333333333,25,0
RTFMS_1000_ABSENCE_0.2_5_alpha.pnml,27,6,0.8904916402194913,9,0.9259259259259259,10,3.6153846153846154,5,0.972972972972973,0.0,0.10511363636363637,1.3703703703703705,0,8
RTFMS_40000_MIXED_0.2_4_heuristics.pnml,100,18,0.8485481782946158,3,1.0,68,4.55,13,1.0,0.34,0.03595238095238095,1.51,41,1
Sepsis_2000_MIXED_0.4_2_inductive.pnml,105,3,0.6962122601251458,7,0.9809523809523809,54,3.4166666666666665,6,0.9855072463768116,0.7333333333333333,0.025881470367591898,1.3142857142857143,43,0
BPIC2012_2000_SUBSTITUTION_1.0_3_heuristics.pnml,131,4,0.5349436990971066,3,0.9923664122137404,77,4.804878048780488,11,0.9893617021276596,0.7404580152671756,0.02659875495189587,1.4351145038167938,59,0
Sepsis_4000_MIXED_10.0_1_heuristics.pnml,236,43,0.941423108186979,7,1.0,197,8.79245283018868,33,1.0,0.711864406779661,0.025063260633811302,1.7627118644067796,78,10
RTFMS_10000_ABSENCE_0.4_1_heuristics.pnml,64,30,0.9456603046006401,3,1.0,45,3.757575757575758,9,1.0,0.359375,0.0484375,1.453125,28,3
RTFMS_10000_MIXED_4.0_1_inductive_inf.pnml,181,0,0.5293608652873644,7,0.9281767955801105,128,6.28,34,1.0,0.15469613259668508,0.023888520238885203,1.591160220994475,44,0
Sepsis_10000_ABSENCE_4.0_5_alpha.pnml,22,15,0.9402859586706311,7,0.9545454545454546,18,4.0,14,1.0,0.0,0.17708333333333334,1.5454545454545454,0,2
BPIC2012_20000_ABSENCE_1.0_1_heuristics.pnml,132,3,0.7592757847892833,4,0.9621212121212122,76,4.926829268292683,16,0.9685863874345549,0.7121212121212122,0.02595108695652174,1.446969696969697,67,3
RTFMS_1000_ABSENCE_0.1_2_heuristics.pnml,53,17,0.9509560484549725,3,0.9622641509433962,31,3.4444444444444446,6,0.9861111111111112,0.1320754716981132,0.05278592375366569,1.3584905660377358,19,4
BPIC2012_1000_INSERTION_10.0_3_heuristics.pnml,180,6,0.4394969869215134,1,0.9833333333333333,118,6.409090909090909,18,0.9855072463768116,0.7222222222222222,0.023425564420302157,1.5333333333333334,69,0
Sepsis_1000_INSERTION_0.4_2_heuristics.pnml,100,25,0.9090221560878149,4,1.0,74,5.1891891891891895,14,1.0,0.64,0.03861097620203983,1.59,53,4
BPIC2012_40000_ORDERING_0.1_1_inductive.pnml,76,0,0.6500224216483541,3,0.9736842105263158,45,4.583333333333333,11,0.9622641509433962,0.868421052631579,0.040769230769230766,1.394736842105263,25,0
BPIC2012_2000_ORDERING_10.0_4_heuristics.pnml,123,0,0.6292492238560345,3,0.991869918699187,73,4.921052631578948,13,0.9719101123595506,0.6991869918699187,0.028416347381864625,1.4471544715447155,64,0
Sepsis_1000_INSERTION_0.1_4_inductive.pnml,95,3,0.5185697317883058,10,0.968421052631579,40,3.372093023255814,12,0.967741935483871,0.25263157894736843,0.027728085867620753,1.305263157894737,34,0
RTFMS_4000_ORDERING_2.0_3_inductive.pnml,32,0,0.6840384356390417,3,0.9375,18,4.363636363636363,7,0.9545454545454546,0.53125,0.08906882591093117,1.375,7,0
RTFMS_100000_SUBSTITUTION_10.0_5_alpha.pnml,4614,19,0.0,0,0.9995665366276549,1548,1538.5,1548,1.0,0.0,0.16679314830875977,0.6668833983528392,0,0
Sepsis_2000_MIXED_10.0_5_inductive.pnml,240,5,0.7062740891876007,12,0.9833333333333333,137,3.8461538461538463,19,1.0,0.18333333333333332,0.01282051282051282,1.4,88,0
Sepsis_100000_MIXED_0.2_5_heuristics.pnml,171,34,0.9248187049730301,8,1.0,141,7.04,24,1.0,0.5263157894736842,0.029951593384429206,1.736842105263158,66,7
Sepsis_4000_INSERTION_0.4_4_inductive.pnml,123,7,0.6226343162547098,9,0.967479674796748,57,3.3448275862068964,11,0.9876543209876543,0.1951219512195122,0.022058823529411766,1.3170731707317074,44,0
BPIC2012_1000_MIXED_4.0_2_heuristics.pnml,131,6,0.41381685030363374,1,0.9770992366412213,70,5.055555555555555,14,0.9567567567567568,0.7251908396946565,0.025780379041248608,1.4122137404580153,60,0
Sepsis_10000_SUBSTITUTION_4.0_5_inductive.pnml,394,5,0.6949749673676273,11,0.9898477157360406,285,6.5233644859813085,54,1.0,0.1319796954314721,0.01190609906772998,1.614213197969543,99,0
RTFMS_2000_ABSENCE_0.4_2_heuristics.pnml,68,29,0.9275265884316759,3,1.0,46,3.657142857142857,8,1.0,0.17647058823529413,0.044413919413919416,1.4264705882352942,30,3
BPIC2012_2000_SUBSTITUTION_0.1_2_alpha.pnml,33,9,1.0,2,0.7878787878787878,6,3.75,11,0.7586206896551724,0.0,0.06712962962962964,0.8787878787878788,0,0
Sepsis_100000_MIXED_1.0_4_alpha.pnml,266,15,0.9182958340544896,1,0.9849624060150376,48,27.666666666666668,47,0.9759036144578314,0.0,0.03959923664122137,0.31203007518796994,0,0
BPIC2012_40000_INSERTION_0.4_4_alpha.pnml,124,5,0.9798687566511528,12,0.9193548387096774,36,4.958333333333333,21,0.9418604651162791,0.07258064516129033,0.02155388471177945,0.6935483870967742,0,7
Sepsis_20000_ORDERING_10.0_5_inductive.pnml,105,1,0.6646953053493418,12,0.9809523809523809,50,3.3846153846153846,10,0.9857142857142858,0.22857142857142856,0.025678650036683785,1.3333333333333333,41,0
Sepsis_1000_ABSENCE_10.0_2_alpha.pnml,22,14,0.9182958340544896,6,0.9090909090909091,17,4.25,14,1.0,0.0,0.17708333333333334,1.5454545454545454,0,1
RTFMS_40000_MIXED_4.0_5_alpha.pnml,364,49,0.9852281360342515,4,0.9862637362637363,87,33.285714285714285,127,0.9955357142857143,0.0,0.04481792717086835,0.6153846153846154,0,3
Sepsis_40000_MIXED_0.1_1_heuristics.pnml,121,37,0.9440870182837794,8,1.0,97,5.48936170212766,17,1.0,0.5371900826446281,0.03431372549019608,1.677685950413223,59,7
Sepsis_4000_SUBSTITUTION_0.1_5_heuristics.pnml,120,42,0.9656361333706098,7,1.0,90,5.217391304347826,15,1.0,0.6833333333333333,0.03158580267014002,1.6166666666666667,63,10
BPIC2012_100000_SUBSTITUTION_10.0_5_heuristics.pnml,5711,16,0.6987003526563343,23,1.0,5485,52.943396226415096,935,1.0,0.6384170898266504,0.005702861952861953,1.9455436876203818,522,4
BPIC2012_2000_MIXED_1.0_2_inductive.pnml,173,3,0.630797079575061,11,0.9826589595375722,90,3.3536585365853657,6,1.0,0.8323699421965318,0.01581137309292649,1.3179190751445087,74,0
RTFMS_20000_SUBSTITUTION_1.0_1_heuristics.pnml,180,27,0.8418521897563207,2,1.0,153,9.297297297297296,42,1.0,0.1388888888888889,0.03700657894736842,1.75,42,1
BPIC2012_100000_SUBSTITUTION_4.0_4_inductive.pnml,2416,3,0.7348804373538653,23,0.9983443708609272,2213,21.943661971830984,319,1.0,0.039735099337748346,0.005977727041709788,1.8791390728476822,198,0
Sepsis_10000_ABSENCE_4.0_3_inductive.pnml,95,3,0.5107878229540133,9,0.9789473684210527,44,3.4545454545454546,11,1.0,0.25263157894736843,0.028455284552845527,1.3263157894736841,37,0
Sepsis_100000_SUBSTITUTION_10.0_3_inductive.pnml,4904,2,0.7039260680195971,14,0.9991843393148451,4771,71.29411764705883,2177,1.0,0.013050570962479609,0.009117457427845413,1.9608482871125612,126,0
BPIC2012_10000_INSERTION_4.0_3_heuristics.pnml,349,4,0.6226343162547098,4,1.0,280,10.758620689655173,38,1.0,0.6131805157593123,0.019522144522144524,1.7277936962750717,102,3
Sepsis_40000_ORDERING_1.0_4_alpha.pnml,24,6,0.9402859586706311,8,0.9583333333333334,21,4.785714285714286,15,1.0,0.0,0.1640625,1.75,0,5
BPIC2012_1000_MIXED_4.0_3_inductive.pnml,212,3,0.6897501750585195,15,0.9716981132075472,108,3.3300970873786406,6,0.9892857142857143,0.5990566037735849,0.012873563218390805,1.320754716981132,87,0
Sepsis_100000_ABSENCE_4.0_5_heuristics.pnml,114,36,0.9684610087601622,9,1.0,87,5.041666666666667,14,1.0,0.5175438596491229,0.033297720797720795,1.6403508771929824,61,10
RTFMS_10000_INSERTION_0.4_5_inductive.pnml,104,2,0.6690158350565576,4,0.9615384615384616,66,4.3,10,1.0,0.5,0.03201024327784891,1.4423076923076923,34,0
RTFMS_1000_ORDERING_2.0_1_heuristics.pnml,62,16,0.9182958340544896,3,1.0,37,3.6,8,1.0,0.11290322580645161,0.047149122807017545,1.3870967741935485,26,4
BPIC2012_10000_ORDERING_0.2_1_heuristics.pnml,124,1,0.7424875695421236,4,0.9435483870967742,69,4.7631578947368425,13,0.9657142857142857,0.6935483870967742,0.026774785801713587,1.4112903225806452,61,3
Sepsis_4000_ORDERING_10.0_4_heuristics.pnml,125,42,0.954434002924965,7,1.0,96,5.291666666666667,15,1.0,0.664,0.03132678132678133,1.632,71,9
Sepsis_4000_SUBSTITUTION_1.0_1_alpha.pnml,44,21,0.9940302114769565,6,0.8863636363636364,21,5.181818181818182,20,1.0,0.0,0.1076923076923077,0.9545454545454546,0,0
Sepsis_10000_ORDERING_0.4_3_heuristics.pnml,110,33,0.9440870182837794,8,1.0,84,4.9361702127659575,15,1.0,0.5363636363636364,0.034636222910216716,1.6272727272727272,59,7
BPIC2012_1000_ORDERING_0.4_2_heuristics.pnml,115,3,0.4394969869215134,1,0.9739130434782609,60,4.7272727272727275,12,0.949685534591195,0.7391304347826086,0.027953586497890294,1.382608695652174,55,0
BPIC2012_4000_INSERTION_4.0_2_heuristics.pnml,223,6,0.6880476235340796,5,0.9865470852017937,156,7.571428571428571,23,0.9804469273743017,0.7219730941704036,0.02163926499032882,1.6053811659192825,79,3
BPIC2012_10000_INSERTION_1.0_5_heuristics.pnml,185,2,0.6751914401458716,4,0.9837837837837837,118,6.4,21,0.9717314487632509,0.772972972972973,0.02213012198936503,1.5297297297297296,70,3
BPIC2012_2000_MIXED_10.0_1_heuristics.pnml,194,3,0.4959690720618337,3,0.9742268041237113,131,6.760869565217392,20,0.9867549668874173,0.7268041237113402,0.02287878787878788,1.556701030927835,82,0
BPIC2012_2000_ABSENCE_4.0_5_alpha.pnml,37,9,0.9980008838722996,9,0.972972972972973,17,3.8421052631578947,13,1.0,0.0,0.07371794871794872,1.2432432432432432,0,7
Sepsis_100000_ABSENCE_0.1_4_inductive_inf.pnml,90,3,0.5266170655714281,9,0.9777777777777777,42,3.4761904761904763,11,1.0,0.26666666666666666,0.030165912518853696,1.3333333333333333,34,0
BPIC2012_10000_ABSENCE_10.0_1_inductive.pnml,121,0,0.6840384356390417,7,0.9669421487603306,71,3.581818181818182,6,0.9939024390243902,0.8925619834710744,0.023768115942028985,1.3553719008264462,50,0
Sepsis_20000_INSERTION_10.0_2_alpha.pnml,941,17,0.7219280948873623,1,0.9957492029755579,114,43.0,111,1.0,0.0,0.028148345784418355,0.22422954303931988,0,0
RTFMS_10000_MIXED_10.0_1_heuristics.pnml,360,6,0.9357110512652843,9,1.0,319,13.074074074074074,86,1.0,0.4111111111111111,0.0257421875,1.8305555555555555,63,5
Sepsis_40000_SUBSTITUTION_0.1_5_inductive.pnml,141,5,0.7553754125614287,8,0.9716312056737588,77,3.420289855072464,8,1.0,0.5673758865248227,0.02022137079608344,1.3475177304964538,56,0
BPIC2012_10000_ORDERING_0.2_1_alpha.pnml,33,10,0.9957274520849255,5,0.8484848484848485,12,3.8461538461538463,13,0.9428571428571428,0.0,0.08101851851851852,1.0606060606060606,0,3
RTFMS_100000_INSERTION_10.0_3_inductive.pnml,4658,5,0.7300166301457938,11,0.9991412623443539,4568,94.3265306122449,1120,1.0,0.009446114212108201,0.012851304445190908,1.9712322885358522,86,0
RTFMS_20000_SUBSTITUTION_2.0_5_alpha.pnml,199,7,1.0,5,0.9798994974874372,77,21.75,78,1.0,0.035175879396984924,0.060267857142857144,0.8140703517587939,0,3
BPIC2012_10000_ORDERING_10.0_3_alpha.pnml,40,6,0.9949848281859701,15,0.95,31,4.666666666666667,18,1.0,0.275,0.08854166666666667,1.7,0,10
BPIC2012_10000_MIXED_2.0_3_alpha.pnml,84,4,0.6500224216483541,1,0.8928571428571429,26,9.0,23,0.9622641509433962,0.0,0.056623931623931624,0.6309523809523809,0,0
Sepsis_10000_INSERTION_10.0_1_inductive.pnml,675,1,0.7408656862339817,14,0.9940740740740741,557,10.17741935483871,196,1.0,0.08296296296296296,0.010451667668800622,1.751111111111111,105,0
RTFMS_2000_SUBSTITUTION_2.0_1_inductive_inf.pnml,73,0,0.41381685030363374,1,0.821917808219178,46,4.583333333333333,8,1.0,0.5616438356164384,0.04634581105169341,1.4246575342465753,24,0
RTFMS_10000_ABSENCE_0.4_2_heuristics.pnml,67,26,0.9517626756348311,4,1.0,47,3.7714285714285714,9,1.0,0.3880597014925373,0.04666666666666667,1.462686567164179,30,3
BPIC2012_4000_ABSENCE_4.0_4_heuristics.pnml,126,3,0.7320666900931938,4,0.9523809523809523,69,4.743589743589744,14,0.9662921348314607,0.6984126984126984,0.026230474506336577,1.4126984126984128,62,3
BPIC2012_100000_MIXED_2.0_2_heuristics.pnml,693,8,0.6500224216483541,8,1.0,606,18.0,88,0.9984239558707644,0.5945165945165946,0.015543851053405194,1.8311688311688312,141,4
BPIC2012_4000_INSERTION_10.0_2_inductive.pnml,463,7,0.7444131797881748,18,0.9913606911447084,316,5.243589743589744,25,1.0,0.2570194384449244,0.008560497369679579,1.5464362850971922,131,0
RTFMS_20000_MIXED_2.0_2_inductive.pnml,241,4,0.7592757847892833,9,0.983402489626556,167,5.195121951219512,30,1.0,0.13278008298755187,0.01641949152542373,1.5435684647302905,71,0
RTFMS_1000_ABSENCE_2.0_2_inductive_inf.pnml,45,0,0.5032583347756457,1,0.9111111111111111,25,3.5,5,0.9827586206896551,0.08888888888888889,0.06092436974789916,1.288888888888889,16,0
BPIC2012_4000_INSERTION_0.4_3_inductive_inf.pnml,140,0,0.6252624052234231,8,0.9214285714285715,76,3.453125,6,0.9946236559139785,0.8857142857142857,0.019893048128342247,1.3285714285714285,57,0
BPIC2012_1000_MIXED_1.0_5_alpha.pnml,39,11,0.9940302114769565,4,0.8461538461538461,10,3.727272727272727,12,0.8333333333333334,0.0,0.05844155844155844,0.9230769230769231,0,1
RTFMS_2000_MIXED_0.2_5_heuristics.pnml,66,30,0.9366673818775626,3,1.0,46,3.7058823529411766,9,1.0,0.18181818181818182,0.046341463414634146,1.4393939393939394,28,3
Sepsis_1000_ORDERING_4.0_3_inductive_inf.pnml,88,3,0.4770713062193297,8,0.9886363636363636,39,3.3333333333333335,10,0.9649122807017544,0.2727272727272727,0.029827315541601257,1.2954545454545454,33,0
BPIC2012_10000_INSERTION_2.0_2_heuristics.pnml,243,5,0.6800770457282799,5,0.9876543209876543,177,8.26,27,0.9874371859296482,0.691358024691358,0.021602257924446373,1.6378600823045268,81,3
BPIC2012_2000_SUBSTITUTION_0.2_1_inductive_inf.pnml,132,1,0.6565402813869459,8,0.9393939393939394,69,3.440677966101695,6,0.9712643678160919,0.9015151515151515,0.020778600429902077,1.3181818181818181,53,0
RTFMS_2000_ABSENCE_0.1_2_heuristics.pnml,65,29,0.9456603046006401,3,0.9692307692307692,44,3.727272727272727,8,0.989247311827957,0.18461538461538463,0.0465,1.4307692307692308,28,3
RTFMS_100000_ORDERING_10.0_4_heuristics.pnml,86,22,0.9402859586706311,5,1.0,61,4.095238095238095,11,1.0,0.4186046511627907,0.03932244404113733,1.5116279069767442,45,2
RTFMS_40000_ABSENCE_0.2_4_inductive_inf.pnml,55,0,0.74959525725948,6,0.9454545454545454,27,3.25,5,0.9722222222222222,0.07272727272727272,0.048,1.309090909090909,18,0
Sepsis_20000_INSERTION_10.0_4_alpha.pnml,967,4,0.0,0,0.9979317476732161,109,107.0,109,1.0,0.0,0.05544041450777202,0.22130299896587383,0,0
Sepsis_100000_SUBSTITUTION_4.0_2_alpha.pnml,1869,26,0.0,0,0.9989299090422686,192,179.0,192,1.0,0.0,0.04793786823781468,0.19154628143392188,0,0
Sepsis_4000_ORDERING_4.0_3_heuristics.pnml,121,44,0.9684610087601622,8,1.0,91,5.125,15,1.0,0.6694214876033058,0.031071655041217502,1.6198347107438016,66,11
RTFMS_10000_ORDERING_0.2_5_alpha.pnml,29,8,0.9927744539878083,18,1.0,22,4.5,9,0.9814814814814815,0.6206896551724138,0.13636363636363635,1.8620689655172413,0,14
BPIC2012_2000_INSERTION_0.2_1_heuristics.pnml,106,5,0.6252624052234231,3,0.9528301886792453,59,4.8125,11,0.9533333333333334,0.7641509433962265,0.0316722972972973,1.4150943396226414,49,0
Sepsis_4000_SUBSTITUTION_0.1_4_heuristics.pnml,121,41,0.9601186626422924,7,1.0,91,5.191489361702128,15,1.0,0.6776859504132231,0.03153153153153153,1.6198347107438016,64,9
Sepsis_100000_INSERTION_0.1_3_inductive.pnml,220,6,0.6861549474202006,11,0.9818181818181818,128,3.935483870967742,17,1.0,0.23636363636363636,0.014163011695906433,1.4090909090909092,81,0
Sepsis_40000_SUBSTITUTION_2.0_5_inductive.pnml,605,5,0.7007495497162062,12,0.9933884297520661,487,9.60344827586207,153,1.0,0.09256198347107437,0.010888120914352335,1.7289256198347107,105,0
RTFMS_40000_ORDERING_1.0_2_heuristics.pnml,72,21,0.898058793450166,3,1.0,49,3.8857142857142857,10,1.0,0.375,0.04468085106382979,1.4583333333333333,35,1
RTFMS_1000_MIXED_4.0_2_alpha.pnml,31,2,0.9798687566511528,6,0.8709677419354839,16,4.333333333333333,11,0.9736842105263158,0.0,0.09047619047619047,1.2258064516129032,0,5
Sepsis_40000_INSERTION_0.2_2_inductive_inf.pnml,70,1,0.0,0,0.9142857142857143,43,4.363636363636363,8,1.0,0.8,0.045454545454545456,1.3714285714285714,26,0
RTFMS_20000_ABSENCE_0.4_4_alpha.pnml,27,23,0.9886994082884974,16,1.0,13,4.25,9,1.0,0.25925925925925924,0.1278409090909091,1.6666666666666667,0,11
BPIC2012_4000_INSERTION_4.0_4_heuristics.pnml,229,3,0.6267511370265895,4,0.9868995633187773,162,7.509803921568627,21,0.9972826086956522,0.6724890829694323,0.021510404489127895,1.6069868995633187,76,3
Sepsis_2000_SUBSTITUTION_4.0_4_heuristics.pnml,154,27,0.9486131982385806,8,1.0,125,6.408163265306122,20,1.0,0.6363636363636364,0.03083804143126177,1.7012987012987013,66,6
BPIC2012_20000_INSERTION_1.0_2_inductive.pnml,295,3,0.7255826757048172,12,0.9864406779661017,191,4.660550458715596,14,1.0,0.5525423728813559,0.01215738284703802,1.4915254237288136,93,0
RTFMS_1000_INSERTION_0.2_2_alpha.pnml,27,3,0.954434002924965,9,0.8888888888888888,14,3.5,6,1.0,0.0,0.10555555555555556,1.4074074074074074,0,8
RTFMS_4000_SUBSTITUTION_0.2_3_alpha.pnml,26,9,0.9709505944546686,6,0.7692307692307692,11,3.9,8,0.90625,0.34615384615384615,0.09696969696969697,1.2307692307692308,0,4
RTFMS_4000_MIXED_1.0_5_alpha.pnml,29,6,0.9940302114769565,8,0.9310344827586207,18,5.363636363636363,14,1.0,0.41379310344827586,0.11315789473684211,1.4827586206896552,0,5
BPIC2012_100000_ORDERING_0.4_5_heuristics.pnml,142,1,0.7642045065086203,5,0.9929577464788732,83,4.866666666666666,16,0.9757281553398058,0.676056338028169,0.024195442800093964,1.4507042253521127,74,4
RTFMS_1000_MIXED_0.4_2_heuristics.pnml,57,19,0.9293636260137187,3,1.0,35,3.5172413793103448,6,1.0,0.12280701754385964,0.05051150895140665,1.3859649122807018,21,4
Sepsis_1000_INSERTION_0.4_1_heuristics.pnml,101,28,0.9268190639645772,4,1.0,76,5.2105263157894735,15,1.0,0.6435643564356436,0.03879310344827586,1.603960396039604,53,4
Sepsis_100000_alpha.pnml,22,15,0.9402859586706311,7,0.9545454545454546,18,4.0,14,1.0,0.0,0.17708333333333334,1.5454545454545454,0,2
RTFMS_4000_ABSENCE_10.0_2_alpha.pnml,30,22,1.0,21,1.0,18,4.5,10,1.0,0.5333333333333333,0.13157894736842105,1.8333333333333333,0,15
BPIC2012_40000_INSERTION_0.1_4_heuristics.pnml,160,3,0.6880476235340796,4,0.98125,96,5.1020408163265305,14,0.9914893617021276,0.7875,0.02240655987795576,1.46875,71,3
RTFMS_2000_ORDERING_0.4_4_inductive.pnml,58,3,0.8256265261578954,5,0.9655172413793104,27,3.259259259259259,5,0.9459459459459459,0.06896551724137931,0.04447115384615385,1.2758620689655173,20,0
Sepsis_40000_SUBSTITUTION_0.1_1_alpha.pnml,44,21,0.9940302114769565,6,0.8863636363636364,21,5.181818181818182,20,1.0,0.0,0.1076923076923077,0.9545454545454546,0,0
RTFMS_40000_MIXED_0.2_4_inductive.pnml,126,3,0.7473944462440387,8,0.9682539682539683,70,3.5081967213114753,10,1.0,0.15873015873015872,0.022970085470085472,1.3650793650793651,49,0
BPIC2012_1000_MIXED_10.0_4_heuristics.pnml,156,6,0.38431154412649704,1,0.9807692307692307,99,5.9,16,0.9871244635193133,0.7243589743589743,0.025107758620689657,1.4935897435897436,65,0
Sepsis_100000_ORDERING_0.2_4_heuristics.pnml,114,36,0.9377342939868041,8,1.0,88,5.041666666666667,15,1.0,0.5175438596491229,0.033815551537070526,1.6403508771929824,62,7
Sepsis_40000_ABSENCE_10.0_5_heuristics.pnml,114,36,0.9684610087601622,9,1.0,87,5.041666666666667,14,1.0,0.5175438596491229,0.033297720797720795,1.6403508771929824,61,10
Sepsis_2000_SUBSTITUTION_1.0_4_heuristics.pnml,120,33,0.9564574047992594,6,1.0,95,5.466666666666667,15,1.0,0.5416666666666666,0.034482758620689655,1.65,61,6
BPIC2012_1000_INSERTION_10.0_5_inductive.pnml,266,2,0.7316557766078083,16,0.9849624060150376,153,3.7049180327868854,12,1.0,0.4849624060150376,0.011285304703226987,1.3909774436090225,100,0
BPIC2012_10000_ABSENCE_2.0_5_inductive.pnml,137,0,0.631263018091612,8,0.9708029197080292,75,3.4444444444444446,7,0.9945054945054945,0.9051094890510949,0.02030343596608657,1.3284671532846715,58,0
Sepsis_2000_MIXED_2.0_2_inductive.pnml,164,3,0.7072324944713735,11,0.975609756097561,83,3.253012048192771,6,1.0,0.1951219512195122,0.01661794122172642,1.3170731707317074,68,0
RTFMS_20000_INSERTION_1.0_1_heuristics.pnml,170,20,0.863120568566631,4,1.0,140,7.761904761904762,31,1.0,0.4,0.0337665351589696,1.7117647058823529,46,1
Sepsis_4000_SUBSTITUTION_4.0_5_heuristics.pnml,220,53,0.9494520153879484,7,1.0,182,7.684210526315789,33,1.0,0.6772727272727272,0.024253968253968253,1.7363636363636363,77,10
Sepsis_1000_ABSENCE_0.4_4_heuristics.pnml,98,28,0.9268190639645772,4,1.0,73,5.052631578947368,14,1.0,0.6428571428571429,0.038980509745127435,1.5918367346938775,52,4
BPIC2012_1000_INSERTION_0.2_2_alpha.pnml,36,8,1.0,4,0.8055555555555556,13,3.7142857142857144,11,0.9210526315789473,0.0,0.06909090909090909,1.0555555555555556,0,1
BPIC2012_10000_SUBSTITUTION_0.1_4_heuristics.pnml,127,2,0.7531979910695014,4,0.905511811023622,69,4.945945945945946,12,0.9497206703910615,0.7165354330708661,0.02607808857808858,1.4094488188976377,58,3
RTFMS_20000_MIXED_0.2_4_alpha.pnml,26,19,1.0,6,0.9230769230769231,11,4.1,12,1.0,0.23076923076923078,0.1076388888888889,1.1923076923076923,0,1
Sepsis_1000_INSERTION_0.1_4_alpha.pnml,24,15,0.9182958340544896,7,0.9166666666666666,16,4.333333333333333,14,1.0,0.0,0.14705882352941177,1.4583333333333333,0,2
BPIC2012_2000_SUBSTITUTION_1.0_3_inductive.pnml,223,3,0.6609623351442084,12,0.9820627802690582,115,3.2857142857142856,5,0.9896551724137931,0.6860986547085202,0.01211361737677527,1.3004484304932735,97,0
BPIC2012_10000_ORDERING_10.0_3_inductive.pnml,116,0,0.7300166301457938,8,0.9827586206896551,64,3.7551020408163267,11,0.9746835443037974,0.9137931034482759,0.024726134585289515,1.3620689655172413,46,0
BPIC2012_4000_INSERTION_0.4_3_alpha.pnml,38,10,0.9182958340544896,2,0.7894736842105263,7,5.0,15,0.8275862068965517,0.0,0.06682027649769585,0.7631578947368421,0,0
RTFMS_40000_INSERTION_4.0_3_alpha.pnml,766,11,0.9910760598382222,3,0.9869451697127938,201,47.111111111111114,201,0.9951456310679612,0.0,0.03877282138151703,0.5378590078328982,0,0
BPIC2012_1000_INSERTION_10.0_4_inductive_inf.pnml,164,0,0.5787946246321198,4,0.8780487804878049,94,4.137931034482759,14,0.9734513274336283,0.3170731707317073,0.01884904086738949,1.3780487804878048,58,0
RTFMS_2000_MIXED_0.2_5_inductive_inf.pnml,62,0,0.7219280948873623,3,0.9032258064516129,32,3.2333333333333334,5,0.9875,0.12903225806451613,0.043243243243243246,1.2903225806451613,24,0
BPIC2012_40000_ORDERING_10.0_2_alpha.pnml,38,8,0.8366407419411672,12,0.9736842105263158,30,6.0,24,1.0,0.21052631578947367,0.09821428571428571,1.736842105263158,0,11
BPIC2012_2000_INSERTION_0.1_1_heuristics.pnml,104,6,0.6373874992221911,3,0.9519230769230769,56,4.774193548387097,10,0.9452054794520548,0.7692307692307693,0.031684027777777776,1.4038461538461537,49,0
RTFMS_40000_ABSENCE_0.1_2_alpha.pnml,28,28,0.954434002924965,17,1.0,12,4.25,9,1.0,0.0,0.12299465240641712,1.6428571428571428,0,11
RTFMS_40000_INSERTION_0.2_5_inductive.pnml,146,2,0.7286561673702678,7,0.9726027397260274,92,4.237288135593221,13,1.0,0.1643835616438356,0.02278100150440576,1.452054794520548,47,0
RTFMS_2000_MIXED_0.4_5_heuristics.pnml,72,29,0.9275265884316759,3,1.0,50,3.8857142857142857,9,1.0,0.6805555555555556,0.04389632107023411,1.4583333333333333,32,3
Sepsis_20000_SUBSTITUTION_4.0_5_inductive.pnml,605,5,0.7007495497162062,12,0.9933884297520661,487,9.60344827586207,153,1.0,0.09256198347107437,0.010888120914352335,1.7289256198347107,105,0
RTFMS_100000_INSERTION_2.0_3_heuristics.pnml,1071,25,0.8663006754980498,5,1.0,1024,35.898305084745765,256,1.0,0.5350140056022409,0.02291537576347703,1.9337068160597572,77,2
BPIC2012_4000_ABSENCE_2.0_1_inductive.pnml,134,1,0.6631968402398287,8,0.9701492537313433,72,3.5344827586206895,7,0.9719101123595506,0.8731343283582089,0.020731423247146517,1.328358208955224,56,0
Sepsis_40000_MIXED_0.2_5_alpha.pnml,40,13,0.9798687566511528,6,0.875,19,4.666666666666667,14,0.975,0.0,0.08658008658008658,1.0,0,2
Sepsis_2000_SUBSTITUTION_1.0_2_inductive.pnml,101,3,0.6321302781219706,5,0.9702970297029703,55,3.6136363636363638,7,1.0,0.40594059405940597,0.028404344193817876,1.3465346534653466,36,0
Sepsis_20000_SUBSTITUTION_4.0_3_inductive.pnml,612,1,0.7153220528038851,13,0.9934640522875817,492,9.245901639344263,153,1.0,0.0915032679738562,0.01046216151830382,1.7222222222222223,109,0
BPIC2012_20000_ORDERING_0.1_1_heuristics.pnml,127,3,0.7691928290130138,4,0.9685039370078741,71,4.725,13,0.9666666666666667,0.6929133858267716,0.026223776223776224,1.4173228346456692,63,3
Sepsis_40000_ABSENCE_0.1_5_inductive.pnml,95,3,0.5107878229540133,9,0.9789473684210527,44,3.4545454545454546,11,1.0,0.25263157894736843,0.028455284552845527,1.3263157894736841,37,0
BPIC2012_1000_ORDERING_2.0_4_inductive.pnml,141,2,0.8564052389131376,11,0.9645390070921985,63,3.473684210526316,7,0.8956043956043956,0.8865248226950354,0.018647540983606558,1.2907801418439717,55,0
BPIC2012_100000_MIXED_1.0_2_heuristics.pnml,431,4,0.6962122601251458,7,1.0,357,12.28125,53,0.9973684210526316,0.6148491879350348,0.017825311942959002,1.7633410672853829,115,4
RTFMS_10000_MIXED_4.0_5_alpha.pnml,92,18,0.954434002924965,6,0.967391304347826,32,11.5,41,1.0,0.09782608695652174,0.06101190476190476,0.8913043478260869,0,4
Sepsis_1000_MIXED_0.2_4_inductive_inf.pnml,92,4,0.5746356978376794,9,0.967391304347826,40,3.2954545454545454,11,0.9833333333333333,0.2608695652173913,0.028694404591104734,1.3043478260869565,34,0
RTFMS_4000_ORDERING_0.4_5_alpha.pnml,26,16,0.9980008838722996,15,1.0,19,4.105263157894737,9,1.0,0.5769230769230769,0.1393939393939394,1.7692307692307692,0,10
RTFMS_4000_SUBSTITUTION_1.0_1_inductive.pnml,124,3,0.7147274731317892,6,0.967741935483871,69,3.642857142857143,8,1.0,0.1935483870967742,0.02390998593530239,1.3709677419354838,49,0
Sepsis_10000_INSERTION_0.1_1_alpha.pnml,30,22,0.964078764808229,10,0.9666666666666667,21,4.166666666666667,16,0.9777777777777777,0.0,0.11904761904761904,1.5,0,2
RTFMS_1000_INSERTION_0.4_5_heuristics.pnml,59,16,0.9182958340544896,3,1.0,34,3.4,6,1.0,0.11864406779661017,0.047619047619047616,1.3559322033898304,21,4
BPIC2012_2000_ORDERING_0.4_4_alpha.pnml,32,6,0.9940302114769565,3,0.84375,13,4.090909090909091,13,0.9117647058823529,0.0,0.08854166666666667,1.0625,0,0
BPIC2012_2000_INSERTION_1.0_5_heuristics.pnml,123,6,0.5524951143251111,3,0.991869918699187,69,4.641025641025641,11,0.9770114942528736,0.7967479674796748,0.027341294783155248,1.4146341463414633,57,0
BPIC2012_100000_ORDERING_10.0_4_heuristics.pnml,184,2,0.6429383500409614,4,0.9945652173913043,116,5.363636363636363,23,0.9963768115942029,0.6684782608695652,0.020597014925373136,1.5,109,3
Sepsis_40000_MIXED_2.0_2_inductive.pnml,408,6,0.7033693386668108,12,0.9901960784313726,296,6.618181818181818,87,1.0,0.12745098039215685,0.011658624211898137,1.6225490196078431,98,0
BPIC2012_40000_ORDERING_2.0_2_heuristics.pnml,156,5,0.6962122601251458,4,0.9935897435897436,94,5.020833333333333,20,0.9824561403508771,0.7243589743589743,0.022529644268774702,1.4615384615384615,85,3
BPIC2012_2000_MIXED_1.0_1_heuristics.pnml,114,5,0.6024308020404452,3,0.9649122807017544,68,5.088235294117647,12,0.9819277108433735,0.7456140350877193,0.03163109756097561,1.456140350877193,51,0
Sepsis_1000_ABSENCE_0.2_2_inductive.pnml,90,4,0.5266170655714281,9,0.9666666666666667,40,3.357142857142857,11,0.9830508474576272,0.26666666666666666,0.0295,1.3111111111111111,33,0
Sepsis_4000_SUBSTITUTION_0.1_5_inductive.pnml,113,4,0.7367680100024783,7,0.9823008849557522,59,3.358490566037736,5,0.9864864864864865,0.7522123893805309,0.024010382868267358,1.3097345132743363,47,0
Sepsis_2000_SUBSTITUTION_0.1_3_heuristics.pnml,113,33,0.9564574047992594,6,1.0,88,5.155555555555556,15,1.0,0.5398230088495575,0.03484848484848485,1.6283185840707965,61,6
RTFMS_2000_ORDERING_10.0_1_inductive_inf.pnml,49,0,0.6665783579949205,3,0.9183673469387755,27,3.3043478260869565,5,0.96875,0.08163265306122448,0.05517241379310345,1.3061224489795917,17,0
Sepsis_40000_MIXED_10.0_1_inductive.pnml,1183,2,0.7033693386668108,11,0.9966187658495351,1074,20.672727272727272,393,1.0,0.044801352493660185,0.011348930838280303,1.8681318681318682,98,0
Sepsis_100000_ORDERING_4.0_2_heuristics.pnml,129,35,0.9526092095121206,9,1.0,97,5.215686274509804,16,1.0,0.4728682170542636,0.030056980056980057,1.6356589147286822,73,10
RTFMS_2000_INSERTION_1.0_5_heuristics.pnml,81,27,0.9090221560878149,3,1.0,55,4.054054054054054,8,1.0,0.08641975308641975,0.04009433962264151,1.4691358024691359,30,3
RTFMS_20000_ORDERING_0.4_5_alpha.pnml,20,18,0.9957274520849255,9,0.95,13,4.076923076923077,10,1.0,0.35,0.16666666666666666,1.65,0,4
RTFMS_40000_SUBSTITUTION_0.1_2_alpha.pnml,39,14,0.954434002924965,5,0.9487179487179487,14,5.375,15,1.0,0.0,0.08035714285714286,0.9230769230769231,0,2
RTFMS_40000_alpha.pnml,25,29,0.8904916402194913,12,0.92,8,3.8461538461538463,7,0.9444444444444444,0.0,0.11688311688311688,1.44,0,4
RTFMS_40000_MIXED_0.1_4_alpha.pnml,26,18,0.9940302114769565,6,0.9230769230769231,11,3.909090909090909,12,1.0,0.0,0.1076388888888889,1.1923076923076923,0,2
Sepsis_20000_SUBSTITUTION_10.0_2_heuristics.pnml,1135,36,0.9410313090323237,15,1.0,1091,28.34567901234568,187,1.0,0.8008810572687225,0.018221236594730572,1.9400881057268722,111,7
Sepsis_2000_MIXED_0.2_3_inductive.pnml,89,4,0.5266170655714281,9,0.9775280898876404,41,3.4285714285714284,11,1.0,0.2696629213483146,0.030256410256410255,1.3258426966292134,33,0
Sepsis_40000_INSERTION_0.4_3_heuristics.pnml,205,35,0.9121156307204276,8,1.0,169,7.5636363636363635,33,1.0,0.7073170731707317,0.026621058893515764,1.7463414634146341,74,7
Sepsis_100000_ORDERING_4.0_5_heuristics.pnml,128,35,0.9526092095121206,9,1.0,96,5.176470588235294,15,1.0,0.4765625,0.03010659752232786,1.6328125,72,10
RTFMS_10000_MIXED_4.0_1_heuristics.pnml,200,16,0.9426831892554922,7,1.0,163,7.76,41,1.0,0.595,0.028519316862875146,1.72,57,5
RTFMS_1000_SUBSTITUTION_4.0_4_alpha.pnml,38,9,0.9957274520849255,7,0.9473684210526316,22,5.0,13,1.0,0.18421052631578946,0.08812260536398467,1.2105263157894737,0,4
Sepsis_4000_MIXED_4.0_1_inductive.pnml,228,9,0.7219280948873623,11,0.9824561403508771,128,3.8,20,1.0,0.21052631578947367,0.013429054054054054,1.394736842105263,88,0
Sepsis_40000_SUBSTITUTION_4.0_3_heuristics.pnml,993,30,0.8605553930586318,11,1.0,937,26.7027027027027,187,1.0,0.771399798590131,0.017871869845554056,1.9204431017119838,112,7
Sepsis_4000_SUBSTITUTION_2.0_1_alpha.pnml,60,16,1.0,4,0.95,21,6.75,22,1.0,0.0,0.09821428571428571,0.7333333333333333,0,0
RTFMS_100000_ABSENCE_2.0_2_inductive.pnml,65,1,0.7642045065086203,6,0.9846153846153847,36,3.1666666666666665,4,1.0,0.06153846153846154,0.041505791505791506,1.323076923076923,25,0
Sepsis_10000_ABSENCE_10.0_2_inductive.pnml,95,3,0.5107878229540133,9,0.9789473684210527,44,3.4545454545454546,11,1.0,0.25263157894736843,0.028455284552845527,1.3263157894736841,37,0
BPIC2012_100000_MIXED_2.0_4_inductive.pnml,879,4,0.7278290591587513,22,0.9954493742889647,681,7.9504950495049505,72,1.0,0.10466439135381114,0.006401494835550788,1.683731513083049,182,0
BPIC2012_100000_ORDERING_0.4_5_alpha.pnml,39,3,0.9990102708804813,15,0.9743589743589743,36,4.37037037037037,16,0.9852941176470589,0.0,0.09444444444444444,1.7435897435897436,0,7
BPIC2012_2000_INSERTION_0.2_4_inductive.pnml,140,1,0.7153220528038851,9,0.9285714285714286,69,3.4098360655737703,7,0.945054945054945,0.9214285714285714,0.019133725820016823,1.3,56,0
Sepsis_100000_ABSENCE_2.0_5_alpha.pnml,23,12,0.9402859586706311,8,0.9565217391304348,19,4.285714285714286,14,1.0,0.0,0.16517857142857142,1.608695652173913,0,4
BPIC2012_40000_MIXED_0.4_3_heuristics.pnml,193,2,0.6572729784684465,4,0.9948186528497409,130,6.056603773584905,18,1.0,0.694300518134715,0.02185951617604197,1.5544041450777202,82,3
RTFMS_40000_SUBSTITUTION_10.0_2_alpha.pnml,1936,30,0.0,0,0.9989669421487604,645,660.0,675,1.0,0.0,0.17063081695966908,0.6818181818181818,0,0
Sepsis_2000_ORDERING_2.0_2_inductive.pnml,88,2,0.4770713062193297,9,0.9772727272727273,39,3.4871794871794872,11,0.9827586206896551,0.2727272727272727,0.030350601779173206,1.3181818181818181,32,0
RTFMS_2000_SUBSTITUTION_0.4_5_heuristics.pnml,69,29,0.9275265884316759,3,1.0,47,3.7142857142857144,9,1.0,0.17391304347826086,0.04427549194991055,1.434782608695652,27,3
RTFMS_10000_ABSENCE_0.4_4_heuristics.pnml,67,26,0.9517626756348311,4,1.0,47,3.7714285714285714,9,1.0,0.3880597014925373,0.04666666666666667,1.462686567164179,30,3
BPIC2012_40000_MIXED_10.0_3_alpha.pnml,1024,22,0.9182958340544896,1,0.9931640625,155,49.5,154,0.9965753424657534,0.0,0.028655544651619236,0.28515625,0,0
BPIC2012_100000_SUBSTITUTION_2.0_2_alpha.pnml,1090,0,0.0,0,0.998165137614679,170,170.0,170,1.0,0.0,0.078125,0.3119266055045872,0,0
RTFMS_2000_INSERTION_10.0_4_alpha.pnml,106,8,0.9852281360342515,3,0.9716981132075472,35,10.285714285714286,31,1.0,0.0,0.06336633663366337,0.6037735849056604,0,2
Sepsis_20000_ABSENCE_1.0_5_inductive_inf.pnml,77,2,0.5032583347756457,8,0.974025974025974,36,3.4444444444444446,10,1.0,0.3116883116883117,0.03488372093023256,1.3246753246753247,29,0
RTFMS_20000_ABSENCE_10.0_3_inductive.pnml,41,0,0.7424875695421236,2,0.975609756097561,26,3.5789473684210527,7,1.0,0.5853658536585366,0.07179487179487179,1.3658536585365855,14,0
BPIC2012_10000_ORDERING_1.0_2_inductive.pnml,82,0,0.7355085815538398,4,0.975609756097561,47,4.275862068965517,18,0.9649122807017544,0.8780487804878049,0.03708523096942095,1.3902439024390243,28,0
BPIC2012_20000_ABSENCE_10.0_2_heuristics.pnml,132,3,0.7592757847892833,4,0.9621212121212122,76,4.926829268292683,16,0.9685863874345549,0.7121212121212122,0.02595108695652174,1.446969696969697,67,3
BPIC2012_40000_INSERTION_10.0_2_inductive.pnml,2209,4,0.7390632767373162,23,0.9981892258940697,2013,20.728155339805824,283,1.0,0.04345857854232685,0.006203935255983544,1.87324581258488,187,0
RTFMS_20000_ABSENCE_10.0_4_inductive.pnml,41,0,0.7424875695421236,2,0.975609756097561,26,3.5789473684210527,7,1.0,0.5853658536585366,0.07179487179487179,1.3658536585365855,14,0
RTFMS_10000_ORDERING_1.0_4_alpha.pnml,24,13,0.9980008838722996,15,1.0,22,4.421052631578948,11,1.0,0.4166666666666667,0.16433566433566432,1.9583333333333333,0,9
BPIC2012_1000_ORDERING_4.0_4_heuristics.pnml,117,3,0.4394969869215134,1,0.9743589743589743,62,4.848484848484849,13,0.950920245398773,0.7264957264957265,0.027949245541838134,1.393162393162393,57,0
Sepsis_1000_SUBSTITUTION_2.0_1_alpha.pnml,33,15,0.9910760598382222,4,0.8181818181818181,16,4.777777777777778,16,1.0,0.0,0.12142857142857143,1.0303030303030303,0,0
BPIC2012_1000_MIXED_0.4_1_heuristics.pnml,112,4,0.4689955935892812,1,0.9375,57,4.966666666666667,11,0.9290322580645162,0.7678571428571429,0.0287569573283859,1.3839285714285714,51,0
RTFMS_4000_INSERTION_0.2_3_inductive.pnml,74,2,0.710676853856123,4,0.9054054054054054,40,3.3333333333333335,5,1.0,0.10810810810810811,0.037547892720306515,1.3243243243243243,28,0
RTFMS_20000_INSERTION_4.0_3_heuristics.pnml,476,24,0.8589810370425963,3,1.0,440,20.304347826086957,103,1.0,0.09243697478991597,0.029844290657439446,1.884453781512605,53,1
Sepsis_1000_ORDERING_1.0_1_alpha.pnml,23,15,0.9182958340544896,7,0.9130434782608696,16,4.333333333333333,14,1.0,0.0,0.15625,1.5217391304347827,0,2
RTFMS_40000_ABSENCE_0.2_4_inductive.pnml,62,2,0.7455178428108284,7,0.9838709677419355,31,3.212121212121212,5,0.975609756097561,0.06451612903225806,0.0430672268907563,1.3225806451612903,22,0
Sepsis_20000_INSERTION_2.0_5_inductive.pnml,391,1,0.6695920597928519,11,0.989769820971867,293,7.216494845360825,85,1.0,0.1329923273657289,0.012942122186495177,1.6470588235294117,85,0
BPIC2012_4000_INSERTION_0.4_2_inductive.pnml,168,5,0.6193821946787638,10,0.9404761904761905,86,3.3846153846153846,7,0.990990990990991,0.6190476190476191,0.016403132850598492,1.3214285714285714,67,0
Sepsis_1000_ORDERING_0.4_2_heuristics.pnml,98,28,0.9268190639645772,4,1.0,73,5.052631578947368,14,1.0,0.6428571428571429,0.038980509745127435,1.5918367346938775,52,4
Sepsis_40000_ABSENCE_10.0_4_alpha.pnml,23,11,0.9402859586706311,8,0.9565217391304348,20,4.357142857142857,14,1.0,0.0,0.16964285714285715,1.6521739130434783,0,4
RTFMS_4000_MIXED_0.1_2_alpha.pnml,32,16,0.998363672593813,19,1.0,19,4.190476190476191,8,0.9818181818181818,0.625,0.11458333333333333,1.71875,0,15
Sepsis_4000_INSERTION_0.4_4_alpha.pnml,38,20,0.9986359641585718,13,0.9473684210526316,28,4.217391304347826,15,1.0,0.0,0.09764309764309764,1.5263157894736843,0,4
BPIC2012_40000_MIXED_4.0_1_alpha.pnml,401,8,0.9852281360342515,1,0.9775561097256857,65,20.571428571428573,66,0.9781021897810219,0.0,0.02890295358649789,0.341645885286783,0,0
Sepsis_2000_INSERTION_1.0_2_heuristics.pnml,120,33,0.9564574047992594,6,1.0,95,5.466666666666667,16,1.0,0.5416666666666666,0.034482758620689655,1.65,62,6
BPIC2012_4000_ORDERING_0.2_2_heuristics.pnml,127,2,0.7320666900931938,4,0.9685039370078741,70,4.743589743589744,13,0.9664804469273743,0.6929133858267716,0.02607808857808858,1.4094488188976377,63,3
BPIC2012_1000_ORDERING_0.2_3_alpha.pnml,34,6,1.0,5,0.8823529411764706,15,3.9285714285714284,12,0.9473684210526316,0.0,0.07916666666666666,1.1176470588235294,0,2
Sepsis_2000_ABSENCE_0.2_3_alpha.pnml,22,19,0.8904916402194913,7,0.9545454545454546,16,4.0,14,1.0,0.0,0.171875,1.5,0,1
RTFMS_2000_INSERTION_4.0_3_alpha.pnml,57,12,1.0,4,0.9649122807017544,15,5.875,21,0.9767441860465116,0.0,0.0548469387755102,0.7543859649122807,0,2
Sepsis_20000_ORDERING_0.1_1_inductive_inf.pnml,94,3,0.6409441847875287,9,0.9787234042553191,40,3.3488372093023258,10,0.9672131147540983,0.2553191489361702,0.027930402930402932,1.297872340425532,35,0
BPIC2012_2000_ABSENCE_2.0_5_inductive.pnml,141,0,0.6962122601251458,9,0.9716312056737588,74,3.421875,6,0.9731182795698925,0.8794326241134752,0.019423558897243107,1.3191489361702127,59,0
RTFMS_10000_ABSENCE_2.0_3_heuristics.pnml,67,26,0.9517626756348311,4,1.0,47,3.7714285714285714,9,1.0,0.3880597014925373,0.04666666666666667,1.462686567164179,30,3
BPIC2012_4000_INSERTION_10.0_3_alpha.pnml,201,5,0.9852281360342515,1,0.9502487562189055,36,12.0,38,0.9506172839506173,0.0,0.029823269513991165,0.40298507462686567,0,0
RTFMS_40000_INSERTION_0.2_2_inductive_inf.pnml,125,0,0.6581912658132185,4,0.904,78,4.340425531914893,15,1.0,0.512,0.026833631484794274,1.44,42,0
Sepsis_40000_MIXED_10.0_2_inductive.pnml,1158,2,0.7093502365779696,14,0.9965457685664939,1030,17.162790697674417,383,1.0,0.05181347150259067,0.009743103196613633,1.8445595854922279,116,0
BPIC2012_10000_SUBSTITUTION_10.0_2_alpha.pnml,566,5,0.0,0,0.9964664310954063,91,93.5,96,1.0,0.0,0.08289007092198582,0.3303886925795053,0,0
RTFMS_2000_ABSENCE_10.0_4_inductive.pnml,59,1,0.7355085815538398,3,0.9830508474576272,35,3.310344827586207,4,1.0,0.06779661016949153,0.04710144927536232,1.3220338983050848,24,0
Sepsis_4000_SUBSTITUTION_10.0_2_heuristics.pnml,357,18,0.9421631690835511,12,1.0,312,11.1875,53,1.0,0.7030812324929971,0.0219457928802589,1.8235294117647058,96,9
BPIC2012_4000_INSERTION_4.0_4_alpha.pnml,124,5,0.9798687566511528,12,0.9193548387096774,36,4.958333333333333,21,0.9418604651162791,0.07258064516129033,0.02155388471177945,0.6935483870967742,0,7
RTFMS_1000_MIXED_10.0_1_heuristics.pnml,124,35,0.9252253278054431,4,1.0,88,4.851063829787234,16,1.0,0.5161290322580645,0.029667598633115876,1.5403225806451613,47,6
RTFMS_2000_ABSENCE_0.2_4_heuristics.pnml,67,29,0.9275265884316759,3,1.0,45,3.6,8,1.0,0.1791044776119403,0.04455909943714822,1.4179104477611941,29,3
Sepsis_1000_INSERTION_10.0_1_inductive.pnml,225,3,0.7219280948873623,11,0.9866666666666667,130,3.968421052631579,20,1.0,0.2311111111111111,0.013952263952263953,1.4133333333333333,79,0
RTFMS_4000_INSERTION_10.0_2_inductive.pnml,312,4,0.7281342378690551,7,0.9871794871794872,254,9.0,50,1.0,0.08974358974358974,0.020133723987679365,1.7179487179487178,56,0
Sepsis_20000_INSERTION_1.0_5_alpha.pnml,119,7,0.9182958340544896,1,0.9831932773109243,22,16.333333333333332,26,0.9795918367346939,0.0,0.07040229885057471,0.4117647058823529,0,0
Sepsis_4000_INSERTION_0.1_3_inductive.pnml,108,3,0.6800770457282799,7,0.9722222222222222,56,3.38,6,0.9859154929577465,0.7129629629629629,0.02521306818181818,1.3148148148148149,44,0
RTFMS_20000_INSERTION_4.0_1_alpha.pnml,370,3,0.0,0,0.9945945945945946,98,96.5,98,1.0,0.0,0.13111413043478262,0.5216216216216216,0,0
RTFMS_4000_INSERTION_0.4_4_alpha.pnml,34,9,0.9975025463691152,11,0.9117647058823529,22,4.352941176470588,9,0.94,0.5294117647058824,0.08928571428571429,1.4705882352941178,0,4
Sepsis_10000_MIXED_10.0_4_alpha.pnml,266,15,0.9182958340544896,1,0.9849624060150376,48,27.666666666666668,47,0.9759036144578314,0.0,0.03959923664122137,0.31203007518796994,0,0
RTFMS_1000_MIXED_2.0_3_heuristics.pnml,65,20,0.9182958340544896,3,1.0,42,3.8666666666666667,11,1.0,0.1076923076923077,0.04725609756097561,1.4307692307692308,26,4
RTFMS_10000_ORDERING_1.0_1_heuristics.pnml,76,24,0.9494520153879484,4,1.0,52,3.8947368421052633,10,1.0,0.34210526315789475,0.042328042328042326,1.4736842105263157,37,3
RTFMS_1000_SUBSTITUTION_10.0_3_heuristics.pnml,140,17,0.9252253278054431,6,1.0,105,5.702127659574468,21,1.0,0.4785714285714286,0.0308843537414966,1.6214285714285714,54,4
Sepsis_1000_ABSENCE_1.0_2_alpha.pnml,23,14,0.9182958340544896,7,0.9130434782608696,17,4.416666666666667,14,1.0,0.0,0.16071428571428573,1.565217391304348,0,2
RTFMS_2000_INSERTION_2.0_1_alpha.pnml,41,12,1.0,8,0.8780487804878049,20,4.428571428571429,10,0.9565217391304348,0.0,0.06609195402298851,1.1219512195121952,0,4
Sepsis_40000_ORDERING_0.4_3_alpha.pnml,23,10,0.8812908992306927,5,0.9565217391304348,14,4.5,15,0.9393939393939394,0.0,0.14732142857142858,1.434782608695652,0,3
RTFMS_4000_MIXED_0.2_5_inductive.pnml,52,1,0.6840384356390417,2,0.9038461538461539,31,3.6818181818181817,6,0.9857142857142858,0.7884615384615384,0.05582137161084529,1.3461538461538463,19,0
RTFMS_10000_ABSENCE_0.1_1_inductive.pnml,49,1,0.6840384356390417,2,0.9795918367346939,31,3.5454545454545454,6,1.0,0.7755102040816326,0.05913978494623656,1.346938775510204,19,0
BPIC2012_40000_ABSENCE_2.0_1_inductive_inf.pnml,90,0,0.512709142030877,4,0.9,50,3.7714285714285714,9,0.9666666666666667,0.8666666666666667,0.031512605042016806,1.3333333333333333,32,0
BPIC2012_2000_MIXED_0.1_3_inductive.pnml,138,0,0.7219280948873623,9,0.927536231884058,68,3.433333333333333,6,0.9444444444444444,0.8913043478260869,0.01949317738791423,1.3043478260869565,54,0
RTFMS_20000_INSERTION_1.0_1_inductive.pnml,210,4,0.743898745288434,8,0.9809523809523809,143,5.211267605633803,24,1.0,0.1523809523809524,0.0187847866419295,1.542857142857143,61,0
Sepsis_40000_ORDERING_10.0_3_alpha.pnml,22,4,0.9940302114769565,4,0.9545454545454546,21,5.0,16,0.9736842105263158,0.0,0.19791666666666666,1.7272727272727273,0,2
BPIC2012_40000_ORDERING_0.1_4_alpha.pnml,33,4,0.9852281360342515,5,0.9090909090909091,16,3.857142857142857,13,0.9736842105263158,0.0,0.08796296296296297,1.1515151515151516,0,2
RTFMS_4000_ORDERING_2.0_4_heuristics.pnml,80,25,0.9418285354475157,4,1.0,55,3.948717948717949,11,1.0,0.475,0.040521978021978024,1.475,40,3
BPIC2012_20000_INSERTION_2.0_3_heuristics.pnml,352,8,0.6500224216483541,4,1.0,283,10.533333333333333,38,1.0,0.6164772727272727,0.019183441660882185,1.7272727272727273,104,3
Sepsis_100000_MIXED_0.4_5_alpha.pnml,111,11,0.9182958340544896,1,0.963963963963964,21,9.666666666666666,23,1.0,0.0,0.05957943925233645,0.4594594594594595,0,0
Sepsis_20000_MIXED_2.0_5_inductive.pnml,291,4,0.691289869405789,12,0.9862542955326461,181,4.574074074074074,41,1.0,0.17869415807560138,0.01203537841468876,1.47766323024055,95,0
Sepsis_10000_ORDERING_2.0_2_alpha.pnml,27,38,0.9819407868640977,21,0.962962962962963,20,5.052631578947368,15,1.0,0.0,0.1534090909090909,2.0,0,8
Sepsis_1000_MIXED_4.0_4_inductive.pnml,156,4,0.7012065844539666,10,0.9743589743589743,77,3.2151898734177213,7,1.0,0.20512820512820512,0.017323369565217392,1.3076923076923077,65,0
BPIC2012_40000_ORDERING_0.4_3_alpha.pnml,38,8,0.9980008838722996,9,0.9210526315789473,22,4.315789473684211,14,0.9807692307692307,0.34210526315789475,0.07738095238095238,1.368421052631579,0,9
BPIC2012_1000_ABSENCE_0.1_2_alpha.pnml,34,8,0.9957274520849255,4,0.8529411764705882,13,3.8461538461538463,11,0.9166666666666666,0.0,0.075,1.0588235294117647,0,1
RTFMS_1000_MIXED_2.0_3_alpha.pnml,26,21,0.9852281360342515,12,0.9230769230769231,13,4.357142857142857,11,1.0,0.0,0.11904761904761904,1.5384615384615385,0,4
BPIC2012_40000_MIXED_0.2_1_inductive.pnml,201,5,0.6708561590207726,9,0.9800995024875622,111,3.5164835164835164,8,1.0,0.6965174129353234,0.014285714285714285,1.3432835820895523,82,0
Sepsis_1000_MIXED_10.0_2_alpha.pnml,53,14,0.9940302114769565,4,0.9056603773584906,21,5.7272727272727275,19,0.9615384615384616,0.0,0.07222222222222222,0.9811320754716981,0,0
Sepsis_40000_INSERTION_2.0_3_alpha.pnml,380,3,0.0,0,0.9947368421052631,47,45.5,47,1.0,0.0,0.06018518518518518,0.2394736842105263,0,0
Sepsis_4000_MIXED_0.4_3_inductive_inf.pnml,101,4,0.5363596511250623,8,0.9603960396039604,47,3.2653061224489797,10,1.0,0.2376237623762376,0.026463512429831595,1.306930693069307,40,0
RTFMS_40000_ORDERING_2.0_2_inductive.pnml,71,0,0.8524051786494786,8,0.971830985915493,35,3.3333333333333335,5,0.9574468085106383,0.056338028169014086,0.03766025641025641,1.323943661971831,27,0
Sepsis_20000_MIXED_1.0_5_inductive.pnml,240,5,0.7062740891876007,12,0.9833333333333333,137,3.8461538461538463,19,1.0,0.18333333333333332,0.01282051282051282,1.4,88,0
BPIC2012_2000_ABSENCE_0.2_2_inductive_inf.pnml,131,1,0.6699960320994333,8,0.9312977099236641,67,3.473684210526316,6,0.9534883720930233,0.9083969465648855,0.02080309627479439,1.3129770992366412,53,0
Sepsis_2000_INSERTION_0.2_5_inductive.pnml,99,4,0.5586293734521992,10,0.9797979797979798,43,3.391304347826087,12,0.9846153846153847,0.24242424242424243,0.026859504132231406,1.3131313131313131,36,0
BPIC2012_20000_MIXED_10.0_3_inductive_inf.pnml,481,4,0.564669579752567,11,0.9688149688149688,375,8.714285714285714,77,0.9975308641975309,0.1683991683991684,0.011815158410642394,1.683991683991684,91,0
Sepsis_4000_MIXED_10.0_4_alpha.pnml,118,11,0.9910760598382222,4,0.9661016949152542,30,7.444444444444445,22,1.0,0.0,0.05132743362831858,0.4915254237288136,0,0
RTFMS_100000_ABSENCE_10.0_4_alpha.pnml,27,17,0.8904916402194913,15,0.962962962962963,12,4.6923076923076925,10,1.0,0.0,0.125,1.6296296296296295,0,14
RTFMS_40000_INSERTION_1.0_2_heuristics.pnml,289,19,0.8203636429576731,3,1.0,253,12.883720930232558,58,1.0,0.25259515570934254,0.030954071969696968,1.8096885813148789,51,1
BPIC2012_10000_ABSENCE_2.0_3_alpha.pnml,38,10,0.9927744539878083,10,0.9736842105263158,18,3.95,15,1.0,0.0,0.0744047619047619,1.3157894736842106,0,9
BPIC2012_4000_INSERTION_2.0_3_alpha.pnml,71,15,0.9957274520849255,5,0.8450704225352113,17,4.384615384615385,19,0.8979591836734694,0.0,0.037121212121212124,0.6901408450704225,0,0
RTFMS_10000_ORDERING_0.4_2_alpha.pnml,27,15,0.9852281360342515,18,1.0,21,4.285714285714286,10,0.9803921568627451,0.48148148148148145,0.14488636363636365,1.8888888888888888,0,12
BPIC2012_10000_SUBSTITUTION_4.0_2_heuristics.pnml,392,2,0.5787946246321198,4,1.0,321,12.137931034482758,45,1.0,0.6275510204081632,0.019090554906216955,1.75,94,3
Sepsis_4000_ORDERING_10.0_2_alpha.pnml,25,27,0.9774178175281716,15,0.96,21,4.882352941176471,15,1.0,0.0,0.16666666666666666,1.92,0,6
RTFMS_100000_SUBSTITUTION_0.2_2_inductive.pnml,237,3,0.7698205808588191,8,0.9831223628691983,174,6.028169014084507,49,1.0,0.10126582278481013,0.01898101898101898,1.6033755274261603,60,0
BPIC2012_2000_ORDERING_1.0_2_heuristics.pnml,110,5,0.6024308020404452,3,0.990909090909091,62,4.735294117647059,12,0.967948717948718,0.7272727272727273,0.030696576151121605,1.4181818181818182,54,0
BPIC2012_4000_ABSENCE_2.0_5_heuristics.pnml,126,2,0.7320666900931938,4,0.9365079365079365,69,4.717948717948718,13,0.9661016949152542,0.6984126984126984,0.026083112290008842,1.4047619047619047,62,3
RTFMS_4000_SUBSTITUTION_0.2_3_inductive_inf.pnml,58,1,0.6500224216483541,2,0.9310344827586207,31,3.5833333333333335,6,0.9736842105263158,0.6724137931034483,0.047979797979797977,1.3103448275862069,21,0
BPIC2012_2000_ABSENCE_0.2_5_alpha.pnml,34,8,0.9957274520849255,4,0.8529411764705882,13,3.8461538461538463,11,0.9166666666666666,0.0,0.075,1.0588235294117647,0,1
Sepsis_1000_ABSENCE_0.2_5_alpha.pnml,23,15,0.9182958340544896,7,0.9130434782608696,16,4.333333333333333,14,1.0,0.0,0.15625,1.5217391304347827,0,2
RTFMS_2000_MIXED_1.0_1_alpha.pnml,28,12,1.0,10,0.8928571428571429,18,3.875,8,0.975,0.0,0.10416666666666667,1.4285714285714286,0,6
Sepsis_1000_ABSENCE_0.1_3_alpha.pnml,23,15,0.9182958340544896,7,0.9130434782608696,16,4.333333333333333,14,1.0,0.0,0.15625,1.5217391304347827,0,2
Sepsis_4000_ABSENCE_0.4_5_alpha.pnml,22,15,0.9402859586706311,7,0.9545454545454546,18,4.0,14,1.0,0.0,0.17708333333333334,1.5454545454545454,0,2
Sepsis_1000_ABSENCE_10.0_5_inductive.pnml,97,3,0.4959690720618337,9,0.9690721649484536,45,3.369565217391304,11,1.0,0.24742268041237114,0.027705627705627706,1.3195876288659794,38,0
BPIC2012_40000_MIXED_4.0_4_inductive.pnml,758,4,0.726053856943508,21,0.9947229551451188,568,7.098445595854923,59,1.0,0.11609498680738786,0.006719274103380064,1.6490765171503958,173,0
RTFMS_4000_INSERTION_2.0_4_alpha.pnml,53,10,0.9709505944546686,4,0.8867924528301887,26,5.8,15,0.9787234042553191,0.0,0.07298136645962733,0.8867924528301887,0,1
RTFMS_2000_SUBSTITUTION_10.0_2_alpha.pnml,130,13,0.9940302114769565,6,0.9769230769230769,51,12.090909090909092,58,0.9913793103448276,0.0,0.05325987144168962,0.8923076923076924,0,4
Sepsis_1000_ABSENCE_10.0_4_inductive_inf.pnml,80,3,0.6098403047164004,7,0.9875,41,3.3,8,1.0,0.3,0.03388746803069054,1.325,30,0
RTFMS_2000_INSERTION_0.2_3_inductive.pnml,61,3,0.6500224216483541,3,0.8852459016393442,32,3.1333333333333333,5,1.0,0.13114754098360656,0.043333333333333335,1.278688524590164,22,0
RTFMS_20000_SUBSTITUTION_1.0_3_alpha.pnml,115,6,1.0,6,0.9739130434782609,50,11.0,44,0.9894736842105263,0.05217391304347826,0.055490654205607476,0.8260869565217391,0,3
Sepsis_40000_MIXED_0.2_1_inductive.pnml,157,1,0.710676853856123,8,0.9745222929936306,87,3.5833333333333335,7,1.0,0.7070063694267515,0.018634622082897945,1.3630573248407643,61,0
Sepsis_10000_ABSENCE_0.1_3_heuristics.pnml,107,32,0.9503376699710268,8,1.0,82,4.956521739130435,14,1.0,0.5514018691588785,0.03583128583128583,1.6355140186915889,57,7
RTFMS_2000_INSERTION_10.0_1_heuristics.pnml,184,22,0.9509560484549725,9,1.0,152,6.851851851851852,31,1.0,0.45652173913043476,0.028388608507570294,1.7119565217391304,53,6
BPIC2012_100000_INSERTION_0.2_3_alpha.pnml,116,8,1.0,5,0.9051724137931034,28,5.916666666666667,25,0.9365079365079365,0.0,0.029716981132075472,0.5431034482758621,0,0
RTFMS_20000_SUBSTITUTION_0.4_3_heuristics.pnml,112,23,0.8582307926411411,3,1.0,84,5.384615384615385,19,1.0,0.33035714285714285,0.03697548815953469,1.5892857142857142,41,1
Sepsis_40000_SUBSTITUTION_2.0_3_inductive.pnml,612,1,0.7153220528038851,13,0.9934640522875817,492,9.245901639344263,153,1.0,0.0915032679738562,0.01046216151830382,1.7222222222222223,109,0
BPIC2012_100000_INSERTION_0.2_3_inductive.pnml,328,4,0.7582971529373276,17,0.9878048780487805,201,4.160583941605839,17,1.0,0.524390243902439,0.010064701653486701,1.451219512195122,114,0
BPIC2012_100000_INSERTION_4.0_4_inductive.pnml,2294,5,0.7332637729623195,23,0.998256320836966,2092,21.215311004784688,296,1.0,0.041848299912816043,0.006089206449859589,1.875326939843069,190,0
Sepsis_4000_MIXED_0.1_3_inductive.pnml,89,4,0.5266170655714281,9,0.9775280898876404,41,3.4285714285714284,11,1.0,0.2696629213483146,0.030256410256410255,1.3258426966292134,33,0
RTFMS_10000_INSERTION_2.0_4_alpha.pnml,106,8,0.9852281360342515,3,0.9716981132075472,35,10.285714285714286,31,1.0,0.0,0.06336633663366337,0.6037735849056604,0,2
RTFMS_100000_ABSENCE_1.0_5_heuristics.pnml,71,12,0.9182958340544896,5,1.0,47,3.7222222222222223,9,1.0,0.4507042253521127,0.04358974358974359,1.4366197183098592,33,2
BPIC2012_4000_INSERTION_0.4_1_alpha.pnml,40,13,0.9957274520849255,5,0.875,12,3.8461538461538463,12,0.9714285714285714,0.0,0.06272401433691756,0.875,0,2
BPIC2012_40000_ABSENCE_0.4_1_heuristics.pnml,130,3,0.7592757847892833,4,0.9538461538461538,73,4.7317073170731705,14,0.9621621621621621,0.7692307692307693,0.025349410797478763,1.4230769230769231,64,3
Sepsis_100000_SUBSTITUTION_10.0_3_heuristics.pnml,5201,54,0.9533521077709819,47,1.0,5058,40.75486381322957,934,1.0,0.8121515093251298,0.006020384509854011,1.9575081715054796,365,10
Sepsis_40000_ORDERING_10.0_5_inductive_inf.pnml,79,2,0.41381685030363374,9,0.9493670886075949,38,3.5555555555555554,11,0.9811320754716981,0.3037974683544304,0.03441558441558441,1.3417721518987342,28,0
BPIC2012_2000_INSERTION_1.0_1_alpha.pnml,42,12,0.9957274520849255,5,0.8809523809523809,13,3.923076923076923,12,0.9722222222222222,0.0,0.06060606060606061,0.8571428571428571,0,2
BPIC2012_2000_ORDERING_0.4_1_inductive_inf.pnml,132,0,0.691289869405789,8,0.9318181818181819,66,3.5185185185185186,6,0.9302325581395349,0.9090909090909091,0.020417853751187084,1.303030303030303,53,0
Sepsis_1000_ABSENCE_10.0_4_alpha.pnml,23,11,0.9402859586706311,7,0.9130434782608696,18,4.142857142857143,14,1.0,0.0,0.16071428571428573,1.565217391304348,0,2
RTFMS_1000_MIXED_10.0_5_heuristics.pnml,93,16,0.8739810481273578,3,1.0,62,4.764705882352941,14,1.0,0.3548387096774194,0.038461538461538464,1.5053763440860215,35,4
Sepsis_10000_SUBSTITUTION_0.2_3_alpha.pnml,36,19,0.9798687566511528,7,0.8055555555555556,18,4.416666666666667,17,0.925,0.0,0.08928571428571429,1.1111111111111112,0,0
Sepsis_1000_ABSENCE_0.4_1_heuristics.pnml,98,28,0.9268190639645772,4,1.0,73,5.052631578947368,14,1.0,0.6428571428571429,0.038980509745127435,1.5918367346938775,52,4
RTFMS_10000_INSERTION_0.4_4_inductive_inf.pnml,87,3,0.5328350630342233,2,0.8735632183908046,53,4.0,9,1.0,0.632183908045977,0.0356718192627824,1.3793103448275863,31,0
RTFMS_40000_MIXED_4.0_5_inductive.pnml,492,5,0.7642045065086203,9,0.991869918699187,421,11.481481481481481,114,1.0,0.056910569105691054,0.016206016206016208,1.7804878048780488,71,0
Sepsis_1000_MIXED_4.0_1_heuristics.pnml,112,28,0.9268190639645772,4,1.0,87,5.7894736842105265,16,1.0,0.6339285714285714,0.03822185292895721,1.6428571428571428,55,4
Sepsis_1000_MIXED_10.0_4_heuristics.pnml,130,23,0.9262122127346664,5,1.0,102,6.2439024390243905,17,1.0,0.6461538461538462,0.03535353535353535,1.6692307692307693,59,4
RTFMS_10000_ABSENCE_0.4_2_inductive_inf.pnml,45,0,0.7219280948873623,2,0.8888888888888888,27,3.55,6,0.9833333333333333,0.8444444444444444,0.06302521008403361,1.3333333333333333,16,0
RTFMS_1000_ABSENCE_0.1_5_alpha.pnml,27,6,0.8904916402194913,9,0.9259259259259259,10,3.6153846153846154,5,0.972972972972973,0.0,0.10511363636363637,1.3703703703703705,0,8
RTFMS_4000_INSERTION_0.4_5_inductive.pnml,67,1,0.6051865766334206,2,0.9402985074626866,40,3.8518518518518516,6,1.0,0.6567164179104478,0.045454545454545456,1.373134328358209,24,0
Sepsis_20000_ORDERING_1.0_1_alpha.pnml,28,16,1.0,18,0.9642857142857143,27,4.681818181818182,15,1.0,0.0,0.14583333333333334,2.0,0,9
RTFMS_40000_ORDERING_2.0_2_heuristics.pnml,73,21,0.898058793450166,3,1.0,50,3.942857142857143,10,1.0,0.3698630136986301,0.044583333333333336,1.4657534246575343,36,1
Sepsis_20000_SUBSTITUTION_0.2_4_heuristics.pnml,122,34,0.9503376699710268,8,1.0,98,5.6521739130434785,17,1.0,0.5491803278688525,0.035069799114742936,1.6885245901639345,57,7
RTFMS_1000_SUBSTITUTION_0.4_3_alpha.pnml,24,3,0.9940302114769565,5,0.9583333333333334,11,3.272727272727273,6,0.8666666666666667,0.0,0.1048951048951049,1.25,0,3
Sepsis_10000_ORDERING_4.0_3_heuristics.pnml,122,32,0.9580420222262995,9,1.0,90,5.0,15,1.0,0.639344262295082,0.030858395989974936,1.6147540983606556,67,10
BPIC2012_20000_ABSENCE_0.2_5_heuristics.pnml,126,3,0.7691928290130138,4,0.9365079365079365,70,4.7,13,0.9662921348314607,0.6984126984126984,0.026230474506336577,1.4126984126984128,62,3
BPIC2012_100000_INSERTION_0.1_4_heuristics.pnml,201,1,0.7062740891876007,5,0.9800995024875622,134,6.288461538461538,17,0.9935691318327974,0.7213930348258707,0.021173747276688453,1.5472636815920398,72,4
RTFMS_40000_ABSENCE_1.0_3_alpha.pnml,28,30,0.954434002924965,18,1.0,12,4.375,10,1.0,0.0,0.12566844919786097,1.6785714285714286,0,11
RTFMS_4000_INSERTION_1.0_3_heuristics.pnml,95,21,0.9474351361840307,5,1.0,69,4.536585365853658,13,1.0,0.3157894736842105,0.0384012539184953,1.5473684210526315,35,3
BPIC2012_100000_INSERTION_10.0_5_heuristics.pnml,5205,1,0.6362295610302483,16,1.0,4982,51.21608040201005,736,1.0,0.7930835734870317,0.005901045621823704,1.9408261287223822,457,3
RTFMS_20000_INSERTION_10.0_4_inductive.pnml,1064,5,0.7424875695421236,9,0.9962406015037594,996,27.31578947368421,235,1.0,0.03007518796992481,0.016816069057104914,1.9041353383458646,65,0
Sepsis_20000_ORDERING_2.0_3_heuristics.pnml,116,34,0.9377342939868041,8,1.0,89,5.083333333333333,15,1.0,0.5086206896551724,0.03350970017636684,1.6379310344827587,64,7
Sepsis_10000_ABSENCE_0.4_5_heuristics.pnml,107,32,0.9503376699710268,8,1.0,82,4.956521739130435,14,1.0,0.5514018691588785,0.03583128583128583,1.6355140186915889,57,7
Sepsis_40000_MIXED_0.4_3_inductive.pnml,198,9,0.5776539033535631,10,0.9797979797979798,107,4.0,12,1.0,0.24242424242424243,0.015616222896303785,1.404040404040404,70,0
Sepsis_1000_ABSENCE_0.2_4_inductive.pnml,92,4,0.5746356978376794,9,0.967391304347826,40,3.2954545454545454,11,0.9833333333333333,0.2608695652173913,0.028694404591104734,1.3043478260869565,34,0
Sepsis_100000_MIXED_2.0_2_heuristics.pnml,637,29,0.9321115676166747,13,1.0,591,18.55072463768116,107,1.0,0.7080062794348508,0.01985535831689678,1.8963893249607535,97,10
RTFMS_2000_SUBSTITUTION_0.1_5_heuristics.pnml,63,29,0.9456603046006401,3,0.9682539682539683,42,3.606060606060606,8,0.9887640449438202,0.19047619047619047,0.04684210526315789,1.4126984126984128,26,3
RTFMS_10000_INSERTION_0.1_5_heuristics.pnml,74,24,0.9352691398683566,4,1.0,50,3.8378378378378377,8,1.0,0.35135135135135137,0.0425531914893617,1.4594594594594594,30,3
RTFMS_1000_ABSENCE_1.0_4_inductive.pnml,51,4,0.6665783579949205,2,0.9803921568627451,29,3.3043478260869565,5,0.9696969696969697,0.0784313725490196,0.0532258064516129,1.2941176470588236,19,0
RTFMS_2000_MIXED_0.1_4_heuristics.pnml,67,29,0.9275265884316759,3,1.0,45,3.6,8,1.0,0.1791044776119403,0.04455909943714822,1.4179104477611941,28,3
RTFMS_2000_INSERTION_10.0_1_alpha.pnml,95,5,0.9182958340544896,1,0.9789473684210527,32,20.333333333333332,31,0.9836065573770492,0.0,0.1105072463768116,0.6421052631578947,0,0
Sepsis_2000_ORDERING_0.4_2_alpha.pnml,25,15,0.8960382325345574,10,0.96,20,4.25,14,1.0,0.48,0.1423611111111111,1.64,0,5
BPIC2012_40000_SUBSTITUTION_4.0_2_alpha.pnml,887,2,0.0,0,0.9977452085682075,143,142.0,143,1.0,0.0,0.08022598870056497,0.3201803833145434,0,0
Sepsis_20000_INSERTION_1.0_4_alpha.pnml,116,3,0.0,0,0.9827586206896551,22,23.5,25,1.0,0.0,0.10307017543859649,0.4051724137931034,0,0
BPIC2012_10000_ABSENCE_2.0_3_inductive.pnml,135,1,0.6373874992221911,8,0.9703703703703703,75,3.467741935483871,6,0.9944444444444445,0.9037037037037037,0.020708697653014266,1.3333333333333333,57,0
Sepsis_40000_SUBSTITUTION_0.1_4_inductive_inf.pnml,103,2,0.4394969869215134,5,0.9611650485436893,53,3.5,7,1.0,0.4854368932038835,0.026984126984126985,1.3203883495145632,41,0
RTFMS_4000_ABSENCE_0.2_2_inductive_inf.pnml,55,1,0.7642045065086203,3,0.9090909090909091,31,3.2962962962962963,5,0.9861111111111112,0.8727272727272727,0.049586776859504134,1.309090909090909,21,0
RTFMS_100000_MIXED_10.0_3_inductive.pnml,2467,6,0.7561701489298969,11,0.9983785974868261,2377,48.15841584158416,654,1.0,0.016214025131738953,0.012716536267837076,1.9448723145520876,90,0
Sepsis_100000_MIXED_2.0_5_heuristics.pnml,651,32,0.877437311089633,9,1.0,604,20.25,104,1.0,0.6190476190476191,0.020933622618482608,1.8970814132104454,94,7
BPIC2012_10000_MIXED_0.1_3_alpha.pnml,44,12,0.9910760598382222,9,0.8863636363636364,16,4.055555555555555,13,0.9215686274509804,0.0,0.05862068965517241,1.1590909090909092,0,4
BPIC2012_20000_ABSENCE_10.0_4_inductive.pnml,111,1,0.6420642892306891,6,0.963963963963964,65,3.6122448979591835,8,0.9933333333333333,0.8828828828828829,0.025879917184265012,1.3513513513513513,44,0
RTFMS_1000_ORDERING_0.1_4_heuristics.pnml,52,17,0.9509560484549725,3,0.9615384615384616,30,3.3703703703703702,5,0.9857142857142858,0.1346153846153846,0.05303030303030303,1.3461538461538463,18,4
BPIC2012_2000_MIXED_4.0_2_inductive.pnml,223,4,0.7325138475458122,15,0.9820627802690582,117,3.3392857142857144,6,1.0,0.7174887892376681,0.012493711219184973,1.336322869955157,92,0
RTFMS_1000_ORDERING_4.0_4_inductive.pnml,41,1,0.8366407419411672,2,0.9512195121951219,23,3.8666666666666667,5,0.9259259259259259,0.8292682926829268,0.0675,1.3170731707317074,13,0
Sepsis_40000_MIXED_2.0_1_inductive_inf.pnml,146,0,0.2460225782203316,9,0.9726027397260274,89,4.857142857142857,24,1.0,0.3287671232876712,0.02321083172147002,1.4794520547945205,45,0
RTFMS_10000_SUBSTITUTION_0.1_2_alpha.pnml,28,14,0.9957274520849255,10,0.8571428571428572,14,4.3076923076923075,9,0.9743589743589743,0.5357142857142857,0.1015625,1.3928571428571428,0,7
Sepsis_10000_ORDERING_0.4_4_inductive.pnml,93,2,0.5746356978376794,11,0.978494623655914,42,3.4545454545454546,11,0.9838709677419355,0.25806451612903225,0.028944911297852476,1.3333333333333333,34,0
BPIC2012_2000_SUBSTITUTION_4.0_5_inductive.pnml,258,4,0.7070040649747601,12,0.9844961240310077,156,3.944954128440367,15,1.0,0.6317829457364341,0.012165775401069518,1.4108527131782946,99,0
BPIC2012_20000_MIXED_10.0_1_inductive_inf.pnml,433,2,0.5318826028800232,11,0.9722863741339491,337,8.483516483516484,69,1.0,0.16859122401847576,0.012889518413597733,1.6812933025404158,83,0
BPIC2012_4000_ABSENCE_4.0_2_heuristics.pnml,129,0,0.7219280948873623,4,0.9457364341085271,72,4.725,13,0.967032967032967,0.7131782945736435,0.02556179775280899,1.4108527131782946,64,3
RTFMS_40000_MIXED_1.0_2_inductive.pnml,241,4,0.7592757847892833,9,0.983402489626556,167,5.195121951219512,30,1.0,0.13278008298755187,0.01641949152542373,1.5435684647302905,71,0
Sepsis_4000_ABSENCE_0.4_3_alpha.pnml,22,15,0.9402859586706311,7,0.9545454545454546,18,4.0,14,1.0,0.0,0.17708333333333334,1.5454545454545454,0,2
BPIC2012_20000_ORDERING_0.4_3_heuristics.pnml,128,4,0.7691928290130138,4,0.96875,72,4.825,14,0.9672131147540983,0.6875,0.026361279170267933,1.4296875,64,3
Sepsis_10000_ABSENCE_0.2_4_inductive.pnml,95,3,0.5107878229540133,9,0.9789473684210527,44,3.4545454545454546,11,1.0,0.25263157894736843,0.028455284552845527,1.3263157894736841,37,0
BPIC2012_100000_MIXED_4.0_5_heuristics.pnml,1281,4,0.6127425554686624,6,1.0,1178,28.511627906976745,162,1.0,0.6510538641686182,0.013057125598653838,1.8899297423887589,183,4
Sepsis_20000_SUBSTITUTION_0.1_4_heuristics.pnml,116,34,0.9503376699710268,8,1.0,92,5.391304347826087,15,1.0,0.5517241379310345,0.035414384811975175,1.6724137931034482,57,7
Sepsis_40000_ORDERING_1.0_2_inductive_inf.pnml,71,2,0.5225593745369408,8,0.971830985915493,33,3.411764705882353,10,1.0,0.3380281690140845,0.03766025641025641,1.323943661971831,25,0
RTFMS_4000_INSERTION_10.0_2_heuristics.pnml,308,27,0.9494520153879484,7,1.0,271,10.736842105263158,58,1.0,0.5746753246753247,0.025979477611940298,1.8084415584415585,63,7
BPIC2012_1000_INSERTION_0.4_3_alpha.pnml,33,6,0.9910760598382222,3,0.7878787878787878,10,4.333333333333333,11,0.9285714285714286,0.0,0.07692307692307693,0.8484848484848485,0,1
BPIC2012_2000_MIXED_10.0_4_heuristics.pnml,173,3,0.5185697317883058,3,0.9884393063583815,121,6.6976744186046515,22,1.0,0.6589595375722543,0.026608187134502925,1.5780346820809248,62,0
RTFMS_20000_MIXED_2.0_5_inductive.pnml,171,2,0.714015280437867,5,0.9766081871345029,123,5.882352941176471,32,1.0,0.1695906432748538,0.025328330206378986,1.5789473684210527,45,0
Sepsis_2000_SUBSTITUTION_2.0_5_alpha.pnml,35,15,1.0,5,0.8857142857142857,19,4.8,15,1.0,0.0,0.12,1.0285714285714285,0,0
BPIC2012_2000_MIXED_4.0_1_alpha.pnml,54,11,1.0,3,0.8703703703703703,20,4.428571428571429,14,0.9361702127659575,0.0,0.049682875264270614,0.8703703703703703,0,4
RTFMS_10000_ORDERING_0.2_4_heuristics.pnml,70,25,0.943601631299382,4,1.0,48,3.7777777777777777,9,1.0,0.37142857142857144,0.044580419580419584,1.457142857142857,32,3
RTFMS_40000_ABSENCE_0.4_3_inductive.pnml,63,2,0.7219280948873623,7,0.9841269841269842,33,3.2,5,1.0,0.06349206349206349,0.04285714285714286,1.3333333333333333,23,0
Sepsis_2000_MIXED_4.0_5_alpha.pnml,40,13,0.9798687566511528,6,0.875,19,4.666666666666667,14,0.975,0.0,0.08658008658008658,1.0,0,2
BPIC2012_20000_SUBSTITUTION_10.0_1_inductive.pnml,1402,6,0.7355085815538398,22,0.9971469329529244,1204,13.073891625615763,156,1.0,0.06847360912981455,0.0063212896832348184,1.8017118402282453,184,0
RTFMS_2000_ORDERING_0.1_5_heuristics.pnml,68,29,0.9275265884316759,3,1.0,46,3.657142857142857,9,1.0,0.17647058823529413,0.044413919413919416,1.4264705882352942,30,3
Sepsis_4000_ABSENCE_0.4_2_inductive.pnml,94,4,0.5107878229540133,9,0.9787234042553191,43,3.409090909090909,11,1.0,0.2553191489361702,0.028531983433041877,1.3191489361702127,36,0
RTFMS_4000_MIXED_1.0_5_inductive.pnml,54,1,0.4854607607459134,1,0.8888888888888888,34,4.315789473684211,9,1.0,0.5925925925925926,0.06041335453100159,1.4074074074074074,17,0
RTFMS_10000_INSERTION_0.2_5_heuristics.pnml,80,24,0.9352691398683566,4,1.0,56,4.162162162162162,8,1.0,0.325,0.041928721174004195,1.5,30,3
BPIC2012_2000_INSERTION_1.0_2_inductive.pnml,173,6,0.6145715612236267,10,0.9421965317919075,89,3.4430379746835444,7,0.991304347826087,0.6242774566473989,0.01610644257703081,1.329479768786127,68,0
RTFMS_20000_ORDERING_4.0_5_inductive_inf.pnml,62,1,0.783776947484701,8,0.967741935483871,28,3.4,6,0.9512195121951219,0.06451612903225806,0.042842215256008356,1.3225806451612903,21,0
Sepsis_40000_SUBSTITUTION_10.0_1_inductive_inf.pnml,2048,3,0.7255826757048172,13,0.998046875,1944,36.862385321100916,713,1.0,0.029296875,0.011570451388278323,1.927734375,85,0
BPIC2012_20000_MIXED_2.0_5_alpha.pnml,146,9,0.9751190649408661,14,0.8972602739726028,52,5.703703703703703,31,0.9495798319327731,0.0,0.02361111111111111,0.815068493150685,0,4
Sepsis_20000_ABSENCE_0.1_4_alpha.pnml,22,15,0.9402859586706311,7,0.9545454545454546,18,4.0,14,1.0,0.0,0.17708333333333334,1.5454545454545454,0,2
BPIC2012_10000_INSERTION_10.0_2_alpha.pnml,480,8,0.8112781244591328,2,0.9791666666666666,78,19.5,70,0.9868421052631579,0.0,0.020127118644067795,0.31666666666666665,0,0
RTFMS_2000_inductive.pnml,54,1,0.7642045065086203,3,0.9444444444444444,29,3.2222222222222223,5,1.0,0.07407407407407407,0.04971590909090909,1.2962962962962963,20,0
RTFMS_10000_MIXED_1.0_2_heuristics.pnml,107,18,0.9402859586706311,5,1.0,76,4.857142857142857,15,1.0,0.29906542056074764,0.03544142614601019,1.560747663551402,40,4
Sepsis_100000_SUBSTITUTION_1.0_2_inductive_inf.pnml,207,0,0.4854607607459134,10,0.9758454106280193,146,6.385964912280702,51,1.0,0.25120772946859904,0.020864756158873805,1.603864734299517,51,0
BPIC2012_2000_ORDERING_0.2_4_inductive.pnml,131,1,0.7642045065086203,10,0.9618320610687023,63,3.5555555555555554,7,0.9244186046511628,0.8778625954198473,0.02057416267942584,1.3129770992366412,51,0
Sepsis_10000_INSERTION_4.0_3_heuristics.pnml,327,36,0.9182958340544896,9,1.0,289,11.033333333333333,52,1.0,0.7339449541284404,0.024012206874397687,1.8287461773700306,82,7
Sepsis_100000_SUBSTITUTION_1.0_3_inductive.pnml,722,4,0.7016443140299524,13,0.9944598337950139,600,11.12396694214876,211,1.0,0.07756232686980609,0.010416666666666666,1.7645429362880887,109,0
RTFMS_40000_INSERTION_4.0_3_inductive.pnml,902,6,0.7526269564427315,11,0.9955654101995566,824,19.863636363636363,188,1.0,0.03547671840354767,0.014684134523374567,1.8713968957871396,73,0
RTFMS_4000_MIXED_1.0_1_heuristics.pnml,92,26,0.9402859586706311,4,1.0,64,4.238095238095238,11,1.0,0.41304347826086957,0.037365591397849465,1.5108695652173914,38,3
Sepsis_2000_INSERTION_4.0_3_heuristics.pnml,161,37,0.9113423759758417,5,1.0,128,6.448979591836735,22,1.0,0.7329192546583851,0.028883183568677792,1.6770186335403727,69,6
Sepsis_1000_ORDERING_1.0_1_heuristics.pnml,98,28,0.9268190639645772,4,1.0,73,5.052631578947368,14,1.0,0.6428571428571429,0.038980509745127435,1.5918367346938775,52,4
Sepsis_2000_INSERTION_0.2_3_heuristics.pnml,114,33,0.9564574047992594,6,1.0,89,5.2,15,1.0,0.543859649122807,0.03479236812570146,1.631578947368421,61,6
BPIC2012_10000_ORDERING_0.1_4_alpha.pnml,32,6,0.9940302114769565,3,0.84375,13,4.090909090909091,13,0.9117647058823529,0.0,0.08854166666666667,1.0625,0,0
Sepsis_40000_ABSENCE_1.0_4_inductive.pnml,95,3,0.5107878229540133,9,0.9789473684210527,44,3.4545454545454546,11,1.0,0.25263157894736843,0.028455284552845527,1.3263157894736841,37,0
RTFMS_4000_ABSENCE_1.0_3_alpha.pnml,30,20,1.0,20,1.0,18,4.4,9,1.0,0.5333333333333333,0.1291866028708134,1.8,0,15
BPIC2012_100000_INSERTION_0.2_1_heuristics.pnml,234,4,0.7292739418449411,6,0.9914529914529915,170,7.407407407407407,28,0.9920844327176781,0.594017094017094,0.02090457804743519,1.6196581196581197,73,4
RTFMS_10000_MIXED_0.1_1_alpha.pnml,28,9,0.998363672593813,14,1.0,21,3.8095238095238093,8,1.0,0.35714285714285715,0.11794871794871795,1.6428571428571428,0,11
Sepsis_20000_INSERTION_0.1_2_inductive_inf.pnml,65,1,0.4394969869215134,2,0.9538461538461538,37,4.136363636363637,8,0.9772727272727273,0.6615384615384615,0.045548654244306416,1.353846153846154,23,0
RTFMS_20000_SUBSTITUTION_10.0_5_heuristics.pnml,1089,24,0.8989377852081333,10,1.0,1039,29.698630136986303,330,1.0,0.14967860422405876,0.019471849269342038,1.9283746556473829,95,3
RTFMS_100000_SUBSTITUTION_0.4_4_alpha.pnml,198,6,0.9709505944546686,2,0.9797979797979798,72,30.6,74,0.98,0.0,0.07772020725388601,0.7575757575757576,0,0
RTFMS_10000_SUBSTITUTION_4.0_1_inductive_inf.pnml,249,0,0.5032583347756457,4,0.9518072289156626,210,12.722222222222221,68,1.0,0.11244979919678715,0.031826036866359445,1.7751004016064258,32,0
BPIC2012_10000_ORDERING_0.4_4_alpha.pnml,33,4,0.9852281360342515,5,0.9090909090909091,16,3.857142857142857,13,0.9736842105263158,0.0,0.08796296296296297,1.1515151515151516,0,2
BPIC2012_20000_ORDERING_1.0_4_heuristics.pnml,140,3,0.7401470427139037,4,0.9714285714285714,81,4.906976744186046,14,0.9701492537313433,0.6714285714285714,0.024416909620991252,1.4357142857142857,73,3
RTFMS_20000_MIXED_0.2_4_heuristics.pnml,73,31,0.8849636363831528,2,1.0,54,4.181818181818182,12,1.0,0.2876712328767123,0.04634353741496599,1.4931506849315068,30,1
BPIC2012_2000_SUBSTITUTION_0.1_3_inductive.pnml,156,2,0.7382848661434506,11,0.9551282051282052,74,3.25,5,0.945,0.7948717948717948,0.01677008217340265,1.2820512820512822,63,0
Sepsis_100000_MIXED_2.0_1_inductive.pnml,712,2,0.7116412885080163,12,0.9943820224719101,596,11.254237288135593,212,1.0,0.07865168539325842,0.010731041542267337,1.7668539325842696,107,0
RTFMS_40000_MIXED_4.0_1_alpha.pnml,423,32,0.9852281360342515,5,0.9881796690307328,150,21.785714285714285,136,0.9893992932862191,0.0,0.03426150121065375,0.6690307328605201,0,3
Sepsis_10000_MIXED_0.2_4_alpha.pnml,30,23,0.9940302114769565,7,0.7666666666666666,14,4.363636363636363,14,0.9142857142857143,0.0,0.10869565217391304,1.1666666666666667,0,0
Sepsis_40000_ORDERING_10.0_1_inductive_inf.pnml,76,0,0.512709142030877,10,0.9473684210526316,35,3.5428571428571427,11,0.9607843137254902,0.3157894736842105,0.03554006968641115,1.3421052631578947,28,0
RTFMS_100000_ABSENCE_2.0_3_alpha.pnml,26,27,0.9709505944546686,16,0.9615384615384616,11,4.333333333333333,10,1.0,0.0,0.1303030303030303,1.6538461538461537,0,11
RTFMS_10000_heuristics.pnml,61,26,0.9672947789468944,4,0.9672131147540983,42,3.6666666666666665,8,0.9886363636363636,0.4262295081967213,0.04954954954954955,1.4426229508196722,25,3
BPIC2012_2000_ABSENCE_2.0_1_alpha.pnml,36,8,0.9975025463691152,8,0.9166666666666666,16,3.9411764705882355,12,0.9534883720930233,0.0,0.07465277777777778,1.1944444444444444,0,5
Sepsis_40000_ORDERING_0.2_5_inductive.pnml,92,3,0.5266170655714281,10,0.9782608695652174,41,3.4761904761904763,12,0.9836065573770492,0.2608695652173913,0.029172644667623145,1.326086956521739,34,0
BPIC2012_20000_SUBSTITUTION_10.0_5_heuristics.pnml,1300,2,0.507410963664697,5,1.0,1198,31.025,213,1.0,0.6369230769230769,0.013563114501124289,1.893076923076923,171,3
RTFMS_40000_INSERTION_4.0_3_heuristics.pnml,866,22,0.8403586716091171,4,1.0,824,32.84615384615385,200,1.0,0.4815242494226328,0.025858059715375314,1.926096997690531,68,1
RTFMS_100000_MIXED_4.0_4_inductive.pnml,1044,7,0.7642045065086203,10,0.9961685823754789,964,22.533333333333335,244,1.0,0.03065134099616858,0.014432384863596362,1.8850574712643677,76,0
BPIC2012_4000_SUBSTITUTION_0.4_5_heuristics.pnml,133,2,0.7120640548905479,4,0.9473684210526316,77,4.902439024390244,12,0.9842931937172775,0.7368421052631579,0.026050190943807967,1.4360902255639099,59,3
RTFMS_10000_ABSENCE_4.0_1_heuristics.pnml,64,30,0.9456603046006401,3,1.0,45,3.757575757575758,9,1.0,0.359375,0.0484375,1.453125,28,3
BPIC2012_100000_MIXED_0.1_3_inductive_inf.pnml,140,0,0.5032583347756457,6,0.8785714285714286,78,3.8703703703703702,8,0.9842105263157894,0.8071428571428572,0.020929720202687817,1.3571428571428572,54,0
Sepsis_4000_SUBSTITUTION_0.2_3_alpha.pnml,30,20,0.9709505944546686,9,0.9,21,4.2,16,0.9523809523809523,0.26666666666666666,0.1111111111111111,1.4,0,1
RTFMS_4000_MIXED_4.0_1_alpha.pnml,68,36,0.934068055375491,17,0.9705882352941176,40,5.7,23,1.0,0.22058823529411764,0.0645933014354067,1.1911764705882353,0,5
BPIC2012_2000_MIXED_0.4_2_inductive.pnml,183,4,0.6587435307694673,11,0.9726775956284153,89,3.227272727272727,6,0.9872881355932204,0.8360655737704918,0.014510575504181012,1.289617486338798,79,0
BPIC2012_2000_INSERTION_0.4_1_inductive.pnml,155,1,0.7698205808588191,10,0.9612903225806452,79,3.3943661971830985,6,0.9558823529411765,0.9161290322580645,0.017598343685300208,1.3161290322580645,64,0
Sepsis_4000_ORDERING_4.0_3_inductive_inf.pnml,67,0,0.362051251733998,8,0.9402985074626866,32,3.6551724137931036,10,0.9666666666666667,0.3582089552238806,0.04054054054054054,1.3432835820895523,23,0
RTFMS_4000_INSERTION_0.1_4_alpha.pnml,29,25,0.9980008838722996,16,0.9310344827586207,15,4.105263157894737,7,1.0,0.5862068965517241,0.11298076923076923,1.6206896551724137,0,8
BPIC2012_4000_ABSENCE_0.4_3_heuristics.pnml,123,4,0.7424875695421236,4,0.959349593495935,67,4.7368421052631575,13,0.9655172413793104,0.7154471544715447,0.02693498452012384,1.4146341463414633,60,3
RTFMS_20000_ABSENCE_4.0_4_alpha.pnml,27,23,0.9886994082884974,16,1.0,13,4.25,9,1.0,0.25925925925925924,0.1278409090909091,1.6666666666666667,0,11
RTFMS_40000_ORDERING_0.1_4_alpha.pnml,24,31,0.9886994082884974,15,1.0,14,4.25,10,0.9761904761904762,0.7083333333333334,0.14685314685314685,1.75,0,6
BPIC2012_100000_INSERTION_1.0_3_alpha.pnml,486,12,0.8112781244591328,1,0.9897119341563786,67,37.25,76,0.9931972789115646,0.0,0.03812240663900415,0.30246913580246915,0,0
Sepsis_1000_INSERTION_10.0_1_heuristics.pnml,171,31,0.9034535552068337,5,1.0,137,7.0638297872340425,22,1.0,0.8011695906432749,0.029245663574021783,1.695906432748538,65,5
RTFMS_20000_INSERTION_4.0_2_heuristics.pnml,489,31,0.8478617451660525,3,1.0,450,18.784313725490197,105,1.0,0.3456032719836401,0.026753413467149025,1.8752556237218814,61,1
Sepsis_4000_ABSENCE_0.1_1_inductive.pnml,94,4,0.5107878229540133,9,0.9787234042553191,43,3.409090909090909,11,1.0,0.2553191489361702,0.028531983433041877,1.3191489361702127,36,0
RTFMS_10000_SUBSTITUTION_0.2_5_inductive.pnml,91,2,0.7918583525674836,5,0.978021978021978,51,3.619047619047619,9,1.0,0.32967032967032966,0.03199174406604747,1.3626373626373627,35,0
RTFMS_10000_ORDERING_0.2_5_inductive_inf.pnml,39,0,0.7642045065086203,2,0.9230769230769231,24,3.5,6,1.0,0.48717948717948717,0.07222222222222222,1.3333333333333333,12,0
BPIC2012_1000_ABSENCE_2.0_1_heuristics.pnml,111,4,0.4488644887230294,1,0.9459459459459459,57,4.6875,11,0.9477124183006536,0.7657657657657657,0.028759398496240603,1.3783783783783783,52,0
RTFMS_2000_MIXED_4.0_2_heuristics.pnml,99,25,0.9262122127346664,4,1.0,71,4.634146341463414,14,1.0,0.45454545454545453,0.03695652173913044,1.5454545454545454,39,4
RTFMS_40000_MIXED_10.0_1_inductive.pnml,1160,5,0.7537153483720095,11,0.996551724137931,1072,23.237113402061855,310,1.0,0.03103448275862069,0.013291415808894931,1.8879310344827587,84,0
Sepsis_40000_MIXED_0.4_2_alpha.pnml,77,12,0.9957274520849255,7,0.8961038961038961,29,6.3076923076923075,20,0.9545454545454546,0.0,0.049253731343283584,0.8571428571428571,0,1
Sepsis_4000_MIXED_1.0_2_inductive.pnml,164,3,0.7072324944713735,11,0.975609756097561,83,3.253012048192771,6,1.0,0.1951219512195122,0.01661794122172642,1.3170731707317074,68,0
RTFMS_4000_SUBSTITUTION_1.0_1_alpha.pnml,37,8,0.9182958340544896,5,0.9459459459459459,15,6.666666666666667,14,0.972972972972973,0.24324324324324326,0.07974137931034483,1.0,0,3
RTFMS_40000_ABSENCE_1.0_3_inductive.pnml,62,1,0.7335379291086666,6,0.9838709677419355,33,3.176470588235294,6,1.0,0.06451612903225806,0.04338624338624339,1.3225806451612903,23,0
Sepsis_4000_ABSENCE_4.0_5_alpha.pnml,22,15,0.9402859586706311,7,0.9545454545454546,18,4.0,14,1.0,0.0,0.17708333333333334,1.5454545454545454,0,2
BPIC2012_40000_INSERTION_2.0_1_heuristics.pnml,574,4,0.7039260680195971,7,1.0,499,15.852941176470589,71,1.0,0.7038327526132404,0.0174585672280139,1.8205574912891986,113,3
Sepsis_2000_ORDERING_0.4_2_inductive_inf.pnml,87,2,0.4770713062193297,9,0.9770114942528736,38,3.4358974358974357,11,0.9824561403508771,0.27586206896551724,0.030448717948717948,1.3103448275862069,32,0
BPIC2012_40000_ABSENCE_0.1_4_heuristics.pnml,126,2,0.7691928290130138,4,0.9523809523809523,70,4.7,13,0.9608938547486033,0.7698412698412699,0.026017441860465115,1.4206349206349207,62,3
BPIC2012_100000_MIXED_0.2_4_alpha.pnml,88,12,0.9587118829771318,9,0.8409090909090909,30,4.714285714285714,23,0.8552631578947368,0.0,0.034703196347031964,0.8636363636363636,0,4
RTFMS_40000_ORDERING_4.0_1_alpha.pnml,24,4,0.8453509366224364,11,1.0,17,5.2727272727272725,11,1.0,0.25,0.14685314685314685,1.75,0,9
RTFMS_2000_MIXED_0.2_2_inductive_inf.pnml,54,0,0.7642045065086203,3,0.9444444444444444,29,3.2222222222222223,4,1.0,0.07407407407407407,0.04971590909090909,1.2962962962962963,20,0
RTFMS_10000_ABSENCE_2.0_1_heuristics.pnml,64,30,0.9456603046006401,3,1.0,45,3.757575757575758,9,1.0,0.359375,0.0484375,1.453125,28,3
BPIC2012_100000_ORDERING_0.1_3_inductive_inf.pnml,122,3,0.7568336324184035,8,0.9590163934426229,64,3.4909090909090907,7,0.9691358024691358,0.8934426229508197,0.022644674308079395,1.3278688524590163,49,0
RTFMS_1000_INSERTION_0.4_1_heuristics.pnml,59,16,0.9182958340544896,3,0.9491525423728814,34,3.4,5,1.0,0.5084745762711864,0.047619047619047616,1.3559322033898304,22,4
Sepsis_20000_ORDERING_0.4_2_inductive.pnml,92,3,0.5266170655714281,9,0.9782608695652174,40,3.380952380952381,11,0.9833333333333333,0.2608695652173913,0.028694404591104734,1.3043478260869565,34,0
RTFMS_1000_SUBSTITUTION_0.4_3_inductive.pnml,66,3,0.5916727785823275,2,0.9545454545454546,34,3.3214285714285716,5,0.9642857142857143,0.18181818181818182,0.04038461538461539,1.2727272727272727,26,0
Sepsis_2000_INSERTION_0.2_3_alpha.pnml,26,13,0.9709505944546686,7,0.9615384615384616,19,4.0,15,0.9736842105263158,0.0,0.14285714285714285,1.4615384615384615,0,1
RTFMS_40000_ORDERING_0.1_1_alpha.pnml,22,28,0.9967916319816366,13,1.0,13,4.266666666666667,10,1.0,0.0,0.16115702479338842,1.7727272727272727,0,5
RTFMS_40000_ORDERING_0.1_1_inductive.pnml,44,0,0.8812908992306927,4,0.9545454545454546,25,3.7,8,0.9666666666666667,0.75,0.0641025641025641,1.3636363636363635,14,0
BPIC2012_20000_ORDERING_0.1_5_inductive_inf.pnml,136,1,0.7578784625383954,9,0.9632352941176471,73,3.40625,6,0.9722222222222222,0.9117647058823529,0.020202020202020204,1.3235294117647058,57,0
Sepsis_1000_ABSENCE_0.2_1_inductive_inf.pnml,97,4,0.5586293734521992,9,0.9690721649484536,42,3.282608695652174,11,0.9841269841269842,0.24742268041237114,0.027131782945736434,1.2989690721649485,37,0
RTFMS_4000_SUBSTITUTION_2.0_5_alpha.pnml,54,5,0.863120568566631,6,0.962962962962963,25,8.857142857142858,22,1.0,0.16666666666666666,0.07472826086956522,1.0185185185185186,0,4
RTFMS_2000_SUBSTITUTION_10.0_3_inductive_inf.pnml,182,4,0.5349436990971066,3,0.978021978021978,136,7.658536585365853,37,1.0,0.13186813186813187,0.02834855403348554,1.6373626373626373,38,0
Sepsis_2000_SUBSTITUTION_10.0_1_alpha.pnml,119,3,0.863120568566631,2,0.957983193277311,34,10.428571428571429,27,1.0,0.0,0.05789473684210526,0.5546218487394958,0,0
Sepsis_20000_INSERTION_1.0_4_inductive.pnml,286,6,0.7219280948873623,12,0.986013986013986,182,4.704761904761905,36,1.0,0.16783216783216784,0.012611975483262611,1.4965034965034965,87,0
BPIC2012_1000_SUBSTITUTION_10.0_2_alpha.pnml,89,8,0.9774178175281716,7,0.898876404494382,37,5.411764705882353,20,0.9594594594594594,0.0,0.035238095238095235,0.8314606741573034,0,1
BPIC2012_2000_INSERTION_1.0_1_heuristics.pnml,118,6,0.5916727785823275,3,0.9915254237288136,68,5.0,11,0.9647058823529412,0.711864406779661,0.02976190476190476,1.4406779661016949,52,0
BPIC2012_2000_MIXED_0.4_5_heuristics.pnml,110,6,0.5916727785823275,3,0.9545454545454546,62,4.685714285714286,10,0.9743589743589743,0.7454545454545455,0.030696576151121605,1.4181818181818182,51,0
BPIC2012_40000_ABSENCE_2.0_2_alpha.pnml,38,11,0.998363672593813,11,0.9736842105263158,18,3.9523809523809526,15,1.0,0.0,0.07589285714285714,1.3421052631578947,0,9
BPIC2012_20000_ORDERING_0.4_4_alpha.pnml,34,6,0.9967916319816366,6,0.9705882352941176,16,3.933333333333333,13,0.975609756097561,0.0,0.08541666666666667,1.2058823529411764,0,2
BPIC2012_20000_INSERTION_0.4_3_heuristics.pnml,183,6,0.7062740891876007,4,0.9726775956284153,119,5.6923076923076925,19,0.9928057553956835,0.7103825136612022,0.0217459324155194,1.5191256830601092,75,3
RTFMS_4000_SUBSTITUTION_4.0_3_alpha.pnml,92,6,0.9910760598382222,6,0.967391304347826,42,10.444444444444445,36,0.9879518072289156,0.09782608695652174,0.05555555555555555,0.9021739130434783,0,4
RTFMS_1000_ABSENCE_2.0_4_alpha.pnml,30,8,0.954434002924965,15,1.0,14,4.25,7,1.0,0.0,0.11483253588516747,1.6,0,14
RTFMS_1000_MIXED_0.1_4_inductive.pnml,50,2,0.6840384356390417,2,0.94,26,3.3181818181818183,5,0.96875,0.08,0.05333333333333334,1.28,17,0
BPIC2012_100000_ORDERING_10.0_2_alpha.pnml,34,15,0.9366673818775626,11,0.9705882352941176,31,5.647058823529412,24,1.0,0.0,0.13333333333333333,1.8823529411764706,0,7
Sepsis_1000_ORDERING_0.2_3_heuristics.pnml,98,28,0.9268190639645772,4,1.0,73,5.052631578947368,14,1.0,0.6428571428571429,0.038980509745127435,1.5918367346938775,52,4
BPIC2012_10000_MIXED_1.0_5_heuristics.pnml,173,2,0.6500224216483541,4,0.9884393063583815,106,5.583333333333333,16,0.9728682170542635,0.6936416184971098,0.021783181357649443,1.4913294797687862,73,3
Sepsis_1000_SUBSTITUTION_0.1_3_heuristics.pnml,99,28,0.9268190639645772,4,1.0,74,5.105263157894737,14,1.0,0.6464646464646465,0.03891625615763547,1.595959595959596,52,4
RTFMS_10000_alpha.pnml,29,13,0.9975025463691152,16,0.9310344827586207,16,4.352941176470588,7,0.9583333333333334,0.5862068965517241,0.12121212121212122,1.6551724137931034,0,12
Sepsis_1000_MIXED_0.4_5_alpha.pnml,20,19,0.9852281360342515,4,0.8,10,4.714285714285714,14,0.9615384615384616,0.0,0.203125,1.3,0,0
RTFMS_2000_INSERTION_0.4_4_alpha.pnml,34,12,0.9852281360342515,10,0.9117647058823529,15,4.0,8,0.9130434782608696,0.0,0.07958477508650519,1.3529411764705883,0,7
BPIC2012_20000_INSERTION_2.0_4_alpha.pnml,252,1,0.8997437586982626,4,0.9484126984126984,61,7.684210526315789,38,1.0,0.04365079365079365,0.02027679433537174,0.5,0,0
BPIC2012_1000_MIXED_0.1_3_alpha.pnml,37,8,0.9957274520849255,5,0.8378378378378378,12,3.923076923076923,11,0.8974358974358975,0.0,0.065,1.054054054054054,0,2
BPIC2012_20000_INSERTION_0.2_1_heuristics.pnml,142,3,0.7691928290130138,4,0.971830985915493,86,5.475,14,0.9666666666666667,0.647887323943662,0.026138909634055265,1.4788732394366197,60,3
Sepsis_10000_ABSENCE_0.4_1_inductive.pnml,95,3,0.5107878229540133,9,0.9789473684210527,44,3.4545454545454546,11,1.0,0.25263157894736843,0.028455284552845527,1.3263157894736841,37,0
RTFMS_100000_SUBSTITUTION_2.0_2_alpha.pnml,1003,2,0.8112781244591328,1,0.9980059820538385,351,176.0,350,1.0,0.0,0.11683333333333333,0.6989032901296112,0,0
Sepsis_10000_ABSENCE_0.1_2_inductive.pnml,94,4,0.5107878229540133,9,0.9787234042553191,43,3.409090909090909,11,1.0,0.2553191489361702,0.028531983433041877,1.3191489361702127,36,0
Sepsis_4000_ORDERING_0.1_3_alpha.pnml,22,15,0.9402859586706311,7,0.9545454545454546,18,4.0,14,1.0,0.0,0.17708333333333334,1.5454545454545454,0,2
BPIC2012_40000_ORDERING_2.0_1_inductive_inf.pnml,133,1,0.6565402813869459,10,0.9398496240601504,69,3.4915254237288136,8,0.9715909090909091,0.8571428571428571,0.020512820512820513,1.3233082706766917,54,0
Sepsis_1000_ORDERING_0.2_1_heuristics.pnml,98,28,0.9268190639645772,4,1.0,73,5.052631578947368,14,1.0,0.6428571428571429,0.038980509745127435,1.5918367346938775,52,4
RTFMS_10000_MIXED_0.1_3_inductive_inf.pnml,45,0,0.7219280948873623,2,0.8666666666666667,27,3.55,6,0.9833333333333333,0.5111111111111111,0.06302521008403361,1.3333333333333333,15,0
Sepsis_2000_MIXED_1.0_4_heuristics.pnml,122,33,0.9440870182837794,6,1.0,94,5.23404255319149,15,1.0,0.5163934426229508,0.03251231527093596,1.6229508196721312,63,6
BPIC2012_10000_MIXED_0.4_5_heuristics.pnml,143,1,0.6840384356390417,4,0.965034965034965,83,4.909090909090909,12,0.9804878048780488,0.6853146853146853,0.024163130598774164,1.4335664335664335,65,3
BPIC2012_10000_INSERTION_10.0_3_alpha.pnml,486,12,0.8112781244591328,1,0.9897119341563786,67,37.25,76,0.9931972789115646,0.0,0.03812240663900415,0.30246913580246915,0,0
RTFMS_40000_ABSENCE_4.0_3_inductive.pnml,62,1,0.7335379291086666,6,0.9838709677419355,33,3.176470588235294,6,1.0,0.06451612903225806,0.04338624338624339,1.3225806451612903,23,0
RTFMS_40000_ABSENCE_4.0_1_inductive.pnml,63,2,0.7219280948873623,7,0.9841269841269842,33,3.2,5,1.0,0.06349206349206349,0.04285714285714286,1.3333333333333333,23,0
RTFMS_40000_SUBSTITUTION_4.0_2_inductive.pnml,946,4,0.74959525725948,9,0.9957716701902748,870,21.80952380952381,268,1.0,0.03805496828752643,0.015306473829201101,1.879492600422833,76,0
Sepsis_20000_INSERTION_0.2_5_heuristics.pnml,140,34,0.9366673818775626,9,1.0,112,5.764705882352941,21,1.0,0.5785714285714286,0.030963001836788243,1.6857142857142857,62,7
RTFMS_4000_INSERTION_10.0_1_alpha.pnml,189,10,0.0,0,0.9894179894179894,58,53.0,58,1.0,0.0,0.14171122994652408,0.5608465608465608,0,0
BPIC2012_20000_ORDERING_0.4_2_inductive.pnml,157,1,0.8263541679009074,11,0.9872611464968153,85,3.2987012987012987,5,0.970873786407767,0.9363057324840764,0.01722408026755853,1.3121019108280254,67,0
Sepsis_1000_ORDERING_0.1_4_inductive.pnml,91,3,0.5349436990971066,9,0.967032967032967,38,3.341463414634146,11,0.9661016949152542,0.26373626373626374,0.02878048780487805,1.2967032967032968,33,0
RTFMS_1000_INSERTION_4.0_4_inductive_inf.pnml,80,2,0.3809465857053901,1,0.8625,48,4.222222222222222,9,0.990909090909091,0.6,0.03917378917378917,1.375,27,0
BPIC2012_2000_MIXED_4.0_1_heuristics.pnml,140,4,0.5349436990971066,3,0.9857142857142858,86,5.2682926829268295,13,0.9902912621359223,0.6928571428571428,0.026573787409700723,1.4714285714285715,60,0
RTFMS_100000_ORDERING_4.0_3_inductive.pnml,75,0,0.8904916402194913,9,0.9733333333333334,35,3.230769230769231,6,0.9387755102040817,0.05333333333333334,0.035,1.3066666666666666,28,0
RTFMS_20000_SUBSTITUTION_2.0_3_inductive.pnml,327,3,0.7793498372920851,9,0.9877675840978594,258,7.769230769230769,63,1.0,0.07339449541284404,0.017228464419475654,1.688073394495413,64,0
RTFMS_1000_INSERTION_0.1_5_inductive_inf.pnml,52,2,0.6665783579949205,2,0.9423076923076923,26,3.260869565217391,5,0.9696969696969697,0.15384615384615385,0.05069124423963134,1.2692307692307692,19,0
RTFMS_10000_MIXED_10.0_1_inductive.pnml,387,4,0.7691928290130138,9,0.9896640826873385,316,9.025,75,1.0,0.07235142118863049,0.016575682382133996,1.7260981912144704,68,0
Sepsis_20000_MIXED_1.0_3_inductive.pnml,230,5,0.6665783579949205,10,0.9826086956521739,134,4.130434782608695,17,1.0,0.20869565217391303,0.014012303485987697,1.4260869565217391,84,0
Sepsis_40000_ORDERING_2.0_3_heuristics.pnml,116,36,0.9377342939868041,8,1.0,90,5.125,15,1.0,0.5086206896551724,0.03368606701940035,1.646551724137931,64,7
RTFMS_4000_ORDERING_0.2_1_inductive.pnml,59,1,0.7642045065086203,5,0.9661016949152542,32,3.4814814814814814,5,0.9743589743589743,0.8813559322033898,0.04588235294117647,1.3220338983050848,22,0
Sepsis_10000_MIXED_10.0_4_heuristics.pnml,398,22,0.9235785996175947,11,1.0,351,12.741935483870968,60,1.0,0.5577889447236181,0.02175595238095238,1.8366834170854272,87,10
Sepsis_20000_SUBSTITUTION_0.2_4_inductive.pnml,152,3,0.6868088934028035,7,0.9736842105263158,83,3.408450704225352,6,1.0,0.7894736842105263,0.018525311812179018,1.3289473684210527,62,0
BPIC2012_10000_ABSENCE_1.0_3_heuristics.pnml,129,2,0.7219280948873623,4,0.9302325581395349,71,4.725,15,0.967032967032967,0.6666666666666666,0.02556179775280899,1.4108527131782946,64,3
Sepsis_10000_INSERTION_4.0_1_alpha.pnml,216,18,0.9709505944546686,1,0.9722222222222222,19,12.0,31,0.9649122807017544,0.0,0.027014218009478674,0.2638888888888889,0,0
Sepsis_2000_INSERTION_0.4_3_heuristics.pnml,118,32,0.9503376699710268,6,1.0,91,5.217391304347826,15,1.0,0.5338983050847458,0.03361344537815126,1.6271186440677967,62,6
BPIC2012_20000_INSERTION_0.1_4_heuristics.pnml,135,6,0.7592757847892833,4,0.9703703703703703,76,4.951219512195122,11,0.9690721649484536,0.7111111111111111,0.025526315789473685,1.4370370370370371,62,3
Sepsis_20000_MIXED_0.1_3_inductive_inf.pnml,112,4,0.5095157180881823,8,0.9642857142857143,52,3.2830188679245285,10,1.0,0.2857142857142857,0.023895253682487724,1.3035714285714286,46,0
BPIC2012_1000_ORDERING_1.0_5_heuristics.pnml,112,4,0.4488644887230294,1,0.9732142857142857,58,4.75,11,0.9483870967741935,0.7589285714285714,0.0287569573283859,1.3839285714285714,53,0
BPIC2012_1000_SUBSTITUTION_2.0_3_heuristics.pnml,134,3,0.39124356362925566,1,0.9776119402985075,75,4.871794871794871,12,0.9735449735449735,0.7388059701492538,0.025132978723404257,1.4104477611940298,59,0
Sepsis_100000_INSERTION_0.1_3_heuristics.pnml,168,34,0.9117517586347537,8,1.0,135,6.576923076923077,25,1.0,0.7261904761904762,0.028523156430133173,1.7083333333333333,66,7
RTFMS_10000_MIXED_10.0_1_alpha.pnml,265,4,0.9940302114769565,7,0.9886792452830189,91,17.818181818181817,86,0.9944444444444445,0.04150943396226415,0.0390625,0.6792452830188679,0,4
RTFMS_1000_ABSENCE_0.1_4_heuristics.pnml,52,17,0.9509560484549725,3,0.9615384615384616,30,3.3703703703703702,5,0.9857142857142858,0.1346153846153846,0.05303030303030303,1.3461538461538463,18,4
Sepsis_2000_INSERTION_10.0_5_inductive.pnml,283,2,0.6840384356390417,11,0.9858657243816255,183,4.888888888888889,43,1.0,0.18374558303886926,0.013017968463513017,1.5053003533568905,85,0
Sepsis_40000_INSERTION_10.0_1_alpha.pnml,1895,2,0.0,0,0.9989445910290238,165,166.0,167,1.0,0.0,0.04384574749075541,0.17519788918205806,0,0
Sepsis_20000_MIXED_1.0_3_inductive_inf.pnml,129,2,0.4854607607459134,9,0.9689922480620154,65,3.5789473684210527,10,1.0,0.37209302325581395,0.021870286576168928,1.3488372093023255,51,0
RTFMS_20000_ABSENCE_0.4_2_alpha.pnml,27,23,0.9886994082884974,16,1.0,13,4.25,9,1.0,0.25925925925925924,0.1278409090909091,1.6666666666666667,0,11
RTFMS_20000_ABSENCE_0.4_2_heuristics.pnml,63,30,0.8960382325345574,2,1.0,45,3.75,9,1.0,0.3333333333333333,0.049456521739130434,1.4444444444444444,28,1
BPIC2012_20000_INSERTION_2.0_3_alpha.pnml,201,5,0.9852281360342515,1,0.9502487562189055,36,12.0,38,0.9506172839506173,0.0,0.029823269513991165,0.40298507462686567,0,0
Sepsis_2000_ABSENCE_2.0_3_inductive_inf.pnml,92,2,0.46121604051390946,8,0.9782608695652174,44,3.5121951219512195,10,1.0,0.2608695652173913,0.029511369134010642,1.326086956521739,36,0
RTFMS_40000_SUBSTITUTION_0.4_5_heuristics.pnml,167,19,0.8841151220488479,4,1.0,136,7.488372093023256,39,1.0,0.2275449101796407,0.033799810246679315,1.7065868263473054,47,1
RTFMS_1000_INSERTION_0.2_2_heuristics.pnml,56,17,0.9293636260137187,3,1.0,33,3.3793103448275863,6,1.0,0.125,0.05006587615283267,1.3571428571428572,20,4
Sepsis_40000_ABSENCE_0.2_1_alpha.pnml,22,14,0.9402859586706311,7,0.9545454545454546,19,4.071428571428571,14,1.0,0.0,0.18229166666666666,1.5909090909090908,0,2
BPIC2012_10000_ORDERING_0.2_3_heuristics.pnml,129,2,0.7219280948873623,4,0.937984496124031,71,4.75,14,0.967032967032967,0.6666666666666666,0.02556179775280899,1.4108527131782946,64,3
BPIC2012_100000_MIXED_1.0_2_alpha.pnml,267,6,0.9910760598382222,3,0.9588014981273408,60,14.444444444444445,52,0.9685039370078741,0.0,0.027347114556416884,0.4756554307116105,0,1
BPIC2012_20000_ORDERING_2.0_4_inductive.pnml,121,1,0.7568336324184035,9,0.9834710743801653,67,3.5272727272727273,6,0.9753086419753086,0.9173553719008265,0.02295918367346939,1.3388429752066116,47,0
BPIC2012_40000_SUBSTITUTION_0.1_4_alpha.pnml,47,8,1.0,2,0.851063829787234,11,4.75,15,0.8529411764705882,0.0,0.060714285714285714,0.723404255319149,0,2
RTFMS_2000_MIXED_4.0_3_inductive.pnml,87,2,0.6722948170756379,3,0.9310344827586207,55,4.176470588235294,10,1.0,0.7586206896551724,0.03753026634382567,1.4252873563218391,30,0
Sepsis_2000_SUBSTITUTION_2.0_5_inductive.pnml,141,5,0.7553754125614287,8,0.9716312056737588,77,3.420289855072464,8,1.0,0.5673758865248227,0.02022137079608344,1.3475177304964538,56,0
RTFMS_100000_ORDERING_1.0_4_inductive.pnml,71,0,0.8418521897563207,9,0.971830985915493,34,3.2972972972972974,5,0.9574468085106383,0.056338028169014086,0.037480063795853266,1.323943661971831,26,0
BPIC2012_2000_MIXED_2.0_2_alpha.pnml,42,11,0.9940302114769565,2,0.7619047619047619,11,4.0,14,0.868421052631579,0.0,0.059375,0.9047619047619048,0,1
RTFMS_10000_SUBSTITUTION_0.4_4_heuristics.pnml,99,25,0.9262122127346664,4,1.0,71,4.585365853658536,15,1.0,0.26262626262626265,0.03671497584541063,1.5353535353535352,39,3
BPIC2012_10000_ORDERING_0.2_3_inductive.pnml,161,0,0.8577435372751958,13,0.9875776397515528,77,3.408450704225352,6,0.9238095238095239,0.937888198757764,0.0165406427221172,1.3043478260869565,67,0
Sepsis_2000_SUBSTITUTION_2.0_1_inductive.pnml,172,2,0.7012065844539666,9,0.9767441860465116,95,3.569620253164557,8,1.0,0.5813953488372093,0.016927083333333332,1.3604651162790697,68,0
Sepsis_1000_ORDERING_1.0_4_alpha.pnml,23,15,0.9182958340544896,7,0.9130434782608696,16,4.333333333333333,14,1.0,0.0,0.15625,1.5217391304347827,0,2
RTFMS_10000_ORDERING_1.0_3_alpha.pnml,25,12,0.9975025463691152,15,1.0,20,4.588235294117647,11,1.0,0.52,0.1525974025974026,1.88,0,11
Sepsis_100000_ORDERING_0.4_2_inductive.pnml,91,2,0.46121604051390946,11,0.978021978021978,41,3.5609756097560976,13,0.9836065573770492,0.26373626373626374,0.02975609756097561,1.3406593406593406,33,0
RTFMS_40000_MIXED_0.1_2_inductive.pnml,114,3,0.7076690004167968,8,0.9649122807017544,60,3.3333333333333335,6,1.0,0.17543859649122806,0.024296675191815855,1.3333333333333333,46,0
BPIC2012_10000_MIXED_0.4_4_inductive.pnml,171,3,0.6402569436810504,11,0.9824561403508771,94,3.4375,7,1.0,0.847953216374269,0.016276413478012564,1.3333333333333333,70,0
RTFMS_40000_MIXED_10.0_1_alpha.pnml,1005,53,0.9852281360342515,4,0.9980099502487563,342,47.214285714285715,328,1.0,0.0,0.0533033033033033,0.6358208955223881,0,2
BPIC2012_2000_MIXED_0.4_2_alpha.pnml,37,6,0.9957274520849255,4,0.8108108108108107,13,3.6923076923076925,11,0.9142857142857143,0.0,0.06481481481481481,0.9459459459459459,0,1
Sepsis_2000_SUBSTITUTION_2.0_2_alpha.pnml,45,12,0.9980008838722996,8,0.8222222222222222,25,4.368421052631579,15,1.0,0.0,0.08024691358024691,1.1555555555555554,0,2
Sepsis_1000_ORDERING_10.0_1_inductive.pnml,95,3,0.6235702082127974,10,0.968421052631579,41,3.311111111111111,11,0.967741935483871,0.25263157894736843,0.027728085867620753,1.305263157894737,35,0
Sepsis_4000_SUBSTITUTION_10.0_4_inductive.pnml,385,2,0.6710828900205286,11,0.9896103896103896,276,6.2407407407407405,66,1.0,0.14545454545454545,0.011653507440024293,1.594805194805195,99,0
BPIC2012_4000_SUBSTITUTION_1.0_2_alpha.pnml,58,2,0.9819407868640977,6,0.9137931034482758,28,4.315789473684211,13,0.9672131147540983,0.0,0.05213675213675214,1.0517241379310345,0,2
RTFMS_10000_MIXED_1.0_5_heuristics.pnml,103,24,0.9330252953592911,5,1.0,75,4.651162790697675,16,1.0,0.39805825242718446,0.035842293906810034,1.5533980582524272,42,3
BPIC2012_20000_ABSENCE_0.4_4_heuristics.pnml,126,4,0.7691928290130138,4,0.9523809523809523,70,4.725,14,0.9664804469273743,0.6984126984126984,0.02637783672266431,1.4206349206349207,62,3
BPIC2012_100000_MIXED_0.2_5_heuristics.pnml,202,1,0.6987003526563343,5,0.9900990099009901,133,6.188679245283019,22,0.983974358974359,0.6386138613861386,0.020526315789473684,1.5445544554455446,78,4
BPIC2012_20000_ABSENCE_2.0_2_alpha.pnml,38,10,0.998363672593813,11,0.9736842105263158,18,3.9047619047619047,14,1.0,0.0,0.0744047619047619,1.3157894736842106,0,9
RTFMS_2000_MIXED_0.2_1_inductive.pnml,68,2,0.7335379291086666,4,0.9558823529411765,34,3.2058823529411766,5,1.0,0.11764705882352941,0.039285714285714285,1.2941176470588236,27,0
Sepsis_10000_ORDERING_2.0_2_inductive.pnml,91,2,0.46121604051390946,11,0.978021978021978,41,3.5609756097560976,13,0.9836065573770492,0.26373626373626374,0.02975609756097561,1.3406593406593406,33,0
BPIC2012_40000_ORDERING_4.0_1_inductive.pnml,161,0,0.774241158084727,13,0.9875776397515528,84,3.367088607594937,7,0.9813084112149533,0.84472049689441,0.016989520482692918,1.329192546583851,69,0
Sepsis_1000_ABSENCE_2.0_5_alpha.pnml,23,15,0.9182958340544896,7,0.9130434782608696,16,4.333333333333333,14,1.0,0.0,0.15625,1.5217391304347827,0,2
BPIC2012_4000_MIXED_4.0_5_heuristics.pnml,194,2,0.6343095546405662,4,0.9896907216494846,126,6.2,21,0.9832214765100671,0.6597938144329897,0.021261415525114156,1.5360824742268042,80,3
BPIC2012_40000_ABSENCE_10.0_2_alpha.pnml,38,12,0.998363672593813,11,0.9736842105263158,18,4.0,16,1.0,0.0,0.07738095238095238,1.368421052631579,0,9
BPIC2012_4000_INSERTION_0.4_5_alpha.pnml,41,7,1.0,3,0.7560975609756098,10,3.9,12,0.736842105263158,0.0,0.05459770114942529,0.926829268292683,0,1
RTFMS_1000_ORDERING_10.0_4_heuristics.pnml,67,20,0.9283620723948676,3,1.0,42,3.75,9,1.0,0.1044776119402985,0.04523809523809524,1.4179104477611941,30,4
RTFMS_4000_MIXED_0.1_3_inductive_inf.pnml,51,0,0.6840384356390417,2,0.9019607843137255,30,3.590909090909091,5,0.9852941176470589,0.8431372549019608,0.05592105263157895,1.3333333333333333,19,0
RTFMS_40000_ORDERING_1.0_4_heuristics.pnml,76,22,0.8879763195151349,3,1.0,52,3.9444444444444446,11,1.0,0.3815789473684211,0.04269230769230769,1.4605263157894737,38,1
BPIC2012_40000_INSERTION_0.4_4_heuristics.pnml,228,3,0.6572729784684465,4,0.9912280701754386,165,7.3584905660377355,21,1.0,0.6885964912280702,0.021688021629246504,1.618421052631579,76,3
BPIC2012_10000_ABSENCE_10.0_2_inductive_inf.pnml,136,0,0.7706290693639405,8,0.9191176470588235,67,3.2580645161290325,4,0.9482758620689655,0.29411764705882354,0.019320453031312457,1.2794117647058822,55,0
Sepsis_4000_INSERTION_0.2_3_heuristics.pnml,124,41,0.9601186626422924,7,1.0,92,5.23404255319149,15,1.0,0.6612903225806451,0.030599755201958383,1.6129032258064515,64,10
BPIC2012_100000_ABSENCE_0.4_4_inductive.pnml,121,0,0.6267511370265895,6,0.9669421487603306,69,3.627450980392157,8,0.9814814814814815,0.8925619834710744,0.023478260869565216,1.3388429752066116,50,0
RTFMS_100000_ABSENCE_1.0_5_inductive.pnml,65,1,0.7642045065086203,6,0.9846153846153847,36,3.1666666666666665,4,1.0,0.06153846153846154,0.041505791505791506,1.323076923076923,25,0
RTFMS_10000_SUBSTITUTION_2.0_3_heuristics.pnml,199,9,0.9661773513883509,9,1.0,163,7.686274509803922,44,1.0,0.2613065326633166,0.02869536202869536,1.728643216080402,54,6
RTFMS_40000_ABSENCE_2.0_3_alpha.pnml,28,30,0.954434002924965,18,1.0,12,4.375,10,1.0,0.0,0.12566844919786097,1.6785714285714286,0,11
BPIC2012_20000_ORDERING_0.1_5_alpha.pnml,34,12,0.9967916319816366,6,0.8823529411764706,14,3.933333333333333,12,0.975,0.0,0.08333333333333333,1.1764705882352942,0,2
RTFMS_1000_MIXED_0.1_4_heuristics.pnml,53,17,0.9509560484549725,3,0.9622641509433962,31,3.4444444444444446,6,0.9861111111111112,0.1320754716981132,0.05278592375366569,1.3584905660377358,18,4
Sepsis_100000_ORDERING_1.0_1_alpha.pnml,26,25,0.954434002924965,14,1.0,20,4.875,15,1.0,0.0,0.15,1.8461538461538463,0,7
Sepsis_100000_SUBSTITUTION_10.0_3_alpha.pnml,4669,27,0.0,0,0.9995716427500535,464,477.5,491,1.0,0.0,0.051157060209985,0.20454058684943244,0,0
Sepsis_1000_ABSENCE_0.2_3_inductive.pnml,92,4,0.5746356978376794,9,0.967391304347826,40,3.2954545454545454,11,0.9833333333333333,0.2608695652173913,0.028694404591104734,1.3043478260869565,34,0
BPIC2012_4000_heuristics.pnml,121,3,0.7642045065086203,4,0.9338842975206612,64,4.777777777777778,11,0.9467455621301775,0.7272727272727273,0.02679137603043754,1.396694214876033,58,3
BPIC2012_100000_ABSENCE_4.0_3_inductive.pnml,111,1,0.6420642892306891,6,0.963963963963964,65,3.6122448979591835,8,0.9933333333333333,0.8828828828828829,0.025879917184265012,1.3513513513513513,44,0
RTFMS_100000_MIXED_4.0_4_alpha.pnml,900,7,0.9709505944546686,1,0.9966666666666667,264,105.2,261,1.0,0.0,0.0966183574879227,0.5777777777777777,0,0
RTFMS_100000_SUBSTITUTION_0.2_5_heuristics.pnml,190,13,0.8841151220488479,5,1.0,157,8.465116279069768,48,1.0,0.21578947368421053,0.032535601265822785,1.731578947368421,48,2
BPIC2012_2000_MIXED_4.0_1_inductive.pnml,233,6,0.6962122601251458,14,0.9742489270386266,122,3.3839285714285716,6,0.9967741935483871,0.592274678111588,0.01194881282762874,1.3304721030042919,97,0
Sepsis_2000_ABSENCE_1.0_1_alpha.pnml,22,19,0.8904916402194913,7,0.9545454545454546,16,4.0,14,1.0,0.0,0.171875,1.5,0,1
Sepsis_2000_ORDERING_2.0_1_heuristics.pnml,110,35,0.9522656254366642,6,1.0,86,5.255813953488372,14,1.0,0.5363636363636364,0.036057692307692304,1.6363636363636365,61,6
BPIC2012_20000_INSERTION_2.0_4_inductive.pnml,550,10,0.7240966885612699,21,0.9927272727272727,366,5.239130434782608,31,1.0,0.17454545454545456,0.007157205313887341,1.5418181818181818,163,0
Sepsis_10000_MIXED_0.2_5_inductive.pnml,109,3,0.6800770457282799,6,0.981651376146789,59,3.44,6,1.0,0.7706422018348624,0.02536997885835095,1.3211009174311927,46,0
Sepsis_1000_MIXED_0.4_3_alpha.pnml,23,15,0.9182958340544896,7,0.9130434782608696,16,4.333333333333333,14,1.0,0.0,0.15625,1.5217391304347827,0,2
Sepsis_20000_ORDERING_0.1_1_heuristics.pnml,107,34,0.9503376699710268,8,1.0,83,5.0,14,1.0,0.5514018691588785,0.036036036036036036,1.644859813084112,57,7
RTFMS_20000_SUBSTITUTION_0.4_2_inductive.pnml,158,2,0.7473944462440387,7,0.9873417721518988,97,4.39344262295082,32,1.0,0.1518987341772152,0.021296296296296296,1.4556962025316456,54,0
BPIC2012_40000_ABSENCE_10.0_4_inductive.pnml,111,1,0.6420642892306891,6,0.963963963963964,65,3.6122448979591835,8,0.9933333333333333,0.8828828828828829,0.025879917184265012,1.3513513513513513,44,0
BPIC2012_100000_ABSENCE_0.2_3_heuristics.pnml,131,1,0.782444129406689,5,0.9541984732824428,72,4.534883720930233,15,0.967391304347826,0.6870229007633588,0.024612092027822365,1.4045801526717556,64,4
BPIC2012_20000_SUBSTITUTION_10.0_5_inductive.pnml,1406,4,0.7424875695421236,23,0.9971550497866287,1204,12.736842105263158,172,1.0,0.06543385490753911,0.006172929944082241,1.79800853485064,186,0
RTFMS_100000_INSERTION_0.1_2_alpha.pnml,64,3,0.9182958340544896,1,0.90625,18,12.0,17,0.8974358974358975,0.0,0.06610169491525424,0.609375,0,0
RTFMS_100000_ORDERING_1.0_1_alpha.pnml,22,5,0.8112781244591328,9,1.0,13,5.75,11,0.972972972972973,0.0,0.15289256198347106,1.6818181818181819,0,8
RTFMS_20000_ORDERING_10.0_5_heuristics.pnml,80,24,0.8997437586982626,3,1.0,55,4.0,11,1.0,0.325,0.04122990915443746,1.475,41,1
Sepsis_2000_SUBSTITUTION_10.0_4_heuristics.pnml,218,24,0.9426831892554922,8,1.0,186,8.76,31,1.0,0.6192660550458715,0.028893534418396295,1.775229357798165,70,6
BPIC2012_20000_MIXED_2.0_3_inductive.pnml,314,0,0.6609623351442084,10,0.9872611464968153,207,5.0476190476190474,24,1.0,0.4267515923566879,0.012000607625702568,1.5095541401273886,95,0
BPIC2012_2000_ABSENCE_1.0_4_alpha.pnml,35,9,0.9967916319816366,7,0.8857142857142857,14,4.066666666666666,13,0.9512195121951219,0.0,0.07765151515151515,1.1714285714285715,0,3
Sepsis_40000_ABSENCE_4.0_2_inductive.pnml,95,3,0.5107878229540133,9,0.9789473684210527,44,3.4545454545454546,11,1.0,0.25263157894736843,0.028455284552845527,1.3263157894736841,37,0
Sepsis_40000_ABSENCE_1.0_1_inductive_inf.pnml,77,2,0.5032583347756457,8,0.974025974025974,36,3.4444444444444446,10,1.0,0.3116883116883117,0.03488372093023256,1.3246753246753247,29,0
RTFMS_2000_SUBSTITUTION_4.0_2_inductive.pnml,147,2,0.7292739418449411,6,0.9863945578231292,93,4.592592592592593,32,1.0,0.16326530612244897,0.023529411764705882,1.469387755102041,48,0
Sepsis_1000_MIXED_1.0_3_alpha.pnml,25,16,0.9612366047228759,8,0.92,17,4.461538461538462,14,1.0,0.0,0.14338235294117646,1.56,0,2
Sepsis_10000_ORDERING_2.0_2_heuristics.pnml,116,33,0.9633355456726841,9,1.0,86,4.8979591836734695,15,1.0,0.5086206896551724,0.03198768388641807,1.6120689655172413,62,10
Sepsis_40000_MIXED_10.0_1_alpha.pnml,997,17,0.0,0,0.9979939819458375,92,100.5,109,1.0,0.0,0.05050251256281407,0.20160481444332998,0,0
RTFMS_100000_SUBSTITUTION_4.0_2_heuristics.pnml,2166,14,0.9238422284571814,23,1.0,2086,36.69491525423729,675,1.0,0.14681440443213298,0.01262284276126558,1.9450600184672207,151,2
Sepsis_40000_INSERTION_0.2_4_heuristics.pnml,153,35,0.9313043685793763,8,1.0,125,6.489795918367347,21,1.0,0.5032679738562091,0.031220322886989553,1.7189542483660132,61,7
Sepsis_40000_alpha.pnml,22,15,0.9402859586706311,7,0.9545454545454546,18,4.0,14,1.0,0.0,0.17708333333333334,1.5454545454545454,0,2
RTFMS_40000_INSERTION_10.0_2_inductive_inf.pnml,1979,1,0.38431154412649704,2,0.9979787771601819,1935,97.45,465,1.0,0.01616978271854472,0.027054861246416345,1.9646286003031834,39,0
BPIC2012_1000_MIXED_4.0_3_alpha.pnml,54,13,0.9828586897127056,15,0.9814814814814815,28,4.5,14,0.9861111111111112,0.0,0.057233704292527825,1.3333333333333333,0,6
Sepsis_40000_ABSENCE_4.0_2_alpha.pnml,23,11,0.9402859586706311,8,0.9565217391304348,20,4.357142857142857,14,1.0,0.0,0.16964285714285715,1.6521739130434783,0,4
RTFMS_4000_ABSENCE_2.0_5_inductive.pnml,46,1,0.7024665512903903,2,0.9782608695652174,29,3.5238095238095237,6,1.0,0.7608695652173914,0.06288032454361055,1.3478260869565217,17,0
Sepsis_2000_SUBSTITUTION_0.4_1_heuristics.pnml,119,34,0.9503376699710268,6,1.0,93,5.260869565217392,16,1.0,0.5294117647058824,0.03356401384083045,1.6302521008403361,62,6
RTFMS_10000_SUBSTITUTION_0.1_2_heuristics.pnml,71,26,0.9517626756348311,4,1.0,51,4.0,10,1.0,0.38028169014084506,0.04608695652173913,1.4929577464788732,29,3
RTFMS_100000_MIXED_2.0_3_heuristics.pnml,556,27,0.9313043685793763,5,1.0,525,22.612244897959183,157,1.0,0.07553956834532374,0.029890691908947487,1.908273381294964,54,2
BPIC2012_1000_INSERTION_4.0_5_heuristics.pnml,144,4,0.38431154412649704,1,0.9791666666666666,80,5.1,13,0.9658536585365853,0.8125,0.02392623716153128,1.4236111111111112,63,0
BPIC2012_4000_SUBSTITUTION_0.4_1_inductive.pnml,146,1,0.7153220528038851,9,0.9863013698630136,81,3.7049180327868854,9,0.9595959595959596,0.8835616438356164,0.019642857142857142,1.356164383561644,55,0
RTFMS_1000_MIXED_0.1_4_alpha.pnml,28,14,0.9774178175281716,11,0.8571428571428572,12,3.6470588235294117,5,0.9512195121951219,0.0,0.10677083333333333,1.4642857142857142,0,8
BPIC2012_4000_ABSENCE_0.2_5_heuristics.pnml,125,2,0.7320666900931938,4,0.9359999999999999,68,4.666666666666667,12,0.9657142857142857,0.704,0.026088252832438878,1.4,61,3
RTFMS_100000_INSERTION_1.0_4_inductive.pnml,617,5,0.7320666900931938,10,0.993517017828201,547,15.153846153846153,126,1.0,0.05186385737439222,0.016419645451903518,1.8314424635332254,65,0
Sepsis_10000_INSERTION_4.0_1_inductive.pnml,397,3,0.7183098216110975,12,0.9899244332493703,290,6.378378378378378,88,1.0,0.1309823677581864,0.011673719538888079,1.6120906801007557,96,0
BPIC2012_1000_SUBSTITUTION_1.0_5_heuristics.pnml,121,2,0.4488644887230294,1,0.9421487603305785,64,5.09375,11,0.9349112426035503,0.7851239669421488,0.027187902187902187,1.396694214876033,53,0
BPIC2012_40000_SUBSTITUTION_10.0_5_alpha.pnml,2054,4,0.0,0,0.9990262901655307,286,284.0,286,1.0,0.0,0.06920077972709551,0.2765335929892892,0,0
Sepsis_40000_ABSENCE_2.0_2_heuristics.pnml,109,36,0.9503376699710268,8,1.0,86,5.130434782608695,14,1.0,0.5412844036697247,0.036084529505582136,1.6605504587155964,59,7
Sepsis_1000_ORDERING_10.0_2_heuristics.pnml,102,26,0.9268190639645772,5,1.0,77,5.315789473684211,15,1.0,0.6372549019607843,0.03897024090694379,1.6176470588235294,56,4
RTFMS_20000_ORDERING_1.0_5_alpha.pnml,22,23,0.9798687566511528,12,1.0,13,4.666666666666667,11,1.0,0.45454545454545453,0.15702479338842976,1.7272727272727273,0,6
RTFMS_10000_ORDERING_10.0_5_alpha.pnml,25,6,0.9402859586706311,13,1.0,20,4.857142857142857,11,1.0,0.84,0.1461038961038961,1.8,0,11
BPIC2012_40000_INSERTION_0.1_1_alpha.pnml,49,15,0.9910760598382222,4,0.8571428571428572,12,4.888888888888889,14,0.9722222222222222,0.0,0.061224489795918366,0.7346938775510204,0,2
Sepsis_40000_SUBSTITUTION_0.1_1_inductive.pnml,172,2,0.7012065844539666,9,0.9767441860465116,95,3.569620253164557,8,1.0,0.5813953488372093,0.016927083333333332,1.3604651162790697,68,0
BPIC2012_10000_ORDERING_0.1_1_inductive.pnml,140,1,0.783776947484701,11,0.9857142857142858,69,3.5,6,0.9347826086956522,0.9285714285714286,0.01925088930738648,1.3142857142857143,56,0
RTFMS_1000_SUBSTITUTION_10.0_1_heuristics.pnml,132,15,0.9389320105807948,7,1.0,100,5.688888888888889,25,1.0,0.32575757575757575,0.03290480563207836,1.628787878787879,41,5
RTFMS_4000_ORDERING_10.0_1_heuristics.pnml,74,31,0.9275265884316759,2,1.0,52,4.057142857142857,10,1.0,0.4189189189189189,0.044897959183673466,1.4864864864864864,37,2
BPIC2012_1000_inductive.pnml,133,1,0.7568336324184035,8,0.9323308270676691,64,3.4545454545454546,6,0.9186046511627907,0.9097744360902256,0.020046620046620046,1.2932330827067668,53,0
BPIC2012_2000_INSERTION_0.2_5_heuristics.pnml,105,6,0.6373874992221911,3,0.9523809523809523,57,4.838709677419355,10,0.9459459459459459,0.7714285714285715,0.031678082191780824,1.4095238095238096,49,0
Sepsis_4000_ORDERING_10.0_1_heuristics.pnml,124,44,0.9684610087601622,8,1.0,94,5.25,15,1.0,0.6693548387096774,0.03090575275397797,1.6290322580645162,69,11
BPIC2012_1000_ORDERING_0.4_2_alpha.pnml,33,8,1.0,4,0.8181818181818181,12,4.0,12,0.8857142857142857,0.0,0.08101851851851852,1.0606060606060606,0,1
RTFMS_40000_ABSENCE_0.1_2_inductive.pnml,62,2,0.7455178428108284,7,0.9838709677419355,31,3.212121212121212,5,0.975609756097561,0.06451612903225806,0.0430672268907563,1.3225806451612903,22,0
BPIC2012_20000_SUBSTITUTION_0.2_1_heuristics.pnml,152,2,0.74959525725948,4,0.9868421052631579,96,5.714285714285714,21,0.9781659388646288,0.6776315789473685,0.025558035714285714,1.506578947368421,63,3
RTFMS_4000_MIXED_10.0_5_alpha.pnml,92,18,0.954434002924965,6,0.967391304347826,32,11.5,41,1.0,0.09782608695652174,0.06101190476190476,0.8913043478260869,0,4
BPIC2012_10000_MIXED_0.1_4_heuristics.pnml,125,0,0.7320666900931938,4,0.944,71,4.743589743589744,12,0.9717514124293786,0.704,0.02676950998185118,1.416,59,3
RTFMS_4000_SUBSTITUTION_10.0_3_alpha.pnml,212,7,0.9957274520849255,8,0.9858490566037735,80,14.384615384615385,73,0.9940119760479041,0.05188679245283019,0.04133663366336634,0.7877358490566038,0,3
BPIC2012_40000_ORDERING_4.0_3_inductive.pnml,99,0,0.8196004346196011,10,0.9797979797979798,53,3.617021276595745,11,0.9705882352941176,0.7575757575757576,0.028595458368376788,1.3737373737373737,33,0
RTFMS_20000_MIXED_0.1_5_heuristics.pnml,66,30,0.8960382325345574,2,1.0,48,3.9375,9,1.0,0.3181818181818182,0.04903943377148635,1.4696969696969697,29,1
BPIC2012_10000_ABSENCE_4.0_5_inductive.pnml,117,0,0.7062740891876007,7,0.9658119658119658,67,3.5961538461538463,6,0.9810126582278481,0.8888888888888888,0.024382716049382715,1.3504273504273505,47,0
BPIC2012_20000_ABSENCE_0.4_4_alpha.pnml,36,10,0.9975025463691152,8,0.9166666666666666,16,4.0588235294117645,14,0.9555555555555556,0.0,0.078125,1.25,0,5
RTFMS_10000_SUBSTITUTION_2.0_2_inductive.pnml,231,3,0.7455178428108284,7,0.9826839826839827,171,6.2727272727272725,49,1.0,0.1038961038961039,0.019982810485603783,1.6103896103896105,57,0
Sepsis_2000_ORDERING_0.4_2_inductive.pnml,88,2,0.4770713062193297,9,0.9772727272727273,39,3.4871794871794872,11,0.9827586206896551,0.2727272727272727,0.030350601779173206,1.3181818181818181,32,0
Sepsis_40000_SUBSTITUTION_4.0_2_heuristics.pnml,935,32,0.9315627684809642,13,1.0,893,26.22222222222222,160,1.0,0.7978609625668449,0.020040369088811995,1.932620320855615,101,7
RTFMS_4000_SUBSTITUTION_0.1_4_inductive.pnml,67,2,0.7871265862012691,4,0.9850746268656716,41,3.3529411764705883,5,1.0,0.8059701492537313,0.04221388367729831,1.3432835820895523,26,0
BPIC2012_10000_MIXED_2.0_2_inductive.pnml,278,3,0.6873150928309273,13,0.9856115107913669,159,3.8,14,1.0,0.33093525179856115,0.010941043083900226,1.3884892086330936,105,0
BPIC2012_4000_MIXED_4.0_2_alpha.pnml,76,16,0.9182958340544896,3,0.8026315789473684,14,5.444444444444445,19,0.8235294117647058,0.0,0.03566433566433566,0.6710526315789473,0,0
BPIC2012_10000_ORDERING_0.4_4_heuristics.pnml,125,1,0.7424875695421236,4,0.944,70,4.815789473684211,13,0.9661016949152542,0.688,0.02676950998185118,1.416,62,3
RTFMS_4000_SUBSTITUTION_2.0_5_heuristics.pnml,127,20,0.9256859869821299,5,1.0,96,5.545454545454546,22,1.0,0.28346456692913385,0.033717105263157895,1.6141732283464567,48,3
BPIC2012_4000_SUBSTITUTION_0.1_2_heuristics.pnml,123,4,0.7642045065086203,4,0.9349593495934959,64,4.833333333333333,11,0.9418604651162791,0.7560975609756098,0.026251526251526252,1.3983739837398375,58,3
RTFMS_100000_ORDERING_4.0_2_inductive_inf.pnml,55,1,0.6500224216483541,8,0.9636363636363636,25,3.6666666666666665,9,0.9459459459459459,0.07272727272727272,0.04907161803713528,1.3454545454545455,17,0
RTFMS_40000_INSERTION_4.0_4_heuristics.pnml,901,36,0.8865408928220899,6,1.0,853,25.91304347826087,203,1.0,0.5882352941176471,0.02067164894126665,1.9156492785793562,86,1
Sepsis_40000_SUBSTITUTION_10.0_2_alpha.pnml,1869,26,0.0,0,0.9989299090422686,192,179.0,192,1.0,0.0,0.04793786823781468,0.19154628143392188,0,0
Sepsis_10000_ORDERING_10.0_3_alpha.pnml,25,12,0.9456603046006401,8,0.96,18,5.181818181818182,15,1.0,0.32,0.1423611111111111,1.64,0,4
Sepsis_20000_ORDERING_0.1_1_inductive.pnml,94,3,0.6409441847875287,9,0.9787234042553191,40,3.3488372093023258,10,0.9672131147540983,0.2553191489361702,0.027930402930402932,1.297872340425532,35,0
Sepsis_20000_MIXED_10.0_1_inductive_inf.pnml,354,1,0.5851569902762294,8,0.9887005649717514,295,11.543859649122806,75,1.0,0.12429378531073447,0.020943459350953497,1.768361581920904,45,0
Sepsis_10000_MIXED_2.0_4_inductive.pnml,215,7,0.6962122601251458,11,0.9813953488372094,118,3.6875,16,1.0,0.20465116279069767,0.013849897061575894,1.3767441860465117,82,0
Sepsis_2000_MIXED_0.2_3_alpha.pnml,22,19,0.8904916402194913,7,0.9545454545454546,16,4.0,14,1.0,0.0,0.171875,1.5,0,1
BPIC2012_1000_MIXED_0.4_3_inductive.pnml,137,1,0.7424875695421236,8,0.927007299270073,67,3.473684210526316,6,0.9325842696629214,0.8905109489051095,0.019620811287477953,1.2992700729927007,54,0
Sepsis_4000_ORDERING_4.0_3_alpha.pnml,23,10,0.8812908992306927,5,0.9565217391304348,14,4.5,15,0.9393939393939394,0.0,0.14732142857142858,1.434782608695652,0,3
BPIC2012_10000_SUBSTITUTION_10.0_1_alpha.pnml,529,1,0.0,0,0.9905482041587902,92,46.25,87,1.0,0.0,0.04404761904761905,0.3497164461247637,0,0
RTFMS_40000_ORDERING_4.0_2_heuristics.pnml,76,24,0.8879763195151349,3,1.0,53,4.0,11,1.0,0.3815789473684211,0.043076923076923075,1.4736842105263157,38,1
RTFMS_10000_INSERTION_4.0_5_heuristics.pnml,284,22,0.8708644692353644,4,1.0,248,11.5,70,1.0,0.3345070422535211,0.029374641422834195,1.8028169014084507,54,1
Sepsis_2000_MIXED_0.1_3_inductive.pnml,89,4,0.5435644431995964,8,0.9775280898876404,39,3.4,10,0.9827586206896551,0.2696629213483146,0.029743589743589743,1.303370786516854,33,0
BPIC2012_10000_SUBSTITUTION_1.0_5_inductive.pnml,293,2,0.7016443140299524,12,0.9863481228668942,173,4.0,18,1.0,0.6484641638225256,0.010832025117739404,1.4129692832764504,111,0
Sepsis_100000_MIXED_2.0_2_inductive_inf.pnml,247,0,0.37123232664087563,9,0.9838056680161943,184,7.75,52,1.0,0.21052631578947367,0.020118343195266272,1.6518218623481782,54,0
BPIC2012_2000_ORDERING_0.4_1_heuristics.pnml,110,5,0.6024308020404452,3,0.990909090909091,62,4.735294117647059,12,0.967948717948718,0.7272727272727273,0.030696576151121605,1.4181818181818182,54,0
BPIC2012_100000_SUBSTITUTION_4.0_5_heuristics.pnml,2440,3,0.5519275534566073,9,1.0,2287,37.696,410,1.0,0.6524590163934426,0.00888188293636457,1.914344262295082,275,4
RTFMS_10000_ORDERING_1.0_4_inductive.pnml,29,0,0.7642045065086203,2,0.9310344827586207,17,4.666666666666667,8,0.95,0.6206896551724138,0.10101010101010101,1.3793103448275863,6,0
BPIC2012_4000_MIXED_1.0_3_inductive.pnml,212,3,0.6897501750585195,15,0.9716981132075472,108,3.3300970873786406,6,0.9892857142857143,0.5990566037735849,0.012873563218390805,1.320754716981132,87,0
RTFMS_10000_ORDERING_0.4_2_heuristics.pnml,71,25,0.943601631299382,4,1.0,49,3.8333333333333335,10,1.0,0.36619718309859156,0.044444444444444446,1.4647887323943662,33,3
BPIC2012_4000_INSERTION_0.4_5_heuristics.pnml,133,3,0.7024665512903903,4,0.9699248120300752,73,4.642857142857143,12,0.9732620320855615,0.6917293233082706,0.024787910922587485,1.406015037593985,62,3
BPIC2012_1000_MIXED_0.2_2_heuristics.pnml,111,3,0.4586858162005403,1,0.954954954954955,57,4.806451612903226,11,0.9411764705882353,0.7657657657657657,0.028759398496240603,1.3783783783783783,51,0
Sepsis_20000_MIXED_0.1_3_alpha.pnml,31,16,0.9852281360342515,8,0.935483870967742,18,4.285714285714286,15,0.9534883720930233,0.0,0.10238095238095238,1.3870967741935485,0,2
Sepsis_20000_ABSENCE_0.4_1_inductive_inf.pnml,89,3,0.5266170655714281,9,0.9775280898876404,41,3.4285714285714284,11,1.0,0.2696629213483146,0.030256410256410255,1.3258426966292134,34,0
RTFMS_40000_SUBSTITUTION_1.0_5_inductive.pnml,309,2,0.7276874545656657,7,0.9870550161812298,244,8.173913043478262,69,1.0,0.09061488673139159,0.01868289191123837,1.6893203883495145,61,0
Sepsis_100000_SUBSTITUTION_4.0_2_inductive_inf.pnml,842,0,0.5813214987637028,9,0.995249406175772,767,22.444444444444443,179,1.0,0.057007125890736345,0.016315136476426798,1.8741092636579573,66,0
RTFMS_20000_ABSENCE_4.0_4_heuristics.pnml,63,30,0.8960382325345574,2,1.0,45,3.75,9,1.0,0.3333333333333333,0.049456521739130434,1.4444444444444444,28,1
BPIC2012_1000_INSERTION_0.2_4_inductive_inf.pnml,130,0,0.6987003526563343,8,0.9307692307692308,65,3.547169811320755,7,0.9294117647058824,0.9076923076923077,0.020828228375398185,1.3076923076923077,51,0
RTFMS_20000_SUBSTITUTION_0.4_5_alpha.pnml,53,9,0.954434002924965,6,0.9622641509433962,25,8.0,22,1.0,0.11320754716981132,0.08385093167701864,1.0188679245283019,0,2
Sepsis_40000_ORDERING_4.0_1_alpha.pnml,25,8,0.9402859586706311,8,0.96,22,4.785714285714286,15,1.0,0.0,0.14930555555555555,1.72,0,5
Sepsis_100000_ABSENCE_4.0_4_heuristics.pnml,114,36,0.9684610087601622,9,1.0,87,5.041666666666667,14,1.0,0.5175438596491229,0.033297720797720795,1.6403508771929824,61,10
BPIC2012_40000_SUBSTITUTION_0.4_2_inductive.pnml,325,3,0.7279025051093644,15,0.9876923076923076,198,4.150375939849624,19,1.0,0.40307692307692305,0.01008012406306539,1.44,113,0
Sepsis_4000_ABSENCE_0.1_4_inductive_inf.pnml,89,4,0.5266170655714281,9,0.9775280898876404,41,3.4285714285714284,11,1.0,0.2696629213483146,0.030256410256410255,1.3258426966292134,33,0
Sepsis_4000_ORDERING_0.2_2_alpha.pnml,25,12,0.9366673818775626,10,0.96,22,4.235294117647059,14,1.0,0.48,0.14583333333333334,1.68,0,5
RTFMS_10000_ABSENCE_1.0_3_inductive.pnml,41,1,0.5435644431995964,1,0.975609756097561,27,3.875,7,1.0,0.7317073170731707,0.07407407407407407,1.3658536585365855,15,0
Sepsis_20000_ORDERING_0.1_2_inductive_inf.pnml,93,2,0.5916727785823275,10,0.978494623655914,40,3.4285714285714284,11,0.9672131147540983,0.25806451612903225,0.028478057889822595,1.3118279569892473,34,0
Sepsis_4000_ORDERING_0.1_3_inductive_inf.pnml,89,4,0.5435644431995964,8,0.9775280898876404,39,3.4,10,0.9827586206896551,0.2696629213483146,0.029743589743589743,1.303370786516854,33,0
RTFMS_10000_ABSENCE_1.0_3_alpha.pnml,33,13,0.9940302114769565,23,1.0,22,4.636363636363637,9,1.0,0.5757575757575758,0.128099173553719,1.878787878787879,0,19
BPIC2012_20000_ABSENCE_10.0_5_inductive.pnml,111,1,0.6420642892306891,6,0.963963963963964,65,3.6122448979591835,8,0.9933333333333333,0.8828828828828829,0.025879917184265012,1.3513513513513513,44,0
BPIC2012_100000_INSERTION_1.0_4_inductive_inf.pnml,352,0,0.6051865766334206,4,0.9488636363636364,295,11.925925925925926,64,1.0,0.2869318181818182,0.02202330207445297,1.7613636363636365,49,0
Sepsis_1000_ABSENCE_10.0_2_heuristics.pnml,99,28,0.9268190639645772,5,1.0,75,5.2105263157894735,14,1.0,0.6363636363636364,0.03940886699507389,1.6161616161616161,53,4
Sepsis_100000_INSERTION_1.0_4_alpha.pnml,494,5,0.9709505944546686,0,0.9878542510121457,64,26.8,64,0.9923076923076923,0.0,0.03316326530612245,0.2631578947368421,0,0
RTFMS_40000_INSERTION_0.2_2_alpha.pnml,59,8,0.954434002924965,5,0.9322033898305084,20,6.25,16,0.9772727272727273,0.0,0.05392156862745098,0.7457627118644068,0,2
RTFMS_40000_INSERTION_0.2_3_inductive.pnml,117,2,0.6690158350565576,4,0.9658119658119658,78,4.95,15,1.0,0.37606837606837606,0.031746031746031744,1.5042735042735043,34,0
RTFMS_40000_ORDERING_4.0_1_inductive_inf.pnml,63,1,0.7578784625383954,8,0.9682539682539683,30,3.375,6,0.9761904761904762,0.06349206349206349,0.04259634888438134,1.3333333333333333,22,0
BPIC2012_10000_INSERTION_4.0_3_alpha.pnml,201,5,0.9852281360342515,1,0.9502487562189055,36,12.0,38,0.9506172839506173,0.0,0.029823269513991165,0.40298507462686567,0,0
RTFMS_10000_ORDERING_0.4_4_alpha.pnml,27,12,0.9980008838722996,17,1.0,22,4.526315789473684,10,0.9803921568627451,0.7407407407407407,0.14488636363636365,1.8888888888888888,0,12
RTFMS_40000_INSERTION_1.0_3_inductive.pnml,318,8,0.7858895831387682,10,0.9874213836477987,250,7.283950617283951,50,1.0,0.07547169811320754,0.01675907258064516,1.6729559748427674,64,0
Sepsis_10000_SUBSTITUTION_0.4_5_alpha.pnml,35,15,1.0,5,0.8857142857142857,19,4.8,15,1.0,0.0,0.12,1.0285714285714285,0,0
BPIC2012_1000_ORDERING_0.2_5_alpha.pnml,34,8,1.0,4,0.7941176470588236,11,3.9166666666666665,11,0.8857142857142857,0.0,0.07291666666666667,1.0294117647058822,0,1
BPIC2012_2000_INSERTION_0.2_1_alpha.pnml,37,15,1.0,7,0.8918918918918919,13,3.8125,12,0.95,0.0,0.06993006993006994,1.0810810810810811,0,3
RTFMS_2000_MIXED_1.0_5_alpha.pnml,24,10,0.9798687566511528,8,0.9166666666666666,13,4.0,8,0.9705882352941176,0.4583333333333333,0.11888111888111888,1.4166666666666667,0,5
Sepsis_100000_SUBSTITUTION_2.0_5_alpha.pnml,1018,25,0.0,0,0.9980353634577603,124,111.5,124,1.0,0.0,0.05487204724409449,0.21905697445972494,0,0
RTFMS_4000_SUBSTITUTION_4.0_2_heuristics.pnml,178,15,0.9503376699710268,7,1.0,149,7.739130434782608,44,1.0,0.33146067415730335,0.0331763698630137,1.7415730337078652,47,4
Sepsis_20000_MIXED_0.2_3_inductive.pnml,135,5,0.668127333843614,6,0.9703703703703703,74,3.365079365079365,8,1.0,0.762962962962963,0.0206209453197405,1.3185185185185184,57,0
Sepsis_40000_MIXED_4.0_5_inductive_inf.pnml,282,1,0.5435644431995964,8,0.9858156028368794,214,7.8125,44,1.0,0.1702127659574468,0.018489254108723135,1.6595744680851063,61,0
BPIC2012_1000_SUBSTITUTION_1.0_4_inductive.pnml,171,3,0.7120640548905479,11,0.9707602339181287,88,3.317073170731707,7,0.9821428571428571,0.6549707602339181,0.015841584158415842,1.3099415204678362,71,0
RTFMS_4000_SUBSTITUTION_0.1_2_inductive.pnml,66,4,0.6840384356390417,4,0.9393939393939394,34,3.212121212121212,5,1.0,0.06060606060606061,0.04083570750237417,1.303030303030303,23,0
Sepsis_1000_ABSENCE_0.2_1_heuristics.pnml,98,28,0.9268190639645772,4,1.0,73,5.052631578947368,14,1.0,0.6428571428571429,0.038980509745127435,1.5918367346938775,52,4
Sepsis_10000_inductive.pnml,89,4,0.5435644431995964,8,0.9775280898876404,39,3.4,10,0.9827586206896551,0.2696629213483146,0.029743589743589743,1.303370786516854,33,0
BPIC2012_10000_ORDERING_1.0_2_alpha.pnml,39,8,0.9910760598382222,9,0.8974358974358975,19,4.111111111111111,14,0.9245283018867925,0.3333333333333333,0.07361111111111111,1.358974358974359,0,3
Sepsis_10000_SUBSTITUTION_0.1_2_alpha.pnml,28,10,0.9182958340544896,8,0.9642857142857143,19,4.266666666666667,14,1.0,0.2857142857142857,0.11988304093567251,1.4642857142857142,0,3
BPIC2012_20000_MIXED_1.0_5_heuristics.pnml,202,3,0.6722948170756379,4,0.9900990099009901,135,6.470588235294118,22,0.9841269841269842,0.6435643564356436,0.02130681818181818,1.5594059405940595,80,3
Sepsis_10000_ABSENCE_10.0_4_inductive.pnml,95,3,0.5107878229540133,9,0.9789473684210527,44,3.4545454545454546,11,1.0,0.25263157894736843,0.028455284552845527,1.3263157894736841,37,0
RTFMS_1000_INSERTION_0.2_1_heuristics.pnml,55,17,0.9293636260137187,3,0.9454545454545454,32,3.310344827586207,5,1.0,0.12727272727272726,0.050271739130434784,1.3454545454545455,19,4
Sepsis_20000_INSERTION_0.1_1_inductive.pnml,141,1,0.743898745288434,9,0.9787234042553191,75,3.2816901408450705,6,1.0,0.6879432624113475,0.019423558897243107,1.3191489361702127,58,0
Sepsis_10000_ABSENCE_4.0_1_alpha.pnml,23,14,0.9402859586706311,8,0.9565217391304348,19,4.214285714285714,14,1.0,0.0,0.16517857142857142,1.608695652173913,0,3
RTFMS_20000_MIXED_2.0_5_inductive_inf.pnml,163,0,0.691289869405789,6,0.9263803680981595,111,5.222222222222222,33,1.0,0.147239263803681,0.02387318563789152,1.5337423312883436,46,0
Sepsis_100000_SUBSTITUTION_2.0_4_inductive_inf.pnml,1127,2,0.6800770457282799,11,0.9964507542147294,1025,21.7,381,1.0,0.05323868677905945,0.012323491655969191,1.8740017746228925,82,0
Sepsis_2000_INSERTION_1.0_2_alpha.pnml,28,8,1.0,2,0.9285714285714286,12,5.666666666666667,16,0.9655172413793104,0.0,0.15104166666666666,1.0357142857142858,0,0
BPIC2012_40000_SUBSTITUTION_0.4_2_heuristics.pnml,236,4,0.6572729784684465,4,0.9957627118644068,168,7.452830188679245,27,0.9868421052631579,0.652542372881356,0.02043010752688172,1.6101694915254237,80,3
Sepsis_20000_ORDERING_4.0_3_inductive_inf.pnml,70,0,0.5328350630342233,9,0.9714285714285714,33,3.515151515151515,10,0.9893617021276596,0.34285714285714286,0.038651315789473686,1.3428571428571427,25,0
Sepsis_4000_MIXED_1.0_3_alpha.pnml,34,18,1.0,7,0.9117647058823529,17,4.666666666666667,16,0.9302325581395349,0.0,0.09555555555555556,1.2647058823529411,0,0
Sepsis_100000_INSERTION_2.0_4_alpha.pnml,967,4,0.0,0,0.9979317476732161,109,107.0,109,1.0,0.0,0.05544041450777202,0.22130299896587383,0,0
BPIC2012_1000_ABSENCE_2.0_3_alpha.pnml,35,9,0.9967916319816366,6,0.9142857142857143,14,3.8666666666666667,13,0.95,0.0,0.07575757575757576,1.1428571428571428,0,4
RTFMS_2000_MIXED_4.0_3_heuristics.pnml,99,30,0.9097361225311662,3,1.0,71,4.65,15,1.0,0.12121212121212122,0.03671497584541063,1.5353535353535352,40,3
RTFMS_1000_MIXED_0.2_2_heuristics.pnml,54,20,0.9402859586706311,3,1.0,34,3.5,6,1.0,0.12962962962962962,0.053267045454545456,1.3888888888888888,20,4
Sepsis_2000_ABSENCE_0.2_3_heuristics.pnml,111,31,0.9564574047992594,7,1.0,86,5.111111111111111,14,1.0,0.5405405405405406,0.03515928515928516,1.6306306306306306,61,6
RTFMS_10000_SUBSTITUTION_4.0_1_inductive.pnml,330,3,0.7219280948873623,7,0.9878787878787879,264,8.628571428571428,68,1.0,0.09696969696969697,0.0183133472367049,1.7030303030303031,64,0
BPIC2012_20000_MIXED_4.0_3_inductive.pnml,445,3,0.7002019050456441,13,0.9910112359550561,315,5.893939393939394,39,1.0,0.4067415730337079,0.009705248023005032,1.5775280898876405,119,0
RTFMS_4000_ABSENCE_1.0_2_alpha.pnml,30,20,0.9910760598382222,19,1.0,16,4.444444444444445,9,1.0,0.5333333333333333,0.12440191387559808,1.7333333333333334,0,15
Sepsis_10000_INSERTION_4.0_4_inductive.pnml,396,7,0.7070040649747601,12,0.98989898989899,286,6.477064220183486,61,1.0,0.13131313131313133,0.011806375442739079,1.6161616161616161,93,0
Sepsis_2000_ORDERING_0.2_3_inductive.pnml,89,4,0.5435644431995964,8,0.9775280898876404,39,3.4,10,0.9827586206896551,0.2696629213483146,0.029743589743589743,1.303370786516854,33,0
RTFMS_10000_ABSENCE_0.4_4_alpha.pnml,33,13,0.9940302114769565,23,1.0,22,4.636363636363637,9,1.0,0.5757575757575758,0.128099173553719,1.878787878787879,0,19
Sepsis_10000_SUBSTITUTION_2.0_3_inductive.pnml,299,6,0.6684725699243226,10,0.9866220735785953,192,4.893203883495145,33,1.0,0.17391304347826086,0.012314458493677845,1.4983277591973243,94,0
BPIC2012_10000_SUBSTITUTION_1.0_1_inductive_inf.pnml,118,2,0.46121604051390946,5,0.9661016949152542,68,4.390243902439025,18,0.9759036144578314,0.7542372881355932,0.0266025641025641,1.4067796610169492,40,0
RTFMS_100000_ORDERING_0.1_3_alpha.pnml,20,18,0.9456603046006401,9,0.95,12,4.454545454545454,11,1.0,0.0,0.16666666666666666,1.65,0,5
Sepsis_4000_ORDERING_10.0_1_inductive.pnml,100,3,0.5993142373098092,11,0.98,45,3.375,12,0.9848484848484849,0.24,0.02666666666666667,1.32,38,0
Sepsis_20000_MIXED_4.0_5_heuristics.pnml,333,36,0.8935711016541907,8,1.0,293,11.448275862068966,53,1.0,0.6456456456456456,0.023867568417741427,1.822822822822823,83,7
Sepsis_100000_ORDERING_2.0_5_inductive.pnml,105,1,0.6646953053493418,12,0.9809523809523809,50,3.3846153846153846,10,0.9857142857142858,0.22857142857142856,0.025678650036683785,1.3333333333333333,41,0
Sepsis_1000_INSERTION_1.0_1_alpha.pnml,31,20,0.954434002924965,10,0.967741935483871,20,4.375,16,0.9782608695652174,0.0,0.10952380952380952,1.4838709677419355,0,2
Sepsis_20000_ORDERING_0.1_3_alpha.pnml,22,15,0.9402859586706311,7,0.9545454545454546,18,4.0,14,1.0,0.0,0.17708333333333334,1.5454545454545454,0,2
BPIC2012_2000_SUBSTITUTION_1.0_3_alpha.pnml,47,9,0.954434002924965,4,0.7659574468085106,14,3.5,12,0.9069767441860466,0.0,0.05119047619047619,0.9148936170212766,0,0
Sepsis_100000_MIXED_4.0_4_alpha.pnml,971,7,0.0,0,0.9979402677651905,107,103.5,107,1.0,0.0,0.053405572755417956,0.21318228630278063,0,0
RTFMS_40000_SUBSTITUTION_0.1_2_inductive.pnml,127,3,0.7219280948873623,6,0.984251968503937,71,3.7454545454545456,16,1.0,0.1889763779527559,0.023349436392914653,1.3700787401574803,48,0
BPIC2012_100000_INSERTION_0.2_4_alpha.pnml,154,13,0.9922666387194963,18,0.9415584415584416,42,5.241379310344827,26,0.9615384615384616,0.06493506493506493,0.01861797350519155,0.6753246753246753,0,9
Sepsis_100000_ABSENCE_0.2_2_heuristics.pnml,108,36,0.9503376699710268,8,1.0,85,5.086956521739131,14,1.0,0.5462962962962963,0.03616161616161616,1.6574074074074074,58,7
BPIC2012_100000_ORDERING_0.1_3_heuristics.pnml,130,2,0.7918583525674836,5,0.9692307692307692,72,4.642857142857143,14,0.967391304347826,0.6923076923076923,0.025212386955330228,1.4153846153846155,64,4
RTFMS_20000_SUBSTITUTION_2.0_3_heuristics.pnml,282,22,0.8485481782946158,3,1.0,252,13.7,74,1.0,0.1099290780141844,0.034126984126984124,1.8297872340425532,49,1
Sepsis_20000_SUBSTITUTION_0.1_3_inductive.pnml,131,4,0.6161661934005355,6,0.9694656488549618,70,3.457627118644068,11,1.0,0.366412213740458,0.02148148148148148,1.3282442748091603,52,0
Sepsis_100000_SUBSTITUTION_2.0_2_alpha.pnml,970,9,0.8112781244591328,0,0.9958762886597938,115,56.75,115,1.0,0.0,0.038607376766632194,0.2309278350515464,0,0
BPIC2012_40000_ORDERING_4.0_1_heuristics.pnml,159,3,0.6722948170756379,4,0.9937106918238994,97,4.921568627450981,18,0.9957081545064378,0.710691823899371,0.02241246633320508,1.4654088050314464,88,3
BPIC2012_1000_SUBSTITUTION_1.0_5_inductive.pnml,160,2,0.7553754125614287,10,0.9375,77,3.420289855072464,7,0.9326923076923077,0.59375,0.016763378465506126,1.3,62,0
RTFMS_100000_INSERTION_1.0_5_heuristics.pnml,598,19,0.8314743880097293,5,1.0,549,20.42105263157895,140,1.0,0.5568561872909699,0.02303495241220873,1.8779264214046822,73,2
BPIC2012_1000_MIXED_2.0_5_alpha.pnml,41,8,0.9940302114769565,3,0.8048780487804879,10,3.727272727272727,12,0.8378378378378378,0.0,0.05606060606060606,0.9024390243902439,0,1
BPIC2012_2000_ABSENCE_2.0_1_inductive.pnml,133,1,0.676941869780886,8,0.9699248120300752,70,3.5535714285714284,7,0.9602272727272727,0.8721804511278195,0.020754716981132074,1.3233082706766917,55,0
RTFMS_1000_SUBSTITUTION_0.2_2_alpha.pnml,29,14,0.9980008838722996,11,0.896551724137931,14,3.5789473684210527,5,0.9767441860465116,0.0,0.10336538461538461,1.4827586206896552,0,8
Sepsis_40000_MIXED_10.0_5_heuristics.pnml,1182,44,0.8514808683852091,10,1.0,1113,28.120481927710845,200,1.0,0.8197969543147208,0.015166320862057426,1.9170896785109983,128,10
BPIC2012_1000_ORDERING_0.2_1_heuristics.pnml,114,3,0.4394969869215134,1,0.9736842105263158,59,4.666666666666667,12,0.9490445859872612,0.7456140350877193,0.027955840455840455,1.3771929824561404,54,0
RTFMS_1000_SUBSTITUTION_0.1_3_inductive.pnml,50,3,0.6840384356390417,2,0.96,26,3.3181818181818183,5,0.953125,0.08,0.05333333333333334,1.28,17,0
Sepsis_10000_MIXED_2.0_4_alpha.pnml,59,13,0.9910760598382222,4,0.9322033898305084,22,5.888888888888889,17,1.0,0.0,0.08148148148148149,0.7457627118644068,0,0
BPIC2012_1000_INSERTION_0.1_3_heuristics.pnml,110,4,0.4689955935892812,1,0.9363636363636364,55,4.833333333333333,11,0.9271523178807947,0.7727272727272727,0.028761904761904763,1.3727272727272728,51,0
BPIC2012_4000_ORDERING_2.0_5_alpha.pnml,31,5,1.0,3,0.935483870967742,16,4.166666666666667,13,0.9722222222222222,0.0,0.10714285714285714,1.1612903225806452,0,1
RTFMS_1000_ORDERING_0.1_5_inductive.pnml,50,2,0.7024665512903903,3,0.94,24,3.380952380952381,5,0.9375,0.08,0.052545155993431854,1.28,17,0
Sepsis_40000_ABSENCE_0.1_4_alpha.pnml,22,15,0.9402859586706311,7,0.9545454545454546,18,4.0,14,1.0,0.0,0.17708333333333334,1.5454545454545454,0,2
BPIC2012_10000_ABSENCE_2.0_1_inductive_inf.pnml,87,1,0.5547781633412736,4,0.896551724137931,45,3.806451612903226,8,0.9298245614035088,0.8620689655172413,0.031631520532741396,1.3103448275862069,29,0
BPIC2012_40000_ABSENCE_2.0_4_heuristics.pnml,129,2,0.7592757847892833,4,0.9689922480620154,74,4.804878048780488,15,0.967741935483871,0.7674418604651163,0.026123595505617977,1.441860465116279,65,3
RTFMS_100000_ORDERING_10.0_4_inductive.pnml,66,0,0.8112781244591328,8,0.9696969696969697,32,3.4375,6,0.9545454545454546,0.06060606060606061,0.040740740740740744,1.3333333333333333,24,0
BPIC2012_4000_ORDERING_2.0_5_inductive_inf.pnml,83,2,0.6193821946787638,2,0.891566265060241,45,4.3076923076923075,14,0.9285714285714286,0.8554216867469879,0.035759897828863345,1.3493975903614457,29,0
RTFMS_1000_SUBSTITUTION_0.1_3_alpha.pnml,28,9,0.8904916402194913,9,0.8928571428571429,10,3.6923076923076925,6,0.9736842105263158,0.0,0.09895833333333333,1.3571428571428572,0,8
BPIC2012_10000_INSERTION_1.0_4_inductive.pnml,294,1,0.7312768723658692,17,0.9863945578231292,167,3.858267716535433,15,0.9902912621359223,0.5136054421768708,0.01038044847568657,1.401360544217687,108,0
RTFMS_2000_ABSENCE_1.0_2_heuristics.pnml,69,29,0.9275265884316759,3,1.0,47,3.7142857142857144,9,1.0,0.17391304347826086,0.04427549194991055,1.434782608695652,31,3
Sepsis_20000_ABSENCE_0.4_4_heuristics.pnml,107,34,0.9503376699710268,8,1.0,83,5.0,14,1.0,0.5514018691588785,0.036036036036036036,1.644859813084112,57,7
RTFMS_2000_INSERTION_4.0_2_inductive.pnml,143,0,0.6840384356390417,6,0.972027972027972,88,4.363636363636363,15,1.0,0.16783216783216784,0.023582766439909298,1.4545454545454546,46,0
BPIC2012_4000_inductive.pnml,135,1,0.7355085815538398,9,0.9333333333333333,67,3.4482758620689653,6,0.9318181818181819,0.9111111111111111,0.019891500904159132,1.3037037037037038,54,0
BPIC2012_20000_ORDERING_1.0_5_heuristics.pnml,134,4,0.7592757847892833,4,0.9850746268656716,77,4.975609756097561,16,0.9690721649484536,0.6716417910447762,0.02579787234042553,1.4477611940298507,69,3
Sepsis_4000_ORDERING_10.0_2_heuristics.pnml,123,44,0.9684610087601622,8,1.0,93,5.208333333333333,15,1.0,0.6585365853658537,0.030959752321981424,1.6260162601626016,68,11
Sepsis_2000_INSERTION_0.2_4_heuristics.pnml,119,31,0.9440870182837794,6,1.0,90,5.1063829787234045,14,1.0,0.5126050420168067,0.0326530612244898,1.6134453781512605,63,6
RTFMS_100000_ABSENCE_2.0_4_inductive.pnml,64,1,0.7871265862012691,6,0.984375,34,3.176470588235294,4,0.9761904761904762,0.0625,0.041666666666666664,1.3125,24,0
Sepsis_1000_MIXED_1.0_4_heuristics.pnml,103,28,0.9268190639645772,4,1.0,78,5.315789473684211,14,1.0,0.6504854368932039,0.03867660764212488,1.6116504854368932,52,4
BPIC2012_10000_MIXED_2.0_3_heuristics.pnml,217,1,0.5983474220910422,4,0.9907834101382489,149,6.509090909090909,23,1.0,0.6543778801843319,0.02035928143712575,1.566820276497696,88,3
BPIC2012_20000_SUBSTITUTION_4.0_5_alpha.pnml,448,7,0.7219280948873623,1,0.9888392857142857,71,30.6,75,1.0,0.0,0.0419481981981982,0.3325892857142857,0,0
Sepsis_2000_MIXED_2.0_4_inductive.pnml,156,4,0.7012065844539666,10,0.9743589743589743,77,3.2151898734177213,7,1.0,0.20512820512820512,0.017323369565217392,1.3076923076923077,65,0
RTFMS_100000_INSERTION_10.0_5_inductive.pnml,4657,6,0.7414827399312737,11,0.9991410779471763,4567,92.42,1068,1.0,0.009448142581060769,0.012688642987098452,1.970796650203994,89,0
BPIC2012_1000_MIXED_2.0_5_heuristics.pnml,124,4,0.41381685030363374,1,0.9516129032258065,66,4.777777777777778,12,0.9595375722543352,0.7338709677419355,0.026468788249694,1.3951612903225807,56,0
RTFMS_10000_INSERTION_4.0_3_alpha.pnml,202,17,0.9852281360342515,10,0.9801980198019802,54,10.285714285714286,55,0.9917355371900827,0.04950495049504951,0.028795811518324606,0.599009900990099,0,4
RTFMS_2000_INSERTION_0.1_3_heuristics.pnml,66,29,0.9275265884316759,3,0.9545454545454546,44,3.5428571428571427,8,1.0,0.18181818181818182,0.04471153846153846,1.4090909090909092,27,3
RTFMS_20000_MIXED_0.1_5_alpha.pnml,22,16,1.0,8,0.9090909090909091,12,4.0,9,1.0,0.2727272727272727,0.13675213675213677,1.4545454545454546,0,3
BPIC2012_2000_ORDERING_0.4_3_alpha.pnml,34,4,0.9709505944546686,5,0.8823529411764706,16,3.6666666666666665,13,0.9736842105263158,0.0,0.07916666666666666,1.1176470588235294,0,3
RTFMS_10000_MIXED_10.0_2_inductive_inf.pnml,340,1,0.4820661480830931,4,0.9882352941176471,288,12.916666666666666,82,1.0,0.09411764705882353,0.02356902356902357,1.7705882352941176,46,0
BPIC2012_4000_MIXED_1.0_1_inductive.pnml,206,5,0.6962122601251458,13,0.970873786407767,106,3.3854166666666665,6,0.9816176470588235,0.6067961165048543,0.01332157899892252,1.3203883495145632,84,0
RTFMS_2000_SUBSTITUTION_1.0_2_alpha.pnml,31,11,1.0,5,0.9032258064516129,13,4.75,10,0.9411764705882353,0.0,0.08585858585858586,1.096774193548387,0,2
RTFMS_10000_INSERTION_2.0_2_alpha.pnml,117,7,0.954434002924965,5,0.9743589743589743,36,10.875,34,1.0,0.07692307692307693,0.04529816513761468,0.6752136752136753,0,3
BPIC2012_40000_MIXED_0.2_3_inductive.pnml,250,5,0.7219280948873623,16,0.988,130,3.408333333333333,7,0.9940119760479041,0.608,0.011171315807077397,1.336,106,0
RTFMS_1000_SUBSTITUTION_2.0_3_heuristics.pnml,76,19,0.9182958340544896,3,1.0,49,4.121212121212121,10,1.0,0.09210526315789473,0.04269230769230769,1.4605263157894737,29,4
Sepsis_40000_ORDERING_0.1_3_inductive.pnml,93,5,0.5830194167347008,8,0.978494623655914,40,3.302325581395349,10,0.9833333333333333,0.25806451612903225,0.028142589118198873,1.2903225806451613,35,0
RTFMS_10000_SUBSTITUTION_4.0_4_inductive.pnml,321,0,0.7424875695421236,8,0.9875389408099688,249,7.7105263157894735,64,1.0,0.09968847352024922,0.017177522349936143,1.67601246105919,67,0
RTFMS_20000_MIXED_0.4_5_heuristics.pnml,93,32,0.8680403986166403,2,1.0,68,4.578947368421052,15,1.0,0.24731182795698925,0.03901098901098901,1.5268817204301075,38,1
Sepsis_4000_ORDERING_4.0_2_heuristics.pnml,118,42,0.9656361333706098,7,1.0,88,5.130434782608695,15,1.0,0.5084745762711864,0.031698365031698365,1.6101694915254237,64,10
BPIC2012_1000_MIXED_2.0_3_inductive_inf.pnml,140,3,0.5665095065529053,7,0.9214285714285715,74,3.4166666666666665,5,0.9725274725274725,0.8714285714285714,0.019345238095238096,1.3,56,0
Sepsis_20000_INSERTION_10.0_4_heuristics.pnml,1128,29,0.9138472873262908,13,1.0,1079,29.81578947368421,184,1.0,0.7721631205673759,0.018512242650173684,1.9370567375886525,107,7
Sepsis_20000_ABSENCE_2.0_3_heuristics.pnml,107,34,0.9503376699710268,8,1.0,83,5.0,14,1.0,0.5514018691588785,0.036036036036036036,1.644859813084112,57,7
RTFMS_2000_ORDERING_1.0_2_alpha.pnml,25,29,0.9910760598382222,15,1.0,14,3.888888888888889,9,1.0,0.0,0.13636363636363635,1.68,0,8
RTFMS_100000_ORDERING_1.0_4_heuristics.pnml,82,12,0.8997437586982626,5,1.0,55,4.0,11,1.0,0.4146341463414634,0.03968253968253968,1.4634146341463414,42,2
Sepsis_40000_SUBSTITUTION_2.0_1_inductive.pnml,609,1,0.6962122601251458,12,0.993431855500821,498,10.053571428571429,135,1.0,0.08538587848932677,0.0112435826721541,1.7405582922824303,102,0
RTFMS_2000_ABSENCE_1.0_2_alpha.pnml,29,10,0.863120568566631,14,1.0,13,4.285714285714286,8,1.0,0.0,0.11363636363636363,1.5517241379310345,0,14
BPIC2012_2000_ORDERING_0.1_3_heuristics.pnml,109,5,0.6024308020404452,3,0.9908256880733946,61,4.676470588235294,11,0.9675324675324676,0.7339449541284404,0.03070175438596491,1.4128440366972477,53,0
BPIC2012_4000_INSERTION_4.0_2_inductive.pnml,274,5,0.7143881566559658,12,0.9854014598540146,169,4.355140186915888,12,1.0,0.5693430656934306,0.012370113805047007,1.4598540145985401,91,0
RTFMS_10000_SUBSTITUTION_4.0_5_alpha.pnml,199,7,1.0,5,0.9798994974874372,77,21.75,78,1.0,0.035175879396984924,0.060267857142857144,0.8140703517587939,0,3
Sepsis_10000_ABSENCE_0.2_1_inductive.pnml,95,3,0.5107878229540133,9,0.9789473684210527,44,3.4545454545454546,11,1.0,0.25263157894736843,0.028455284552845527,1.3263157894736841,37,0
Sepsis_2000_INSERTION_2.0_3_alpha.pnml,44,10,1.0,3,0.8181818181818181,12,5.0,15,0.8611111111111112,0.0,0.0625,0.8181818181818182,0,0
Sepsis_100000_INSERTION_2.0_4_inductive_inf.pnml,349,0,0.3860189005698934,10,0.9885386819484241,291,12.226415094339623,98,1.0,0.1489971346704871,0.02108843537414966,1.7765042979942693,47,0
RTFMS_40000_SUBSTITUTION_4.0_2_alpha.pnml,807,3,0.9709505944546686,2,0.9975216852540273,285,115.0,284,1.0,0.0,0.08872976338729763,0.7063197026022305,0,1
Sepsis_2000_INSERTION_2.0_3_heuristics.pnml,144,37,0.9113423759758417,5,1.0,111,5.755102040816326,19,1.0,0.7361111111111112,0.02929493545183714,1.6388888888888888,69,6
BPIC2012_1000_ABSENCE_2.0_3_heuristics.pnml,112,4,0.4488644887230294,1,0.9464285714285714,58,4.75,12,0.9483870967741935,0.7589285714285714,0.0287569573283859,1.3839285714285714,53,0
RTFMS_40000_SUBSTITUTION_2.0_4_alpha.pnml,384,8,1.0,2,0.984375,122,64.0,128,0.9921259842519685,0.0,0.06701846965699208,0.6614583333333334,0,1
RTFMS_2000_ABSENCE_0.2_1_alpha.pnml,28,8,0.863120568566631,11,0.9642857142857143,12,3.7857142857142856,6,1.0,0.0,0.10695187165775401,1.4285714285714286,0,12
Sepsis_40000_INSERTION_10.0_2_heuristics.pnml,2095,39,0.9152073261515639,19,1.0,2026,38.58715596330275,350,1.0,0.8186157517899761,0.013157556021778023,1.9517899761336515,157,7
Sepsis_10000_ABSENCE_2.0_5_alpha.pnml,22,15,0.9402859586706311,7,0.9545454545454546,18,4.0,14,1.0,0.0,0.17708333333333334,1.5454545454545454,0,2
RTFMS_20000_ORDERING_0.4_2_alpha.pnml,22,20,0.9957274520849255,11,1.0,12,4.153846153846154,10,0.9722222222222222,0.3181818181818182,0.1487603305785124,1.6363636363636365,0,5
BPIC2012_1000_ABSENCE_2.0_4_heuristics.pnml,113,3,0.4394969869215134,1,0.9557522123893806,60,4.7272727272727275,13,0.9554140127388535,0.7522123893805309,0.028754578754578753,1.3893805309734513,54,0
RTFMS_4000_ABSENCE_0.4_3_alpha.pnml,30,21,1.0,20,0.9666666666666667,17,4.35,9,1.0,0.5333333333333333,0.12679425837320574,1.7666666666666666,0,15
Sepsis_1000_ORDERING_0.1_4_heuristics.pnml,98,28,0.9268190639645772,4,1.0,73,5.052631578947368,14,1.0,0.6428571428571429,0.038980509745127435,1.5918367346938775,52,4
RTFMS_100000_MIXED_10.0_3_inductive_inf.pnml,2387,2,0.5140912790181235,7,0.9983242563887725,2322,77.18032786885246,654,1.0,0.016757436112274822,0.01857408201171596,1.960620025136154,55,0
Sepsis_2000_SUBSTITUTION_0.1_4_heuristics.pnml,113,33,0.9564574047992594,6,1.0,88,5.155555555555556,14,1.0,0.5486725663716814,0.03484848484848485,1.6283185840707965,61,6
Sepsis_40000_INSERTION_2.0_1_alpha.pnml,391,3,0.9182958340544896,0,0.989769820971867,37,26.0,38,0.987012987012987,0.0,0.03307560137457045,0.1969309462915601,0,0
RTFMS_1000_MIXED_0.4_5_heuristics.pnml,55,18,0.9402859586706311,3,1.0,34,3.5,6,1.0,0.12727272727272726,0.05234159779614325,1.3818181818181818,20,4
RTFMS_20000_INSERTION_0.2_5_inductive.pnml,101,1,0.6292492238560345,4,0.9603960396039604,63,4.368421052631579,10,1.0,0.42574257425742573,0.03306159420289855,1.4455445544554455,32,0
BPIC2012_4000_INSERTION_0.2_5_alpha.pnml,37,11,1.0,3,0.8378378378378378,7,4.0,11,0.7272727272727273,0.0,0.057692307692307696,0.8918918918918919,0,0
BPIC2012_2000_INSERTION_2.0_2_heuristics.pnml,131,7,0.5813214987637028,3,0.9389312977099237,79,5.555555555555555,12,0.9742268041237113,0.6870229007633588,0.02886904761904762,1.4809160305343512,52,0
RTFMS_40000_MIXED_0.1_2_alpha.pnml,30,18,0.9940302114769565,7,0.8333333333333334,13,4.454545454545454,13,0.9722222222222222,0.0,0.09523809523809523,1.2,0,2
Sepsis_20000_INSERTION_1.0_1_alpha.pnml,120,12,1.0,1,0.95,12,9.75,21,0.9210526315789473,0.0,0.03304347826086956,0.31666666666666665,0,0
Sepsis_4000_ABSENCE_0.4_4_heuristics.pnml,114,41,0.9709505944546686,7,1.0,85,5.111111111111111,14,1.0,0.6929824561403509,0.03276353276353276,1.6140350877192982,61,10
RTFMS_10000_INSERTION_0.2_3_heuristics.pnml,78,25,0.9268190639645772,4,0.9615384615384616,53,3.8947368421052633,9,1.0,0.3333333333333333,0.04071428571428572,1.4615384615384615,29,3
BPIC2012_100000_ORDERING_10.0_3_inductive.pnml,167,0,0.5032583347756457,20,0.9880239520958084,73,3.5555555555555554,17,0.954954954954955,0.2874251497005988,0.01604973973395026,1.3293413173652695,66,0
BPIC2012_1000_SUBSTITUTION_0.2_3_inductive.pnml,155,1,0.7553754125614287,10,0.9548387096774194,73,3.2753623188405796,5,0.9343434343434344,0.7935483870967742,0.016853932584269662,1.2774193548387096,63,0
Sepsis_40000_SUBSTITUTION_0.1_4_inductive.pnml,152,3,0.6868088934028035,7,0.9736842105263158,83,3.408450704225352,6,1.0,0.7894736842105263,0.018525311812179018,1.3289473684210527,62,0
Sepsis_4000_MIXED_4.0_2_inductive.pnml,235,6,0.7054690408228711,11,0.9829787234042553,136,3.95959595959596,19,1.0,0.18723404255319148,0.013387096774193549,1.4127659574468086,87,0
RTFMS_1000_SUBSTITUTION_0.4_1_inductive.pnml,70,2,0.6252624052234231,3,0.9428571428571428,36,3.25,5,0.9777777777777777,0.17142857142857143,0.03826530612244898,1.2857142857142858,28,0
RTFMS_4000_INSERTION_1.0_5_heuristics.pnml,104,21,0.9330252953592911,5,1.0,75,4.651162790697675,12,1.0,0.33653846153846156,0.035572249226690236,1.5480769230769231,36,3
BPIC2012_1000_INSERTION_10.0_2_inductive_inf.pnml,148,0,0.5851569902762294,4,0.9121621621621622,85,3.8947368421052633,10,0.9900990099009901,0.5202702702702703,0.020416413988275723,1.364864864864865,54,0
Sepsis_100000_INSERTION_0.4_4_alpha.pnml,217,5,0.0,0,0.9815668202764977,29,21.333333333333332,32,1.0,0.0,0.04984423676012461,0.29493087557603687,0,0
RTFMS_20000_ORDERING_1.0_1_inductive.pnml,27,0,0.8112781244591328,2,0.9259259259259259,16,5.0,9,0.9473684210526316,0.5925925925925926,0.11176470588235295,1.4074074074074074,5,0
RTFMS_40000_SUBSTITUTION_4.0_3_inductive.pnml,934,5,0.7510324165275098,10,0.9957173447537473,849,19.376344086021504,262,1.0,0.03854389721627409,0.013857731532305538,1.8650963597430408,81,0
RTFMS_4000_ABSENCE_2.0_5_heuristics.pnml,71,25,0.9568886656798212,4,1.0,49,3.7837837837837838,9,1.0,0.5070422535211268,0.044444444444444446,1.4647887323943662,33,3
RTFMS_2000_INSERTION_0.4_4_inductive.pnml,74,3,0.6722948170756379,3,0.9054054054054054,42,3.411764705882353,5,1.0,0.10810810810810811,0.03804347826086957,1.3243243243243243,28,0
Sepsis_2000_ABSENCE_0.1_5_alpha.pnml,22,19,0.8904916402194913,7,0.9545454545454546,16,4.0,14,1.0,0.0,0.171875,1.5,0,1
RTFMS_2000_MIXED_10.0_5_inductive.pnml,144,2,0.7219280948873623,6,0.9722222222222222,86,4.0,14,1.0,0.16666666666666666,0.022135416666666668,1.4166666666666667,53,0
Sepsis_10000_ABSENCE_0.4_5_alpha.pnml,22,15,0.9402859586706311,7,0.9545454545454546,18,4.0,14,1.0,0.0,0.17708333333333334,1.5454545454545454,0,2
RTFMS_20000_ABSENCE_0.1_2_inductive.pnml,44,0,0.7219280948873623,2,0.9772727272727273,28,3.6,7,1.0,0.6136363636363636,0.06696428571428571,1.3636363636363635,16,0
Sepsis_40000_ORDERING_0.2_5_heuristics.pnml,113,36,0.9503376699710268,8,1.0,90,5.304347826086956,14,1.0,0.5398230088495575,0.03579545454545455,1.6725663716814159,63,7
RTFMS_20000_MIXED_1.0_1_heuristics.pnml,139,27,0.8212809417449863,2,1.0,109,6.615384615384615,25,1.0,0.2805755395683453,0.03501529051987767,1.6474820143884892,43,1
RTFMS_1000_alpha.pnml,27,10,0.8112781244591328,9,0.8518518518518519,8,3.6666666666666665,5,0.9444444444444444,0.0,0.10227272727272728,1.3333333333333333,0,8
RTFMS_10000_SUBSTITUTION_0.2_4_inductive.pnml,84,1,0.6609623351442084,3,0.9523809523809523,51,3.8285714285714287,8,1.0,0.4642857142857143,0.03636363636363636,1.380952380952381,32,0
Sepsis_100000_ABSENCE_0.2_2_inductive.pnml,95,3,0.5107878229540133,9,0.9789473684210527,44,3.4545454545454546,11,1.0,0.25263157894736843,0.028455284552845527,1.3263157894736841,37,0
Sepsis_40000_ABSENCE_2.0_5_heuristics.pnml,107,36,0.9503376699710268,8,1.0,84,5.043478260869565,14,1.0,0.5514018691588785,0.03624078624078624,1.6542056074766356,57,7
BPIC2012_40000_INSERTION_0.1_1_inductive.pnml,197,2,0.6543524423071836,11,0.9796954314720813,106,3.50561797752809,9,0.9924242424242424,0.7817258883248731,0.014354066985645933,1.3401015228426396,78,0
RTFMS_40000_INSERTION_1.0_3_inductive_inf.pnml,173,0,0.5586293734521992,7,0.9595375722543352,126,6.6521739130434785,46,1.0,0.13872832369942195,0.02631578947368421,1.6184971098265897,39,0
BPIC2012_10000_MIXED_0.4_3_inductive.pnml,216,3,0.7143881566559658,16,0.9861111111111112,111,3.317757009345794,6,0.993006993006993,0.6342592592592593,0.012651508449084314,1.3240740740740742,89,0
BPIC2012_40000_MIXED_2.0_3_heuristics.pnml,398,9,0.631263018091612,4,1.0,325,11.428571428571429,53,1.0,0.7361809045226131,0.018144319131161237,1.7462311557788945,123,3
RTFMS_10000_ORDERING_1.0_1_alpha.pnml,25,4,1.0,14,1.0,22,4.555555555555555,10,1.0,0.4,0.15584415584415584,1.92,0,11
BPIC2012_2000_SUBSTITUTION_0.2_1_alpha.pnml,35,10,0.9612366047228759,4,0.8285714285714285,11,3.6153846153846154,11,0.9428571428571428,0.0,0.07,1.0,0,1
BPIC2012_4000_INSERTION_0.4_4_inductive.pnml,188,4,0.667713540528142,12,0.9574468085106383,91,3.313953488372093,6,0.9713114754098361,0.925531914893617,0.01421911421911422,1.297872340425532,79,0
BPIC2012_2000_ABSENCE_2.0_3_heuristics.pnml,106,6,0.6136190195993708,3,0.9622641509433962,59,4.696969696969697,11,0.9666666666666667,0.7547169811320755,0.0316722972972973,1.4150943396226414,51,0
Sepsis_10000_ABSENCE_4.0_4_inductive.pnml,95,3,0.5107878229540133,9,0.9789473684210527,44,3.4545454545454546,11,1.0,0.25263157894736843,0.028455284552845527,1.3263157894736841,37,0
Sepsis_40000_ORDERING_4.0_5_inductive_inf.pnml,72,1,0.6024308020404452,10,0.9722222222222222,34,3.588235294117647,9,0.9795918367346939,0.3333333333333333,0.03807303807303807,1.3611111111111112,23,0
BPIC2012_4000_MIXED_1.0_1_alpha.pnml,48,8,0.9940302114769565,2,0.8541666666666666,14,4.2727272727272725,14,0.9,0.0,0.05263157894736842,0.8333333333333334,0,1
Sepsis_20000_SUBSTITUTION_4.0_5_heuristics.pnml,538,33,0.887417927068569,8,1.0,495,18.16949152542373,95,1.0,0.6895910780669146,0.02287581699346405,1.8866171003717471,87,7
BPIC2012_20000_INSERTION_0.2_4_alpha.pnml,49,8,0.9852281360342515,2,0.8775510204081632,10,4.857142857142857,14,0.9333333333333333,0.0,0.05813953488372093,0.6122448979591837,0,1
Sepsis_1000_SUBSTITUTION_2.0_1_heuristics.pnml,112,28,0.9268190639645772,4,1.0,87,5.7894736842105265,16,1.0,0.6339285714285714,0.03822185292895721,1.6428571428571428,54,4
Sepsis_40000_MIXED_4.0_4_heuristics.pnml,543,25,0.9182958340544896,11,1.0,496,17.174603174603174,94,1.0,0.6906077348066298,0.021089812443195903,1.8802946593001841,93,10
Sepsis_2000_ORDERING_0.2_5_heuristics.pnml,111,35,0.9564574047992594,6,1.0,87,5.111111111111111,14,1.0,0.5405405405405406,0.03515928515928516,1.6306306306306306,61,6
Sepsis_4000_SUBSTITUTION_1.0_3_heuristics.pnml,145,40,0.954434002924965,7,1.0,111,5.958333333333333,18,1.0,0.6620689655172414,0.02902757619738752,1.6551724137931034,68,10
BPIC2012_2000_ORDERING_4.0_2_inductive.pnml,91,0,0.7642045065086203,5,0.945054945054945,51,3.888888888888889,14,0.9596774193548387,0.8241758241758241,0.03199174406604747,1.3626373626373627,32,0
BPIC2012_40000_ORDERING_4.0_1_inductive_inf.pnml,88,2,0.6292492238560345,7,0.9659090909090909,50,3.8421052631578947,12,1.0,0.5113636363636364,0.0332244008714597,1.3863636363636365,30,0
BPIC2012_10000_INSERTION_0.2_4_heuristics.pnml,132,4,0.7320666900931938,4,0.946969696969697,74,5.0,11,0.9682539682539683,0.7121212121212122,0.026054590570719603,1.4318181818181819,60,3
BPIC2012_10000_ORDERING_1.0_3_inductive.pnml,128,0,0.783776947484701,9,0.984375,70,3.433333333333333,5,0.9764705882352941,0.921875,0.0215080971659919,1.328125,51,0
BPIC2012_4000_ORDERING_10.0_4_heuristics.pnml,144,3,0.7401470427139037,4,0.9722222222222222,85,5.093023255813954,15,0.9712918660287081,0.6666666666666666,0.024393090569561158,1.4513888888888888,77,3
BPIC2012_2000_ABSENCE_0.4_3_alpha.pnml,34,9,0.9957274520849255,5,0.8529411764705882,13,4.076923076923077,13,0.9210526315789473,0.0,0.07916666666666666,1.1176470588235294,0,1
BPIC2012_20000_INSERTION_1.0_4_alpha.pnml,154,13,0.9922666387194963,18,0.9415584415584416,42,5.241379310344827,26,0.9615384615384616,0.06493506493506493,0.01861797350519155,0.6753246753246753,0,9
RTFMS_40000_ORDERING_4.0_4_heuristics.pnml,83,20,0.8680403986166403,3,1.0,55,4.0,11,1.0,0.39759036144578314,0.039285714285714285,1.4578313253012047,43,1
Sepsis_2000_ORDERING_0.1_5_inductive.pnml,89,4,0.5435644431995964,8,0.9775280898876404,39,3.4,10,0.9827586206896551,0.2696629213483146,0.029743589743589743,1.303370786516854,33,0
RTFMS_20000_INSERTION_4.0_2_inductive_inf.pnml,285,0,0.419921097375718,9,0.9754385964912281,234,11.23404255319149,92,1.0,0.11228070175438597,0.0241206995963867,1.7614035087719297,40,0
Sepsis_2000_ABSENCE_1.0_1_heuristics.pnml,111,33,0.9564574047992594,6,1.0,86,5.066666666666666,14,1.0,0.5405405405405406,0.03496503496503497,1.6216216216216217,61,6
Sepsis_4000_ABSENCE_2.0_3_heuristics.pnml,114,41,0.9709505944546686,7,1.0,85,5.111111111111111,14,1.0,0.6929824561403509,0.03276353276353276,1.6140350877192982,61,10
Sepsis_100000_ABSENCE_2.0_3_heuristics.pnml,114,36,0.9684610087601622,9,1.0,87,5.041666666666667,14,1.0,0.5175438596491229,0.033297720797720795,1.6403508771929824,61,10
BPIC2012_40000_MIXED_2.0_3_inductive_inf.pnml,179,2,0.345117314944953,2,0.9217877094972067,143,10.064516129032258,39,1.0,0.329608938547486,0.03494252873563218,1.6983240223463687,30,0
RTFMS_20000_INSERTION_0.2_5_heuristics.pnml,94,28,0.8524051786494786,2,1.0,69,4.833333333333333,12,1.0,0.24468085106382978,0.04007739082365948,1.5425531914893618,30,1
Sepsis_100000_ORDERING_4.0_2_inductive.pnml,109,0,0.676941869780886,14,0.981651376146789,52,3.357142857142857,12,0.9863013698630136,0.22018348623853212,0.024745762711864405,1.3394495412844036,42,0
BPIC2012_1000_ORDERING_4.0_5_inductive.pnml,132,1,0.7676515870125797,8,0.9621212121212122,70,3.4827586206896552,6,0.9597701149425287,0.8787878787878788,0.020778600429902077,1.3181818181818181,54,0
BPIC2012_40000_MIXED_0.2_4_alpha.pnml,54,6,0.9456603046006401,5,0.7962962962962963,16,4.818181818181818,14,0.8636363636363636,0.0,0.05,0.8148148148148148,0,0
Sepsis_20000_SUBSTITUTION_2.0_1_inductive.pnml,408,1,0.710676853856123,12,0.9901960784313726,303,6.777777777777778,69,1.0,0.11764705882352941,0.011923944569771189,1.6323529411764706,95,0
BPIC2012_20000_INSERTION_1.0_2_alpha.pnml,125,12,1.0,1,0.888,22,10.0,27,0.8208955223880597,0.0,0.02671451355661882,0.536,0,0
Sepsis_20000_MIXED_0.4_2_inductive.pnml,202,7,0.7537153483720095,11,0.9801980198019802,109,3.484536082474227,8,1.0,0.19801980198019803,0.014306599832915622,1.3564356435643565,84,0
BPIC2012_40000_SUBSTITUTION_0.2_4_heuristics.pnml,181,8,0.7219280948873623,4,0.994475138121547,118,5.86,20,0.9783393501805054,0.6961325966850829,0.021991108288345506,1.5303867403314917,72,3
RTFMS_2000_SUBSTITUTION_4.0_2_alpha.pnml,60,12,0.9182958340544896,4,0.9666666666666667,20,9.666666666666666,27,0.9814814814814815,0.0,0.07277628032345014,0.9,0,3
RTFMS_4000_ORDERING_1.0_3_heuristics.pnml,80,25,0.9418285354475157,4,1.0,55,3.948717948717949,11,1.0,0.475,0.040521978021978024,1.475,40,3
BPIC2012_1000_SUBSTITUTION_1.0_4_heuristics.pnml,119,4,0.4488644887230294,1,0.9411764705882353,61,4.96875,12,0.9333333333333333,0.7815126050420168,0.027191825972313777,1.3865546218487395,53,0
BPIC2012_10000_INSERTION_2.0_5_inductive.pnml,356,8,0.7246971909054878,16,0.9887640449438202,222,4.194444444444445,22,1.0,0.28370786516853935,0.009272956882554573,1.4438202247191012,126,0
Sepsis_1000_MIXED_0.1_4_inductive_inf.pnml,92,4,0.5746356978376794,9,0.967391304347826,40,3.2954545454545454,11,0.9833333333333333,0.2608695652173913,0.028694404591104734,1.3043478260869565,34,0
RTFMS_10000_INSERTION_0.4_5_heuristics.pnml,101,25,0.9262122127346664,4,1.0,73,4.682926829268292,12,1.0,0.27722772277227725,0.036619718309859155,1.5445544554455446,34,3
BPIC2012_20000_ABSENCE_10.0_1_inductive.pnml,111,1,0.6420642892306891,6,0.963963963963964,65,3.6122448979591835,8,0.9933333333333333,0.8828828828828829,0.025879917184265012,1.3513513513513513,44,0
Sepsis_10000_MIXED_0.2_4_inductive_inf.pnml,95,3,0.5107878229540133,9,0.9789473684210527,44,3.4545454545454546,11,1.0,0.29473684210526313,0.028455284552845527,1.3263157894736841,37,0
RTFMS_4000_SUBSTITUTION_0.1_1_inductive.pnml,67,0,0.6962122601251458,3,0.9402985074626866,38,3.3125,6,1.0,0.7014925373134329,0.04127579737335835,1.3134328358208955,27,0
RTFMS_1000_SUBSTITUTION_2.0_2_inductive.pnml,92,2,0.5813214987637028,3,0.9782608695652174,49,3.8333333333333335,10,1.0,0.21739130434782608,0.03184386235233693,1.3478260869565217,36,0
Sepsis_10000_ORDERING_2.0_1_heuristics.pnml,116,33,0.9633355456726841,9,1.0,86,4.8979591836734695,15,1.0,0.5086206896551724,0.03198768388641807,1.6120689655172413,62,10
RTFMS_100000_ABSENCE_4.0_2_alpha.pnml,26,27,0.9709505944546686,16,0.9615384615384616,11,4.333333333333333,10,1.0,0.0,0.1303030303030303,1.6538461538461537,0,11
BPIC2012_10000_SUBSTITUTION_1.0_5_alpha.pnml,92,14,0.9612366047228759,5,0.9456521739130435,18,4.846153846153846,20,0.9591836734693877,0.10869565217391304,0.03279785809906292,0.532608695652174,0,2
RTFMS_4000_MIXED_4.0_2_heuristics.pnml,133,22,0.9321115676166747,5,1.0,99,5.521739130434782,21,1.0,0.39097744360902253,0.031788472964943554,1.6090225563909775,47,4
Sepsis_20000_INSERTION_0.4_4_alpha.pnml,59,7,0.7219280948873623,1,0.9152542372881356,15,7.6,16,1.0,0.0,0.07954545454545454,0.5932203389830508,0,0
Sepsis_100000_INSERTION_1.0_4_inductive.pnml,694,2,0.7316557766078083,13,0.9942363112391931,578,10.62295081967213,197,1.0,0.08069164265129683,0.010533768498851646,1.7579250720461095,106,0
Sepsis_40000_SUBSTITUTION_0.1_1_heuristics.pnml,133,37,0.9440870182837794,8,1.0,109,6.0,20,1.0,0.5037593984962406,0.033719548425430776,1.7067669172932332,59,7
RTFMS_20000_INSERTION_4.0_2_alpha.pnml,394,12,1.0,2,0.9949238578680203,104,34.666666666666664,101,0.9950248756218906,0.0,0.05167095115681234,0.5101522842639594,0,1
BPIC2012_100000_INSERTION_0.1_1_inductive_inf.pnml,169,1,0.49123734182433315,3,0.893491124260355,102,4.464285714285714,15,0.9831932773109243,0.7218934911242604,0.019355888093689006,1.4082840236686391,63,0
RTFMS_2000_ORDERING_10.0_2_heuristics.pnml,85,33,0.9649567669505685,4,1.0,55,3.8536585365853657,9,1.0,0.25882352941176473,0.03626179245283019,1.4470588235294117,41,7
BPIC2012_2000_ABSENCE_1.0_1_inductive.pnml,132,0,0.676941869780886,8,0.9318181818181819,68,3.517857142857143,7,0.9597701149425287,0.8787878787878788,0.020778600429902077,1.3181818181818181,54,0
BPIC2012_4000_INSERTION_10.0_2_heuristics.pnml,352,2,0.6429383500409614,4,0.9971590909090909,282,11.4,38,0.9950819672131147,0.6988636363636364,0.01986841248127158,1.7329545454545454,92,3
RTFMS_100000_INSERTION_0.2_2_heuristics.pnml,185,11,0.8721617883411699,5,1.0,153,8.585365853658537,34,1.0,0.31351351351351353,0.033514872224549644,1.7297297297297298,44,2
RTFMS_4000_MIXED_10.0_1_alpha.pnml,112,4,0.863120568566631,5,0.9821428571428571,45,14.0,41,1.0,0.07142857142857142,0.06054421768707483,0.7946428571428571,0,4
BPIC2012_40000_ORDERING_4.0_4_heuristics.pnml,159,7,0.7382848661434506,4,0.9937106918238994,99,5.270833333333333,20,0.9789029535864979,0.7044025157232704,0.023099415204678363,1.490566037735849,89,3
BPIC2012_100000_ABSENCE_2.0_2_inductive.pnml,122,0,0.6840384356390417,7,0.9672131147540983,72,3.618181818181818,6,0.9939759036144579,0.8934426229508197,0.02374141876430206,1.360655737704918,51,0
BPIC2012_100000_ORDERING_0.1_5_heuristics.pnml,133,2,0.7918583525674836,5,0.9699248120300752,75,4.785714285714286,14,0.968421052631579,0.6766917293233082,0.02518557794273595,1.4285714285714286,67,4
Sepsis_20000_MIXED_10.0_5_heuristics.pnml,653,34,0.9182958340544896,10,1.0,604,19.696969696969695,104,1.0,0.6202143950995406,0.0201452674092893,1.894333843797856,94,10
BPIC2012_10000_INSERTION_1.0_5_inductive.pnml,261,2,0.7116412885080163,16,0.9846743295019157,150,3.7457627118644066,12,1.0,0.47509578544061304,0.011540900443880786,1.3946360153256705,97,0
BPIC2012_20000_INSERTION_0.2_2_heuristics.pnml,153,5,0.730926377590601,4,0.9215686274509804,90,5.340909090909091,13,0.9732142857142857,0.6405228758169934,0.023678646934460888,1.4640522875816993,64,3
BPIC2012_20000_ORDERING_1.0_4_alpha.pnml,38,20,0.9940302114769565,9,0.9736842105263158,31,4.636363636363637,14,1.0,0.0,0.09226190476190477,1.631578947368421,0,8
Sepsis_2000_INSERTION_2.0_5_alpha.pnml,49,7,0.9798687566511528,3,0.9387755102040817,21,5.25,18,0.98,0.16326530612244897,0.06944444444444445,1.0204081632653061,0,1
BPIC2012_20000_ABSENCE_0.2_3_alpha.pnml,37,9,0.9980008838722996,9,0.972972972972973,17,3.8421052631578947,13,1.0,0.0,0.07371794871794872,1.2432432432432432,0,7
Sepsis_40000_SUBSTITUTION_2.0_3_alpha.pnml,408,11,0.9709505944546686,1,0.9901960784313726,53,24.4,63,0.9915254237288136,0.0,0.03650990099009901,0.28921568627450983,0,0
Sepsis_1000_SUBSTITUTION_4.0_4_heuristics.pnml,120,25,0.8904916402194913,4,1.0,91,5.897435897435898,17,1.0,0.65,0.03552011598405219,1.6333333333333333,57,4
BPIC2012_4000_INSERTION_2.0_2_heuristics.pnml,172,2,0.7131467486384921,5,0.9709302325581395,112,6.065217391304348,17,0.9847908745247148,0.6395348837209303,0.023706508022354425,1.5290697674418605,66,3
Sepsis_40000_MIXED_0.1_5_inductive.pnml,117,1,0.7219280948873623,7,0.9829059829059829,62,3.4545454545454546,8,1.0,0.6153846153846154,0.023882424984690752,1.3333333333333333,45,0
Sepsis_20000_ORDERING_1.0_1_heuristics.pnml,111,35,0.9440870182837794,8,1.0,86,5.0212765957446805,15,1.0,0.5315315315315315,0.034759358288770054,1.6396396396396395,60,7
RTFMS_4000_ABSENCE_1.0_2_inductive.pnml,49,1,0.6840384356390417,2,0.9795918367346939,31,3.5454545454545454,6,1.0,0.7755102040816326,0.05913978494623656,1.346938775510204,19,0
BPIC2012_20000_ORDERING_10.0_3_inductive.pnml,116,0,0.7568336324184035,12,0.9827586206896551,60,3.5636363636363635,11,0.9746835443037974,0.7068965517241379,0.024063356685957965,1.3620689655172413,42,0
BPIC2012_2000_INSERTION_4.0_3_heuristics.pnml,165,1,0.5586293734521992,3,0.9757575757575757,108,5.760869565217392,17,0.9960159362549801,0.7333333333333333,0.0246852871754524,1.5212121212121212,65,0
Sepsis_20000_INSERTION_0.2_4_inductive.pnml,147,8,0.6252624052234231,9,0.9727891156462585,78,3.78125,16,1.0,0.21768707482993196,0.02031063321385902,1.3877551020408163,51,0
BPIC2012_20000_ABSENCE_1.0_3_inductive.pnml,135,1,0.6373874992221911,8,0.9703703703703703,75,3.467741935483871,6,0.9944444444444445,0.9037037037037037,0.020708697653014266,1.3333333333333333,57,0
BPIC2012_10000_ABSENCE_2.0_1_inductive.pnml,125,0,0.7424875695421236,8,0.968,68,3.456140350877193,7,0.9698795180722891,0.896,0.022133333333333335,1.328,50,0
BPIC2012_100000_MIXED_0.2_4_heuristics.pnml,190,1,0.7062740891876007,5,0.9842105263157894,130,6.173076923076923,23,1.0,0.6473684210526316,0.022758620689655173,1.563157894736842,71,3
BPIC2012_1000_INSERTION_10.0_4_heuristics.pnml,188,3,0.3650551896402848,1,0.9840425531914894,124,6.837209302325581,17,0.9862542955326461,0.7446808510638298,0.023336006415396952,1.547872340425532,65,0
BPIC2012_2000_INSERTION_0.2_5_inductive_inf.pnml,137,0,0.6500224216483541,8,0.927007299270073,71,3.466666666666667,6,0.9666666666666667,0.9197080291970803,0.019955654101995565,1.313868613138686,56,0
RTFMS_100000_INSERTION_1.0_5_alpha.pnml,485,24,0.9910760598382222,2,0.9876288659793815,147,31.77777777777778,140,1.0,0.0,0.056875,0.5628865979381443,0,0
BPIC2012_1000_MIXED_10.0_4_inductive.pnml,240,1,0.6804710541354339,12,0.9833333333333333,131,3.4774774774774775,9,1.0,0.6875,0.011874032008260196,1.3416666666666666,98,0
BPIC2012_20000_ORDERING_0.4_2_alpha.pnml,38,5,0.9967916319816366,7,0.8947368421052632,18,4.266666666666667,14,0.88,0.23684210526315788,0.0744047619047619,1.3157894736842106,0,1
RTFMS_2000_MIXED_0.4_3_heuristics.pnml,69,29,0.9275265884316759,3,1.0,47,3.7142857142857144,9,1.0,0.17391304347826086,0.04427549194991055,1.434782608695652,30,3
Sepsis_100000_ABSENCE_4.0_5_alpha.pnml,23,11,0.9402859586706311,8,0.9565217391304348,20,4.357142857142857,14,1.0,0.0,0.16964285714285715,1.6521739130434783,0,4
Sepsis_1000_INSERTION_1.0_2_inductive_inf.pnml,91,2,0.46121604051390946,9,0.978021978021978,39,3.3658536585365852,11,0.9830508474576272,0.3516483516483517,0.02878048780487805,1.2967032967032968,35,0
BPIC2012_10000_SUBSTITUTION_0.1_1_inductive_inf.pnml,124,1,0.7717094696953632,8,0.9596774193548387,62,3.452830188679245,6,0.9320987654320988,0.9435483870967742,0.021756647864625302,1.3064516129032258,48,0
RTFMS_20000_INSERTION_2.0_3_alpha.pnml,201,14,0.9798687566511528,8,0.9800995024875622,52,11.25,55,1.0,0.029850746268656716,0.0306282722513089,0.582089552238806,0,3
BPIC2012_1000_MIXED_2.0_4_alpha.pnml,41,12,1.0,5,0.8536585365853658,13,3.7142857142857144,13,0.9,0.0,0.06060606060606061,0.975609756097561,0,1
Sepsis_4000_ABSENCE_0.4_2_heuristics.pnml,118,42,0.9656361333706098,7,1.0,88,5.130434782608695,14,1.0,0.6694915254237288,0.031698365031698365,1.6101694915254237,64,10
Sepsis_4000_SUBSTITUTION_0.4_1_alpha.pnml,33,19,0.9940302114769565,6,0.8181818181818181,17,4.545454545454546,16,0.9473684210526316,0.0,0.1043956043956044,1.1515151515151516,0,0
Sepsis_1000_MIXED_1.0_3_heuristics.pnml,99,28,0.9268190639645772,4,1.0,74,5.105263157894737,14,1.0,0.6363636363636364,0.03891625615763547,1.595959595959596,52,4
RTFMS_4000_MIXED_0.4_2_inductive_inf.pnml,57,1,0.6343095546405662,2,0.8596491228070176,31,3.4,5,0.9864864864864865,0.7192982456140351,0.048051948051948054,1.2982456140350878,21,0
BPIC2012_40000_ORDERING_0.2_2_inductive.pnml,157,1,0.8263541679009074,11,0.9872611464968153,85,3.2987012987012987,5,0.970873786407767,0.9363057324840764,0.01722408026755853,1.3121019108280254,67,0
BPIC2012_10000_ORDERING_0.1_5_inductive.pnml,113,1,0.7467366074830679,6,0.9823008849557522,63,3.617021276595745,6,0.96,0.911504424778761,0.024703557312252964,1.3274336283185841,44,0
RTFMS_40000_ABSENCE_0.1_3_alpha.pnml,28,31,0.9774178175281716,18,1.0,12,4.235294117647059,9,1.0,0.0,0.12566844919786097,1.6785714285714286,0,11
Sepsis_2000_INSERTION_2.0_3_inductive.pnml,155,8,0.5969995167604552,10,0.9870967741935484,75,3.5652173913043477,11,1.0,0.25806451612903225,0.018137425880711544,1.3419354838709678,57,0
RTFMS_1000_SUBSTITUTION_10.0_5_inductive.pnml,145,2,0.714015280437867,5,0.9862068965517241,92,4.745098039215686,31,1.0,0.16551724137931034,0.02439580483356133,1.4758620689655173,47,0
Sepsis_1000_INSERTION_4.0_4_inductive.pnml,142,8,0.6373874992221911,9,0.971830985915493,76,3.806451612903226,15,1.0,0.22535211267605634,0.021153846153846155,1.3943661971830985,48,0
Sepsis_40000_INSERTION_0.2_2_heuristics.pnml,162,34,0.9117517586347537,8,1.0,129,6.346153846153846,24,1.0,0.6358024691358025,0.028663748175943297,1.6975308641975309,68,7
BPIC2012_4000_ABSENCE_2.0_1_heuristics.pnml,126,2,0.7320666900931938,4,0.9365079365079365,69,4.717948717948718,13,0.9661016949152542,0.6984126984126984,0.026083112290008842,1.4047619047619047,62,3
BPIC2012_10000_ORDERING_4.0_5_inductive_inf.pnml,128,1,0.676941869780886,8,0.9375,68,3.4642857142857144,7,0.9702380952380952,0.8515625,0.02125506072874494,1.3125,52,0
RTFMS_40000_INSERTION_10.0_5_heuristics.pnml,2000,32,0.7412466905234424,5,1.0,1925,48.617283950617285,449,1.0,0.5545,0.015456171735241503,1.944,122,1
Sepsis_100000_MIXED_0.1_2_heuristics.pnml,146,34,0.9248187049730301,8,1.0,116,6.04,20,1.0,0.5547945205479452,0.030622365484750808,1.6917808219178083,63,7
Sepsis_40000_SUBSTITUTION_1.0_5_heuristics.pnml,333,37,0.8997437586982626,8,1.0,295,11.719298245614034,55,1.0,0.6756756756756757,0.02445870088211708,1.8318318318318318,82,7
RTFMS_40000_SUBSTITUTION_0.4_5_alpha.pnml,95,12,1.0,6,0.9789473684210527,39,9.9,39,1.0,0.08421052631578947,0.0689935064935065,0.8947368421052632,0,3
Sepsis_40000_ORDERING_1.0_1_heuristics.pnml,115,37,0.9440870182837794,8,1.0,91,5.23404255319149,15,1.0,0.5304347826086957,0.03467683369644154,1.6608695652173913,64,7
Sepsis_40000_ORDERING_2.0_2_inductive.pnml,100,3,0.5993142373098092,11,0.98,45,3.375,10,0.9848484848484849,0.24,0.02666666666666667,1.32,38,0
RTFMS_100000_ORDERING_1.0_5_alpha.pnml,22,10,0.8904916402194913,10,1.0,16,4.461538461538462,11,1.0,0.4090909090909091,0.15702479338842976,1.7272727272727273,0,6
Sepsis_40000_ABSENCE_0.1_5_alpha.pnml,22,15,0.9402859586706311,7,0.9545454545454546,18,4.0,14,1.0,0.0,0.17708333333333334,1.5454545454545454,0,2
BPIC2012_10000_INSERTION_0.1_4_heuristics.pnml,127,3,0.7424875695421236,4,0.9448818897637795,69,4.815789473684211,11,0.9553072625698324,0.7165354330708661,0.02607808857808858,1.4094488188976377,59,3
RTFMS_1000_SUBSTITUTION_1.0_5_inductive.pnml,70,2,0.7219280948873623,3,0.9714285714285714,37,3.533333333333333,6,0.9782608695652174,0.11428571428571428,0.03962101636520241,1.3142857142857143,25,0
Sepsis_40000_MIXED_0.1_4_heuristics.pnml,122,36,0.9377342939868041,8,1.0,96,5.375,16,1.0,0.5081967213114754,0.03333333333333333,1.6639344262295082,60,7
Sepsis_10000_MIXED_4.0_3_alpha.pnml,127,11,0.9182958340544896,2,0.9763779527559056,22,10.0,29,1.0,0.0,0.054878048780487805,0.4251968503937008,0,0
Sepsis_4000_ABSENCE_1.0_1_inductive.pnml,95,3,0.5107878229540133,9,0.9789473684210527,44,3.4545454545454546,11,1.0,0.25263157894736843,0.028455284552845527,1.3263157894736841,37,0
Sepsis_1000_SUBSTITUTION_1.0_4_inductive.pnml,94,3,0.5266170655714281,6,0.9574468085106383,51,3.5238095238095237,9,1.0,0.6808510638297872,0.029871977240398292,1.3404255319148937,35,0
Sepsis_10000_INSERTION_1.0_5_alpha.pnml,70,13,0.9182958340544896,1,0.9714285714285714,12,11.666666666666666,22,0.9714285714285714,0.0,0.08706467661691543,0.5,0,0
Sepsis_10000_MIXED_0.1_5_inductive.pnml,108,4,0.5699613760403499,10,0.9814814814814815,49,3.3461538461538463,11,1.0,0.37037037037037035,0.0247645622602023,1.3148148148148149,43,0
RTFMS_20000_ORDERING_2.0_3_heuristics.pnml,70,29,0.8849636363831528,2,1.0,50,4.0,11,1.0,0.3,0.04664855072463768,1.4714285714285715,34,1
RTFMS_10000_ABSENCE_0.1_1_heuristics.pnml,67,26,0.9517626756348311,4,1.0,47,3.7714285714285714,9,1.0,0.3880597014925373,0.04666666666666667,1.462686567164179,30,3
BPIC2012_100000_SUBSTITUTION_0.1_5_alpha.pnml,92,14,0.9612366047228759,5,0.9456521739130435,18,4.846153846153846,20,0.9591836734693877,0.10869565217391304,0.03279785809906292,0.532608695652174,0,2
BPIC2012_40000_ORDERING_0.2_3_inductive_inf.pnml,117,3,0.714015280437867,8,0.9572649572649573,61,3.5686274509803924,7,0.967948717948718,0.8888888888888888,0.02370820668693009,1.3333333333333333,46,0
Sepsis_20000_INSERTION_2.0_5_inductive_inf.pnml,161,1,0.4021791902022728,9,0.9751552795031055,107,5.48,27,1.0,0.2981366459627329,0.023440453686200378,1.5403726708074534,45,0
BPIC2012_20000_MIXED_0.1_2_inductive.pnml,193,3,0.7035821005719904,12,0.9844559585492227,99,3.337078651685393,5,0.9761904761904762,0.8601036269430051,0.013990672884743505,1.305699481865285,85,0
BPIC2012_4000_INSERTION_4.0_4_inductive.pnml,313,3,0.6919278850058868,14,0.9872204472843451,190,4.241935483870968,17,1.0,0.402555910543131,0.010554829067812441,1.4440894568690097,106,0
RTFMS_20000_ABSENCE_0.4_5_alpha.pnml,27,23,0.9886994082884974,16,1.0,13,4.25,9,1.0,0.25925925925925924,0.1278409090909091,1.6666666666666667,0,11
Sepsis_10000_SUBSTITUTION_2.0_5_alpha.pnml,116,6,0.9852281360342515,2,0.9655172413793104,24,8.285714285714286,22,1.0,0.0,0.05580357142857143,0.43103448275862066,0,0
Sepsis_100000_SUBSTITUTION_4.0_5_inductive.pnml,2170,0,0.6870408064059199,14,0.9981566820276497,2038,32.29007633587786,755,1.0,0.029493087557603687,0.00940921713682551,1.9142857142857144,119,0
Sepsis_10000_MIXED_0.2_1_heuristics.pnml,115,33,0.9440870182837794,8,1.0,89,5.148936170212766,16,1.0,0.5391304347826087,0.03431372549019608,1.6434782608695653,59,7
RTFMS_2000_ORDERING_2.0_5_inductive.pnml,58,3,0.8256265261578954,5,0.9655172413793104,27,3.259259259259259,5,0.9459459459459459,0.06896551724137931,0.04447115384615385,1.2758620689655173,20,0
BPIC2012_2000_MIXED_0.4_2_heuristics.pnml,113,6,0.5916727785823275,3,0.9911504424778761,63,4.714285714285714,10,0.96875,0.7433628318584071,0.029784065524944156,1.415929203539823,53,0
RTFMS_4000_INSERTION_1.0_3_alpha.pnml,40,13,1.0,6,0.875,15,5.0,13,0.975609756097561,0.225,0.06833333333333333,1.025,0,3
BPIC2012_10000_SUBSTITUTION_10.0_3_inductive.pnml,839,3,0.739480936716638,22,0.9952324195470799,644,7.621890547263682,73,1.0,0.11442193087008343,0.006492785793562708,1.6734207389749702,180,0
BPIC2012_1000_ORDERING_1.0_3_heuristics.pnml,116,3,0.4394969869215134,1,0.9741379310344828,61,4.787878787878788,13,0.9503105590062112,0.7327586206896551,0.02795138888888889,1.3879310344827587,56,0
RTFMS_2000_SUBSTITUTION_10.0_5_heuristics.pnml,201,24,0.9470622432515328,7,1.0,168,7.6923076923076925,47,1.0,0.19402985074626866,0.028757415952537904,1.736318407960199,54,4
Sepsis_10000_ABSENCE_0.4_1_heuristics.pnml,108,32,0.9503376699710268,8,1.0,83,5.0,14,1.0,0.5462962962962963,0.03575757575757576,1.6388888888888888,58,7
RTFMS_10000_ORDERING_0.1_4_inductive.pnml,36,0,0.6500224216483541,2,0.9444444444444444,20,4.166666666666667,7,0.9583333333333334,0.5555555555555556,0.07792207792207792,1.3333333333333333,10,0
Sepsis_100000_SUBSTITUTION_1.0_2_heuristics.pnml,618,32,0.9514122535330207,12,1.0,586,20.35483870967742,104,1.0,0.7055016181229773,0.024004044489383217,1.9207119741100325,86,7
Sepsis_40000_MIXED_10.0_3_inductive.pnml,1213,0,0.7128132609403541,14,0.9967023907666942,1083,17.44360902255639,386,1.0,0.0494641384995878,0.009464095587365433,1.8466611706512779,120,0
RTFMS_10000_ORDERING_1.0_1_inductive.pnml,27,0,0.8112781244591328,2,0.9259259259259259,16,5.0,9,0.9473684210526316,0.5925925925925926,0.11176470588235295,1.4074074074074074,5,0
BPIC2012_2000_ABSENCE_1.0_5_inductive.pnml,138,0,0.7153220528038851,9,0.9347826086956522,69,3.3934426229508197,6,0.95,0.8840579710144928,0.01949317738791423,1.3043478260869565,56,0
Sepsis_10000_ABSENCE_0.1_1_inductive.pnml,95,3,0.5107878229540133,9,0.9789473684210527,44,3.4545454545454546,11,1.0,0.25263157894736843,0.028455284552845527,1.3263157894736841,37,0
RTFMS_1000_SUBSTITUTION_0.4_5_inductive_inf.pnml,52,1,0.4689955935892812,1,0.9230769230769231,27,3.45,5,0.9545454545454546,0.15384615384615385,0.0515625,1.2692307692307692,19,0
Sepsis_20000_ABSENCE_0.2_1_alpha.pnml,22,14,0.9402859586706311,7,0.9545454545454546,19,4.071428571428571,14,1.0,0.0,0.18229166666666666,1.5909090909090908,0,2
RTFMS_1000_ORDERING_0.4_1_alpha.pnml,28,4,0.8904916402194913,11,1.0,13,4.153846153846154,6,1.0,0.8571428571428571,0.11229946524064172,1.5,0,12
RTFMS_4000_ORDERING_1.0_4_inductive.pnml,43,0,0.8997437586982626,3,0.9534883720930233,25,3.6842105263157894,7,0.9655172413793104,0.8372093023255814,0.06561085972850679,1.3488372093023255,14,0
BPIC2012_40000_INSERTION_10.0_2_alpha.pnml,1860,9,0.0,0,0.9989247311827957,245,249.5,254,1.0,0.0,0.06714208826695371,0.2682795698924731,0,0
Sepsis_2000_SUBSTITUTION_2.0_2_inductive_inf.pnml,118,1,0.39124356362925566,8,0.9661016949152542,60,3.4615384615384617,9,1.0,0.3050847457627119,0.023214285714285715,1.3220338983050848,49,0
Sepsis_40000_SUBSTITUTION_0.4_1_alpha.pnml,104,1,0.7219280948873623,1,0.9519230769230769,30,12.6,26,0.9836065573770492,0.0,0.06161616161616162,0.5865384615384616,0,0
RTFMS_40000_INSERTION_0.4_3_alpha.pnml,97,21,0.9940302114769565,7,0.9690721649484536,26,8.0,37,1.0,0.0,0.046085858585858584,0.7525773195876289,0,3
RTFMS_1000_MIXED_0.2_4_inductive.pnml,58,2,0.6193821946787638,2,0.9310344827586207,30,3.230769230769231,5,0.972972972972973,0.13793103448275862,0.04596273291925466,1.2758620689655173,22,0
RTFMS_4000_INSERTION_0.1_3_heuristics.pnml,69,25,0.9568886656798212,4,0.9565217391304348,47,3.675675675675676,8,1.0,0.5217391304347826,0.044722719141323794,1.4492753623188406,29,3
RTFMS_2000_SUBSTITUTION_2.0_2_alpha.pnml,39,10,0.9709505944546686,4,0.9487179487179487,13,7.0,15,0.9428571428571428,0.0,0.078125,0.8974358974358975,0,2
Sepsis_1000_ABSENCE_1.0_3_inductive.pnml,96,3,0.4959690720618337,9,0.96875,44,3.3260869565217392,11,1.0,0.25,0.027777777777777776,1.3125,37,0
Sepsis_20000_MIXED_0.4_2_alpha.pnml,50,11,0.9957274520849255,6,0.92,23,5.538461538461538,19,0.9636363636363636,0.0,0.07452574525745258,1.1,0,2
RTFMS_4000_MIXED_0.4_4_heuristics.pnml,76,26,0.9494520153879484,4,1.0,53,3.8947368421052633,10,1.0,0.47368421052631576,0.042328042328042326,1.4736842105263157,34,3
RTFMS_100000_ORDERING_4.0_3_alpha.pnml,20,8,0.8453509366224364,8,1.0,15,4.7272727272727275,11,1.0,0.4,0.17676767676767677,1.75,0,6
Sepsis_40000_MIXED_2.0_2_alpha.pnml,224,14,0.9182958340544896,1,0.9821428571428571,27,22.333333333333332,38,0.9705882352941176,0.0,0.038636363636363635,0.30357142857142855,0,0
RTFMS_40000_ORDERING_4.0_1_heuristics.pnml,79,26,0.8997437586982626,3,1.0,55,4.0,11,1.0,0.3924050632911392,0.041666666666666664,1.481012658227848,40,1
BPIC2012_1000_ORDERING_4.0_4_inductive.pnml,135,1,0.7642045065086203,9,0.962962962962963,67,3.5555555555555554,7,0.9261363636363636,0.8814814814814815,0.019891500904159132,1.3037037037037038,54,0
BPIC2012_1000_SUBSTITUTION_0.4_3_heuristics.pnml,114,3,0.4586858162005403,1,0.9385964912280702,58,4.870967741935484,11,0.9299363057324841,0.7543859649122807,0.027955840455840455,1.3771929824561404,52,0
BPIC2012_100000_SUBSTITUTION_4.0_5_inductive.pnml,2419,5,0.7348804373538653,23,0.9983464241422075,2217,21.971830985915492,347,1.0,0.03968582058701943,0.005977646285338593,1.8792889623811493,197,0
BPIC2012_1000_INSERTION_0.4_1_inductive_inf.pnml,128,0,0.714015280437867,7,0.9375,65,3.588235294117647,6,0.9345238095238095,0.921875,0.0213903743315508,1.3125,50,0
BPIC2012_40000_MIXED_1.0_5_inductive.pnml,428,12,0.732901009176448,21,0.9906542056074766,250,4.044444444444444,19,1.0,0.18691588785046728,0.007508281192491719,1.4299065420560748,158,0
Sepsis_20000_INSERTION_0.1_2_heuristics.pnml,116,34,0.9503376699710268,8,1.0,92,5.391304347826087,16,1.0,0.5517241379310345,0.035414384811975175,1.6724137931034482,58,7
Sepsis_20000_ORDERING_0.4_3_heuristics.pnml,111,35,0.9440870182837794,8,1.0,86,5.0212765957446805,15,1.0,0.5315315315315315,0.034759358288770054,1.6396396396396395,60,7
RTFMS_100000_INSERTION_0.2_2_inductive.pnml,215,0,0.7516499461153355,8,0.9813953488372094,156,5.969230769230769,28,1.0,0.11162790697674418,0.020564323290291727,1.6,54,0
RTFMS_4000_INSERTION_10.0_1_heuristics.pnml,284,7,0.9621461334087001,11,1.0,246,9.964912280701755,58,1.0,0.2640845070422535,0.02617827868852459,1.7992957746478873,56,8
Sepsis_10000_ABSENCE_4.0_3_alpha.pnml,22,15,0.9402859586706311,7,0.9545454545454546,18,4.0,14,1.0,0.0,0.17708333333333334,1.5454545454545454,0,2
BPIC2012_20000_ORDERING_10.0_5_heuristics.pnml,167,4,0.714015280437867,4,1.0,105,5.294117647058823,19,0.9920318725099602,0.6946107784431138,0.022547610492274522,1.5029940119760479,96,3
Sepsis_2000_SUBSTITUTION_0.4_3_alpha.pnml,30,24,0.9402859586706311,9,0.8666666666666667,19,4.214285714285714,16,0.926829268292683,0.26666666666666666,0.10846560846560846,1.3666666666666667,0,0
RTFMS_4000_MIXED_1.0_5_heuristics.pnml,92,20,0.9402859586706311,5,1.0,64,4.238095238095238,14,1.0,0.6195652173913043,0.037365591397849465,1.5108695652173914,42,3
Sepsis_100000_ORDERING_0.2_3_inductive.pnml,96,4,0.5586293734521992,11,0.9791666666666666,41,3.347826086956522,13,0.9841269841269842,0.25,0.027534965034965036,1.3125,35,0
RTFMS_20000_ORDERING_0.4_5_inductive.pnml,47,0,0.8453509366224364,5,0.9574468085106383,26,3.6363636363636362,7,0.96875,0.6808510638297872,0.05925925925925926,1.3617021276595744,15,0
Sepsis_4000_ABSENCE_2.0_3_alpha.pnml,22,15,0.9402859586706311,7,0.9545454545454546,18,4.0,14,1.0,0.0,0.17708333333333334,1.5454545454545454,0,2
BPIC2012_20000_SUBSTITUTION_1.0_2_inductive.pnml,418,4,0.7503510042105467,22,0.9904306220095693,252,4.0790960451977405,22,1.0,0.16267942583732056,0.007761532709316418,1.4401913875598087,147,0
BPIC2012_4000_SUBSTITUTION_0.4_1_inductive_inf.pnml,138,1,0.7153220528038851,9,0.9782608695652174,71,3.442622950819672,6,0.9560439560439561,0.8840579710144928,0.019817073170731708,1.318840579710145,53,0
Sepsis_100000_ORDERING_0.1_4_heuristics.pnml,114,36,0.9377342939868041,8,1.0,88,5.041666666666667,15,1.0,0.5175438596491229,0.033815551537070526,1.6403508771929824,62,7
RTFMS_100000_inductive.pnml,67,2,0.8879763195151349,7,0.9701492537313433,30,3.111111111111111,5,0.9534883720930233,0.05970149253731343,0.03853046594982079,1.2835820895522387,24,0
RTFMS_2000_MIXED_0.1_4_alpha.pnml,25,13,0.9975025463691152,10,0.88,14,3.5294117647058822,6,1.0,0.0,0.11858974358974358,1.48,0,7
BPIC2012_100000_MIXED_1.0_3_inductive.pnml,615,8,0.7541862565435329,24,0.9934959349593496,421,5.399014778325123,50,1.0,0.14308943089430895,0.006620324395895399,1.5609756097560976,178,0
BPIC2012_40000_ORDERING_1.0_3_heuristics.pnml,138,3,0.74959525725948,4,1.0,83,5.142857142857143,15,0.9754901960784313,0.7318840579710145,0.026020408163265306,1.4782608695652173,73,3
BPIC2012_2000_SUBSTITUTION_0.1_1_inductive.pnml,134,0,0.7355085815538398,9,0.9328358208955224,65,3.413793103448276,6,0.9310344827586207,0.9104477611940298,0.019917582417582416,1.2985074626865671,53,0
BPIC2012_100000_INSERTION_4.0_3_alpha.pnml,1858,15,0.9182958340544896,2,0.9973089343379978,241,83.16666666666667,249,1.0,0.0,0.03323894282632147,0.26533907427341225,0,0
BPIC2012_2000_SUBSTITUTION_10.0_3_alpha.pnml,134,9,1.0,4,0.9104477611940298,50,7.642857142857143,31,0.9574468085106383,0.0,0.03790322580645161,0.7014925373134329,0,1
Sepsis_20000_INSERTION_0.4_4_inductive_inf.pnml,110,4,0.46274905857817394,9,0.9636363636363636,53,3.411764705882353,11,1.0,0.4,0.024796195652173912,1.3272727272727274,42,0
Sepsis_4000_SUBSTITUTION_0.2_3_heuristics.pnml,123,42,0.9656361333706098,7,1.0,93,5.3478260869565215,16,1.0,0.6666666666666666,0.03142677561282212,1.6260162601626016,64,10
Sepsis_10000_ORDERING_2.0_5_alpha.pnml,25,10,0.9182958340544896,10,0.96,25,4.866666666666666,15,1.0,0.4,0.1597222222222222,1.84,0,6
RTFMS_10000_INSERTION_0.4_5_alpha.pnml,51,12,0.9980008838722996,14,0.9019607843137255,33,5.052631578947368,12,0.9705882352941176,0.29411764705882354,0.06296296296296296,1.3333333333333333,0,6
BPIC2012_4000_ORDERING_0.4_3_alpha.pnml,33,5,0.9852281360342515,4,0.8787878787878788,15,3.7142857142857144,14,0.972972972972973,0.0,0.08564814814814815,1.121212121212121,0,2
RTFMS_2000_ORDERING_0.2_3_inductive.pnml,50,1,0.828055725379504,3,0.94,29,3.4347826086956523,5,0.9696969696969697,0.8,0.055,1.32,18,0
RTFMS_1000_MIXED_1.0_2_heuristics.pnml,61,18,0.9182958340544896,3,1.0,37,3.6,7,1.0,0.11475409836065574,0.04786036036036036,1.3934426229508197,23,4
Sepsis_2000_SUBSTITUTION_1.0_2_heuristics.pnml,131,33,0.9687003436508602,10,1.0,104,5.245283018867925,15,1.0,0.6183206106870229,0.03070175438596491,1.6564885496183206,66,7
RTFMS_2000_ORDERING_1.0_1_heuristics.pnml,73,28,0.9182958340544896,3,1.0,49,3.7777777777777777,9,1.0,0.1643835616438356,0.042270531400966184,1.4383561643835616,34,3
BPIC2012_10000_SUBSTITUTION_0.2_4_inductive.pnml,179,6,0.6593758812786992,8,0.9776536312849162,96,3.402439024390244,6,0.9957627118644068,0.7821229050279329,0.015546772068511199,1.318435754189944,76,0
BPIC2012_2000_MIXED_4.0_4_heuristics.pnml,132,4,0.5713549744279549,3,0.9848484848484849,84,5.621621621621622,13,0.98989898989899,0.6818181818181818,0.02971188475390156,1.5,54,0
RTFMS_2000_MIXED_2.0_1_heuristics.pnml,91,24,0.9182958340544896,5,1.0,64,4.238095238095238,11,1.0,0.45054945054945056,0.03770491803278689,1.5164835164835164,37,3
RTFMS_4000_MIXED_0.4_1_heuristics.pnml,73,25,0.9568886656798212,4,1.0,51,3.891891891891892,11,1.0,0.4931506849315068,0.044189852700491,1.4794520547945205,32,3
RTFMS_1000_ORDERING_0.1_4_inductive_inf.pnml,52,3,0.8112781244591328,3,0.9423076923076923,26,3.2083333333333335,5,0.9393939393939394,0.07692307692307693,0.05,1.2692307692307692,18,0
RTFMS_4000_INSERTION_4.0_2_inductive.pnml,189,0,0.7153220528038851,8,0.9788359788359788,132,5.508196721311475,23,1.0,0.12698412698412698,0.021574344023323616,1.566137566137566,50,0
BPIC2012_4000_MIXED_4.0_1_alpha.pnml,66,12,0.9182958340544896,2,0.8939393939393939,14,7.833333333333333,21,0.8888888888888888,0.0,0.05447941888619855,0.6818181818181818,0,0
Sepsis_20000_ABSENCE_4.0_4_alpha.pnml,23,11,0.9402859586706311,8,0.9565217391304348,20,4.357142857142857,14,1.0,0.0,0.16964285714285715,1.6521739130434783,0,4
RTFMS_20000_ORDERING_0.4_2_heuristics.pnml,65,30,0.8960382325345574,2,1.0,47,3.875,10,1.0,0.3230769230769231,0.04917184265010352,1.4615384615384615,30,1
BPIC2012_10000_MIXED_0.2_5_heuristics.pnml,132,2,0.7120640548905479,4,0.9166666666666666,74,4.780487804878049,12,0.9732620320855615,0.6742424242424242,0.025407608695652173,1.4166666666666667,61,3
RTFMS_40000_MIXED_10.0_2_heuristics.pnml,1149,9,0.8892881527272397,13,1.0,1091,30.373333333333335,317,1.0,0.4560487380330722,0.01871300524268561,1.9260226283724977,94,2
Sepsis_40000_ABSENCE_0.1_1_heuristics.pnml,108,36,0.9503376699710268,8,1.0,85,5.086956521739131,14,1.0,0.5462962962962963,0.03616161616161616,1.6574074074074074,58,7
Sepsis_20000_SUBSTITUTION_1.0_1_inductive.pnml,282,3,0.6880476235340796,10,0.9858156028368794,183,4.8979591836734695,25,1.0,0.1702127659574468,0.013118811881188118,1.50354609929078,87,0
Sepsis_100000_INSERTION_2.0_2_heuristics.pnml,1120,25,0.9293636260137187,17,1.0,1067,25.977011494252874,178,1.0,0.8089285714285714,0.016741745228254307,1.93125,121,7
Sepsis_40000_ORDERING_10.0_3_inductive_inf.pnml,83,2,0.6593758812786992,10,0.9759036144578314,39,3.3658536585365852,6,0.9818181818181818,0.2891566265060241,0.03216374269005848,1.3253012048192772,30,0
BPIC2012_100000_ORDERING_0.2_2_alpha.pnml,41,9,0.9957274520849255,13,0.9512195121951219,33,4.384615384615385,14,0.9420289855072463,0.0,0.08455882352941177,1.6829268292682926,0,7
RTFMS_1000_ABSENCE_4.0_3_inductive_inf.pnml,45,2,0.5032583347756457,1,0.8888888888888888,26,3.5,5,0.9827586206896551,0.08888888888888889,0.06092436974789916,1.288888888888889,16,0
Sepsis_4000_INSERTION_2.0_1_inductive_inf.pnml,188,4,0.7363230272021652,11,0.9840425531914894,109,3.9146341463414633,23,1.0,0.2127659574468085,0.016517635370094385,1.4148936170212767,61,0
Sepsis_4000_MIXED_0.1_1_heuristics.pnml,119,42,0.9656361333706098,7,1.0,89,5.173913043478261,15,1.0,0.6722689075630253,0.03164139749505603,1.6134453781512605,63,10
Sepsis_4000_SUBSTITUTION_10.0_4_heuristics.pnml,321,24,0.9575534837147482,12,1.0,279,11.10344827586207,44,1.0,0.6510903426791277,0.02355072463768116,1.8224299065420562,79,10
Sepsis_1000_ORDERING_0.2_1_alpha.pnml,23,15,0.9182958340544896,7,0.9130434782608696,16,4.333333333333333,14,1.0,0.0,0.15625,1.5217391304347827,0,2
BPIC2012_4000_ORDERING_1.0_1_alpha.pnml,33,8,0.9456603046006401,4,0.8181818181818181,11,4.0,13,0.9411764705882353,0.0,0.0787037037037037,1.0303030303030303,0,3
RTFMS_2000_MIXED_0.2_1_heuristics.pnml,67,29,0.9275265884316759,3,1.0,45,3.6,8,1.0,0.1791044776119403,0.04455909943714822,1.4179104477611941,28,3
BPIC2012_100000_SUBSTITUTION_1.0_2_alpha.pnml,566,5,0.0,0,0.9964664310954063,91,93.5,96,1.0,0.0,0.08289007092198582,0.3303886925795053,0,0
BPIC2012_4000_INSERTION_0.2_4_inductive.pnml,143,1,0.7088356733321961,9,0.958041958041958,74,3.467741935483871,7,0.9521276595744681,0.8671328671328671,0.019066937119675456,1.3146853146853146,58,0
Sepsis_40000_MIXED_4.0_4_inductive.pnml,593,2,0.6962122601251458,12,0.9932546374367622,482,9.767857142857142,154,1.0,0.08768971332209106,0.011251696510660655,1.733558178752108,101,0
BPIC2012_1000_inductive_inf.pnml,133,1,0.7568336324184035,8,0.9323308270676691,64,3.4545454545454546,6,0.9186046511627907,0.9097744360902256,0.020046620046620046,1.2932330827067668,53,0
RTFMS_1000_ABSENCE_10.0_2_heuristics.pnml,66,26,0.9366673818775626,3,1.0,42,3.5294117647058822,8,1.0,0.10606060606060606,0.04423076923076923,1.393939393939394,28,4
Sepsis_100000_SUBSTITUTION_0.4_5_inductive.pnml,394,5,0.6949749673676273,11,0.9898477157360406,285,6.5233644859813085,54,1.0,0.1319796954314721,0.01190609906772998,1.614213197969543,99,0
Sepsis_10000_SUBSTITUTION_4.0_5_inductive_inf.pnml,188,1,0.39124356362925566,7,0.9787234042553191,129,6.076923076923077,24,1.0,0.2553191489361702,0.021875,1.5638297872340425,51,0
RTFMS_20000_MIXED_0.4_1_inductive.pnml,137,2,0.7408656862339817,7,0.9708029197080292,80,3.7096774193548385,9,1.0,0.145985401459854,0.022031539888682745,1.3868613138686132,52,0
Sepsis_1000_MIXED_10.0_2_heuristics.pnml,141,27,0.8841151220488479,4,1.0,108,6.27906976744186,20,1.0,0.5886524822695035,0.03202308960967565,1.6524822695035462,61,4
BPIC2012_2000_ABSENCE_2.0_5_heuristics.pnml,109,5,0.6024308020404452,3,0.9541284403669725,61,4.705882352941177,12,0.9675324675324676,0.7339449541284404,0.03070175438596491,1.4128440366972477,53,0
RTFMS_10000_INSERTION_0.4_1_alpha.pnml,42,11,1.0,10,0.8809523809523809,23,4.5,10,0.98,0.21428571428571427,0.06631299734748011,1.1904761904761905,0,6
BPIC2012_20000_ORDERING_4.0_3_alpha.pnml,35,12,0.9709505944546686,8,0.9428571428571428,23,4.933333333333334,18,0.9807692307692307,0.3142857142857143,0.09848484848484848,1.4857142857142858,0,4
RTFMS_1000_ABSENCE_0.4_1_alpha.pnml,28,6,0.863120568566631,10,0.9642857142857143,11,3.642857142857143,5,1.0,0.0,0.10427807486631016,1.3928571428571428,0,11
Sepsis_1000_SUBSTITUTION_0.4_5_heuristics.pnml,101,28,0.9268190639645772,4,1.0,76,5.2105263157894735,15,1.0,0.6534653465346535,0.03879310344827586,1.603960396039604,52,4
BPIC2012_1000_INSERTION_2.0_2_alpha.pnml,45,10,0.9709505944546686,2,0.8444444444444444,9,3.8,13,0.8823529411764706,0.0,0.05246913580246913,0.7555555555555555,0,0
Sepsis_4000_ABSENCE_0.1_5_alpha.pnml,22,15,0.9402859586706311,7,0.9545454545454546,18,4.0,14,1.0,0.0,0.17708333333333334,1.5454545454545454,0,2
BPIC2012_40000_ORDERING_10.0_4_inductive_inf.pnml,133,1,0.603652249754401,17,0.9849624060150376,59,3.442622950819672,11,0.9545454545454546,0.3308270676691729,0.019990913221263062,1.3233082706766917,47,0
RTFMS_40000_MIXED_4.0_5_heuristics.pnml,461,14,0.876716288999464,6,1.0,420,16.77777777777778,127,1.0,0.3796095444685466,0.026127111435168306,1.8655097613882863,64,1
RTFMS_20000_ABSENCE_0.1_2_heuristics.pnml,63,30,0.8960382325345574,2,1.0,45,3.75,9,1.0,0.3333333333333333,0.049456521739130434,1.4444444444444444,28,1
BPIC2012_1000_ABSENCE_2.0_3_inductive.pnml,137,1,0.7424875695421236,8,0.9708029197080292,71,3.526315789473684,7,0.9388888888888889,0.8759124087591241,0.019955654101995565,1.313868613138686,57,0
Sepsis_4000_ABSENCE_10.0_4_alpha.pnml,22,11,0.9402859586706311,7,0.9545454545454546,20,4.214285714285714,14,1.0,0.0,0.1875,1.6363636363636365,0,3
RTFMS_40000_ORDERING_2.0_2_alpha.pnml,22,16,0.9182958340544896,10,1.0,14,4.5,10,0.972972972972973,0.0,0.15289256198347106,1.6818181818181819,0,6
BPIC2012_10000_INSERTION_1.0_4_heuristics.pnml,196,1,0.6500224216483541,4,0.9642857142857143,132,6.604166666666667,17,0.9934426229508196,0.7193877551020408,0.022442972774098603,1.5561224489795917,70,3
Sepsis_2000_MIXED_0.4_2_alpha.pnml,24,15,0.9709505944546686,7,0.875,20,3.8666666666666667,14,1.0,0.0,0.16203703703703703,1.4583333333333333,0,0
RTFMS_10000_SUBSTITUTION_4.0_5_heuristics.pnml,292,11,0.941423108186979,8,1.0,254,10.867924528301886,78,1.0,0.2191780821917808,0.027300041442188148,1.8047945205479452,61,5
BPIC2012_40000_INSERTION_0.2_3_inductive.pnml,314,8,0.741847828975694,21,0.9872611464968153,166,3.375796178343949,7,1.0,0.21656050955414013,0.008955857385398981,1.3439490445859872,129,0
BPIC2012_4000_ABSENCE_2.0_5_alpha.pnml,37,9,0.9980008838722996,9,0.972972972972973,17,3.8421052631578947,13,1.0,0.0,0.07371794871794872,1.2432432432432432,0,7
RTFMS_10000_MIXED_10.0_1_inductive_inf.pnml,338,1,0.5993142373098092,4,0.9881656804733728,290,13.0,75,1.0,0.07100591715976332,0.024718732035805206,1.7810650887573964,42,0
BPIC2012_1000_INSERTION_0.1_4_alpha.pnml,35,8,1.0,4,0.8,11,3.9166666666666665,11,0.8857142857142857,0.0,0.07,1.0,0,1
BPIC2012_10000_SUBSTITUTION_4.0_4_inductive_inf.pnml,218,1,0.4262286569981449,2,0.9587155963302753,164,8.0,47,1.0,0.45871559633027525,0.02408008658008658,1.6330275229357798,50,0
Sepsis_40000_ABSENCE_0.2_3_inductive.pnml,95,3,0.5107878229540133,9,0.9789473684210527,44,3.4545454545454546,11,1.0,0.25263157894736843,0.028455284552845527,1.3263157894736841,37,0
RTFMS_20000_MIXED_0.4_5_alpha.pnml,33,11,0.9852281360342515,5,0.9393939393939394,15,6.285714285714286,15,1.0,0.18181818181818182,0.10164835164835165,1.121212121212121,0,2
BPIC2012_10000_MIXED_0.4_1_alpha.pnml,48,8,0.9940302114769565,2,0.8541666666666666,14,4.2727272727272725,14,0.9,0.0,0.05263157894736842,0.8333333333333334,0,1
Sepsis_1000_SUBSTITUTION_10.0_4_alpha.pnml,71,10,0.9182958340544896,4,0.8591549295774648,26,5.833333333333333,20,1.0,0.0,0.05555555555555555,0.7887323943661971,0,0
RTFMS_100000_MIXED_0.1_5_inductive.pnml,143,1,0.7698205808588191,9,0.972027972027972,79,3.436619718309859,8,1.0,0.16783216783216784,0.020041322314049585,1.3566433566433567,58,0
Sepsis_1000_MIXED_4.0_3_heuristics.pnml,107,28,0.9268190639645772,4,1.0,82,5.526315789473684,16,1.0,0.6448598130841121,0.038461538461538464,1.6261682242990654,52,4
BPIC2012_100000_ABSENCE_10.0_3_alpha.pnml,38,12,0.998363672593813,11,0.9736842105263158,18,4.0,16,1.0,0.0,0.07738095238095238,1.368421052631579,0,9
Sepsis_20000_ABSENCE_0.4_5_inductive_inf.pnml,94,3,0.5107878229540133,9,0.9787234042553191,43,3.409090909090909,11,1.0,0.2553191489361702,0.028531983433041877,1.3191489361702127,37,0
Sepsis_40000_ABSENCE_4.0_2_inductive_inf.pnml,77,4,0.5813214987637028,7,0.974025974025974,37,3.4444444444444446,9,1.0,0.3116883116883117,0.03512396694214876,1.3246753246753247,27,0
RTFMS_2000_MIXED_0.4_5_inductive.pnml,46,0,0.5225593745369408,1,0.8913043478260869,28,3.9411764705882355,6,0.9838709677419355,0.7608695652173914,0.06458333333333334,1.3478260869565217,16,0
Sepsis_10000_ORDERING_10.0_3_heuristics.pnml,126,38,0.9612366047228759,10,1.0,96,5.115384615384615,15,1.0,0.6507936507936508,0.03050397877984085,1.6428571428571428,70,11
Sepsis_40000_MIXED_0.2_1_heuristics.pnml,131,37,0.9440870182837794,8,1.0,107,5.914893617021277,18,1.0,0.5419847328244275,0.03380836870830806,1.702290076335878,59,7
RTFMS_20000_MIXED_2.0_4_alpha.pnml,105,5,0.9940302114769565,6,0.9809523809523809,41,9.181818181818182,38,1.0,0.05714285714285714,0.061224489795918366,0.8,0,3
BPIC2012_2000_INSERTION_1.0_5_alpha.pnml,42,5,0.9940302114769565,3,0.7619047619047619,12,3.8181818181818183,12,0.7948717948717949,0.0,0.05416666666666667,0.9285714285714286,0,1
BPIC2012_40000_ABSENCE_2.0_4_alpha.pnml,38,12,0.998363672593813,11,0.9736842105263158,18,4.0,16,1.0,0.0,0.07738095238095238,1.368421052631579,0,9
RTFMS_20000_SUBSTITUTION_0.1_3_heuristics.pnml,75,29,0.8849636363831528,2,1.0,55,4.303030303030303,12,1.0,0.30666666666666664,0.04616013071895425,1.5066666666666666,30,1
Sepsis_4000_ABSENCE_0.2_3_alpha.pnml,22,15,0.9402859586706311,7,0.9545454545454546,18,4.0,14,1.0,0.0,0.17708333333333334,1.5454545454545454,0,2
BPIC2012_20000_SUBSTITUTION_1.0_4_inductive.pnml,344,6,0.7424875695421236,15,0.9883720930232558,215,4.466165413533835,24,1.0,0.49709302325581395,0.010121538155010958,1.4767441860465116,113,0
BPIC2012_40000_SUBSTITUTION_1.0_3_inductive.pnml,477,5,0.7469956238451982,18,0.9916142557651991,328,5.470967741935484,41,1.0,0.27044025157232704,0.008612329716000924,1.5639412997903563,132,0
BPIC2012_10000_SUBSTITUTION_0.1_1_heuristics.pnml,123,2,0.7531979910695014,4,0.9186991869918699,69,4.891891891891892,12,0.9657142857142857,0.7317073170731707,0.02749842866121936,1.4227642276422765,56,3
BPIC2012_1000_INSERTION_0.2_1_inductive.pnml,136,1,0.7424875695421236,8,0.9264705882352942,66,3.43859649122807,6,0.9318181818181819,0.9191176470588235,0.019642857142857142,1.2941176470588236,55,0
Sepsis_1000_MIXED_2.0_4_heuristics.pnml,107,27,0.9182958340544896,4,1.0,80,5.333333333333333,15,1.0,0.6355140186915887,0.03722943722943723,1.6074766355140186,53,4
Sepsis_20000_MIXED_10.0_1_heuristics.pnml,655,17,0.9366673818775626,14,1.0,608,19.323529411764707,110,1.0,0.7343511450381679,0.02019218283339826,1.8992366412213741,94,10
Sepsis_40000_ORDERING_10.0_1_inductive.pnml,108,0,0.691289869405789,12,0.9814814814814815,53,3.3703703703703702,9,0.9861111111111112,0.2222222222222222,0.025,1.3333333333333333,43,0
BPIC2012_40000_MIXED_0.2_2_alpha.pnml,49,14,1.0,3,0.7959183673469388,11,4.875,16,0.8888888888888888,0.0,0.054878048780487805,0.7346938775510204,0,1
BPIC2012_4000_ORDERING_0.2_3_inductive_inf.pnml,131,2,0.7717094696953632,8,0.9312977099236641,63,3.509433962264151,6,0.9176470588235294,0.9083969465648855,0.020442520442520443,1.297709923664122,52,0
BPIC2012_40000_ABSENCE_10.0_5_heuristics.pnml,139,3,0.7935912300117064,5,0.9712230215827338,80,4.673913043478261,16,0.97,0.7769784172661871,0.023923444976076555,1.4388489208633093,70,4
BPIC2012_2000_INSERTION_2.0_5_inductive.pnml,208,5,0.6975195309289137,14,0.9807692307692307,113,3.386138613861386,8,0.9928057553956835,0.6682692307692307,0.013397590361445784,1.3365384615384615,85,0
Sepsis_4000_INSERTION_0.2_1_inductive.pnml,109,1,0.5699613760403499,9,0.981651376146789,51,3.3076923076923075,8,1.0,0.3211009174311927,0.024365133836650652,1.3027522935779816,42,0
RTFMS_1000_INSERTION_0.4_1_inductive.pnml,62,3,0.783776947484701,4,0.9032258064516129,30,3.1,4,0.9487179487179487,0.12903225806451613,0.04126984126984127,1.2580645161290323,22,0
RTFMS_40000_SUBSTITUTION_2.0_4_inductive.pnml,516,1,0.7269625813353974,8,0.9922480620155039,441,12.278481012658228,117,1.0,0.06976744186046512,0.016153334034128736,1.7868217054263567,73,0
BPIC2012_40000_ORDERING_4.0_2_alpha.pnml,52,7,0.964078764808229,32,0.9807692307692307,49,5.138888888888889,21,1.0,0.7115384615384616,0.07961309523809523,2.0576923076923075,0,24
Sepsis_1000_ABSENCE_0.1_5_inductive.pnml,91,3,0.5349436990971066,9,0.967032967032967,38,3.341463414634146,11,0.9661016949152542,0.26373626373626374,0.02878048780487805,1.2967032967032968,33,0
RTFMS_10000_INSERTION_1.0_4_alpha.pnml,66,8,0.9709505944546686,4,0.9090909090909091,29,6.6,17,0.9818181818181818,0.0,0.06658595641646489,0.8333333333333334,0,1
BPIC2012_20000_ABSENCE_1.0_1_inductive_inf.pnml,92,0,0.6609623351442084,5,0.9347826086956522,49,3.7714285714285714,7,0.9344262295081968,0.9347826086956522,0.030257936507936508,1.326086956521739,32,0
BPIC2012_2000_MIXED_4.0_2_alpha.pnml,49,14,1.0,3,0.7959183673469388,11,4.875,16,0.8888888888888888,0.0,0.054878048780487805,0.7346938775510204,0,1
Sepsis_2000_MIXED_0.1_1_alpha.pnml,24,15,0.8904916402194913,6,0.9583333333333334,15,4.0,14,0.9428571428571428,0.0,0.14705882352941177,1.4583333333333333,0,1
Sepsis_2000_ABSENCE_2.0_4_alpha.pnml,22,19,0.8904916402194913,7,0.9545454545454546,16,4.0,14,1.0,0.0,0.171875,1.5,0,1
BPIC2012_20000_ORDERING_10.0_5_alpha.pnml,44,11,0.9967916319816366,25,0.9090909090909091,42,5.2,19,0.9888888888888889,0.18181818181818182,0.09375,2.0454545454545454,0,15
Sepsis_100000_SUBSTITUTION_4.0_1_heuristics.pnml,2123,6,0.9727355579283379,32,1.0,2056,33.37984496124031,375,1.0,0.8134715025906736,0.012106191176814031,1.9533678756476685,163,10
RTFMS_4000_INSERTION_0.1_4_heuristics.pnml,69,24,0.964078764808229,4,0.9710144927536232,46,3.75,8,0.99,0.5217391304347826,0.044722719141323794,1.4492753623188406,29,3
RTFMS_4000_SUBSTITUTION_0.2_1_alpha.pnml,33,6,1.0,15,0.9696969696969697,26,4.045454545454546,7,1.0,0.3939393939393939,0.1,1.6363636363636365,0,12
BPIC2012_100000_SUBSTITUTION_0.2_3_inductive.pnml,336,7,0.7056366064601749,13,0.9880952380952381,209,4.56,23,1.0,0.31845238095238093,0.010448704444912577,1.4761904761904763,110,0
Sepsis_40000_SUBSTITUTION_0.1_2_inductive_inf.pnml,120,3,0.43408112000433474,10,0.9666666666666667,56,3.357142857142857,12,1.0,0.3,0.02244955953395851,1.3166666666666667,49,0
Sepsis_40000_ORDERING_4.0_2_alpha.pnml,27,7,0.9980008838722996,14,0.962962962962963,29,5.0,15,1.0,0.0,0.15625,2.037037037037037,0,9
RTFMS_100000_MIXED_4.0_3_heuristics.pnml,1043,15,0.887417927068569,7,1.0,998,35.05084745762712,282,1.0,0.137104506232023,0.02346511627906977,1.934803451581975,73,2
RTFMS_20000_INSERTION_4.0_3_inductive.pnml,522,7,0.7363230272021652,10,0.9923371647509579,448,12.048780487804878,99,1.0,0.06130268199233716,0.015721259047298434,1.789272030651341,68,0
Sepsis_1000_ORDERING_4.0_5_heuristics.pnml,100,28,0.9268190639645772,5,1.0,76,5.2631578947368425,14,1.0,0.63,0.03933948518698397,1.62,54,4
Sepsis_10000_MIXED_0.2_2_alpha.pnml,32,5,0.9927744539878083,10,0.90625,29,4.35,15,0.9811320754716981,0.40625,0.11471861471861472,1.65625,0,3
BPIC2012_1000_ABSENCE_0.2_2_heuristics.pnml,111,4,0.4488644887230294,1,0.9459459459459459,57,4.6875,11,0.9477124183006536,0.7657657657657657,0.028759398496240603,1.3783783783783783,52,0
BPIC2012_40000_ABSENCE_1.0_4_alpha.pnml,38,11,0.9927744539878083,10,0.9736842105263158,18,4.0,16,1.0,0.0,0.07589285714285714,1.3421052631578947,0,9
RTFMS_10000_SUBSTITUTION_0.2_5_alpha.pnml,36,10,0.9986359641585718,15,0.9444444444444444,29,4.391304347826087,11,1.0,0.4444444444444444,0.09523809523809523,1.6666666666666667,0,9
Sepsis_10000_ORDERING_0.2_2_inductive.pnml,93,2,0.5916727785823275,10,0.978494623655914,40,3.4285714285714284,11,0.9672131147540983,0.25806451612903225,0.028478057889822595,1.3118279569892473,34,0
RTFMS_4000_MIXED_0.2_5_alpha.pnml,30,11,0.998363672593813,16,0.9666666666666667,23,4.238095238095238,9,1.0,0.5333333333333333,0.11990950226244344,1.7666666666666666,0,12
Sepsis_40000_ORDERING_0.2_4_inductive.pnml,93,2,0.5746356978376794,11,0.978494623655914,42,3.4545454545454546,12,0.9838709677419355,0.25806451612903225,0.028944911297852476,1.3333333333333333,34,0
Sepsis_100000_ORDERING_0.4_5_alpha.pnml,23,10,0.863120568566631,8,0.9565217391304348,22,4.785714285714286,15,1.0,0.0,0.1875,1.826086956521739,0,4
Sepsis_10000_ABSENCE_10.0_3_heuristics.pnml,112,32,0.9684610087601622,9,1.0,83,4.875,14,1.0,0.5267857142857143,0.03307748538011696,1.6160714285714286,59,10
Sepsis_10000_ABSENCE_4.0_5_heuristics.pnml,112,32,0.9684610087601622,9,1.0,83,4.875,14,1.0,0.5267857142857143,0.03307748538011696,1.6160714285714286,59,10
Sepsis_10000_MIXED_2.0_2_heuristics.pnml,180,30,0.9248187049730301,8,1.0,148,7.32,26,1.0,0.6222222222222222,0.029578529578529578,1.738888888888889,64,7
BPIC2012_2000_MIXED_4.0_4_alpha.pnml,54,6,0.9456603046006401,5,0.7962962962962963,16,4.818181818181818,14,0.8636363636363636,0.0,0.05,0.8148148148148148,0,0
BPIC2012_10000_MIXED_0.4_1_heuristics.pnml,143,0,0.693127415328288,4,0.9230769230769231,85,5.069767441860465,14,0.9855072463768116,0.6713286713286714,0.024748923959827834,1.4475524475524475,63,3
RTFMS_10000_ABSENCE_0.2_1_inductive_inf.pnml,45,0,0.7219280948873623,2,0.8888888888888888,27,3.55,6,0.9833333333333333,0.8444444444444444,0.06302521008403361,1.3333333333333333,16,0
RTFMS_2000_INSERTION_0.4_4_heuristics.pnml,75,29,0.9090221560878149,3,0.96,50,3.72972972972973,8,1.0,0.16,0.040653495440729485,1.4266666666666667,29,3
Sepsis_100000_ORDERING_2.0_4_heuristics.pnml,126,35,0.9526092095121206,9,1.0,94,5.098039215686274,15,1.0,0.48412698412698413,0.030209254347185382,1.626984126984127,70,10
RTFMS_10000_MIXED_2.0_3_inductive.pnml,175,3,0.709825885194168,8,0.9771428571428571,111,4.477611940298507,19,1.0,0.16,0.019742883379247015,1.4742857142857142,58,0
BPIC2012_2000_INSERTION_4.0_5_heuristics.pnml,159,6,0.5435644431995964,3,0.9937106918238994,100,6.125,17,0.970954356846473,0.7672955974842768,0.02531512605042017,1.5157232704402517,62,0
RTFMS_10000_MIXED_10.0_2_inductive.pnml,401,6,0.7686913027030167,10,0.9900249376558603,322,8.359550561797754,82,1.0,0.0798004987531172,0.014929282346778419,1.7057356608478802,75,0
RTFMS_2000_ABSENCE_0.2_4_alpha.pnml,28,9,0.8904916402194913,12,0.9285714285714286,11,4.076923076923077,7,0.975609756097561,0.0,0.10962566844919786,1.4642857142857142,0,11
BPIC2012_20000_INSERTION_1.0_1_heuristics.pnml,234,2,0.7062740891876007,5,0.9914529914529915,172,7.730769230769231,28,0.9921465968586387,0.5982905982905983,0.021731710092160655,1.6324786324786325,75,3
RTFMS_20000_SUBSTITUTION_4.0_5_inductive.pnml,498,1,0.7162583911075449,7,0.9919678714859438,430,13.211267605633802,124,1.0,0.0642570281124498,0.017822333611807295,1.7991967871485943,65,0
RTFMS_2000_MIXED_0.4_3_inductive_inf.pnml,58,2,0.6343095546405662,2,0.9310344827586207,33,3.48,5,0.9868421052631579,0.13793103448275862,0.047979797979797977,1.3103448275862069,23,0
RTFMS_100000_SUBSTITUTION_0.2_2_heuristics.pnml,199,10,0.9011701959974223,6,1.0,170,9.463414634146341,58,1.0,0.20603015075376885,0.03471400394477318,1.7688442211055277,47,2
RTFMS_2000_INSERTION_10.0_4_heuristics.pnml,195,40,0.8886466698980793,4,1.0,167,7.877551020408164,33,1.0,0.6974358974358974,0.03026785714285714,1.7384615384615385,58,2
Sepsis_4000_ABSENCE_0.4_4_alpha.pnml,22,15,0.9402859586706311,7,0.9545454545454546,18,4.0,14,1.0,0.0,0.17708333333333334,1.5454545454545454,0,2
RTFMS_10000_INSERTION_1.0_4_inductive.pnml,175,1,0.7586638628883695,9,0.9771428571428571,107,4.164383561643835,15,1.0,0.16,0.01888195063931014,1.4514285714285715,58,0
RTFMS_100000_INSERTION_2.0_1_heuristics.pnml,1064,23,0.8536576732793313,6,1.0,1016,34.42622950819672,239,1.0,0.48966165413533835,0.021920645767489536,1.9295112781954886,77,2
BPIC2012_2000_SUBSTITUTION_4.0_2_inductive.pnml,313,6,0.7079186761606501,19,0.9872204472843451,167,3.5586206896551724,11,0.9953051643192489,0.21725239616613418,0.009226370960755436,1.3610223642172523,129,0
BPIC2012_40000_INSERTION_2.0_3_inductive_inf.pnml,286,3,0.5095157180881823,3,0.9685314685314685,225,9.471698113207546,54,1.0,0.34265734265734266,0.02154366598415383,1.6923076923076923,52,0
BPIC2012_1000_INSERTION_10.0_3_alpha.pnml,79,9,0.9852281360342515,5,0.8354430379746836,23,4.571428571428571,19,0.9259259259259259,0.0,0.03609625668449198,0.6835443037974683,0,0
Sepsis_2000_INSERTION_0.2_4_inductive.pnml,117,4,0.676941869780886,9,0.9743589743589743,57,3.3392857142857144,6,0.987012987012987,0.6581196581196581,0.023109243697478993,1.3162393162393162,47,0
RTFMS_4000_ORDERING_10.0_2_heuristics.pnml,74,27,0.9352691398683566,3,1.0,53,4.0,10,1.0,0.44594594594594594,0.045306122448979594,1.5,37,1
Sepsis_40000_MIXED_0.2_5_heuristics.pnml,128,37,0.9440870182837794,8,1.0,104,5.787234042553192,17,1.0,0.5625,0.03394868585732165,1.6953125,60,7
RTFMS_2000_INSERTION_0.2_5_inductive.pnml,71,1,0.7455178428108284,4,0.9577464788732395,37,3.303030303030303,5,0.9782608695652174,0.11267605633802817,0.03776683087027915,1.295774647887324,28,0
BPIC2012_20000_INSERTION_0.2_1_alpha.pnml,49,15,0.9910760598382222,4,0.8571428571428572,12,4.888888888888889,14,0.9722222222222222,0.0,0.061224489795918366,0.7346938775510204,0,2
RTFMS_20000_ABSENCE_0.2_1_inductive.pnml,41,0,0.7424875695421236,2,0.975609756097561,26,3.5789473684210527,7,1.0,0.5853658536585366,0.07179487179487179,1.3658536585365855,14,0
BPIC2012_20000_INSERTION_4.0_4_inductive.pnml,781,11,0.739480936716638,22,0.9948783610755442,582,7.044776119402985,65,1.0,0.12291933418693982,0.006511759590689397,1.6491677336747759,178,0
Sepsis_2000_MIXED_1.0_1_alpha.pnml,29,19,0.9709505944546686,9,0.9655172413793104,19,4.333333333333333,16,1.0,0.0,0.12202380952380952,1.4137931034482758,0,3
RTFMS_20000_MIXED_10.0_5_alpha.pnml,452,52,0.9852281360342515,3,0.9889380530973452,106,39.0,149,0.9962121212121212,0.0,0.04932735426008968,0.584070796460177,0,2
RTFMS_40000_MIXED_4.0_4_alpha.pnml,371,4,1.0,2,0.9946091644204852,116,30.625,116,1.0,0.0,0.07935967302452317,0.628032345013477,0,2
Sepsis_100000_ORDERING_10.0_3_alpha.pnml,22,3,0.9182958340544896,4,1.0,20,5.777777777777778,16,0.9743589743589743,0.0,0.203125,1.7727272727272727,0,3
BPIC2012_4000_ORDERING_4.0_2_alpha.pnml,43,8,0.9852281360342515,16,0.9534883720930233,37,4.5,14,0.9466666666666667,0.3488372093023256,0.08223684210526316,1.744186046511628,0,10
Sepsis_2000_INSERTION_10.0_3_inductive.pnml,279,4,0.7024665512903903,13,0.985663082437276,175,4.571428571428571,37,1.0,0.1863799283154122,0.012553062462098242,1.4838709677419355,90,0
BPIC2012_10000_MIXED_0.2_2_inductive.pnml,145,2,0.6939659673342858,8,0.9793103448275862,77,3.610169491525424,6,0.9583333333333334,0.8137931034482758,0.019138755980861243,1.3241379310344827,59,0
Sepsis_2000_MIXED_0.1_1_inductive.pnml,102,4,0.5586293734521992,8,0.9803921568627451,46,3.347826086956522,9,0.9848484848484849,0.27450980392156865,0.02586206896551724,1.2941176470588236,40,0
RTFMS_100000_ABSENCE_0.4_1_heuristics.pnml,71,12,0.9182958340544896,5,1.0,47,3.7222222222222223,9,1.0,0.4507042253521127,0.04358974358974359,1.4366197183098592,33,2
BPIC2012_4000_ABSENCE_2.0_5_inductive.pnml,124,0,0.691289869405789,7,0.967741935483871,67,3.5,6,0.9695121951219512,0.8629032258064516,0.022312925170068026,1.3225806451612903,50,0
RTFMS_4000_MIXED_2.0_1_alpha.pnml,46,24,0.9402859586706311,12,0.9565217391304348,24,5.214285714285714,16,0.9814814814814815,0.1956521739130435,0.07012987012987013,1.173913043478261,0,4
Sepsis_20000_MIXED_0.2_4_inductive_inf.pnml,116,5,0.5373760853377336,9,0.9655172413793104,52,3.192982456140351,11,1.0,0.27586206896551724,0.022727272727272728,1.293103448275862,47,0
BPIC2012_100000_MIXED_4.0_5_alpha.pnml,1024,11,0.7219280948873623,1,0.9951171875,157,61.4,154,1.0,0.0,0.03713235294117647,0.2958984375,0,0
Sepsis_10000_ORDERING_10.0_1_heuristics.pnml,124,32,0.9580420222262995,9,1.0,92,5.08,15,1.0,0.6451612903225806,0.030752753977968176,1.6209677419354838,69,10
RTFMS_1000_INSERTION_0.1_5_inductive.pnml,52,2,0.6665783579949205,2,0.9423076923076923,26,3.260869565217391,5,0.9696969696969697,0.15384615384615385,0.05069124423963134,1.2692307692307692,19,0
Sepsis_1000_ORDERING_10.0_1_alpha.pnml,23,17,0.9456603046006401,6,0.9565217391304348,15,4.2727272727272725,15,1.0,0.0,0.15178571428571427,1.4782608695652173,0,2
RTFMS_1000_MIXED_10.0_1_inductive_inf.pnml,100,0,0.345117314944953,1,0.96,62,4.709677419354839,10,0.9859154929577465,0.2,0.03380952380952381,1.42,30,0
Sepsis_10000_ABSENCE_0.2_1_heuristics.pnml,107,32,0.9503376699710268,8,1.0,82,4.956521739130435,14,1.0,0.5514018691588785,0.03583128583128583,1.6355140186915889,57,7
Sepsis_4000_ABSENCE_4.0_5_inductive.pnml,95,3,0.5107878229540133,9,0.9789473684210527,44,3.4545454545454546,11,1.0,0.25263157894736843,0.028455284552845527,1.3263157894736841,37,0
BPIC2012_100000_ORDERING_10.0_2_heuristics.pnml,187,5,0.6429383500409614,4,1.0,123,5.5636363636363635,24,1.0,0.679144385026738,0.021073646850044366,1.5240641711229947,113,3
BPIC2012_1000_heuristics.pnml,110,4,0.4689955935892812,1,0.9363636363636364,55,4.833333333333333,11,0.9271523178807947,0.7727272727272727,0.028761904761904763,1.3727272727272728,51,0
RTFMS_4000_INSERTION_0.2_1_inductive.pnml,74,3,0.6500224216483541,5,0.8783783783783784,36,3.25,6,1.0,0.21621621621621623,0.03600900225056264,1.2972972972972974,28,0
RTFMS_2000_ABSENCE_0.2_1_heuristics.pnml,66,29,0.9275265884316759,3,1.0,44,3.5428571428571427,8,1.0,0.18181818181818182,0.04471153846153846,1.4090909090909092,28,3
BPIC2012_40000_ABSENCE_10.0_2_inductive.pnml,105,0,0.5830194167347008,5,0.9619047619047619,63,3.8372093023255816,9,0.9930555555555556,0.8761904761904762,0.028279654359780047,1.3714285714285714,42,0
BPIC2012_100000_INSERTION_0.1_1_inductive.pnml,273,4,0.7049450065963295,15,0.9853479853479854,152,3.75,15,0.9947089947089947,0.5970695970695971,0.0109717868338558,1.3846153846153846,102,0
BPIC2012_1000_INSERTION_4.0_5_alpha.pnml,51,9,1.0,2,0.7254901960784313,8,4.375,13,0.6923076923076923,0.0,0.041666666666666664,0.7647058823529411,0,0
RTFMS_100000_MIXED_0.2_5_inductive_inf.pnml,137,0,0.7286561673702678,7,0.9124087591240876,82,3.9322033898305087,15,1.0,0.17518248175182483,0.02293144208037825,1.416058394160584,49,0
Sepsis_20000_INSERTION_0.4_3_alpha.pnml,56,7,0.0,0,0.9285714285714286,10,13.5,17,0.9310344827586207,0.0,0.09119496855345911,0.5178571428571429,0,0
BPIC2012_4000_inductive_inf.pnml,135,1,0.7355085815538398,9,0.9333333333333333,67,3.4482758620689653,6,0.9318181818181819,0.9111111111111111,0.019891500904159132,1.3037037037037038,54,0
Sepsis_20000_ABSENCE_10.0_3_heuristics.pnml,114,34,0.9684610087601622,9,1.0,86,5.0,14,1.0,0.5175438596491229,0.03311965811965812,1.631578947368421,61,10
RTFMS_100000_MIXED_0.4_4_inductive.pnml,214,1,0.7698205808588191,8,0.9813084112149533,150,5.380281690140845,28,1.0,0.11214953271028037,0.019096626643796456,1.560747663551402,60,0
RTFMS_2000_ORDERING_2.0_5_heuristics.pnml,73,28,0.9182958340544896,3,1.0,49,3.7777777777777777,9,1.0,0.1643835616438356,0.042270531400966184,1.4383561643835616,34,3
RTFMS_20000_MIXED_2.0_3_heuristics.pnml,187,16,0.8453509366224364,4,1.0,152,8.045454545454545,42,1.0,0.3048128342245989,0.03148366784730421,1.7112299465240641,50,1
Sepsis_2000_INSERTION_1.0_5_inductive_inf.pnml,115,2,0.3372900666170139,7,0.9304347826086956,55,3.4583333333333335,9,0.9866666666666667,0.34782608695652173,0.02346683354192741,1.3043478260869565,46,0
RTFMS_100000_ABSENCE_4.0_1_alpha.pnml,27,20,0.8904916402194913,15,0.962962962962963,11,4.538461538461538,10,1.0,0.0,0.12215909090909091,1.5925925925925926,0,13
BPIC2012_4000_INSERTION_0.2_1_inductive.pnml,156,0,0.7698205808588191,10,0.9615384615384616,81,3.4225352112676055,6,0.9563106796116505,0.9166666666666666,0.01757979177334016,1.3205128205128205,65,0
Sepsis_2000_MIXED_10.0_1_alpha.pnml,73,21,1.0,4,0.9452054794520548,16,5.875,21,1.0,0.0,0.07065217391304347,0.5342465753424658,0,0
BPIC2012_40000_MIXED_0.2_1_inductive_inf.pnml,137,1,0.6500224216483541,6,0.8905109489051095,75,3.5,6,0.989010989010989,0.8175182481751825,0.020588235294117647,1.3284671532846715,53,0
BPIC2012_10000_MIXED_0.2_5_inductive.pnml,164,1,0.6705250693158381,7,0.9817073170731707,88,3.418918918918919,8,0.9907407407407407,0.7682926829268293,0.016973125884016973,1.3170731707317074,70,0
BPIC2012_20000_INSERTION_1.0_5_inductive.pnml,356,8,0.7246971909054878,16,0.9887640449438202,222,4.194444444444445,22,1.0,0.28370786516853935,0.009272956882554573,1.4438202247191012,126,0
BPIC2012_10000_INSERTION_4.0_3_inductive_inf.pnml,169,2,0.4854607607459134,2,0.9526627218934911,126,7.526315789473684,22,1.0,0.40828402366863903,0.029847494553376906,1.621301775147929,35,0
BPIC2012_1000_INSERTION_0.4_5_heuristics.pnml,113,5,0.4586858162005403,1,0.9380530973451328,56,4.806451612903226,11,0.9290322580645162,0.7787610619469026,0.02795815295815296,1.3716814159292035,52,0
BPIC2012_4000_ORDERING_0.4_3_inductive.pnml,141,1,0.7905013842153698,11,0.9645390070921985,70,3.559322033898305,6,0.9301075268817205,0.8865248226950354,0.019222819346837536,1.3191489361702127,57,0
RTFMS_4000_INSERTION_0.4_5_alpha.pnml,31,16,1.0,11,0.9032258064516129,17,4.0,7,1.0,0.3870967741935484,0.08991228070175439,1.3225806451612903,0,6
RTFMS_20000_ORDERING_0.2_5_heuristics.pnml,67,29,0.8849636363831528,2,1.0,47,3.8181818181818183,10,1.0,0.31343283582089554,0.04699612403100775,1.4477611940298507,31,1
RTFMS_10000_ORDERING_0.4_5_heuristics.pnml,71,25,0.943601631299382,4,1.0,49,3.8333333333333335,10,1.0,0.36619718309859156,0.044444444444444446,1.4647887323943662,33,3
Sepsis_20000_MIXED_0.1_3_heuristics.pnml,112,34,0.9503376699710268,8,1.0,88,5.217391304347826,15,1.0,0.5357142857142857,0.03567318757192175,1.6607142857142858,57,7
Sepsis_40000_ABSENCE_10.0_5_alpha.pnml,23,11,0.9402859586706311,8,0.9565217391304348,20,4.357142857142857,14,1.0,0.0,0.16964285714285715,1.6521739130434783,0,4
BPIC2012_2000_ORDERING_0.2_2_inductive.pnml,138,0,0.783776947484701,11,0.9637681159420289,66,3.433333333333333,6,0.9277777777777778,0.8840579710144928,0.01930916112422227,1.3043478260869565,54,0
BPIC2012_10000_heuristics.pnml,118,2,0.7755126581331477,4,0.9067796610169492,63,4.8,11,0.9454545454545454,0.7288135593220338,0.027527527527527528,1.3983050847457628,56,3
RTFMS_100000_MIXED_0.2_1_alpha.pnml,73,53,0.8997437586982626,22,0.9726027397260274,41,6.526315789473684,25,1.0,0.0,0.08365384615384615,1.1917808219178083,0,4
BPIC2012_1000_ORDERING_0.1_4_heuristics.pnml,110,4,0.4689955935892812,1,0.9363636363636364,55,4.833333333333333,11,0.9271523178807947,0.7727272727272727,0.028761904761904763,1.3727272727272728,51,0
BPIC2012_10000_ORDERING_0.1_3_alpha.pnml,34,4,0.9709505944546686,5,0.8823529411764706,16,3.6666666666666665,13,0.9736842105263158,0.0,0.07916666666666666,1.1176470588235294,0,3
Sepsis_20000_MIXED_2.0_5_inductive_inf.pnml,136,0,0.37123232664087563,8,0.9705882352941176,72,3.7142857142857144,10,1.0,0.38235294117647056,0.021062271062271064,1.3529411764705883,56,0
Sepsis_20000_MIXED_0.4_4_inductive.pnml,182,6,0.693127415328288,10,0.978021978021978,94,3.441860465116279,13,1.0,0.21978021978021978,0.015561224489795918,1.3406593406593406,75,0
BPIC2012_2000_MIXED_1.0_2_alpha.pnml,37,8,1.0,5,0.8378378378378378,15,3.7857142857142856,13,0.9722222222222222,0.0,0.07142857142857142,0.972972972972973,0,2
BPIC2012_10000_ABSENCE_1.0_1_heuristics.pnml,126,1,0.7320666900931938,4,0.9206349206349207,71,4.743589743589744,13,0.9662921348314607,0.7142857142857143,0.026230474506336577,1.4126984126984128,62,3
BPIC2012_2000_ORDERING_0.2_4_alpha.pnml,34,6,0.9957274520849255,4,0.8823529411764706,13,3.769230769230769,11,0.9166666666666666,0.0,0.075,1.0588235294117647,0,1
BPIC2012_40000_ABSENCE_0.1_3_inductive.pnml,141,1,0.7153220528038851,9,0.9716312056737588,76,3.557377049180328,6,0.9627659574468085,0.9078014184397163,0.019747899159663865,1.3333333333333333,60,0
Sepsis_10000_ABSENCE_0.4_3_inductive.pnml,95,3,0.5107878229540133,9,0.9789473684210527,44,3.4545454545454546,11,1.0,0.25263157894736843,0.028455284552845527,1.3263157894736841,37,0
RTFMS_10000_INSERTION_4.0_1_inductive.pnml,314,2,0.7372413771710564,9,0.9872611464968153,242,7.454545454545454,50,1.0,0.11464968152866242,0.01697660856605974,1.6687898089171975,65,0
Sepsis_40000_SUBSTITUTION_10.0_1_heuristics.pnml,2132,17,0.9726699911457106,32,1.0,2065,32.298507462686565,375,1.0,0.8142589118198874,0.011696596689430346,1.952157598499062,169,10
RTFMS_1000_INSERTION_0.1_3_inductive.pnml,50,2,0.6665783579949205,2,0.92,26,3.217391304347826,5,0.96875,0.08,0.05333333333333334,1.28,17,0
Sepsis_2000_SUBSTITUTION_0.1_3_alpha.pnml,25,22,0.863120568566631,8,0.96,17,4.0,15,0.9722222222222222,0.0,0.14285714285714285,1.44,0,1
Sepsis_1000_ABSENCE_0.1_5_alpha.pnml,23,15,0.9182958340544896,7,0.9130434782608696,16,4.333333333333333,14,1.0,0.0,0.15625,1.5217391304347827,0,2
BPIC2012_10000_MIXED_0.1_3_inductive_inf.pnml,112,1,0.7382848661434506,7,0.9285714285714286,56,3.4375,6,0.9383561643835616,0.8928571428571429,0.02404479578392622,1.3035714285714286,40,0
RTFMS_1000_ABSENCE_0.4_5_alpha.pnml,27,9,0.863120568566631,10,0.962962962962963,11,3.642857142857143,6,1.0,0.0,0.10795454545454546,1.4074074074074074,0,9
Sepsis_20000_ORDERING_0.4_2_heuristics.pnml,111,35,0.9440870182837794,8,1.0,86,5.0212765957446805,15,1.0,0.5315315315315315,0.034759358288770054,1.6396396396396395,60,7
RTFMS_2000_MIXED_0.4_5_alpha.pnml,29,9,0.9980008838722996,13,0.9655172413793104,20,4.052631578947368,8,1.0,0.5172413793103449,0.11538461538461539,1.6551724137931034,0,9
Sepsis_2000_INSERTION_0.2_1_heuristics.pnml,116,34,0.9503376699710268,6,1.0,90,5.130434782608695,15,1.0,0.6724137931034483,0.03371592539454806,1.6206896551724137,63,6
BPIC2012_1000_INSERTION_10.0_3_inductive.pnml,316,8,0.729752925731618,20,0.9873417721518988,171,3.5,8,1.0,0.21518987341772153,0.00911210002119093,1.360759493670886,126,0
Sepsis_1000_ORDERING_10.0_3_inductive.pnml,87,0,0.8014698931335287,7,0.9655172413793104,46,3.4390243902439024,5,0.9655172413793104,0.8505747126436781,0.03159041394335512,1.3333333333333333,34,0
RTFMS_2000_ORDERING_10.0_1_heuristics.pnml,78,27,0.9090221560878149,3,1.0,52,3.891891891891892,9,1.0,0.15384615384615385,0.040357142857142855,1.4487179487179487,38,3
RTFMS_40000_MIXED_1.0_2_heuristics.pnml,195,30,0.8708644692353644,3,1.0,160,7.791666666666667,40,1.0,0.3230769230769231,0.02982142857142857,1.7128205128205127,54,1
Sepsis_10000_MIXED_10.0_3_alpha.pnml,274,2,0.863120568566631,2,0.9817518248175182,42,13.571428571428571,39,1.0,0.0,0.03234200743494424,0.3175182481751825,0,0
Sepsis_20000_ORDERING_10.0_5_heuristics.pnml,130,35,0.9561550236844027,10,1.0,97,5.09433962264151,15,1.0,0.46923076923076923,0.029444444444444443,1.6307692307692307,73,11
RTFMS_20000_ABSENCE_0.1_4_alpha.pnml,27,23,0.9886994082884974,16,1.0,13,4.25,9,1.0,0.25925925925925924,0.1278409090909091,1.6666666666666667,0,11
BPIC2012_20000_ABSENCE_1.0_2_inductive.pnml,147,1,0.739480936716638,9,0.9727891156462585,81,3.4776119402985075,6,0.9744897959183674,0.9115646258503401,0.01898488957768307,1.3333333333333333,64,0
BPIC2012_20000_MIXED_2.0_3_inductive_inf.pnml,188,1,0.560576942614533,5,0.898936170212766,122,5.016393442622951,24,1.0,0.5797872340425532,0.019566736547868623,1.4893617021276595,56,0
Sepsis_20000_ABSENCE_1.0_5_heuristics.pnml,107,34,0.9503376699710268,8,1.0,83,5.0,14,1.0,0.5514018691588785,0.036036036036036036,1.644859813084112,57,7
Sepsis_20000_INSERTION_1.0_5_inductive.pnml,283,2,0.6840384356390417,11,0.9858657243816255,183,4.888888888888889,43,1.0,0.18374558303886926,0.013017968463513017,1.5053003533568905,85,0
BPIC2012_100000_SUBSTITUTION_4.0_4_heuristics.pnml,2452,24,0.745910576136207,12,1.0,2305,32.75342465753425,393,1.0,0.6313213703099511,0.008459191649227201,1.91557911908646,285,4
Sepsis_4000_ABSENCE_0.1_3_inductive.pnml,95,3,0.5107878229540133,9,0.9789473684210527,44,3.4545454545454546,11,1.0,0.25263157894736843,0.028455284552845527,1.3263157894736841,37,0
Sepsis_10000_INSERTION_1.0_2_alpha.pnml,66,8,0.7219280948873623,1,0.9242424242424242,13,7.6,18,1.0,0.0,0.06854838709677419,0.5151515151515151,0,0
BPIC2012_20000_ABSENCE_10.0_1_alpha.pnml,38,12,0.998363672593813,11,0.9736842105263158,18,4.0,16,1.0,0.0,0.07738095238095238,1.368421052631579,0,9
Sepsis_20000_INSERTION_1.0_4_heuristics.pnml,225,33,0.9299429352091801,9,1.0,192,8.363636363636363,31,1.0,0.6,0.02702702702702703,1.7777777777777777,70,7
RTFMS_1000_SUBSTITUTION_0.2_1_heuristics.pnml,56,17,0.9293636260137187,3,1.0,33,3.3793103448275863,6,1.0,0.125,0.05006587615283267,1.3571428571428572,19,4
BPIC2012_1000_INSERTION_4.0_2_inductive.pnml,208,7,0.6278191534832795,10,0.9230769230769231,106,3.5280898876404496,6,0.9782608695652174,0.6298076923076923,0.0134765625,1.3269230769230769,82,0
RTFMS_2000_INSERTION_0.1_3_inductive.pnml,62,1,0.7088356733321961,3,0.8870967741935484,33,3.161290322580645,5,1.0,0.12903225806451613,0.043243243243243246,1.2903225806451613,24,0
RTFMS_2000_MIXED_10.0_4_alpha.pnml,58,5,1.0,5,0.9655172413793104,23,7.625,24,1.0,0.0,0.07282913165266107,0.896551724137931,0,3
RTFMS_1000_ORDERING_1.0_5_inductive_inf.pnml,45,3,0.5032583347756457,1,0.9333333333333333,26,3.5,5,0.9827586206896551,0.08888888888888889,0.06092436974789916,1.288888888888889,16,0
RTFMS_2000_ORDERING_4.0_2_inductive.pnml,43,1,0.7642045065086203,4,0.9534883720930233,24,3.7777777777777777,6,0.9655172413793104,0.6511627906976745,0.06444444444444444,1.3488372093023255,13,0
RTFMS_20000_MIXED_1.0_3_inductive.pnml,175,3,0.709825885194168,8,0.9771428571428571,111,4.477611940298507,19,1.0,0.16,0.019742883379247015,1.4742857142857142,58,0
Sepsis_1000_INSERTION_2.0_3_heuristics.pnml,120,25,0.8841151220488479,4,1.0,86,5.255813953488372,15,1.0,0.7083333333333334,0.032489740082079346,1.5833333333333333,59,4
Sepsis_2000_ORDERING_0.2_3_alpha.pnml,22,19,0.8904916402194913,7,0.9545454545454546,16,4.0,14,1.0,0.0,0.171875,1.5,0,1
RTFMS_1000_ORDERING_4.0_1_heuristics.pnml,64,16,0.9182958340544896,3,1.0,39,3.7333333333333334,8,1.0,0.109375,0.046875,1.40625,28,4
Sepsis_2000_ORDERING_0.1_3_alpha.pnml,22,19,0.8904916402194913,7,0.9545454545454546,16,4.0,14,1.0,0.0,0.171875,1.5,0,1
BPIC2012_4000_INSERTION_0.2_5_inductive_inf.pnml,152,1,0.7455178428108284,9,0.9144736842105263,72,3.3636363636363638,6,0.9387755102040817,0.8947368421052632,0.017478152309612985,1.2894736842105263,62,0
RTFMS_1000_ORDERING_0.1_1_alpha.pnml,28,14,0.863120568566631,11,0.9285714285714286,10,3.7142857142857144,5,1.0,0.8214285714285714,0.10427807486631016,1.3928571428571428,0,10
Sepsis_2000_INSERTION_4.0_3_inductive.pnml,221,3,0.7054690408228711,11,0.9819004524886877,124,3.676767676767677,15,1.0,0.23529411764705882,0.01347517730496454,1.3755656108597285,87,0
BPIC2012_1000_INSERTION_10.0_2_inductive.pnml,261,7,0.7076690004167968,15,0.9846743295019157,149,3.8771929824561404,9,1.0,0.5287356321839081,0.011834319526627219,1.4099616858237547,98,0
BPIC2012_1000_ABSENCE_1.0_4_heuristics.pnml,112,3,0.4394969869215134,1,0.9553571428571429,59,4.666666666666667,12,0.9548387096774194,0.7589285714285714,0.0287569573283859,1.3839285714285714,53,0
Sepsis_20000_SUBSTITUTION_10.0_3_heuristics.pnml,1190,31,0.9100534290139191,14,1.0,1136,28.771084337349397,224,1.0,0.780672268907563,0.016969026548672567,1.9336134453781513,118,7
RTFMS_20000_MIXED_10.0_5_inductive.pnml,581,5,0.7642045065086203,9,0.9931153184165232,510,13.679012345679013,136,1.0,0.04819277108433735,0.016148801863087578,1.8141135972461273,71,0
BPIC2012_10000_INSERTION_10.0_5_heuristics.pnml,672,3,0.5801954953637369,5,1.0,593,19.323076923076922,90,1.0,0.6994047619047619,0.017073575358752455,1.837797619047619,122,3
RTFMS_100000_SUBSTITUTION_10.0_5_inductive.pnml,4777,6,0.7382848661434506,10,0.9991626543855977,4689,98.77083333333333,1489,1.0,0.00921080175842579,0.01318588430233209,1.9723675947247226,88,0
RTFMS_20000_MIXED_0.4_3_heuristics.pnml,88,28,0.8739810481273578,2,1.0,66,4.882352941176471,16,1.0,0.23863636363636365,0.04349206349206349,1.5568181818181819,34,1
Sepsis_2000_SUBSTITUTION_0.1_4_inductive.pnml,65,2,0.5586293734521992,3,0.9692307692307692,36,4.086956521739131,7,0.9772727272727273,0.5692307692307692,0.044715447154471545,1.353846153846154,22,0
Sepsis_4000_ORDERING_0.4_5_inductive.pnml,93,2,0.5830194167347008,10,0.978494623655914,43,3.488372093023256,11,0.9838709677419355,0.25806451612903225,0.029080675422138838,1.3333333333333333,35,0
Sepsis_2000_SUBSTITUTION_2.0_2_inductive.pnml,174,3,0.7072324944713735,10,0.9770114942528736,92,3.4457831325301207,8,1.0,0.20689655172413793,0.016320267819779608,1.3448275862068966,70,0
Sepsis_100000_MIXED_1.0_3_heuristics.pnml,400,39,0.9127341558073343,9,1.0,362,13.21311475409836,65,1.0,0.695,0.02322378716744914,1.855,85,7
Sepsis_2000_SUBSTITUTION_2.0_1_heuristics.pnml,137,34,0.9503376699710268,6,1.0,111,6.043478260869565,20,1.0,0.49635036496350365,0.03283837806967447,1.6788321167883211,63,6
BPIC2012_100000_MIXED_10.0_1_alpha.pnml,2425,53,0.0,0,0.9991752577319588,298,324.5,351,1.0,0.0,0.06696244325216674,0.26762886597938146,0,0
RTFMS_100000_MIXED_0.2_5_heuristics.pnml,119,19,0.9103480624345153,5,1.0,90,5.3023255813953485,23,1.0,0.2857142857142857,0.03482404692082111,1.596638655462185,45,2
RTFMS_20000_MIXED_2.0_1_alpha.pnml,111,4,0.954434002924965,5,0.9819819819819819,45,12.5,41,1.0,0.0,0.06984126984126984,0.7927927927927928,0,3
RTFMS_2000_INSERTION_4.0_2_heuristics.pnml,122,22,0.8485481782946158,3,1.0,90,5.6,16,1.0,0.39344262295081966,0.034384969868840834,1.5901639344262295,39,2
BPIC2012_4000_SUBSTITUTION_4.0_4_inductive.pnml,306,5,0.7408656862339817,14,0.9869281045751634,187,4.225806451612903,20,1.0,0.5196078431372549,0.010890894819466248,1.4509803921568627,104,0
RTFMS_4000_SUBSTITUTION_0.2_1_heuristics.pnml,72,25,0.9568886656798212,4,1.0,50,3.8378378378378377,10,1.0,0.5,0.04431438127090301,1.4722222222222223,30,3
Sepsis_1000_INSERTION_0.4_2_inductive.pnml,83,2,0.6024308020404452,7,0.9759036144578314,40,3.6470588235294117,7,0.9636363636363636,0.6385542168674698,0.03273809523809524,1.3253012048192772,30,0
Sepsis_100000_ABSENCE_0.4_3_inductive.pnml,95,3,0.5107878229540133,9,0.9789473684210527,44,3.4545454545454546,11,1.0,0.25263157894736843,0.028455284552845527,1.3263157894736841,37,0
RTFMS_1000_ABSENCE_2.0_2_inductive.pnml,52,2,0.6665783579949205,2,0.9807692307692307,29,3.391304347826087,5,0.9705882352941176,0.07692307692307693,0.053125,1.3076923076923077,20,0
Sepsis_100000_MIXED_1.0_3_alpha.pnml,274,2,0.863120568566631,2,0.9817518248175182,42,13.571428571428571,39,1.0,0.0,0.03234200743494424,0.3175182481751825,0,0
Sepsis_1000_SUBSTITUTION_0.4_5_alpha.pnml,26,9,0.9709505944546686,7,0.9230769230769231,20,4.0,14,1.0,0.0,0.13909774436090225,1.4230769230769231,0,2
BPIC2012_10000_ORDERING_1.0_5_inductive_inf.pnml,86,1,0.7990485210442682,4,0.9418604651162791,50,4.0,14,0.9576271186440678,0.8488372093023255,0.03460410557184751,1.372093023255814,31,0
RTFMS_10000_ABSENCE_10.0_5_alpha.pnml,31,13,1.0,20,1.0,20,4.5,9,1.0,0.5483870967741935,0.12727272727272726,1.8064516129032258,0,17
BPIC2012_4000_SUBSTITUTION_2.0_5_alpha.pnml,79,6,0.9612366047228759,5,0.9113924050632911,23,4.923076923076923,19,0.9803921568627451,0.0,0.04047619047619048,0.6455696202531646,0,2
BPIC2012_1000_ORDERING_0.4_2_inductive.pnml,137,1,0.8042522359016422,10,0.9635036496350365,65,3.473684210526316,6,0.9157303370786517,0.8832116788321168,0.019423832387603666,1.2992700729927007,54,0
BPIC2012_10000_INSERTION_10.0_5_alpha.pnml,499,39,0.8904916402194913,2,0.9759519038076152,68,14.538461538461538,89,1.0,0.0,0.01984126984126984,0.35070140280561124,0,0
Sepsis_4000_ORDERING_2.0_5_alpha.pnml,24,16,0.954434002924965,12,0.9583333333333334,23,4.6875,14,1.0,0.25,0.17578125,1.875,0,6
Sepsis_20000_INSERTION_0.2_4_alpha.pnml,55,26,0.9990102708804813,18,0.9272727272727272,34,4.592592592592593,15,0.9868421052631579,0.14545454545454545,0.06620209059233449,1.3818181818181818,0,4
RTFMS_10000_SUBSTITUTION_0.2_4_heuristics.pnml,91,25,0.9262122127346664,4,1.0,63,4.195121951219512,13,1.0,0.2857142857142857,0.03715846994535519,1.4945054945054945,38,3
BPIC2012_20000_ORDERING_1.0_3_heuristics.pnml,134,3,0.7592757847892833,4,0.9850746268656716,79,5.0,14,0.9692307692307692,0.7164179104477612,0.025930851063829786,1.455223880597015,69,3
Sepsis_4000_MIXED_4.0_1_alpha.pnml,63,20,1.0,4,0.9365079365079365,16,5.75,20,1.0,0.0,0.08050847457627118,0.6031746031746031,0,0
BPIC2012_4000_INSERTION_10.0_3_inductive_inf.pnml,268,2,0.5746356978376794,10,0.9552238805970149,176,5.090909090909091,23,1.0,0.2873134328358209,0.013843201754385965,1.507462686567164,75,0
BPIC2012_4000_ABSENCE_0.2_5_inductive.pnml,136,1,0.7219280948873623,9,0.9411764705882353,69,3.4166666666666665,6,0.949438202247191,0.9044117647058824,0.019866071428571427,1.3088235294117647,55,0
BPIC2012_1000_alpha.pnml,34,8,1.0,4,0.7941176470588236,11,3.9166666666666665,11,0.8857142857142857,0.0,0.07291666666666667,1.0294117647058822,0,1
Sepsis_40000_INSERTION_0.2_4_inductive.pnml,198,3,0.6722948170756379,10,0.9797979797979798,112,3.835294117647059,15,1.0,0.2222222222222222,0.015401785714285715,1.393939393939394,72,0
Sepsis_10000_ABSENCE_0.4_1_inductive_inf.pnml,94,3,0.5107878229540133,9,0.9787234042553191,43,3.409090909090909,11,1.0,0.2553191489361702,0.028531983433041877,1.3191489361702127,37,0
Sepsis_4000_MIXED_2.0_1_alpha.pnml,41,19,1.0,4,0.926829268292683,14,5.125,18,1.0,0.0,0.11148648648648649,0.8048780487804879,0,0
Sepsis_2000_INSERTION_0.2_2_alpha.pnml,23,17,0.8904916402194913,7,0.9130434782608696,18,4.153846153846154,14,1.0,0.0,0.1715686274509804,1.5217391304347827,0,1
RTFMS_4000_INSERTION_10.0_1_inductive_inf.pnml,291,2,0.6161661934005355,6,0.9862542955326461,230,8.88135593220339,50,1.0,0.12371134020618557,0.02049792531120332,1.697594501718213,53,0
RTFMS_2000_ORDERING_4.0_5_heuristics.pnml,77,31,0.9352691398683566,3,1.0,52,3.891891891891892,10,1.0,0.15584415584415584,0.04081632653061224,1.4545454545454546,37,4
BPIC2012_4000_MIXED_4.0_5_alpha.pnml,79,5,0.9366673818775626,7,0.8481012658227848,31,5.411764705882353,21,0.92,0.1518987341772152,0.04120879120879121,0.9493670886075949,0,2
BPIC2012_10000_SUBSTITUTION_10.0_1_inductive.pnml,871,12,0.7482932859824888,23,0.9954075774971297,669,7.757281553398058,77,1.0,0.11021814006888633,0.006373086768009194,1.6808266360505166,183,0
BPIC2012_1000_SUBSTITUTION_0.2_4_inductive.pnml,141,1,0.7286561673702678,8,0.9290780141843972,68,3.4237288135593222,6,0.9340659340659341,0.8936170212765957,0.018903199002908183,1.2907801418439717,58,0
BPIC2012_40000_SUBSTITUTION_0.2_1_heuristics.pnml,176,2,0.7401470427139037,4,1.0,118,6.651162790697675,23,0.9782608695652174,0.6988636363636364,0.024520255863539446,1.5681818181818181,63,3
RTFMS_4000_INSERTION_2.0_4_heuristics.pnml,118,30,0.9182958340544896,3,1.0,86,5.238095238095238,15,1.0,0.7457627118644068,0.03379360465116279,1.576271186440678,39,4
BPIC2012_40000_ORDERING_0.1_1_inductive_inf.pnml,119,1,0.6500224216483541,9,0.957983193277311,64,3.5555555555555554,8,0.98125,0.8907563025210085,0.023474178403755867,1.3445378151260505,47,0
Sepsis_2000_inductive_inf.pnml,89,4,0.5435644431995964,8,0.9775280898876404,39,3.4,10,0.9827586206896551,0.2696629213483146,0.029743589743589743,1.303370786516854,33,0
RTFMS_100000_ORDERING_0.1_4_inductive.pnml,61,0,0.7355085815538398,9,0.9672131147540983,28,3.5172413793103448,8,0.9512195121951219,0.06557377049180328,0.04418103448275862,1.3442622950819672,20,0
BPIC2012_4000_MIXED_0.4_5_heuristics.pnml,135,3,0.7024665512903903,4,0.9407407407407408,75,4.761904761904762,12,0.9738219895287958,0.674074074074074,0.024779449922158796,1.4148148148148147,63,3
Sepsis_4000_INSERTION_0.2_4_inductive.pnml,87,3,0.6292492238560345,6,0.9540229885057472,47,3.6315789473684212,8,0.9830508474576272,0.4942528735632184,0.032741398446170925,1.3563218390804597,30,0
RTFMS_4000_INSERTION_10.0_5_heuristics.pnml,290,30,0.9043814577244937,4,1.0,255,11.36,70,1.0,0.503448275862069,0.028652668416447945,1.806896551724138,59,2
BPIC2012_40000_ORDERING_0.4_3_heuristics.pnml,132,3,0.7592757847892833,4,0.9772727272727273,77,4.926829268292683,14,0.9685863874345549,0.7272727272727273,0.02595108695652174,1.446969696969697,67,3
Sepsis_100000_MIXED_2.0_3_heuristics.pnml,670,30,0.8960382325345574,10,1.0,620,20.75,116,1.0,0.7597014925373134,0.02011466945421141,1.8955223880597014,95,10
Sepsis_10000_ORDERING_0.2_5_alpha.pnml,22,15,0.9402859586706311,7,0.9545454545454546,18,4.0,14,1.0,0.0,0.17708333333333334,1.5454545454545454,0,2
BPIC2012_4000_ABSENCE_10.0_1_inductive.pnml,111,0,0.6500224216483541,6,0.963963963963964,61,3.5625,9,0.9797297297297297,0.8468468468468469,0.0253077975376197,1.3333333333333333,43,0
BPIC2012_100000_INSERTION_4.0_1_inductive.pnml,2182,3,0.7258515198617741,23,0.998166819431714,1988,20.75862068965517,259,1.0,0.043996333638863426,0.006243124312431243,1.8725939505041247,187,0
Sepsis_20000_ORDERING_0.4_2_alpha.pnml,25,27,0.8960382325345574,13,0.96,19,4.5,15,1.0,0.32,0.14930555555555555,1.72,0,7
BPIC2012_2000_ORDERING_0.2_1_alpha.pnml,34,10,1.0,5,0.8235294117647058,12,3.9166666666666665,12,0.9428571428571428,0.20588235294117646,0.07291666666666667,1.0294117647058822,0,3
BPIC2012_1000_ORDERING_0.2_3_heuristics.pnml,115,3,0.4394969869215134,1,0.9739130434782609,60,4.7272727272727275,12,0.949685534591195,0.7391304347826086,0.027953586497890294,1.382608695652174,55,0
RTFMS_100000_MIXED_0.2_2_heuristics.pnml,142,12,0.8756633923230397,5,1.0,107,6.045454545454546,25,1.0,0.33098591549295775,0.03211009174311927,1.6267605633802817,47,2
RTFMS_20000_ORDERING_0.1_1_alpha.pnml,21,20,0.9957274520849255,10,0.9523809523809523,12,4.076923076923077,10,1.0,0.3333333333333333,0.15454545454545454,1.619047619047619,0,5
RTFMS_20000_ABSENCE_1.0_4_alpha.pnml,27,23,0.9886994082884974,16,1.0,13,4.25,9,1.0,0.25925925925925924,0.1278409090909091,1.6666666666666667,0,11
Sepsis_2000_ORDERING_0.1_5_alpha.pnml,22,19,0.8904916402194913,7,0.9545454545454546,16,4.0,14,1.0,0.0,0.171875,1.5,0,1
Sepsis_4000_ABSENCE_0.2_3_heuristics.pnml,117,42,0.9656361333706098,7,1.0,87,5.086956521739131,14,1.0,0.6752136752136753,0.03175675675675676,1.606837606837607,63,10
RTFMS_20000_INSERTION_0.4_3_inductive.pnml,117,2,0.6690158350565576,4,0.9658119658119658,78,4.95,15,1.0,0.37606837606837606,0.031746031746031744,1.5042735042735043,34,0
BPIC2012_20000_ORDERING_4.0_3_inductive.pnml,118,0,0.7219280948873623,8,0.9830508474576272,65,3.72,10,0.975,0.9152542372881356,0.024154589371980676,1.3559322033898304,47,0
BPIC2012_2000_SUBSTITUTION_2.0_5_inductive.pnml,228,2,0.714015280437867,14,0.9912280701754386,126,3.6666666666666665,11,0.9935897435897436,0.4868421052631579,0.012774320340648543,1.368421052631579,91,0
BPIC2012_2000_INSERTION_2.0_1_heuristics.pnml,127,6,0.5916727785823275,3,0.9921259842519685,77,5.514285714285714,13,0.9680851063829787,0.6771653543307087,0.029728020240354206,1.4803149606299213,52,0
BPIC2012_2000_INSERTION_0.1_2_inductive_inf.pnml,136,1,0.7424875695421236,8,0.9264705882352942,66,3.4210526315789473,6,0.9261363636363636,0.8897058823529411,0.019642857142857142,1.2941176470588236,54,0
BPIC2012_40000_SUBSTITUTION_10.0_2_inductive.pnml,2491,4,0.7311334483544389,23,0.9983942191890807,2282,22.41860465116279,315,1.0,0.03853873946206343,0.0059059286146400485,1.8811722199919712,197,0
RTFMS_20000_ORDERING_1.0_1_heuristics.pnml,72,28,0.8739810481273578,2,1.0,50,3.9411764705882355,10,1.0,0.2916666666666667,0.04468085106382979,1.4583333333333333,35,1
BPIC2012_1000_SUBSTITUTION_0.1_2_heuristics.pnml,110,4,0.4689955935892812,1,0.9363636363636364,55,4.833333333333333,11,0.9271523178807947,0.7727272727272727,0.028761904761904763,1.3727272727272728,51,0
Sepsis_100000_inductive_inf.pnml,89,4,0.5435644431995964,8,0.9775280898876404,39,3.4,10,0.9827586206896551,0.2696629213483146,0.029743589743589743,1.303370786516854,33,0
BPIC2012_20000_ABSENCE_1.0_3_alpha.pnml,38,10,0.9927744539878083,10,0.9736842105263158,18,3.95,15,1.0,0.0,0.0744047619047619,1.3157894736842106,0,9
RTFMS_40000_ORDERING_0.2_3_alpha.pnml,22,27,0.9852281360342515,13,1.0,13,4.428571428571429,11,1.0,0.0,0.16115702479338842,1.7727272727272727,0,5
RTFMS_4000_SUBSTITUTION_4.0_3_inductive_inf.pnml,147,1,0.5266170655714281,4,0.9183673469387755,101,5.857142857142857,30,1.0,0.16326530612244897,0.02800982800982801,1.5510204081632653,38,0
Sepsis_20000_SUBSTITUTION_0.1_3_alpha.pnml,36,19,0.9798687566511528,7,0.8055555555555556,18,4.416666666666667,17,0.925,0.0,0.08928571428571429,1.1111111111111112,0,0
Sepsis_10000_INSERTION_1.0_2_heuristics.pnml,170,30,0.9117517586347537,8,1.0,135,6.576923076923077,25,1.0,0.6470588235294118,0.028283421413192407,1.7,68,7
BPIC2012_20000_ABSENCE_4.0_5_inductive.pnml,110,1,0.6581912658132185,6,0.9636363636363636,63,3.6382978723404253,8,0.9797297297297297,0.8818181818181818,0.025910364145658265,1.3454545454545455,43,0
Sepsis_4000_MIXED_0.1_2_alpha.pnml,22,15,0.9402859586706311,7,0.9545454545454546,18,4.0,14,1.0,0.0,0.17708333333333334,1.5454545454545454,0,2
RTFMS_20000_INSERTION_4.0_1_heuristics.pnml,448,21,0.8841151220488479,4,1.0,416,20.511627906976745,97,1.0,0.07366071428571429,0.03177584134615385,1.8883928571428572,48,2
BPIC2012_100000_ABSENCE_0.1_1_alpha.pnml,36,9,0.9975025463691152,8,0.9166666666666666,16,4.0,13,0.9545454545454546,0.0,0.0763888888888889,1.2222222222222223,0,5
Sepsis_100000_SUBSTITUTION_0.2_3_alpha.pnml,125,10,0.954434002924965,3,0.952,41,10.5,28,0.987012987012987,0.0,0.05392156862745098,0.616,0,0
Sepsis_2000_ABSENCE_0.4_3_heuristics.pnml,111,31,0.9564574047992594,7,1.0,86,5.111111111111111,14,1.0,0.5405405405405406,0.03515928515928516,1.6306306306306306,61,6
Sepsis_1000_MIXED_4.0_3_alpha.pnml,37,15,0.9819407868640977,11,0.9189189189189189,22,4.368421052631579,16,0.9814814814814815,0.2972972972972973,0.09,1.4594594594594594,0,4
Sepsis_100000_MIXED_0.4_3_heuristics.pnml,237,36,0.9241335419915457,9,1.0,204,8.642857142857142,33,1.0,0.6751054852320675,0.026319064211050274,1.7848101265822784,72,7
Sepsis_1000_SUBSTITUTION_2.0_1_inductive_inf.pnml,102,1,0.35335933502142136,8,0.9313725490196079,51,3.511111111111111,10,1.0,0.3137254901960784,0.026984126984126985,1.3333333333333333,39,0
Sepsis_1000_SUBSTITUTION_0.1_4_inductive_inf.pnml,95,3,0.5185697317883058,10,0.968421052631579,40,3.372093023255814,12,0.967741935483871,0.25263157894736843,0.027728085867620753,1.305263157894737,34,0
Sepsis_100000_ABSENCE_0.4_3_heuristics.pnml,107,36,0.9503376699710268,8,1.0,84,5.043478260869565,14,1.0,0.5514018691588785,0.03624078624078624,1.6542056074766356,57,7
Sepsis_2000_MIXED_0.2_2_alpha.pnml,22,19,0.8904916402194913,7,0.9545454545454546,16,4.0,14,1.0,0.0,0.171875,1.5,0,1
RTFMS_20000_INSERTION_1.0_2_alpha.pnml,116,11,1.0,5,0.9741379310344828,36,10.875,34,1.0,0.05172413793103448,0.05111402359108781,0.6724137931034483,0,1
BPIC2012_20000_ABSENCE_0.1_1_heuristics.pnml,122,4,0.7793498372920851,4,0.9426229508196722,67,4.641025641025641,11,0.9651162790697675,0.7213114754098361,0.02694235588972431,1.4098360655737705,59,3
RTFMS_40000_ABSENCE_10.0_5_inductive.pnml,63,2,0.7219280948873623,7,0.9841269841269842,33,3.2,5,1.0,0.06349206349206349,0.04285714285714286,1.3333333333333333,23,0
Sepsis_4000_ORDERING_0.2_4_inductive.pnml,89,4,0.5435644431995964,8,0.9775280898876404,39,3.4,10,0.9827586206896551,0.2696629213483146,0.029743589743589743,1.303370786516854,33,0
Sepsis_40000_MIXED_10.0_5_alpha.pnml,990,3,0.7219280948873623,1,0.9959595959595959,108,44.6,108,1.0,0.0,0.02776369168356998,0.22121212121212122,0,0
Sepsis_40000_ABSENCE_10.0_3_inductive.pnml,96,4,0.5665095065529053,8,0.9791666666666666,44,3.3777777777777778,10,1.0,0.25,0.027937915742793792,1.3125,38,0
BPIC2012_40000_ORDERING_1.0_3_inductive_inf.pnml,134,1,0.8051250074646821,10,0.9626865671641791,71,3.3846153846153846,10,0.9719101123595506,0.9029850746268657,0.02048331415420023,1.328358208955224,55,0
Sepsis_2000_MIXED_0.2_5_alpha.pnml,20,22,0.954434002924965,5,0.9,11,4.5,14,0.962962962962963,0.0,0.2109375,1.35,0,0
BPIC2012_1000_ABSENCE_2.0_1_alpha.pnml,36,8,0.9975025463691152,7,0.9166666666666666,16,3.823529411764706,11,0.9523809523809523,0.0,0.07291666666666667,1.1666666666666667,0,5
RTFMS_100000_ABSENCE_2.0_4_heuristics.pnml,77,15,0.9182958340544896,5,1.0,51,3.7435897435897436,10,1.0,0.44155844155844154,0.04045189504373178,1.4415584415584415,37,2
BPIC2012_20000_MIXED_0.1_4_inductive.pnml,172,1,0.6641593279528073,10,0.9825581395348837,93,3.3950617283950617,7,1.0,0.9011627906976745,0.016119909502262445,1.3255813953488371,73,0
Sepsis_4000_ORDERING_2.0_5_inductive.pnml,92,3,0.5266170655714281,10,0.9782608695652174,41,3.4761904761904763,12,0.9836065573770492,0.2608695652173913,0.029172644667623145,1.326086956521739,34,0
BPIC2012_20000_ORDERING_4.0_3_heuristics.pnml,150,3,0.7131467486384921,4,1.0,94,5.217391304347826,18,0.9910714285714286,0.7066666666666667,0.024691358024691357,1.4933333333333334,83,3
RTFMS_4000_INSERTION_4.0_1_alpha.pnml,77,6,1.0,2,0.974025974025974,25,12.5,23,0.94,0.0,0.06944444444444445,0.6493506493506493,0,0
RTFMS_1000_ABSENCE_2.0_4_heuristics.pnml,58,17,0.9293636260137187,3,1.0,35,3.5172413793103448,7,1.0,0.1206896551724138,0.049689440993788817,1.3793103448275863,23,4
RTFMS_10000_SUBSTITUTION_2.0_2_alpha.pnml,130,14,0.9940302114769565,6,0.9769230769230769,52,12.272727272727273,58,0.9914529914529915,0.08461538461538462,0.05371900826446281,0.9,0,4
BPIC2012_1000_SUBSTITUTION_0.1_1_alpha.pnml,34,8,1.0,4,0.7941176470588236,11,3.9166666666666665,11,0.8857142857142857,0.0,0.07291666666666667,1.0294117647058822,0,1
Sepsis_1000_SUBSTITUTION_10.0_3_alpha.pnml,76,16,0.9366673818775626,4,0.9342105263157895,34,5.117647058823529,22,1.0,0.0,0.06314699792960662,0.8026315789473685,0,2
RTFMS_4000_ABSENCE_0.2_2_alpha.pnml,28,26,0.9980008838722996,18,0.9642857142857143,15,4.157894736842105,9,1.0,0.5714285714285714,0.12834224598930483,1.7142857142857142,0,11
RTFMS_20000_INSERTION_0.2_3_alpha.pnml,39,17,0.9940302114769565,6,0.8717948717948718,15,4.7272727272727275,13,1.0,0.15384615384615385,0.07407407407407407,1.0256410256410255,0,1
Sepsis_40000_ABSENCE_1.0_1_alpha.pnml,23,14,0.9402859586706311,8,0.9565217391304348,19,4.214285714285714,14,1.0,0.0,0.16517857142857142,1.608695652173913,0,3
BPIC2012_100000_SUBSTITUTION_0.2_3_inductive_inf.pnml,187,1,0.5851569902762294,5,0.9518716577540107,129,5.473684210526316,23,1.0,0.5721925133689839,0.021147589470570837,1.5294117647058822,57,0
RTFMS_2000_ORDERING_4.0_5_inductive_inf.pnml,51,2,0.6665783579949205,2,0.9019607843137255,29,3.347826086956522,5,0.9848484848484849,0.0784313725490196,0.0532258064516129,1.2941176470588236,19,0
BPIC2012_40000_ORDERING_2.0_4_inductive.pnml,119,1,0.8184033299219706,8,0.9831932773109243,67,3.5272727272727273,10,0.975,0.9159663865546218,0.02364066193853428,1.3445378151260505,47,0
Sepsis_100000_INSERTION_0.1_3_alpha.pnml,65,8,0.0,0,0.9384615384615385,11,15.0,19,0.9375,0.0,0.08602150537634409,0.49230769230769234,0,0
Sepsis_10000_MIXED_1.0_4_inductive.pnml,184,5,0.6722948170756379,10,0.9782608695652174,96,3.5058823529411764,15,1.0,0.21739130434782608,0.015538847117794486,1.3478260869565217,74,0
RTFMS_10000_inductive.pnml,47,0,0.7024665512903903,2,0.8936170212765957,28,3.4761904761904763,4,0.9838709677419355,0.851063829787234,0.05938697318007663,1.3191489361702127,17,0
RTFMS_1000_MIXED_2.0_4_heuristics.pnml,67,17,0.907165767573082,3,1.0,41,3.7419354838709675,9,1.0,0.1044776119402985,0.04476190476190476,1.4029850746268657,26,4
RTFMS_100000_SUBSTITUTION_2.0_2_heuristics.pnml,1128,14,0.8960382325345574,9,1.0,1081,35.03125,350,1.0,0.14450354609929078,0.021950092421441775,1.9370567375886525,81,2
BPIC2012_40000_SUBSTITUTION_0.2_1_inductive.pnml,274,2,0.7416433363998256,13,0.9854014598540146,159,3.831932773109244,14,0.9947643979057592,0.9854014598540146,0.011177434456928838,1.3941605839416058,106,0
RTFMS_2000_ORDERING_1.0_1_inductive.pnml,51,1,0.8453509366224364,3,0.9607843137254902,30,3.6363636363636362,5,0.9705882352941176,0.8627450980392157,0.054838709677419356,1.3333333333333333,19,0
BPIC2012_40000_heuristics.pnml,121,3,0.8003922080453356,4,0.9421487603305785,65,4.783783783783784,11,0.9473684210526316,0.7851239669421488,0.02673545966228893,1.4132231404958677,58,3
Sepsis_40000_INSERTION_4.0_4_inductive.pnml,978,1,0.7219280948873623,14,0.9959100204498977,858,14.896,287,1.0,0.06134969325153374,0.010159453302961276,1.8241308793456033,110,0
BPIC2012_10000_INSERTION_2.0_2_alpha.pnml,125,12,1.0,1,0.888,22,10.0,27,0.8208955223880597,0.0,0.02671451355661882,0.536,0,0
RTFMS_4000_SUBSTITUTION_4.0_1_inductive_inf.pnml,112,0,0.0,0,0.875,89,10.444444444444445,28,1.0,0.25892857142857145,0.05555555555555555,1.6785714285714286,18,0
BPIC2012_40000_INSERTION_0.2_3_heuristics.pnml,183,7,0.7062740891876007,4,0.9781420765027322,119,5.711538461538462,19,0.992831541218638,0.7486338797814208,0.021527777777777778,1.5245901639344261,75,3
Sepsis_4000_MIXED_0.1_2_inductive.pnml,89,4,0.5435644431995964,8,0.9775280898876404,39,3.4,10,0.9827586206896551,0.2696629213483146,0.029743589743589743,1.303370786516854,33,0
RTFMS_10000_MIXED_1.0_5_inductive.pnml,122,3,0.7076690004167968,7,0.9672131147540983,68,3.543859649122807,8,1.0,0.19672131147540983,0.02374141876430206,1.360655737704918,46,0
BPIC2012_20000_ORDERING_0.4_3_inductive_inf.pnml,117,3,0.714015280437867,8,0.9572649572649573,61,3.5686274509803924,7,0.967948717948718,0.8888888888888888,0.02370820668693009,1.3333333333333333,46,0
BPIC2012_100000_ABSENCE_0.4_1_heuristics.pnml,134,1,0.782444129406689,5,0.9626865671641791,76,4.744186046511628,16,0.96875,0.7164179104477612,0.024844720496894408,1.4328358208955223,67,4
BPIC2012_40000_SUBSTITUTION_0.2_1_alpha.pnml,83,17,0.954434002924965,6,0.8795180722891567,23,5.0,22,0.9682539682539683,0.0,0.03697183098591549,0.7590361445783133,0,2
Sepsis_20000_SUBSTITUTION_4.0_3_alpha.pnml,408,11,0.9709505944546686,1,0.9901960784313726,53,24.4,63,0.9915254237288136,0.0,0.03650990099009901,0.28921568627450983,0,0
RTFMS_2000_SUBSTITUTION_4.0_1_heuristics.pnml,120,17,0.9330252953592911,7,1.0,91,5.534883720930233,20,1.0,0.4,0.03552011598405219,1.6333333333333333,41,4
Sepsis_4000_ABSENCE_0.4_5_heuristics.pnml,117,42,0.9656361333706098,7,1.0,87,5.086956521739131,14,1.0,0.6752136752136753,0.03175675675675676,1.606837606837607,63,10
BPIC2012_10000_ABSENCE_2.0_1_alpha.pnml,37,12,0.9980008838722996,9,0.972972972972973,17,4.0,16,1.0,0.0,0.07852564102564102,1.3243243243243243,0,7
RTFMS_10000_INSERTION_0.2_4_heuristics.pnml,80,25,0.9268190639645772,4,1.0,55,4.0,10,1.0,0.3375,0.040521978021978024,1.475,30,3
BPIC2012_20000_INSERTION_0.4_3_inductive.pnml,314,8,0.741847828975694,21,0.9872611464968153,166,3.375796178343949,7,1.0,0.21656050955414013,0.008955857385398981,1.3439490445859872,129,0
Sepsis_40000_MIXED_0.1_4_alpha.pnml,33,21,0.9957274520849255,8,0.8484848484848485,17,4.461538461538462,16,0.9743589743589743,0.0,0.10714285714285714,1.1818181818181819,0,1
Sepsis_40000_INSERTION_0.4_1_alpha.pnml,98,13,0.9182958340544896,1,0.9795918367346939,10,10.666666666666666,20,0.967741935483871,0.0,0.054385964912280704,0.3163265306122449,0,0
BPIC2012_4000_MIXED_4.0_3_alpha.pnml,70,0,0.9709505944546686,1,0.8857142857142857,20,9.0,19,0.9111111111111111,0.0,0.05859375,0.6428571428571429,0,0
BPIC2012_1000_SUBSTITUTION_0.4_3_inductive.pnml,149,3,0.6840384356390417,9,0.9463087248322147,70,3.272727272727273,5,0.9473684210526316,0.6912751677852349,0.017534145441122185,1.2751677852348993,59,0
RTFMS_10000_ORDERING_4.0_5_alpha.pnml,24,15,0.9612366047228759,13,0.9583333333333334,16,4.846153846153846,11,1.0,0.5416666666666666,0.14685314685314685,1.75,0,10
BPIC2012_100000_SUBSTITUTION_4.0_3_inductive.pnml,2341,3,0.7367680100024783,23,0.9982913284920973,2139,21.349056603773583,335,1.0,0.04100811618966254,0.006015383603970811,1.876121315677061,197,0
BPIC2012_4000_ABSENCE_2.0_2_heuristics.pnml,129,0,0.7219280948873623,4,0.9457364341085271,72,4.725,13,0.967032967032967,0.7131782945736435,0.02556179775280899,1.4108527131782946,64,3
BPIC2012_2000_SUBSTITUTION_4.0_5_heuristics.pnml,163,3,0.5435644431995964,3,0.9938650306748467,111,6.575,19,0.9921259842519685,0.6809815950920245,0.02724152724152724,1.5582822085889572,57,0
BPIC2012_2000_SUBSTITUTION_10.0_4_alpha.pnml,132,58,0.7950402793845223,4,0.9772727272727273,62,5.6,29,0.9795918367346939,0.0,0.056,0.7424242424242424,0,2
BPIC2012_20000_ORDERING_0.4_3_inductive.pnml,130,0,0.7771529943226336,9,0.9846153846153847,71,3.4098360655737703,5,0.9767441860465116,0.9230769230769231,0.021073266356285224,1.323076923076923,52,0
BPIC2012_20000_INSERTION_10.0_5_heuristics.pnml,1171,1,0.7072324944713735,8,1.0,1082,27.228915662650603,147,1.0,0.7865072587532024,0.014389516024393409,1.8941076003415884,168,3
Sepsis_40000_ORDERING_0.2_4_alpha.pnml,23,14,0.9402859586706311,7,0.9565217391304348,18,4.142857142857143,15,1.0,0.0,0.16071428571428573,1.565217391304348,0,3
BPIC2012_10000_ORDERING_10.0_4_inductive.pnml,93,0,0.7531979910695014,7,0.978494623655914,54,4.054054054054054,10,0.9692307692307692,0.8924731182795699,0.03201970443349754,1.3978494623655915,33,0
RTFMS_10000_SUBSTITUTION_0.1_3_alpha.pnml,27,2,0.9940302114769565,7,0.8888888888888888,15,4.2727272727272725,8,0.9142857142857143,0.3333333333333333,0.09943181818181818,1.2962962962962963,0,7
RTFMS_10000_SUBSTITUTION_4.0_1_heuristics.pnml,309,2,0.9305861291319928,10,1.0,271,11.807692307692308,80,1.0,0.31715210355987056,0.02802066772655008,1.825242718446602,62,4
RTFMS_20000_ABSENCE_0.1_5_heuristics.pnml,63,30,0.8960382325345574,2,1.0,45,3.75,9,1.0,0.3333333333333333,0.049456521739130434,1.4444444444444444,28,1
Sepsis_10000_ORDERING_10.0_1_alpha.pnml,26,25,0.954434002924965,14,1.0,20,4.875,15,1.0,0.0,0.15,1.8461538461538463,0,7
RTFMS_40000_INSERTION_0.4_5_heuristics.pnml,162,21,0.8582307926411411,3,1.0,133,7.897435897435898,32,1.0,0.24074074074074073,0.035908737360642984,1.7098765432098766,39,1
Sepsis_20000_ABSENCE_4.0_5_alpha.pnml,22,15,0.9402859586706311,7,0.9545454545454546,18,4.0,14,1.0,0.0,0.17708333333333334,1.5454545454545454,0,2
BPIC2012_10000_INSERTION_2.0_2_inductive.pnml,295,3,0.7255826757048172,12,0.9864406779661017,191,4.660550458715596,14,1.0,0.5525423728813559,0.01215738284703802,1.4915254237288136,93,0
BPIC2012_40000_ABSENCE_0.4_5_alpha.pnml,38,9,0.9927744539878083,10,0.9736842105263158,18,3.9,14,1.0,0.0,0.07291666666666667,1.2894736842105263,0,9
BPIC2012_10000_ORDERING_1.0_5_alpha.pnml,31,6,1.0,3,0.935483870967742,16,4.25,14,0.972972972972973,0.0,0.11011904761904762,1.1935483870967742,0,1
BPIC2012_10000_MIXED_10.0_1_heuristics.pnml,419,0,0.5665095065529053,4,1.0,344,12.566666666666666,62,1.0,0.7350835322195705,0.01838161838161838,1.756563245823389,113,3
BPIC2012_40000_ORDERING_0.2_3_heuristics.pnml,129,3,0.7592757847892833,4,0.9767441860465116,74,4.780487804878049,14,0.9675675675675676,0.7364341085271318,0.02598314606741573,1.434108527131783,65,3
RTFMS_10000_MIXED_10.0_2_alpha.pnml,261,9,0.954434002924965,2,0.9770114942528736,98,24.5,92,1.0,0.0,0.07265625,0.7126436781609196,0,0
BPIC2012_100000_MIXED_2.0_2_inductive.pnml,807,4,0.7344461802527669,20,0.9950433705080545,623,7.788359788359788,73,1.0,0.11648079306071871,0.00686960933536276,1.677819083023544,170,0
BPIC2012_100000_inductive_inf.pnml,132,1,0.74959525725948,9,0.9545454545454546,67,3.5357142857142856,6,0.9310344827586207,0.9545454545454546,0.020655270655270654,1.3181818181818181,53,0
Sepsis_100000_MIXED_0.4_3_alpha.pnml,127,11,0.9182958340544896,2,0.9763779527559056,22,10.0,29,1.0,0.0,0.054878048780487805,0.4251968503937008,0,0
BPIC2012_1000_INSERTION_0.4_4_alpha.pnml,32,9,1.0,2,0.90625,6,3.75,11,0.88,0.0,0.07142857142857142,0.78125,0,0
RTFMS_4000_ABSENCE_0.2_3_inductive.pnml,46,1,0.7024665512903903,2,0.9782608695652174,29,3.5238095238095237,6,1.0,0.7608695652173914,0.06288032454361055,1.3478260869565217,17,0
RTFMS_1000_INSERTION_10.0_3_heuristics.pnml,116,8,0.8453509366224364,4,1.0,90,6.606060606060606,25,1.0,0.0603448275862069,0.0421978021978022,1.6551724137931034,32,2
Sepsis_40000_ABSENCE_0.2_3_alpha.pnml,22,15,0.9402859586706311,7,0.9545454545454546,18,4.0,14,1.0,0.0,0.17708333333333334,1.5454545454545454,0,2
BPIC2012_20000_MIXED_1.0_5_inductive_inf.pnml,150,0,0.6193821946787638,6,0.88,90,4.461538461538462,12,0.9719626168224299,0.7,0.021620529399878765,1.4266666666666667,50,0
RTFMS_1000_MIXED_4.0_2_heuristics.pnml,76,16,0.8960382325345574,3,1.0,48,4.1875,11,1.0,0.09210526315789473,0.04269230769230769,1.4605263157894737,28,4
Sepsis_2000_ORDERING_2.0_5_heuristics.pnml,113,33,0.9564574047992594,7,1.0,89,5.2444444444444445,14,1.0,0.5309734513274337,0.035227272727272725,1.6460176991150441,63,6
RTFMS_1000_ABSENCE_4.0_2_inductive.pnml,52,3,0.6665783579949205,2,0.9807692307692307,30,3.391304347826087,5,0.9705882352941176,0.07692307692307693,0.053125,1.3076923076923077,20,0
RTFMS_2000_ORDERING_0.1_4_heuristics.pnml,64,29,0.9456603046006401,3,0.96875,43,3.6666666666666665,8,0.989010989010989,0.1875,0.04666666666666667,1.421875,27,3
RTFMS_10000_MIXED_0.4_1_alpha.pnml,37,4,0.9852281360342515,14,0.9459459459459459,31,4.571428571428571,11,0.9833333333333333,0.3783783783783784,0.09316770186335403,1.6216216216216217,0,8
RTFMS_100000_SUBSTITUTION_10.0_5_heuristics.pnml,5095,18,0.8675552021398003,38,1.0,4926,47.97156398104266,1593,1.0,0.18253189401373895,0.006453735574002834,1.9519136408243376,326,6
BPIC2012_20000_SUBSTITUTION_4.0_3_inductive.pnml,749,3,0.739480936716638,22,0.9946595460614153,554,6.72636815920398,56,1.0,0.12817089452603472,0.0065238247521586185,1.6341789052069426,180,0
Sepsis_40000_ABSENCE_1.0_3_inductive.pnml,95,3,0.5107878229540133,9,0.9789473684210527,44,3.4545454545454546,11,1.0,0.25263157894736843,0.028455284552845527,1.3263157894736841,37,0
Sepsis_40000_ABSENCE_1.0_4_alpha.pnml,22,11,0.9402859586706311,7,0.9545454545454546,20,4.214285714285714,14,1.0,0.0,0.1875,1.6363636363636365,0,3
RTFMS_100000_ORDERING_4.0_3_heuristics.pnml,88,16,0.9182958340544896,5,1.0,59,4.0,11,1.0,0.4090909090909091,0.03735632183908046,1.4772727272727273,46,2
BPIC2012_2000_MIXED_1.0_1_alpha.pnml,40,6,0.9798687566511528,3,0.85,14,3.6666666666666665,13,0.9696969696969697,0.0,0.064453125,0.825,0,0
RTFMS_4000_ORDERING_0.1_5_heuristics.pnml,71,25,0.9568886656798212,4,1.0,49,3.7837837837837838,9,1.0,0.5070422535211268,0.044444444444444446,1.4647887323943662,33,3
Sepsis_40000_ABSENCE_1.0_3_heuristics.pnml,107,36,0.9503376699710268,8,1.0,84,5.043478260869565,14,1.0,0.5514018691588785,0.03624078624078624,1.6542056074766356,57,7
BPIC2012_20000_INSERTION_0.2_1_inductive.pnml,197,2,0.6543524423071836,11,0.9796954314720813,106,3.50561797752809,9,0.9924242424242424,0.7817258883248731,0.014354066985645933,1.3401015228426396,78,0
RTFMS_2000_SUBSTITUTION_2.0_5_alpha.pnml,35,19,0.9182958340544896,9,0.9428571428571428,19,5.083333333333333,14,0.9782608695652174,0.0,0.09829059829059829,1.3142857142857143,0,4
Sepsis_10000_SUBSTITUTION_0.2_3_inductive_inf.pnml,123,4,0.4798320236161285,9,0.967479674796748,56,3.2758620689655173,11,1.0,0.3252032520325203,0.021668472372697724,1.3008130081300813,51,0
BPIC2012_20000_MIXED_10.0_1_inductive.pnml,840,4,0.731816079376955,22,0.9952380952380953,644,7.66,90,1.0,0.11428571428571428,0.006492487001172896,1.6738095238095239,179,0
RTFMS_100000_INSERTION_10.0_5_alpha.pnml,4492,6,0.7219280948873623,1,0.998886910062333,1103,443.2,1106,1.0,0.0,0.06160873440285205,0.4924309884238646,0,0
RTFMS_4000_SUBSTITUTION_0.1_4_heuristics.pnml,69,26,0.964078764808229,4,1.0,49,3.8333333333333335,10,1.0,0.5217391304347826,0.046363636363636364,1.4782608695652173,29,3
BPIC2012_2000_MIXED_4.0_3_heuristics.pnml,142,5,0.5617526078313282,3,0.9929577464788732,89,5.815789473684211,13,0.9766355140186916,0.6971830985915493,0.027541827541827543,1.5070422535211268,62,0
RTFMS_20000_INSERTION_0.4_2_heuristics.pnml,113,24,0.8680403986166403,3,1.0,87,5.631578947368421,16,1.0,0.3274336283185841,0.03823529411764706,1.6106194690265487,33,1
Sepsis_20000_ORDERING_10.0_5_alpha.pnml,21,10,0.9798687566511528,6,0.9523809523809523,20,4.916666666666667,15,1.0,0.0,0.2375,1.8095238095238095,0,2
Sepsis_2000_INSERTION_0.4_3_inductive.pnml,122,3,0.7286561673702678,8,0.9754098360655737,62,3.305084745762712,6,0.9875,0.6721311475409836,0.022222222222222223,1.3114754098360655,50,0
RTFMS_20000_ABSENCE_10.0_1_heuristics.pnml,68,26,0.9081783472997051,3,1.0,47,3.764705882352941,10,1.0,0.36764705882352944,0.045581395348837206,1.4411764705882353,31,2
RTFMS_100000_ABSENCE_2.0_2_inductive_inf.pnml,71,1,0.8390040613676977,6,0.9577464788732395,37,3.048780487804878,4,0.9891304347826086,0.056338028169014086,0.037096774193548385,1.295774647887324,28,0
Sepsis_100000_ORDERING_0.2_4_alpha.pnml,22,7,0.9612366047228759,5,0.9545454545454546,18,4.3076923076923075,15,1.0,0.0,0.18229166666666666,1.5909090909090908,0,2
Sepsis_40000_ORDERING_0.4_5_alpha.pnml,24,17,0.954434002924965,12,0.9583333333333334,23,4.8125,15,1.0,0.25,0.1796875,1.9166666666666667,0,6
Sepsis_4000_INSERTION_1.0_5_alpha.pnml,49,7,0.9798687566511528,3,0.9387755102040817,21,5.25,18,0.98,0.16326530612244897,0.06944444444444445,1.0204081632653061,0,1
Sepsis_10000_SUBSTITUTION_0.4_5_heuristics.pnml,123,33,0.9440870182837794,8,1.0,97,5.48936170212766,16,1.0,0.5203252032520326,0.03387309980171844,1.6666666666666667,58,7
RTFMS_10000_ABSENCE_0.1_4_heuristics.pnml,67,26,0.9517626756348311,4,1.0,47,3.7714285714285714,9,1.0,0.3880597014925373,0.04666666666666667,1.462686567164179,30,3
RTFMS_2000_SUBSTITUTION_1.0_2_inductive_inf.pnml,90,1,0.5225593745369408,2,0.9555555555555556,50,3.823529411764706,9,0.9833333333333333,0.2222222222222222,0.032327586206896554,1.3333333333333333,36,0
BPIC2012_1000_ORDERING_1.0_5_alpha.pnml,37,11,1.0,8,0.9189189189189189,16,3.75,11,0.9782608695652174,0.0,0.07371794871794872,1.2432432432432432,0,4
BPIC2012_10000_ABSENCE_0.2_5_alpha.pnml,35,9,0.9967916319816366,6,0.8857142857142857,14,3.933333333333333,12,0.95,0.0,0.07575757575757576,1.1428571428571428,0,3
BPIC2012_1000_ORDERING_0.2_3_inductive.pnml,137,1,0.8042522359016422,10,0.9635036496350365,65,3.473684210526316,6,0.9157303370786517,0.8832116788321168,0.019423832387603666,1.2992700729927007,54,0
Sepsis_1000_SUBSTITUTION_0.2_1_inductive.pnml,95,3,0.5185697317883058,10,0.968421052631579,40,3.372093023255814,12,0.967741935483871,0.25263157894736843,0.027728085867620753,1.305263157894737,34,0
RTFMS_2000_ORDERING_0.4_4_alpha.pnml,27,12,0.954434002924965,13,1.0,15,4.0,8,1.0,0.0,0.12215909090909091,1.5925925925925926,0,11
BPIC2012_2000_INSERTION_2.0_1_alpha.pnml,49,15,0.9910760598382222,4,0.8571428571428572,12,4.888888888888889,14,0.9722222222222222,0.0,0.061224489795918366,0.7346938775510204,0,2
Sepsis_4000_INSERTION_2.0_2_alpha.pnml,58,8,0.7219280948873623,1,0.9137931034482758,13,7.6,18,1.0,0.0,0.0787037037037037,0.5862068965517241,0,0
Sepsis_40000_INSERTION_0.4_2_inductive_inf.pnml,81,0,0.37123232664087563,1,0.9259259259259259,48,4.214285714285714,13,1.0,0.8024691358024691,0.039160839160839164,1.382716049382716,31,0
BPIC2012_10000_MIXED_1.0_4_alpha.pnml,60,7,0.9456603046006401,5,0.8166666666666667,17,5.090909090909091,16,0.8723404255319149,0.0,0.047,0.7833333333333333,0,0
BPIC2012_10000_ORDERING_2.0_1_inductive.pnml,166,1,0.7642045065086203,13,0.9879518072289156,88,3.3580246913580245,5,0.9818181818181818,0.9397590361445783,0.016435081428357985,1.3253012048192772,72,0
Sepsis_4000_INSERTION_0.2_4_alpha.pnml,33,16,0.998363672593813,12,0.9696969696969697,24,4.095238095238095,15,0.9803921568627451,0.0,0.10537190082644628,1.5454545454545454,0,5
BPIC2012_10000_SUBSTITUTION_0.2_4_heuristics.pnml,132,2,0.7320666900931938,4,0.9166666666666666,75,5.0256410256410255,13,0.9682539682539683,0.7045454545454546,0.026054590570719603,1.4318181818181819,59,3
Sepsis_1000_ORDERING_0.1_3_inductive.pnml,91,3,0.5349436990971066,9,0.967032967032967,38,3.341463414634146,11,0.9661016949152542,0.26373626373626374,0.02878048780487805,1.2967032967032968,33,0
BPIC2012_20000_INSERTION_4.0_4_heuristics.pnml,604,6,0.7088356733321961,5,1.0,536,18.451612903225808,76,1.0,0.6887417218543046,0.019073382871622777,1.8443708609271523,107,3
RTFMS_20000_ABSENCE_0.2_1_heuristics.pnml,63,30,0.8960382325345574,2,1.0,45,3.75,9,1.0,0.3333333333333333,0.049456521739130434,1.4444444444444444,28,1
RTFMS_1000_SUBSTITUTION_2.0_3_alpha.pnml,29,3,0.9910760598382222,3,0.7586206896551724,14,4.222222222222222,9,0.96875,0.0,0.08888888888888889,1.103448275862069,0,2
Sepsis_40000_SUBSTITUTION_0.1_2_alpha.pnml,46,17,0.9940302114769565,11,0.8478260869565217,28,4.318181818181818,15,1.0,0.0,0.07916666666666666,1.2391304347826086,0,4
BPIC2012_20000_ABSENCE_10.0_3_heuristics.pnml,132,3,0.7592757847892833,4,0.9621212121212122,76,4.926829268292683,16,0.9685863874345549,0.7121212121212122,0.02595108695652174,1.446969696969697,67,3
BPIC2012_40000_INSERTION_0.4_4_inductive_inf.pnml,161,1,0.4021791902022728,5,0.8881987577639752,101,5.0,16,0.9915254237288136,0.6645962732919255,0.021755162241887907,1.4658385093167703,53,0
RTFMS_100000_INSERTION_0.1_2_heuristics.pnml,127,7,0.9011701959974223,6,1.0,97,5.902439024390244,17,1.0,0.3464566929133858,0.03556701030927835,1.6299212598425197,37,2
Sepsis_1000_MIXED_10.0_4_alpha.pnml,45,13,0.9940302114769565,4,0.8888888888888888,18,4.636363636363637,16,1.0,0.0,0.08333333333333333,0.8666666666666667,0,0
RTFMS_100000_SUBSTITUTION_1.0_1_heuristics.pnml,617,9,0.8997437586982626,8,1.0,575,21.403508771929825,181,1.0,0.07293354943273905,0.024771341463414635,1.8962722852512155,73,2
RTFMS_2000_ORDERING_0.4_4_heuristics.pnml,69,29,0.9275265884316759,3,1.0,47,3.7142857142857144,9,1.0,0.17391304347826086,0.04427549194991055,1.434782608695652,31,3
BPIC2012_10000_ORDERING_0.1_3_heuristics.pnml,124,1,0.7424875695421236,4,0.9435483870967742,69,4.7631578947368425,13,0.9657142857142857,0.6935483870967742,0.026774785801713587,1.4112903225806452,61,3
Sepsis_1000_MIXED_2.0_4_inductive.pnml,139,2,0.7273006785144037,12,0.9784172661870504,69,3.175675675675676,5,1.0,0.2014388489208633,0.01919831223628692,1.3093525179856116,55,0
Sepsis_2000_ABSENCE_0.2_2_inductive.pnml,89,4,0.5435644431995964,8,0.9775280898876404,39,3.4,10,0.9827586206896551,0.2696629213483146,0.029743589743589743,1.303370786516854,33,0
Sepsis_4000_ORDERING_0.4_5_heuristics.pnml,117,44,0.9656361333706098,7,1.0,88,5.130434782608695,14,1.0,0.6752136752136753,0.031925675675675676,1.6153846153846154,63,10
RTFMS_40000_MIXED_0.2_5_heuristics.pnml,96,24,0.8812908992306927,3,1.0,68,4.5,15,1.0,0.3020833333333333,0.03757076685537828,1.5208333333333333,40,1
RTFMS_100000_ABSENCE_0.2_1_heuristics.pnml,71,12,0.9182958340544896,5,1.0,47,3.7222222222222223,9,1.0,0.4507042253521127,0.04358974358974359,1.4366197183098592,33,2
Sepsis_40000_MIXED_4.0_5_alpha.pnml,416,9,0.8112781244591328,1,0.9903846153846154,53,28.75,59,0.9912280701754386,0.0,0.0345873786407767,0.27403846153846156,0,0
BPIC2012_1000_MIXED_4.0_1_alpha.pnml,48,8,0.9940302114769565,2,0.8541666666666666,14,4.2727272727272725,14,0.9,0.0,0.05263157894736842,0.8333333333333334,0,1
Sepsis_1000_ABSENCE_0.1_3_inductive.pnml,91,3,0.5349436990971066,9,0.967032967032967,38,3.341463414634146,11,0.9661016949152542,0.26373626373626374,0.02878048780487805,1.2967032967032968,33,0
BPIC2012_10000_MIXED_10.0_2_alpha.pnml,267,6,0.9910760598382222,3,0.9588014981273408,60,14.444444444444445,52,0.9685039370078741,0.0,0.027347114556416884,0.4756554307116105,0,1
RTFMS_2000_MIXED_4.0_5_inductive.pnml,117,4,0.6572729784684465,5,0.9658119658119658,64,3.4716981132075473,7,1.0,0.20512820512820512,0.024283935242839352,1.3333333333333333,46,0
Sepsis_2000_ABSENCE_2.0_4_inductive_inf.pnml,92,2,0.46121604051390946,8,0.9782608695652174,44,3.5121951219512195,10,1.0,0.2608695652173913,0.029511369134010642,1.326086956521739,36,0
BPIC2012_100000_MIXED_4.0_3_heuristics.pnml,1303,12,0.6152538910563409,9,1.0,1193,27.065217391304348,171,1.0,0.7766692248656946,0.012265036655280557,1.8848810437452033,201,4
BPIC2012_40000_ORDERING_0.1_5_inductive.pnml,153,2,0.7829924501610912,12,0.9869281045751634,80,3.3698630136986303,5,0.9702970297029703,0.934640522875817,0.01773174157303371,1.3202614379084967,64,0
BPIC2012_40000_SUBSTITUTION_4.0_2_inductive.pnml,1251,6,0.7330022650766125,23,0.996802557953637,1042,10.94392523364486,123,1.0,0.07673860911270983,0.006007509386733416,1.764988009592326,195,0
RTFMS_1000_INSERTION_0.2_4_alpha.pnml,27,9,0.8112781244591328,8,0.8888888888888888,8,3.5,5,0.9411764705882353,0.0,0.09444444444444444,1.2592592592592593,0,7
Sepsis_20000_SUBSTITUTION_0.2_1_inductive.pnml,172,2,0.7012065844539666,9,0.9767441860465116,95,3.569620253164557,8,1.0,0.5813953488372093,0.016927083333333332,1.3604651162790697,68,0
BPIC2012_40000_ORDERING_1.0_3_alpha.pnml,35,15,0.9975025463691152,9,0.9714285714285714,21,4.352941176470588,15,0.9583333333333334,0.3142857142857143,0.09090909090909091,1.3714285714285714,0,5
BPIC2012_100000_INSERTION_0.4_4_heuristics.pnml,373,1,0.6631968402398287,5,0.9973190348525469,303,11.60344827586207,38,1.0,0.6300268096514745,0.019500359453630482,1.7453083109919572,81,4
Sepsis_20000_INSERTION_0.4_1_inductive.pnml,207,3,0.739165817569305,11,0.9855072463768116,118,3.8351648351648353,17,1.0,0.1932367149758454,0.01482314455121652,1.4009661835748792,73,0
Sepsis_4000_ABSENCE_10.0_3_heuristics.pnml,116,43,0.9733854352299556,8,1.0,87,5.0638297872340425,14,1.0,0.6982758620689655,0.03215874101950051,1.6206896551724137,62,11
RTFMS_4000_SUBSTITUTION_0.4_5_inductive.pnml,86,2,0.7691928290130138,5,0.9767441860465116,46,3.55,8,1.0,0.09302325581395349,0.03316180674671241,1.3488372093023255,32,0
Sepsis_40000_MIXED_0.1_5_alpha.pnml,32,17,0.9182958340544896,7,0.8125,18,4.416666666666667,14,0.9459459459459459,0.0,0.10571428571428572,1.15625,0,2
Sepsis_4000_ORDERING_10.0_1_alpha.pnml,26,12,0.9819407868640977,13,1.0,25,4.526315789473684,15,1.0,0.0,0.153125,1.8846153846153846,0,8
RTFMS_100000_SUBSTITUTION_10.0_1_inductive.pnml,4916,5,0.7131467486384921,10,0.9991863303498779,4828,106.08695652173913,1580,1.0,0.008136696501220505,0.01354142246335555,1.9739625711960944,83,0
Sepsis_20000_MIXED_0.1_4_alpha.pnml,30,23,0.9940302114769565,7,0.7666666666666666,14,4.363636363636363,14,0.9142857142857143,0.0,0.10869565217391304,1.1666666666666667,0,0
BPIC2012_4000_MIXED_4.0_2_inductive.pnml,271,4,0.6690158350565576,13,0.985239852398524,149,3.65,10,1.0,0.3505535055350554,0.010864458538877143,1.3653136531365313,106,0
BPIC2012_2000_INSERTION_4.0_5_inductive.pnml,240,5,0.7183098216110975,14,0.9833333333333333,135,3.6216216216216215,9,1.0,0.6166666666666667,0.012277699233573927,1.375,93,0
Sepsis_40000_SUBSTITUTION_1.0_5_alpha.pnml,210,0,0.0,0,0.9809523809523809,34,34.0,34,0.9714285714285714,0.0,0.05636070853462158,0.3333333333333333,0,0
RTFMS_2000_ABSENCE_10.0_4_alpha.pnml,30,10,0.954434002924965,16,1.0,15,4.375,8,1.0,0.0,0.11722488038277512,1.6333333333333333,0,15
BPIC2012_20000_INSERTION_4.0_1_inductive.pnml,733,5,0.7378773101576344,22,0.9945429740791268,541,6.720812182741117,62,1.0,0.13096862210095497,0.006654668266453362,1.6343792633015006,174,0
RTFMS_1000_ORDERING_4.0_1_alpha.pnml,24,6,0.9709505944546686,10,1.0,16,4.133333333333334,8,1.0,0.0,0.13986013986013987,1.6666666666666667,0,8
BPIC2012_4000_SUBSTITUTION_0.1_4_inductive.pnml,150,2,0.6665783579949205,9,0.9666666666666667,81,3.420289855072464,6,0.9797979797979798,0.8933333333333333,0.018333333333333333,1.32,64,0
RTFMS_100000_MIXED_0.1_5_alpha.pnml,33,3,1.0,1,0.8787878787878788,14,8.75,16,0.9696969696969697,0.0,0.14224137931034483,1.0,0,1
Sepsis_10000_SUBSTITUTION_0.4_4_inductive.pnml,152,3,0.6868088934028035,7,0.9736842105263158,83,3.408450704225352,6,1.0,0.7894736842105263,0.018525311812179018,1.3289473684210527,62,0
BPIC2012_10000_INSERTION_1.0_2_inductive.pnml,240,6,0.6880476235340796,10,0.9833333333333333,142,4.040816326530612,9,1.0,0.6083333333333333,0.01328125,1.4166666666666667,89,0
RTFMS_100000_INSERTION_4.0_4_inductive_inf.pnml,1117,0,0.5225593745369408,9,0.9937332139659804,1064,42.98039215686274,457,1.0,0.02864816472694718,0.022408789386401326,1.9355416293643688,43,0
RTFMS_2000_ABSENCE_0.2_3_inductive_inf.pnml,54,2,0.7642045065086203,3,0.9444444444444444,30,3.2222222222222223,5,1.0,0.07407407407407407,0.04971590909090909,1.2962962962962963,20,0
BPIC2012_10000_INSERTION_10.0_3_inductive.pnml,819,11,0.7414827399312737,22,0.9951159951159951,622,7.47,76,1.0,0.11721611721611722,0.0065397652195561,1.667887667887668,178,0
Sepsis_4000_MIXED_2.0_3_heuristics.pnml,134,42,0.9656361333706098,7,1.0,104,5.826086956521739,17,1.0,0.6865671641791045,0.030927835051546393,1.6567164179104477,63,10
BPIC2012_40000_SUBSTITUTION_10.0_5_inductive_inf.pnml,1295,0,0.4021791902022728,15,0.9891891891891892,1184,24.82,334,1.0,0.07722007722007722,0.011005095955762767,1.8810810810810812,95,0
BPIC2012_20000_ABSENCE_10.0_3_inductive_inf.pnml,132,0,0.74959525725948,8,0.9166666666666666,62,3.3214285714285716,4,0.9226190476190477,0.30303030303030304,0.019736842105263157,1.2727272727272727,52,0
Sepsis_100000_ORDERING_4.0_2_alpha.pnml,23,2,0.9402859586706311,6,1.0,22,4.714285714285714,16,1.0,0.0,0.1875,1.826086956521739,0,4
RTFMS_10000_ABSENCE_0.4_2_inductive.pnml,49,1,0.6840384356390417,2,0.9795918367346939,31,3.5454545454545454,6,1.0,0.7755102040816326,0.05913978494623656,1.346938775510204,19,0
Sepsis_40000_SUBSTITUTION_4.0_4_alpha.pnml,772,5,0.8112781244591328,0,0.9948186528497409,91,47.25,91,1.0,0.0,0.04031209362808843,0.24093264248704663,0,0
RTFMS_4000_INSERTION_1.0_1_heuristics.pnml,104,10,0.9377342939868041,7,1.0,72,4.291666666666667,11,1.0,0.49038461538461536,0.03393085787451985,1.5288461538461537,41,2
Sepsis_4000_INSERTION_10.0_1_alpha.pnml,216,18,0.9709505944546686,1,0.9722222222222222,19,12.0,31,0.9649122807017544,0.0,0.027014218009478674,0.2638888888888889,0,0
Sepsis_2000_ORDERING_0.1_5_heuristics.pnml,111,33,0.9564574047992594,6,1.0,86,5.066666666666666,14,1.0,0.5405405405405406,0.03496503496503497,1.6216216216216217,61,6
Sepsis_10000_ABSENCE_2.0_3_inductive.pnml,95,3,0.5107878229540133,9,0.9789473684210527,44,3.4545454545454546,11,1.0,0.25263157894736843,0.028455284552845527,1.3263157894736841,37,0
Sepsis_40000_INSERTION_10.0_2_inductive.pnml,2079,3,0.712453444966878,14,0.9980759980759981,1956,31.703125,713,1.0,0.02886002886002886,0.009777524468377815,1.9143819143819143,115,0
Sepsis_1000_SUBSTITUTION_4.0_1_alpha.pnml,45,20,1.0,6,0.8444444444444444,19,4.833333333333333,20,1.0,0.0,0.09188034188034189,0.9555555555555556,0,0
BPIC2012_10000_INSERTION_10.0_2_inductive_inf.pnml,422,2,0.6543524423071836,10,0.9644549763033176,331,8.51685393258427,62,0.9971910112359551,0.16350710900473933,0.013538180711895345,1.6872037914691944,76,0
BPIC2012_20000_ORDERING_0.4_2_inductive_inf.pnml,119,1,0.8497511372532974,9,0.957983193277311,66,3.4482758620689653,7,0.96875,0.8907563025210085,0.023474178403755867,1.3445378151260505,47,0
RTFMS_40000_SUBSTITUTION_1.0_5_heuristics.pnml,282,19,0.8672816222000259,4,1.0,248,12.177777777777777,78,1.0,0.18085106382978725,0.031094073262747962,1.8120567375886525,56,1
RTFMS_100000_INSERTION_0.2_5_heuristics.pnml,189,11,0.8541802051521676,5,1.0,154,8.279069767441861,38,1.0,0.3386243386243386,0.03146853146853147,1.7142857142857142,46,2
RTFMS_20000_SUBSTITUTION_4.0_3_inductive.pnml,517,3,0.7544062039636578,9,0.9922630560928434,441,11.759036144578314,126,1.0,0.061895551257253385,0.015690946221919674,1.7833655705996132,72,0
Sepsis_4000_MIXED_2.0_3_inductive.pnml,152,4,0.678114052360606,6,0.9736842105263158,88,3.611940298507463,9,1.0,0.8486842105263158,0.01930646672914714,1.355263157894737,63,0
BPIC2012_40000_ORDERING_1.0_3_inductive.pnml,106,0,0.8112781244591328,9,0.9811320754716981,60,3.7083333333333335,9,0.9726027397260274,0.9056603773584906,0.027157738095238096,1.3773584905660377,39,0
Sepsis_20000_ORDERING_4.0_2_heuristics.pnml,116,34,0.9377342939868041,8,1.0,89,5.083333333333333,15,1.0,0.5086206896551724,0.03350970017636684,1.6379310344827587,64,7
RTFMS_20000_INSERTION_0.2_1_alpha.pnml,41,16,0.9886994082884974,10,0.8780487804878049,21,4.375,10,0.9791666666666666,0.14634146341463414,0.06896551724137931,1.170731707317073,0,4
RTFMS_20000_SUBSTITUTION_1.0_1_inductive.pnml,225,1,0.7335379291086666,7,0.9822222222222222,161,5.852941176470588,33,1.0,0.12444444444444444,0.019276586528048516,1.5822222222222222,61,0
RTFMS_20000_ABSENCE_0.2_3_inductive.pnml,41,0,0.7424875695421236,2,0.975609756097561,26,3.5789473684210527,7,1.0,0.5853658536585366,0.07179487179487179,1.3658536585365855,14,0
Sepsis_10000_SUBSTITUTION_2.0_3_heuristics.pnml,222,35,0.9366673818775626,8,1.0,192,8.901960784313726,33,1.0,0.6261261261261262,0.029072315558802044,1.7927927927927927,65,7
BPIC2012_10000_MIXED_10.0_2_inductive.pnml,549,8,0.7607859931846075,20,0.9927140255009107,387,5.536723163841808,45,1.0,0.23497267759562843,0.007598998554250855,1.570127504553734,152,0
BPIC2012_20000_ORDERING_2.0_4_heuristics.pnml,144,3,0.7401470427139037,4,0.9722222222222222,85,5.093023255813954,15,0.9712918660287081,0.6666666666666666,0.024393090569561158,1.4513888888888888,77,3
RTFMS_20000_ORDERING_0.4_5_heuristics.pnml,74,24,0.8879763195151349,3,1.0,51,3.888888888888889,10,1.0,0.32432432432432434,0.04326923076923077,1.4594594594594594,36,1
BPIC2012_4000_SUBSTITUTION_0.2_2_heuristics.pnml,126,4,0.7424875695421236,4,0.9444444444444444,68,4.815789473684211,11,0.9606741573033708,0.746031746031746,0.026230474506336577,1.4126984126984128,58,3
Sepsis_2000_MIXED_4.0_5_inductive.pnml,155,3,0.6758635715876158,9,0.9806451612903225,79,3.410958904109589,9,1.0,0.3935483870967742,0.017963027554935472,1.3290322580645162,60,0
BPIC2012_100000_MIXED_0.2_5_alpha.pnml,89,5,0.9587118829771318,10,0.8876404494382022,36,5.142857142857143,22,0.927710843373494,0.15730337078651685,0.03553082191780822,0.9325842696629213,0,4
Sepsis_2000_ORDERING_0.4_3_inductive.pnml,89,4,0.5435644431995964,8,0.9775280898876404,39,3.4,10,0.9827586206896551,0.2696629213483146,0.029743589743589743,1.303370786516854,33,0
BPIC2012_20000_ABSENCE_1.0_2_alpha.pnml,38,10,0.998363672593813,11,0.9736842105263158,18,3.9047619047619047,14,1.0,0.0,0.0744047619047619,1.3157894736842106,0,9
Sepsis_4000_ORDERING_10.0_2_inductive_inf.pnml,73,2,0.4488644887230294,9,0.9452054794520548,34,3.625,11,0.9591836734693877,0.3287671232876712,0.037121212121212124,1.3424657534246576,24,0
BPIC2012_4000_MIXED_10.0_2_heuristics.pnml,272,2,0.6360156177392154,4,0.9852941176470589,201,8.321428571428571,33,0.9977628635346756,0.6323529411764706,0.01982965131754059,1.6433823529411764,95,3
RTFMS_100000_ORDERING_0.4_5_alpha.pnml,20,17,0.9709505944546686,9,0.95,12,4.8,11,1.0,0.5,0.16666666666666666,1.65,0,6
BPIC2012_40000_ORDERING_2.0_1_heuristics.pnml,145,4,0.7131467486384921,4,0.993103448275862,89,4.978260869565218,17,0.9906103286384976,0.6827586206896552,0.024618585298196948,1.4689655172413794,78,3
RTFMS_10000_SUBSTITUTION_0.4_4_alpha.pnml,38,17,0.9182958340544896,8,0.9473684210526316,18,6.333333333333333,15,0.9782608695652174,0.2894736842105263,0.08812260536398467,1.2105263157894737,0,4
RTFMS_20000_ORDERING_0.1_1_inductive_inf.pnml,46,0,0.8112781244591328,4,0.9347826086956522,27,3.375,6,1.0,0.6739130434782609,0.06042884990253411,1.3478260869565217,15,0
BPIC2012_40000_SUBSTITUTION_4.0_3_heuristics.pnml,1002,2,0.710676853856123,7,1.0,925,26.833333333333332,132,1.0,0.625748502994012,0.016515391717914323,1.8922155688622755,154,3
Sepsis_10000_ABSENCE_0.1_2_heuristics.pnml,108,32,0.9503376699710268,8,1.0,83,5.0,14,1.0,0.5462962962962963,0.03575757575757576,1.6388888888888888,58,7
Sepsis_2000_ORDERING_0.4_3_alpha.pnml,22,19,0.8904916402194913,7,0.9545454545454546,16,4.0,14,1.0,0.0,0.171875,1.5,0,1
RTFMS_1000_MIXED_0.1_3_inductive.pnml,50,2,0.7024665512903903,3,0.94,24,3.380952380952381,5,0.9375,0.08,0.052545155993431854,1.28,17,0
Sepsis_1000_SUBSTITUTION_10.0_5_inductive.pnml,232,6,0.6880476235340796,11,0.9827586206896551,131,3.9183673469387754,20,1.0,0.20689655172413793,0.013404605263157895,1.4051724137931034,87,0
BPIC2012_10000_MIXED_0.1_4_alpha.pnml,37,12,0.9957274520849255,4,0.8378378378378378,11,3.6153846153846154,12,0.9166666666666666,0.0,0.06666666666666667,0.972972972972973,0,1
RTFMS_20000_SUBSTITUTION_10.0_5_inductive.pnml,1103,6,0.7424875695421236,10,0.9963735267452403,1017,22.48421052631579,311,1.0,0.03626473254759746,0.013463035019455253,1.8821396192203081,86,0
RTFMS_40000_INSERTION_0.4_5_inductive.pnml,201,6,0.7612401496918492,8,0.9800995024875622,142,5.264705882352941,29,1.0,0.11940298507462686,0.01988781234064253,1.5522388059701493,54,0
Sepsis_2000_INSERTION_1.0_2_inductive.pnml,133,8,0.5975977764379983,9,0.9774436090225564,58,3.274193548387097,11,0.9883720930232558,0.2706766917293233,0.019944341372912802,1.2932330827067668,52,0
BPIC2012_20000_ABSENCE_0.1_1_inductive.pnml,137,2,0.7219280948873623,9,0.9562043795620438,73,3.5166666666666666,6,0.9615384615384616,0.927007299270073,0.020177383592017737,1.3284671532846715,57,0
RTFMS_1000_SUBSTITUTION_0.4_5_heuristics.pnml,53,17,0.9509560484549725,3,0.9622641509433962,31,3.4444444444444446,6,0.9861111111111112,0.1320754716981132,0.05278592375366569,1.3584905660377358,18,4
BPIC2012_2000_MIXED_0.2_2_heuristics.pnml,109,5,0.6024308020404452,3,0.9908256880733946,61,4.676470588235294,10,0.9675324675324676,0.7431192660550459,0.03070175438596491,1.4128440366972477,51,0
RTFMS_2000_INSERTION_2.0_1_inductive.pnml,110,2,0.7219280948873623,6,0.9636363636363636,65,3.68,8,1.0,0.14545454545454545,0.027142857142857142,1.3818181818181818,40,0
RTFMS_4000_MIXED_2.0_1_heuristics.pnml,119,31,0.9366673818775626,5,1.0,90,4.705882352941177,16,1.0,0.6722689075630253,0.032525951557093424,1.5798319327731092,49,3
RTFMS_4000_SUBSTITUTION_0.1_2_heuristics.pnml,71,25,0.9568886656798212,4,1.0,49,3.7837837837837838,10,1.0,0.5211267605633803,0.044444444444444446,1.4647887323943662,29,3
RTFMS_100000_MIXED_0.2_2_alpha.pnml,67,3,0.9910760598382222,3,0.9402985074626866,27,7.444444444444445,25,1.0,0.0,0.0778688524590164,0.8507462686567164,0,1
RTFMS_2000_ABSENCE_0.4_3_heuristics.pnml,68,29,0.9275265884316759,3,1.0,46,3.657142857142857,8,1.0,0.17647058823529413,0.044413919413919416,1.4264705882352942,30,3
Sepsis_100000_MIXED_0.4_5_inductive.pnml,291,4,0.691289869405789,12,0.9862542955326461,181,4.574074074074074,41,1.0,0.17869415807560138,0.01203537841468876,1.47766323024055,95,0
Sepsis_40000_INSERTION_2.0_5_heuristics.pnml,544,30,0.906579548498746,10,1.0,506,18.54237288135593,88,1.0,0.6875,0.023454545454545454,1.8970588235294117,82,7
BPIC2012_2000_SUBSTITUTION_0.1_2_inductive.pnml,137,0,0.7219280948873623,9,0.927007299270073,67,3.4,6,0.9438202247191011,0.8905109489051095,0.019517543859649124,1.2992700729927007,55,0
Sepsis_40000_MIXED_10.0_2_heuristics.pnml,1114,41,0.9140185106642175,14,1.0,1063,28.253164556962027,182,1.0,0.7235188509874326,0.017006641366223908,1.9308797127468582,116,10
BPIC2012_10000_INSERTION_10.0_2_inductive.pnml,823,4,0.7424875695421236,23,0.9951397326852977,621,7.157894736842105,60,1.0,0.1166464155528554,0.006272450953302017,1.654921020656136,185,0
BPIC2012_2000_ORDERING_2.0_1_heuristics.pnml,110,5,0.6024308020404452,3,0.990909090909091,62,4.735294117647059,12,0.967948717948718,0.7272727272727273,0.030696576151121605,1.4181818181818182,54,0
BPIC2012_2000_INSERTION_0.1_5_heuristics.pnml,105,6,0.6373874992221911,3,0.9523809523809523,57,4.838709677419355,10,0.9459459459459459,0.7714285714285715,0.031678082191780824,1.4095238095238096,49,0
BPIC2012_10000_INSERTION_0.4_1_heuristics.pnml,139,1,0.7424875695421236,4,0.9496402877697842,84,5.552631578947368,14,0.9658536585365853,0.6474820143884892,0.026706618030224075,1.474820143884892,58,3
Sepsis_4000_SUBSTITUTION_0.4_3_inductive.pnml,119,3,0.6500224216483541,6,0.9747899159663865,63,3.462962962962963,9,1.0,0.37815126050420167,0.023525908278737344,1.3277310924369747,47,0
Sepsis_1000_SUBSTITUTION_0.1_3_alpha.pnml,24,15,0.9182958340544896,7,0.9166666666666666,16,4.333333333333333,14,1.0,0.0,0.14705882352941177,1.4583333333333333,0,2
RTFMS_40000_ABSENCE_1.0_5_inductive.pnml,63,2,0.7219280948873623,7,0.9841269841269842,33,3.2,5,1.0,0.06349206349206349,0.04285714285714286,1.3333333333333333,23,0
Sepsis_10000_ABSENCE_2.0_5_inductive.pnml,95,3,0.5107878229540133,9,0.9789473684210527,44,3.4545454545454546,11,1.0,0.25263157894736843,0.028455284552845527,1.3263157894736841,37,0
Sepsis_1000_ABSENCE_10.0_4_inductive.pnml,97,3,0.4959690720618337,9,0.9690721649484536,45,3.369565217391304,11,1.0,0.24742268041237114,0.027705627705627706,1.3195876288659794,38,0
BPIC2012_1000_INSERTION_0.4_1_inductive.pnml,138,0,0.7355085815538398,8,0.9420289855072463,69,3.4655172413793105,6,0.9388888888888889,0.927536231884058,0.0195993031358885,1.3043478260869565,55,0
BPIC2012_1000_INSERTION_0.4_4_inductive.pnml,139,0,0.7355085815538398,8,0.9280575539568345,68,3.4482758620689653,7,0.9333333333333333,0.920863309352518,0.019255455712451863,1.2949640287769784,56,0
Sepsis_100000_SUBSTITUTION_4.0_5_alpha.pnml,1945,17,0.0,0,0.9989717223650385,209,200.5,209,1.0,0.0,0.05159547092125579,0.20616966580976864,0,0
RTFMS_2000_MIXED_10.0_4_inductive.pnml,158,1,0.7281342378690551,7,0.9746835443037974,97,4.1875,14,1.0,0.1518987341772152,0.020890599230346345,1.4430379746835442,55,0
BPIC2012_20000_ORDERING_0.2_1_inductive.pnml,76,0,0.6500224216483541,3,0.9736842105263158,45,4.583333333333333,11,0.9622641509433962,0.868421052631579,0.040769230769230766,1.394736842105263,25,0
Sepsis_20000_MIXED_10.0_5_alpha.pnml,511,2,0.8112781244591328,1,0.9921722113502935,68,34.5,67,0.9927007299270073,0.0,0.03377712031558185,0.26810176125244617,0,0
Sepsis_1000_ABSENCE_0.2_1_inductive.pnml,97,4,0.5586293734521992,9,0.9690721649484536,42,3.282608695652174,11,0.9841269841269842,0.24742268041237114,0.027131782945736434,1.2989690721649485,37,0
Sepsis_20000_ABSENCE_1.0_1_inductive.pnml,95,3,0.5107878229540133,9,0.9789473684210527,44,3.4545454545454546,11,1.0,0.25263157894736843,0.028455284552845527,1.3263157894736841,37,0
Sepsis_4000_MIXED_1.0_2_alpha.pnml,41,3,0.9949848281859701,12,0.9024390243902439,36,4.541666666666667,16,1.0,0.36585365853658536,0.09065934065934066,1.6097560975609757,0,3
Sepsis_10000_INSERTION_0.1_3_heuristics.pnml,125,31,0.9182958340544896,8,1.0,92,4.980392156862745,15,1.0,0.72,0.030399274047186932,1.608,64,7
Sepsis_1000_ABSENCE_0.1_3_inductive_inf.pnml,91,3,0.5349436990971066,9,0.967032967032967,38,3.341463414634146,11,0.9661016949152542,0.26373626373626374,0.02878048780487805,1.2967032967032968,33,0
RTFMS_20000_MIXED_2.0_4_inductive.pnml,208,1,0.7455178428108284,7,0.9807692307692307,147,5.575757575757576,28,1.0,0.11538461538461539,0.02009368836291913,1.5673076923076923,57,0
BPIC2012_10000_MIXED_10.0_1_alpha.pnml,259,5,0.9709505944546686,4,0.9613899613899614,46,10.7,42,0.9494949494949495,0.0,0.022,0.38223938223938225,0,0
RTFMS_100000_MIXED_10.0_3_heuristics.pnml,2509,25,0.8824744521750667,14,1.0,2436,48.48543689320388,681,1.0,0.4543642885611798,0.013605083522948,1.9541650059784774,137,2
BPIC2012_2000_inductive_inf.pnml,134,0,0.7355085815538398,9,0.9328358208955224,65,3.413793103448276,6,0.9310344827586207,0.9104477611940298,0.019917582417582416,1.2985074626865671,53,0
Sepsis_20000_SUBSTITUTION_4.0_3_heuristics.pnml,537,38,0.9127341558073343,9,1.0,498,17.737704918032787,93,1.0,0.7057728119180633,0.02296747967479675,1.893854748603352,87,7
Sepsis_4000_ABSENCE_1.0_1_alpha.pnml,22,14,0.9402859586706311,7,0.9545454545454546,19,4.071428571428571,14,1.0,0.0,0.18229166666666666,1.5909090909090908,0,2
RTFMS_4000_SUBSTITUTION_0.4_4_heuristics.pnml,80,25,0.9568886656798212,4,1.0,58,4.27027027027027,12,1.0,0.45,0.04344729344729345,1.525,33,3
RTFMS_2000_ORDERING_1.0_2_inductive.pnml,59,1,0.863120568566631,4,0.9661016949152542,34,3.4285714285714284,5,0.9743589743589743,0.8813559322033898,0.04642857142857143,1.3220338983050848,23,0
Sepsis_2000_MIXED_10.0_1_heuristics.pnml,173,30,0.9377342939868041,7,1.0,143,7.25,24,1.0,0.6069364161849711,0.030312246553122466,1.7283236994219653,67,6
BPIC2012_4000_MIXED_0.1_2_inductive_inf.pnml,136,0,0.676941869780886,8,0.9264705882352942,69,3.5357142857142856,6,0.9438202247191011,0.8897058823529411,0.019977553310886645,1.3088235294117647,55,0
RTFMS_1000_SUBSTITUTION_0.4_4_inductive_inf.pnml,48,3,0.5032583347756457,1,0.9583333333333334,29,3.8333333333333335,6,0.984375,0.08333333333333333,0.06072106261859583,1.3333333333333333,16,0
Sepsis_10000_INSERTION_4.0_4_alpha.pnml,217,5,0.0,0,0.9815668202764977,29,21.333333333333332,32,1.0,0.0,0.04984423676012461,0.29493087557603687,0,0
Sepsis_1000_SUBSTITUTION_2.0_4_heuristics.pnml,108,30,0.9268190639645772,4,1.0,84,5.631578947368421,15,1.0,0.6666666666666666,0.03862941946748145,1.6388888888888888,53,4
RTFMS_20000_ORDERING_0.2_5_inductive.pnml,42,0,0.7642045065086203,4,0.9523809523809523,22,3.6666666666666665,6,0.9642857142857143,0.30952380952380953,0.06481481481481481,1.3333333333333333,12,0
BPIC2012_40000_ORDERING_0.2_2_inductive_inf.pnml,119,1,0.8497511372532974,9,0.957983193277311,66,3.4482758620689653,7,0.96875,0.8907563025210085,0.023474178403755867,1.3445378151260505,47,0
BPIC2012_10000_SUBSTITUTION_0.2_4_alpha.pnml,41,12,0.9182958340544896,3,0.8048780487804879,9,4.222222222222222,13,0.90625,0.0,0.06060606060606061,0.7804878048780488,0,1
BPIC2012_40000_ORDERING_0.1_4_inductive.pnml,117,0,0.8366407419411672,9,0.9829059829059829,57,3.688888888888889,6,0.9090909090909091,0.9145299145299145,0.023109243697478993,1.3162393162393162,43,0
BPIC2012_2000_INSERTION_4.0_2_alpha.pnml,69,9,0.8112781244591328,0,0.855072463768116,10,7.5,17,0.8055555555555556,0.0,0.041474654377880185,0.5217391304347826,0,0
Sepsis_100000_ABSENCE_2.0_5_heuristics.pnml,113,36,0.9684610087601622,9,1.0,86,5.0,14,1.0,0.5221238938053098,0.03336940836940837,1.6371681415929205,60,10
RTFMS_2000_MIXED_1.0_3_inductive_inf.pnml,74,2,0.6500224216483541,4,0.8918918918918919,40,3.2222222222222223,6,1.0,0.16216216216216217,0.03636363636363636,1.2972972972972974,29,0
RTFMS_100000_ORDERING_4.0_2_inductive.pnml,70,1,0.8524051786494786,8,0.9714285714285714,34,3.2777777777777777,5,0.9565217391304348,0.05714285714285714,0.03782894736842105,1.3142857142857143,26,0
RTFMS_40000_ABSENCE_10.0_5_heuristics.pnml,70,20,0.9182958340544896,4,1.0,49,3.7777777777777777,10,1.0,0.42857142857142855,0.04533333333333334,1.457142857142857,33,1
Sepsis_2000_INSERTION_0.4_3_alpha.pnml,29,14,0.9886994082884974,8,0.9310344827586207,19,4.0625,15,0.975609756097561,0.0,0.12202380952380952,1.4137931034482758,0,2
Sepsis_10000_INSERTION_4.0_3_alpha.pnml,203,2,0.9182958340544896,0,0.9802955665024631,31,21.666666666666668,31,0.984375,0.0,0.05333333333333334,0.31527093596059114,0,0
BPIC2012_100000_heuristics.pnml,123,2,0.8212809417449863,5,0.9349593495934959,65,4.564102564102564,11,0.9473684210526316,0.7317073170731707,0.02575301204819277,1.3902439024390243,58,4
RTFMS_10000_MIXED_0.2_2_inductive.pnml,90,3,0.7642045065086203,5,0.9333333333333333,47,3.2666666666666666,5,0.9915254237288136,0.3333333333333333,0.030349794238683128,1.3111111111111111,37,0
BPIC2012_40000_ABSENCE_2.0_1_alpha.pnml,38,12,0.998363672593813,11,0.9736842105263158,18,4.0,16,1.0,0.0,0.07738095238095238,1.368421052631579,0,9
RTFMS_100000_MIXED_2.0_2_alpha.pnml,498,5,0.9182958340544896,1,0.9919678714859438,163,110.0,165,0.9969604863221885,0.0,0.11077441077441078,0.6606425702811245,0,0
Sepsis_1000_MIXED_10.0_5_heuristics.pnml,127,25,0.9182958340544896,5,1.0,100,6.410256410256411,17,1.0,0.6692913385826772,0.0365979381443299,1.6771653543307086,60,4
RTFMS_10000_ABSENCE_0.4_1_inductive.pnml,41,1,0.5435644431995964,1,0.975609756097561,27,3.875,7,1.0,0.7317073170731707,0.07407407407407407,1.3658536585365855,15,0
Sepsis_10000_ABSENCE_1.0_3_inductive.pnml,95,3,0.5107878229540133,9,0.9789473684210527,44,3.4545454545454546,11,1.0,0.25263157894736843,0.028455284552845527,1.3263157894736841,37,0
RTFMS_20000_SUBSTITUTION_0.4_2_alpha.pnml,60,17,0.9852281360342515,5,0.9666666666666667,21,8.857142857142858,27,1.0,0.1,0.07412398921832884,0.9166666666666666,0,2
Sepsis_40000_INSERTION_0.2_2_inductive.pnml,204,4,0.7347813522127804,11,0.9803921568627451,115,3.739130434782609,15,1.0,0.5735294117647058,0.014848896789710343,1.392156862745098,76,0
BPIC2012_4000_ORDERING_0.4_4_inductive.pnml,138,2,0.7973265101474423,11,0.9637681159420289,64,3.4827586206896552,7,0.9166666666666666,0.8840579710144928,0.01930916112422227,1.3043478260869565,54,0
Sepsis_1000_ORDERING_2.0_1_heuristics.pnml,98,28,0.9268190639645772,4,1.0,73,5.052631578947368,14,1.0,0.6428571428571429,0.038980509745127435,1.5918367346938775,52,4
RTFMS_20000_ORDERING_1.0_5_inductive.pnml,41,0,0.8997437586982626,4,0.9512195121951219,23,3.6842105263157894,8,0.9642857142857143,0.7317073170731707,0.06862745098039216,1.3658536585365855,12,0
BPIC2012_100000_MIXED_0.1_3_inductive.pnml,255,3,0.7219280948873623,16,0.9882352941176471,136,3.4916666666666667,8,0.9941860465116279,0.596078431372549,0.011137011137011137,1.3490196078431373,106,0
BPIC2012_4000_ORDERING_4.0_2_inductive.pnml,150,1,0.8437582063121658,12,0.9666666666666667,76,3.111111111111111,4,0.9742268041237113,0.8933333333333333,0.017556561085972852,1.2933333333333332,60,0
BPIC2012_20000_ORDERING_2.0_1_alpha.pnml,44,6,0.9910760598382222,19,0.9772727272727273,32,4.62962962962963,16,1.0,0.5227272727272727,0.078125,1.7045454545454546,0,12
Sepsis_4000_SUBSTITUTION_1.0_1_heuristics.pnml,141,44,0.9656361333706098,7,1.0,112,6.173913043478261,20,1.0,0.6453900709219859,0.030795218295218297,1.6808510638297873,64,10
BPIC2012_10000_SUBSTITUTION_10.0_1_heuristics.pnml,729,4,0.6329208984823799,6,0.9986282578875172,647,19.89855072463768,107,1.0,0.6337448559670782,0.01651614803180524,1.8463648834019204,142,3
BPIC2012_4000_ABSENCE_4.0_1_heuristics.pnml,130,0,0.7219280948873623,4,0.9461538461538461,73,4.775,14,0.967391304347826,0.7076923076923077,0.025555555555555557,1.4153846153846155,65,3
RTFMS_1000_SUBSTITUTION_10.0_1_inductive_inf.pnml,121,3,0.4305518670104394,2,0.9669421487603306,82,5.705882352941177,18,1.0,0.19834710743801653,0.032974910394265235,1.5206611570247934,32,0
RTFMS_20000_SUBSTITUTION_0.4_2_heuristics.pnml,113,28,0.8739810481273578,2,1.0,91,6.352941176470588,27,1.0,0.21238938053097345,0.0425,1.654867256637168,34,1
BPIC2012_40000_SUBSTITUTION_4.0_3_alpha.pnml,789,11,0.0,0,0.9974651457541192,119,124.5,130,1.0,0.0,0.07909783989834816,0.3155893536121673,0,0
Sepsis_1000_MIXED_1.0_4_inductive.pnml,125,2,0.6436394131461666,11,0.976,59,3.2950819672131146,7,0.9878048780487805,0.224,0.02138758476786646,1.312,49,0
RTFMS_1000_MIXED_0.4_4_inductive.pnml,64,2,0.7219280948873623,3,0.953125,33,3.2333333333333334,5,0.975609756097561,0.125,0.04149797570850203,1.28125,25,0
Sepsis_4000_ORDERING_0.2_2_inductive.pnml,88,2,0.4770713062193297,9,0.9772727272727273,39,3.4871794871794872,11,0.9827586206896551,0.2727272727272727,0.030350601779173206,1.3181818181818181,32,0
Sepsis_10000_ABSENCE_10.0_4_alpha.pnml,23,11,0.9402859586706311,8,0.9565217391304348,20,4.357142857142857,14,1.0,0.0,0.16964285714285715,1.6521739130434783,0,4
RTFMS_10000_INSERTION_4.0_5_alpha.pnml,200,20,1.0,4,0.98,77,18.25,70,0.9925925925925926,0.03,0.05798969072164949,0.675,0,1
RTFMS_4000_MIXED_10.0_1_heuristics.pnml,207,22,0.954434002924965,8,1.0,170,7.321428571428571,41,1.0,0.6086956521739131,0.026646706586826347,1.7198067632850242,61,6
Sepsis_1000_INSERTION_4.0_4_alpha.pnml,56,7,0.9967916319816366,17,0.9464285714285714,39,4.533333333333333,15,0.9876543209876543,0.16071428571428573,0.06585365853658537,1.4464285714285714,0,6
RTFMS_1000_SUBSTITUTION_0.4_4_inductive.pnml,55,5,0.6500224216483541,2,0.9818181818181818,34,3.5833333333333335,6,1.0,0.07272727272727272,0.05285714285714286,1.3454545454545455,20,0
BPIC2012_2000_ABSENCE_0.4_2_alpha.pnml,34,8,0.9957274520849255,5,0.8529411764705882,13,4.0,12,0.9189189189189189,0.0,0.07708333333333334,1.088235294117647,0,1
BPIC2012_40000_ABSENCE_10.0_5_inductive.pnml,111,1,0.6420642892306891,6,0.963963963963964,65,3.6122448979591835,8,0.9933333333333333,0.8828828828828829,0.025879917184265012,1.3513513513513513,44,0
Sepsis_100000_INSERTION_0.2_4_inductive_inf.pnml,101,0,0.5225593745369408,3,0.9603960396039604,66,4.764705882352941,14,1.0,0.6237623762376238,0.03474178403755868,1.4653465346534653,33,0
Sepsis_10000_ORDERING_0.2_5_heuristics.pnml,107,32,0.9503376699710268,8,1.0,82,4.956521739130435,14,1.0,0.5514018691588785,0.03583128583128583,1.6355140186915889,57,7
Sepsis_1000_MIXED_4.0_4_heuristics.pnml,114,26,0.9097361225311662,4,1.0,85,5.5,16,1.0,0.631578947368421,0.03575592693354061,1.6140350877192982,56,4
BPIC2012_40000_MIXED_0.4_4_inductive.pnml,263,3,0.7376423801856891,16,0.9847908745247148,145,3.552,10,1.0,0.5817490494296578,0.011086474501108648,1.3688212927756653,102,0
Sepsis_10000_ABSENCE_1.0_3_inductive_inf.pnml,82,2,0.4854607607459134,8,0.975609756097561,38,3.4210526315789473,10,1.0,0.2926829268292683,0.03260869565217391,1.3170731707317074,32,0
Sepsis_1000_INSERTION_0.1_3_inductive.pnml,95,3,0.5185697317883058,10,0.968421052631579,40,3.372093023255814,12,0.967741935483871,0.25263157894736843,0.027728085867620753,1.305263157894737,34,0
Sepsis_20000_MIXED_0.1_4_inductive.pnml,137,2,0.7382848661434506,12,0.9854014598540146,68,3.2222222222222223,5,1.0,0.20437956204379562,0.01955671447196871,1.313868613138686,54,0
BPIC2012_40000_SUBSTITUTION_4.0_2_heuristics.pnml,1137,2,0.5916727785823275,6,1.0,1037,25.785714285714285,144,1.0,0.6402814423922604,0.013408662900188323,1.878627968337731,176,3
RTFMS_1000_SUBSTITUTION_10.0_4_heuristics.pnml,136,19,0.8841151220488479,4,1.0,101,5.8604651162790695,24,1.0,0.23529411764705882,0.032215357458075904,1.6102941176470589,45,4
BPIC2012_10000_ORDERING_0.4_2_alpha.pnml,36,9,0.9975025463691152,7,0.8888888888888888,19,3.8823529411764706,14,0.8936170212765957,0.0,0.08159722222222222,1.3055555555555556,0,1
RTFMS_40000_MIXED_2.0_1_alpha.pnml,208,8,0.954434002924965,5,0.9759615384615384,76,19.625,72,0.993103448275862,0.0,0.05152807391613362,0.6971153846153846,0,3
Sepsis_4000_MIXED_0.4_4_heuristics.pnml,126,41,0.9601186626422924,7,1.0,94,5.319148936170213,15,1.0,0.6666666666666666,0.030502392344497607,1.619047619047619,64,10
BPIC2012_1000_ORDERING_0.2_1_inductive.pnml,136,1,0.8042522359016422,9,0.9632352941176471,65,3.43859649122807,6,0.9204545454545454,0.8897058823529411,0.019542527204086165,1.2941176470588236,54,0
RTFMS_2000_ORDERING_0.1_2_inductive.pnml,58,1,0.8497511372532974,4,0.9482758620689655,33,3.2758620689655173,5,0.9736842105263158,0.8275862068965517,0.04656862745098039,1.3103448275862069,22,0
BPIC2012_1000_ORDERING_1.0_3_inductive.pnml,135,2,0.8184033299219706,10,0.962962962962963,64,3.5272727272727273,6,0.9147727272727273,0.8814814814814815,0.01979307242465137,1.3037037037037038,53,0
RTFMS_20000_SUBSTITUTION_1.0_2_inductive.pnml,231,3,0.7455178428108284,7,0.9826839826839827,171,6.2727272727272725,49,1.0,0.1038961038961039,0.019982810485603783,1.6103896103896105,57,0
BPIC2012_10000_ORDERING_2.0_4_heuristics.pnml,137,1,0.7120640548905479,4,0.948905109489051,79,4.951219512195122,14,0.9693877551020408,0.6715328467153284,0.024898373983739838,1.4306569343065694,71,3
RTFMS_10000_MIXED_0.2_4_alpha.pnml,30,17,0.9980008838722996,14,0.9666666666666667,21,4.105263157894737,11,0.9795918367346939,0.3,0.10888888888888888,1.6333333333333333,0,8
Sepsis_1000_MIXED_0.4_2_alpha.pnml,23,15,0.9182958340544896,7,0.9130434782608696,16,4.333333333333333,14,1.0,0.0,0.15625,1.5217391304347827,0,2
Sepsis_1000_ABSENCE_0.2_1_alpha.pnml,23,15,0.9182958340544896,7,0.9130434782608696,16,4.333333333333333,14,1.0,0.0,0.15625,1.5217391304347827,0,2
RTFMS_2000_INSERTION_0.2_3_heuristics.pnml,67,29,0.9275265884316759,3,0.9552238805970149,45,3.6,8,1.0,0.1791044776119403,0.04455909943714822,1.4179104477611941,27,3
BPIC2012_10000_ORDERING_4.0_5_alpha.pnml,39,3,0.9990102708804813,15,0.9743589743589743,36,4.37037037037037,16,0.9852941176470589,0.0,0.09444444444444444,1.7435897435897436,0,7
Sepsis_40000_INSERTION_2.0_1_inductive.pnml,592,1,0.7408656862339817,14,0.9932432432432432,474,8.838709677419354,163,1.0,0.0945945945945946,0.010493266132363876,1.7162162162162162,105,0
BPIC2012_1000_ORDERING_0.1_4_alpha.pnml,34,8,1.0,4,0.7941176470588236,11,3.9166666666666665,11,0.8857142857142857,0.0,0.07291666666666667,1.0294117647058822,0,1
Sepsis_2000_MIXED_1.0_2_heuristics.pnml,124,32,0.9377342939868041,6,1.0,96,5.25,15,1.0,0.6854838709677419,0.03242375601926164,1.6290322580645162,67,5
Sepsis_1000_ABSENCE_10.0_1_alpha.pnml,23,14,0.9182958340544896,7,0.9130434782608696,17,4.416666666666667,14,1.0,0.0,0.16071428571428573,1.565217391304348,0,2
RTFMS_1000_INSERTION_0.2_4_heuristics.pnml,55,16,0.9402859586706311,3,0.9636363636363636,31,3.392857142857143,5,0.9864864864864865,0.12727272727272726,0.050271739130434784,1.3454545454545455,19,4
Sepsis_20000_ABSENCE_4.0_1_heuristics.pnml,108,34,0.9503376699710268,8,1.0,84,5.043478260869565,14,1.0,0.5462962962962963,0.03595959595959596,1.6481481481481481,58,7
RTFMS_4000_SUBSTITUTION_0.2_3_heuristics.pnml,73,25,0.9568886656798212,4,1.0,51,3.891891891891892,10,1.0,0.4931506849315068,0.044189852700491,1.4794520547945205,31,3
Sepsis_40000_INSERTION_4.0_4_heuristics.pnml,925,34,0.9136617865655933,12,1.0,879,25.47945205479452,148,1.0,0.7621621621621621,0.019279037562748833,1.9264864864864866,104,7
RTFMS_10000_ABSENCE_0.4_1_alpha.pnml,33,13,0.9940302114769565,23,1.0,22,4.636363636363637,9,1.0,0.5757575757575758,0.128099173553719,1.878787878787879,0,19
Sepsis_4000_SUBSTITUTION_0.1_5_alpha.pnml,25,13,0.9709505944546686,7,0.92,20,3.933333333333333,14,1.0,0.0,0.15350877192982457,1.4,0,2
BPIC2012_2000_MIXED_10.0_4_inductive.pnml,295,0,0.7364977795505668,16,0.9864406779661017,169,3.674074074074074,11,1.0,0.5084745762711864,0.010141181149333864,1.383050847457627,114,0
BPIC2012_10000_SUBSTITUTION_0.1_4_alpha.pnml,39,13,0.9940302114769565,4,0.8717948717948718,9,3.909090909090909,12,0.8571428571428572,0.0,0.0603448275862069,0.8974358974358975,0,0
BPIC2012_40000_SUBSTITUTION_0.4_4_inductive.pnml,306,5,0.7408656862339817,14,0.9869281045751634,187,4.225806451612903,20,1.0,0.5196078431372549,0.010890894819466248,1.4509803921568627,104,0
Sepsis_40000_ORDERING_0.1_3_heuristics.pnml,110,37,0.9440870182837794,8,1.0,86,5.0212765957446805,15,1.0,0.5363636363636364,0.03502321981424149,1.6454545454545455,59,7
RTFMS_20000_ORDERING_0.4_2_inductive.pnml,44,0,0.8812908992306927,4,0.9545454545454546,25,3.7,8,0.9666666666666667,0.75,0.0641025641025641,1.3636363636363635,14,0
RTFMS_10000_ABSENCE_0.1_4_alpha.pnml,31,13,0.998363672593813,21,1.0,22,4.571428571428571,9,1.0,0.5806451612903226,0.1318181818181818,1.8709677419354838,0,16
Sepsis_40000_MIXED_4.0_1_heuristics.pnml,541,19,0.9283620723948676,13,1.0,502,17.125,95,1.0,0.6469500924214417,0.022507685551163812,1.8946395563770795,89,7
BPIC2012_4000_MIXED_1.0_1_heuristics.pnml,146,1,0.6840384356390417,4,0.9452054794520548,86,5.045454545454546,14,0.985781990521327,0.6712328767123288,0.024152930402930404,1.4452054794520548,65,3
BPIC2012_10000_MIXED_1.0_4_heuristics.pnml,162,2,0.6751914401458716,4,0.9876543209876543,103,5.733333333333333,16,0.9918367346938776,0.691358024691358,0.024305555555555556,1.5123456790123457,69,3
Sepsis_10000_MIXED_0.2_1_alpha.pnml,29,16,0.9886994082884974,9,0.9655172413793104,21,4.3125,16,1.0,0.0,0.125,1.4482758620689655,0,3
Sepsis_4000_SUBSTITUTION_0.1_2_alpha.pnml,27,15,0.9182958340544896,8,0.8888888888888888,19,4.066666666666666,14,0.925,0.2962962962962963,0.12345679012345678,1.4814814814814814,0,2
RTFMS_1000_ABSENCE_1.0_5_alpha.pnml,28,9,0.863120568566631,12,1.0,12,4.0,7,1.0,0.0,0.11229946524064172,1.5,0,11
Sepsis_2000_SUBSTITUTION_0.2_5_alpha.pnml,25,17,0.9402859586706311,7,0.92,18,3.9285714285714284,14,1.0,0.0,0.14912280701754385,1.36,0,1
RTFMS_40000_INSERTION_4.0_5_alpha.pnml,756,3,1.0,2,0.996031746031746,196,67.16666666666667,195,1.0,0.0,0.06565824468085106,0.5224867724867724,0,1
Sepsis_4000_ORDERING_10.0_3_alpha.pnml,23,8,0.9852281360342515,7,0.9565217391304348,19,4.5,15,1.0,0.0,0.17410714285714285,1.6956521739130435,0,5
RTFMS_2000_INSERTION_0.1_5_alpha.pnml,25,16,0.8904916402194913,8,0.84,9,3.3846153846153846,6,0.9375,0.0,0.10256410256410256,1.28,0,5
BPIC2012_20000_ORDERING_10.0_1_alpha.pnml,55,20,0.9330252953592911,35,0.9818181818181818,62,5.069767441860465,20,1.0,0.7636363636363637,0.0793010752688172,2.1454545454545455,0,29
RTFMS_20000_SUBSTITUTION_0.4_5_inductive.pnml,149,1,0.7771529943226336,7,0.9865771812080537,91,4.163934426229508,25,1.0,0.1610738255033557,0.021836734693877553,1.436241610738255,53,0
RTFMS_40000_ORDERING_0.2_3_inductive_inf.pnml,71,0,0.8524051786494786,8,0.971830985915493,35,3.3333333333333335,6,0.9574468085106383,0.056338028169014086,0.03766025641025641,1.323943661971831,27,0
Sepsis_4000_ABSENCE_1.0_5_heuristics.pnml,114,41,0.9709505944546686,7,1.0,85,5.111111111111111,14,1.0,0.6929824561403509,0.03276353276353276,1.6140350877192982,61,10
RTFMS_20000_INSERTION_10.0_4_heuristics.pnml,1081,40,0.8989377852081333,7,1.0,1034,29.506849315068493,244,1.0,0.5790934320074006,0.019845802398629354,1.9287696577243294,91,1
BPIC2012_20000_ORDERING_10.0_1_heuristics.pnml,160,7,0.7062740891876007,4,0.99375,100,4.980769230769231,20,0.9957805907172996,0.7,0.02259725400457666,1.48125,89,3
Sepsis_20000_MIXED_0.4_2_heuristics.pnml,142,32,0.9248187049730301,8,1.0,111,5.84,19,1.0,0.5563380281690141,0.03063063063063063,1.676056338028169,63,7
RTFMS_10000_MIXED_0.1_3_alpha.pnml,26,11,0.9852281360342515,12,0.9615384615384616,15,4.285714285714286,10,1.0,0.5,0.11904761904761904,1.5384615384615385,0,8
Sepsis_10000_ABSENCE_2.0_3_alpha.pnml,22,15,0.9402859586706311,7,0.9545454545454546,18,4.0,14,1.0,0.0,0.17708333333333334,1.5454545454545454,0,2
RTFMS_20000_INSERTION_4.0_3_alpha.pnml,395,11,0.954434002924965,4,0.9772151898734177,99,27.5,103,0.9904761904761905,0.0,0.03865979381443299,0.5316455696202531,0,0
RTFMS_100000_INSERTION_4.0_4_alpha.pnml,1849,8,0.9852281360342515,3,0.9962141698215251,472,135.0,466,0.9989339019189766,0.0,0.04241273286308555,0.50730124391563,0,1
RTFMS_2000_SUBSTITUTION_0.1_5_alpha.pnml,27,12,0.8112781244591328,10,0.8518518518518519,9,3.8333333333333335,6,0.9459459459459459,0.0,0.10511363636363637,1.3703703703703705,0,9
BPIC2012_20000_ORDERING_0.2_4_alpha.pnml,33,4,0.9852281360342515,5,0.9090909090909091,16,3.857142857142857,13,0.9736842105263158,0.0,0.08796296296296297,1.1515151515151516,0,2
Sepsis_2000_MIXED_0.1_1_heuristics.pnml,114,34,0.9503376699710268,6,1.0,88,5.043478260869565,14,1.0,0.5263157894736842,0.033823529411764704,1.6140350877192982,62,6
BPIC2012_10000_SUBSTITUTION_0.1_5_alpha.pnml,42,5,0.9709505944546686,2,0.7380952380952381,10,3.6,11,0.8,0.0,0.051319648093841645,0.8333333333333334,0,0
Sepsis_1000_ORDERING_1.0_3_inductive.pnml,91,3,0.5349436990971066,9,0.967032967032967,38,3.341463414634146,11,0.9661016949152542,0.26373626373626374,0.02878048780487805,1.2967032967032968,33,0
RTFMS_10000_MIXED_4.0_2_alpha.pnml,110,5,0.9852281360342515,3,0.9636363636363636,41,13.571428571428571,40,1.0,0.05454545454545454,0.08095238095238096,0.7727272727272727,0,1
RTFMS_100000_ABSENCE_0.4_3_heuristics.pnml,74,13,0.9090221560878149,5,1.0,49,3.72972972972973,10,1.0,0.4594594594594595,0.04176516942474389,1.4324324324324325,35,2
RTFMS_4000_MIXED_0.2_5_heuristics.pnml,76,21,0.9612366047228759,5,1.0,53,3.8974358974358974,9,1.0,0.6973684210526315,0.04270597127739985,1.486842105263158,35,3
RTFMS_40000_SUBSTITUTION_10.0_5_inductive_inf.pnml,1943,2,0.45079138835466503,3,0.997941327843541,1886,71.9245283018868,619,1.0,0.018528049408131755,0.020866314863676343,1.9536798764796706,53,0
Sepsis_4000_ABSENCE_0.2_5_heuristics.pnml,117,42,0.9656361333706098,7,1.0,87,5.086956521739131,14,1.0,0.6752136752136753,0.03175675675675676,1.606837606837607,63,10
Sepsis_20000_ABSENCE_0.1_3_heuristics.pnml,107,34,0.9503376699710268,8,1.0,83,5.0,14,1.0,0.5514018691588785,0.036036036036036036,1.644859813084112,57,7
RTFMS_4000_MIXED_0.4_4_inductive.pnml,67,1,0.7088356733321961,3,0.9552238805970149,37,3.3870967741935485,5,1.0,0.6119402985074627,0.04127579737335835,1.3134328358208955,26,0
RTFMS_100000_SUBSTITUTION_1.0_1_alpha.pnml,507,13,0.9852281360342515,2,0.9921104536489151,180,51.714285714285715,176,0.9971590909090909,0.0,0.0701195219123506,0.6942800788954635,0,2
RTFMS_1000_MIXED_0.2_4_heuristics.pnml,56,17,0.9293636260137187,3,1.0,33,3.3793103448275863,6,1.0,0.125,0.05006587615283267,1.3571428571428572,20,4
BPIC2012_2000_INSERTION_2.0_2_alpha.pnml,52,8,0.9182958340544896,1,0.8653846153846154,8,4.833333333333333,13,0.8666666666666667,0.0,0.047619047619047616,0.5769230769230769,0,0
Sepsis_4000_SUBSTITUTION_0.1_2_heuristics.pnml,119,42,0.9656361333706098,7,1.0,89,5.173913043478261,14,1.0,0.6722689075630253,0.03164139749505603,1.6134453781512605,63,10
Sepsis_10000_ORDERING_0.4_4_alpha.pnml,24,10,0.9709505944546686,8,0.9583333333333334,20,4.133333333333334,14,1.0,0.0,0.1484375,1.5833333333333333,0,4
Sepsis_4000_ABSENCE_0.4_2_inductive_inf.pnml,93,4,0.5107878229540133,9,0.978494623655914,42,3.3636363636363638,11,1.0,0.25806451612903225,0.028611632270168854,1.3118279569892473,36,0
BPIC2012_40000_INSERTION_0.1_1_heuristics.pnml,143,2,0.7691928290130138,4,0.9790209790209791,87,5.55,14,0.9671361502347418,0.6993006993006993,0.025849514563106798,1.4895104895104896,60,3
Sepsis_2000_INSERTION_0.2_5_alpha.pnml,26,22,0.9774178175281716,9,0.9615384615384616,19,3.8823529411764706,14,0.975,0.0,0.1388888888888889,1.5384615384615385,0,1
Sepsis_4000_ORDERING_0.1_3_heuristics.pnml,117,42,0.9656361333706098,7,1.0,87,5.086956521739131,14,1.0,0.6752136752136753,0.03175675675675676,1.606837606837607,63,10
BPIC2012_10000_ABSENCE_0.1_2_alpha.pnml,34,8,0.9957274520849255,5,0.8529411764705882,13,4.0,12,0.9189189189189189,0.0,0.07708333333333334,1.088235294117647,0,1
BPIC2012_1000_ABSENCE_2.0_5_inductive.pnml,137,1,0.7355085815538398,8,0.9343065693430657,68,3.4310344827586206,6,0.9382022471910112,0.8832116788321168,0.019620811287477953,1.2992700729927007,56,0
Sepsis_10000_ORDERING_0.4_3_inductive.pnml,93,5,0.5830194167347008,8,0.978494623655914,40,3.302325581395349,10,0.9833333333333333,0.25806451612903225,0.028142589118198873,1.2903225806451613,35,0
BPIC2012_20000_ABSENCE_4.0_4_inductive.pnml,111,1,0.6420642892306891,6,0.963963963963964,65,3.6122448979591835,8,0.9933333333333333,0.8828828828828829,0.025879917184265012,1.3513513513513513,44,0
Sepsis_40000_SUBSTITUTION_0.1_4_heuristics.pnml,122,36,0.9503376699710268,8,1.0,99,5.695652173913044,17,1.0,0.5491803278688525,0.035240040858018386,1.6967213114754098,57,7
Sepsis_20000_INSERTION_0.1_1_alpha.pnml,36,35,0.9910760598382222,15,0.8611111111111112,22,4.444444444444445,17,0.9411764705882353,0.0,0.09272727272727273,1.4166666666666667,0,2
BPIC2012_20000_ORDERING_0.2_3_heuristics.pnml,127,4,0.7691928290130138,4,0.9685039370078741,71,4.775,14,0.9668508287292817,0.6929133858267716,0.026369463869463868,1.4251968503937007,63,3
RTFMS_4000_INSERTION_4.0_1_inductive.pnml,168,4,0.676941869780886,6,0.9761904761904762,113,5.142857142857143,18,1.0,0.16666666666666666,0.022808267997148968,1.5238095238095237,49,0
BPIC2012_2000_INSERTION_0.2_4_heuristics.pnml,105,6,0.6373874992221911,3,0.9523809523809523,57,4.838709677419355,10,0.9459459459459459,0.7714285714285715,0.031678082191780824,1.4095238095238096,49,0
BPIC2012_100000_ORDERING_10.0_3_heuristics.pnml,179,5,0.6429383500409614,4,1.0,115,5.2727272727272725,23,1.0,0.664804469273743,0.021114599686028256,1.5027932960893855,105,3
BPIC2012_20000_ORDERING_10.0_3_heuristics.pnml,161,8,0.714015280437867,4,0.9937888198757764,103,5.1568627450980395,21,0.995850622406639,0.6894409937888198,0.023084291187739463,1.4968944099378882,91,3
Sepsis_20000_SUBSTITUTION_0.2_1_alpha.pnml,44,21,0.9940302114769565,6,0.8863636363636364,21,5.181818181818182,20,1.0,0.0,0.1076923076923077,0.9545454545454546,0,0
Sepsis_10000_ABSENCE_10.0_4_heuristics.pnml,114,32,0.9684610087601622,9,1.0,85,4.958333333333333,14,1.0,0.5175438596491229,0.032941595441595445,1.6228070175438596,61,10
Sepsis_40000_MIXED_0.1_1_alpha.pnml,32,23,0.9940302114769565,5,0.90625,13,4.363636363636363,16,1.0,0.0,0.1259259259259259,1.0625,0,0
BPIC2012_2000_ABSENCE_10.0_4_inductive_inf.pnml,124,1,0.6631968402398287,9,0.9112903225806451,64,3.3448275862068964,7,0.962962962962963,0.22580645161290322,0.021634615384615384,1.3064516129032258,48,0
BPIC2012_2000_MIXED_0.4_5_inductive.pnml,152,2,0.7455178428108284,9,0.9407894736842105,74,3.409090909090909,6,0.9444444444444444,0.8947368421052632,0.017741935483870968,1.3026315789473684,62,0
Sepsis_10000_ABSENCE_4.0_2_inductive.pnml,95,3,0.5107878229540133,9,0.9789473684210527,44,3.4545454545454546,11,1.0,0.25263157894736843,0.028455284552845527,1.3263157894736841,37,0
BPIC2012_10000_SUBSTITUTION_10.0_2_inductive_inf.pnml,462,1,0.5916727785823275,7,0.9696969696969697,375,9.904761904761905,105,1.0,0.14935064935064934,0.014138176638176639,1.7186147186147187,75,0
BPIC2012_20000_MIXED_0.1_2_heuristics.pnml,130,3,0.7691928290130138,4,0.9692307692307692,74,4.875,13,0.967741935483871,0.6923076923076923,0.026204564666103127,1.4307692307692308,62,3
Sepsis_40000_ABSENCE_0.2_5_heuristics.pnml,107,36,0.9503376699710268,8,1.0,84,5.043478260869565,14,1.0,0.5514018691588785,0.03624078624078624,1.6542056074766356,57,7
BPIC2012_1000_INSERTION_0.4_3_heuristics.pnml,112,4,0.4689955935892812,1,0.9375,57,4.966666666666667,11,0.9290322580645162,0.7767857142857143,0.0287569573283859,1.3839285714285714,51,0
BPIC2012_2000_SUBSTITUTION_0.1_3_alpha.pnml,36,11,1.0,5,0.8055555555555556,11,3.7857142857142856,11,0.8947368421052632,0.0,0.06909090909090909,1.0555555555555556,0,2
BPIC2012_1000_SUBSTITUTION_0.1_1_heuristics.pnml,110,4,0.4689955935892812,1,0.9363636363636364,55,4.833333333333333,11,0.9271523178807947,0.7727272727272727,0.028761904761904763,1.3727272727272728,51,0
BPIC2012_2000_ORDERING_4.0_2_alpha.pnml,38,5,0.9967916319816366,7,0.8947368421052632,18,4.266666666666667,14,0.88,0.23684210526315788,0.0744047619047619,1.3157894736842106,0,1
BPIC2012_1000_SUBSTITUTION_0.1_2_alpha.pnml,34,8,1.0,4,0.7941176470588236,11,3.9166666666666665,11,0.8857142857142857,0.0,0.07291666666666667,1.0294117647058822,0,1
RTFMS_2000_MIXED_0.4_4_alpha.pnml,26,13,0.9975025463691152,10,0.9615384615384616,15,3.6470588235294117,7,1.0,0.0,0.11538461538461539,1.5,0,7
BPIC2012_2000_SUBSTITUTION_10.0_3_inductive.pnml,336,7,0.7056366064601749,13,0.9880952380952381,209,4.56,23,1.0,0.31845238095238093,0.010448704444912577,1.4761904761904763,110,0
BPIC2012_1000_ORDERING_10.0_5_inductive_inf.pnml,124,1,0.7642045065086203,6,0.9193548387096774,59,3.2222222222222223,5,0.9423076923076923,0.2903225806451613,0.020833333333333332,1.2580645161290323,52,0
RTFMS_20000_MIXED_2.0_2_heuristics.pnml,195,32,0.8708644692353644,3,1.0,161,7.833333333333333,40,1.0,0.48205128205128206,0.029910714285714287,1.7179487179487178,54,1
BPIC2012_20000_ORDERING_1.0_1_inductive.pnml,147,1,0.7698205808588191,12,0.9863945578231292,79,3.408450704225352,6,0.9795918367346939,0.9319727891156463,0.018680899733130005,1.3333333333333333,61,0
BPIC2012_10000_INSERTION_2.0_4_heuristics.pnml,256,3,0.6267511370265895,4,0.98828125,189,8.568627450980392,26,0.9976303317535545,0.6484375,0.02148019953171129,1.6484375,75,3
RTFMS_100000_SUBSTITUTION_0.2_3_heuristics.pnml,190,10,0.9023932827949788,6,1.0,158,8.363636363636363,44,1.0,0.2736842105263158,0.032634493670886076,1.736842105263158,50,2
Sepsis_10000_ORDERING_10.0_1_inductive.pnml,103,1,0.584238811642856,13,0.9805825242718447,48,3.44,13,0.9855072463768116,0.23300970873786409,0.02621580547112462,1.3398058252427185,39,0
BPIC2012_1000_INSERTION_0.1_1_alpha.pnml,33,8,1.0,4,0.8787878787878788,11,3.8333333333333335,11,0.9090909090909091,0.0,0.0763888888888889,1.0,0,1
RTFMS_100000_MIXED_10.0_4_alpha.pnml,2293,16,0.9852281360342515,4,0.9978194505015264,678,193.0,671,0.9977678571428571,0.0,0.04199475065616798,0.5861317051897078,0,0
RTFMS_1000_SUBSTITUTION_10.0_5_heuristics.pnml,130,21,0.8582307926411411,3,1.0,101,6.256410256410256,25,1.0,0.23846153846153847,0.03636053260498464,1.6384615384615384,46,1
Sepsis_1000_ABSENCE_1.0_3_alpha.pnml,23,15,0.9182958340544896,7,0.9130434782608696,16,4.333333333333333,14,1.0,0.0,0.15625,1.5217391304347827,0,2
Sepsis_1000_ORDERING_0.2_3_alpha.pnml,22,14,0.9456603046006401,6,0.9090909090909091,15,4.363636363636363,14,1.0,0.0,0.171875,1.5,0,1
RTFMS_2000_ABSENCE_4.0_1_heuristics.pnml,70,28,0.9182958340544896,3,1.0,48,3.7222222222222223,9,1.0,0.17142857142857143,0.04414335664335664,1.4428571428571428,32,2
RTFMS_40000_SUBSTITUTION_10.0_5_inductive.pnml,2001,6,0.7467366074830679,10,0.9980009995002499,1916,41.851063829787236,619,1.0,0.01999000499750125,0.013583640724273833,1.936031984007996,85,0
RTFMS_4000_ORDERING_0.4_5_inductive_inf.pnml,42,0,0.7424875695421236,2,0.8809523809523809,25,3.526315789473684,6,0.9821428571428571,0.8333333333333334,0.0673076923076923,1.3333333333333333,14,0
BPIC2012_100000_ORDERING_4.0_4_inductive.pnml,110,0,0.5586293734521992,12,0.9818181818181818,55,3.869565217391304,14,0.9736842105263158,0.39090909090909093,0.025815217391304348,1.3818181818181818,39,0
BPIC2012_4000_SUBSTITUTION_0.2_5_inductive.pnml,165,3,0.7424875695421236,12,0.9575757575757575,80,3.3157894736842106,6,0.9485981308411215,0.6,0.016090225563909773,1.2969696969696969,65,0
RTFMS_2000_SUBSTITUTION_4.0_1_alpha.pnml,54,6,0.9709505944546686,5,0.9259259259259259,21,10.0,19,0.9574468085106383,0.0,0.07142857142857142,0.8703703703703703,0,2
RTFMS_2000_ORDERING_0.1_5_alpha.pnml,27,10,0.863120568566631,11,1.0,13,3.857142857142857,7,1.0,0.0,0.11363636363636363,1.4814814814814814,0,11
RTFMS_20000_MIXED_4.0_5_heuristics.pnml,279,27,0.8739810481273578,4,1.0,242,10.666666666666666,76,1.0,0.34050179211469533,0.02792048246593701,1.7921146953405018,59,1
BPIC2012_40000_INSERTION_0.2_2_alpha.pnml,69,9,0.8112781244591328,0,0.855072463768116,10,7.5,17,0.8055555555555556,0.0,0.041474654377880185,0.5217391304347826,0,0
Sepsis_4000_INSERTION_0.1_2_heuristics.pnml,119,42,0.9656361333706098,7,1.0,89,5.173913043478261,14,1.0,0.6722689075630253,0.03164139749505603,1.6134453781512605,64,10
RTFMS_2000_ABSENCE_0.1_5_heuristics.pnml,67,28,0.9182958340544896,3,1.0,45,3.5555555555555554,8,1.0,0.1791044776119403,0.04455909943714822,1.4179104477611941,29,2
Sepsis_100000_ORDERING_0.2_4_inductive.pnml,101,4,0.6420642892306891,10,0.9801980198019802,45,3.306122448979592,11,0.9848484848484849,0.2376237623762376,0.02619047619047619,1.306930693069307,39,0
RTFMS_1000_INSERTION_0.1_5_heuristics.pnml,52,17,0.9509560484549725,3,0.9615384615384616,30,3.3703703703703702,5,0.9857142857142858,0.1346153846153846,0.05303030303030303,1.3461538461538463,18,4
RTFMS_2000_ABSENCE_0.1_2_inductive_inf.pnml,54,1,0.7642045065086203,3,0.9444444444444444,29,3.2222222222222223,5,1.0,0.07407407407407407,0.04971590909090909,1.2962962962962963,20,0
BPIC2012_20000_MIXED_0.4_3_inductive.pnml,247,5,0.7460251980495493,15,0.9878542510121457,125,3.4424778761061945,7,0.975609756097561,0.6032388663967612,0.011231338172853034,1.3279352226720649,104,0
BPIC2012_20000_ORDERING_1.0_3_inductive_inf.pnml,107,2,0.7553754125614287,7,0.9532710280373832,57,3.652173913043478,9,0.9652777777777778,0.8785046728971962,0.026373626373626374,1.3457943925233644,41,0
BPIC2012_1000_MIXED_0.2_2_alpha.pnml,35,7,0.9957274520849255,4,0.8285714285714285,13,3.923076923076923,11,0.9189189189189189,0.0,0.074,1.0571428571428572,0,0
RTFMS_20000_ORDERING_4.0_3_alpha.pnml,22,8,0.9709505944546686,11,1.0,18,4.4,11,1.0,0.0,0.1652892561983471,1.8181818181818181,0,9
RTFMS_40000_MIXED_0.2_4_alpha.pnml,38,9,0.9967916319816366,8,0.8947368421052632,18,4.533333333333333,13,1.0,0.0,0.08035714285714286,1.1842105263157894,0,7
RTFMS_20000_INSERTION_0.4_2_inductive.pnml,150,3,0.7219280948873623,7,0.9733333333333334,95,4.266666666666667,15,1.0,0.16,0.022263071895424837,1.4533333333333334,50,0
RTFMS_10000_INSERTION_10.0_4_inductive_inf.pnml,583,3,0.5159469300074474,4,0.9931389365351629,527,21.192307692307693,126,1.0,0.0548885077186964,0.021901060642862926,1.8559176672384219,48,0
Sepsis_100000_ABSENCE_10.0_4_inductive_inf.pnml,67,2,0.5787946246321198,7,0.9402985074626866,33,3.6551724137931036,8,0.9555555555555556,0.3582089552238806,0.04083484573502722,1.3432835820895523,22,0
BPIC2012_1000_ABSENCE_0.1_2_inductive.pnml,134,1,0.7424875695421236,8,0.9402985074626866,66,3.4210526315789473,6,0.9367816091954023,0.9029850746268657,0.02002301495972382,1.2985074626865671,54,0
BPIC2012_4000_SUBSTITUTION_0.1_1_heuristics.pnml,122,3,0.7424875695421236,4,0.9426229508196722,66,4.657894736842105,11,0.9649122807017544,0.7213114754098361,0.026785714285714284,1.401639344262295,58,3
RTFMS_40000_INSERTION_0.1_2_inductive.pnml,131,1,0.7219280948873623,7,0.9694656488549618,73,3.6333333333333333,11,1.0,0.183206106870229,0.022590361445783132,1.3740458015267176,49,0
RTFMS_20000_MIXED_0.1_5_inductive.pnml,56,2,0.7062740891876007,3,0.9464285714285714,30,3.423076923076923,7,1.0,0.39285714285714285,0.04946524064171123,1.3214285714285714,20,0
Sepsis_1000_ORDERING_4.0_5_alpha.pnml,25,8,0.954434002924965,10,0.96,20,4.5625,14,1.0,0.0,0.1527777777777778,1.76,0,6
Sepsis_1000_ORDERING_0.4_2_alpha.pnml,26,6,0.954434002924965,10,0.9230769230769231,21,4.375,14,1.0,0.34615384615384615,0.134375,1.6538461538461537,0,7
BPIC2012_20000_ABSENCE_10.0_5_heuristics.pnml,132,3,0.7592757847892833,4,0.9621212121212122,76,4.926829268292683,16,0.9685863874345549,0.7121212121212122,0.02595108695652174,1.446969696969697,67,3
RTFMS_2000_MIXED_1.0_3_alpha.pnml,26,22,0.9852281360342515,13,0.9230769230769231,13,4.5,12,1.0,0.0,0.12202380952380952,1.5769230769230769,0,5
RTFMS_20000_INSERTION_2.0_2_alpha.pnml,210,9,0.9852281360342515,4,0.9857142857142858,56,18.714285714285715,58,1.0,0.02857142857142857,0.0494281045751634,0.5761904761904761,0,3
RTFMS_2000_INSERTION_0.2_5_alpha.pnml,28,14,0.9182958340544896,9,0.8571428571428572,12,3.3333333333333335,6,0.9459459459459459,0.0,0.09487179487179487,1.3214285714285714,0,6
BPIC2012_20000_INSERTION_2.0_5_heuristics.pnml,361,6,0.6161661934005355,4,0.997229916897507,287,10.796610169491526,48,0.9935483870967742,0.7313019390581718,0.0184194890077243,1.7174515235457064,101,3
BPIC2012_20000_ABSENCE_10.0_1_heuristics.pnml,132,3,0.7592757847892833,4,0.9621212121212122,76,4.926829268292683,16,0.9685863874345549,0.7121212121212122,0.02595108695652174,1.446969696969697,67,3
Sepsis_100000_SUBSTITUTION_4.0_2_heuristics.pnml,2088,20,0.9852281360342515,34,0.9995210727969349,2039,35.84033613445378,367,1.0,0.8218390804597702,0.013581718827620467,1.964080459770115,145,10
Sepsis_4000_ABSENCE_0.4_3_heuristics.pnml,117,42,0.9656361333706098,7,1.0,87,5.086956521739131,14,1.0,0.6752136752136753,0.03175675675675676,1.606837606837607,63,10
RTFMS_20000_SUBSTITUTION_1.0_1_inductive_inf.pnml,191,0,0.6699960320994333,7,0.93717277486911,135,5.894736842105263,34,1.0,0.14659685863874344,0.022310874704491727,1.581151832460733,49,0
BPIC2012_2000_SUBSTITUTION_10.0_4_heuristics.pnml,242,4,0.584238811642856,3,0.9917355371900827,183,8.4,29,0.9950124688279302,0.6074380165289256,0.02301423324150597,1.6570247933884297,72,0
BPIC2012_40000_MIXED_0.4_3_alpha.pnml,70,0,0.9709505944546686,1,0.8857142857142857,20,9.0,19,0.9111111111111111,0.0,0.05859375,0.6428571428571429,0,0
Sepsis_100000_ABSENCE_0.4_1_alpha.pnml,23,14,0.9402859586706311,8,0.9565217391304348,19,4.214285714285714,14,1.0,0.0,0.16517857142857142,1.608695652173913,0,3
BPIC2012_4000_ORDERING_2.0_5_heuristics.pnml,131,2,0.7320666900931938,4,0.9694656488549618,74,4.948717948717949,13,0.9679144385026738,0.6717557251908397,0.026059085841694536,1.4274809160305344,67,3
Sepsis_1000_INSERTION_0.1_3_alpha.pnml,24,15,0.9852281360342515,7,0.9166666666666666,18,4.142857142857143,14,1.0,0.0,0.15546218487394958,1.5416666666666667,0,1
RTFMS_20000_MIXED_2.0_5_alpha.pnml,91,21,1.0,6,0.967032967032967,32,11.5,41,1.0,0.06593406593406594,0.06887755102040816,0.8901098901098901,0,3
Sepsis_20000_MIXED_0.4_4_inductive_inf.pnml,128,2,0.4586858162005403,12,0.96875,59,3.2903225806451615,13,1.0,0.3125,0.020833333333333332,1.3125,53,0
Sepsis_20000_SUBSTITUTION_2.0_1_alpha.pnml,228,4,0.0,0,0.9824561403508771,33,23.666666666666668,35,1.0,0.0,0.052592592592592594,0.31140350877192985,0,0
Sepsis_2000_SUBSTITUTION_0.1_2_heuristics.pnml,115,34,0.9503376699710268,6,1.0,89,5.086956521739131,14,1.0,0.5217391304347826,0.03376906318082789,1.617391304347826,62,6
RTFMS_100000_MIXED_4.0_4_heuristics.pnml,1026,6,0.8904916402194913,10,1.0,978,31.323076923076922,289,1.0,0.42884990253411304,0.021504792123964965,1.928849902534113,82,2
Sepsis_1000_ABSENCE_1.0_2_inductive_inf.pnml,93,3,0.4394969869215134,9,0.967741935483871,43,3.340909090909091,11,1.0,0.25806451612903225,0.028611632270168854,1.3118279569892473,36,0
RTFMS_1000_ORDERING_0.1_1_inductive.pnml,53,2,0.7950402793845223,3,0.9622641509433962,27,3.28,5,0.9705882352941176,0.07547169811320754,0.04985337243401759,1.2830188679245282,19,0
Sepsis_40000_ABSENCE_2.0_2_alpha.pnml,23,11,0.9402859586706311,8,0.9565217391304348,20,4.357142857142857,14,1.0,0.0,0.16964285714285715,1.6521739130434783,0,4
BPIC2012_4000_ABSENCE_2.0_4_inductive.pnml,145,3,0.6900703653284017,9,0.9724137931034482,79,3.4615384615384617,6,0.9739583333333334,0.8827586206896552,0.019024970273483946,1.3241379310344827,62,0
RTFMS_4000_INSERTION_0.2_5_inductive.pnml,57,1,0.6665783579949205,2,0.9298245614035088,32,3.652173913043478,6,0.9736842105263158,0.6140350877192983,0.05026455026455026,1.3333333333333333,20,0
RTFMS_100000_MIXED_4.0_2_heuristics.pnml,1149,6,0.8779620013943912,12,1.0,1090,30.72972972972973,317,1.0,0.4560487380330722,0.018704549298156604,1.9251523063533507,94,2
RTFMS_4000_ORDERING_4.0_1_alpha.pnml,24,8,0.954434002924965,12,1.0,19,4.375,10,1.0,0.4166666666666667,0.15034965034965034,1.7916666666666667,0,10
RTFMS_2000_SUBSTITUTION_0.2_4_inductive.pnml,61,3,0.7355085815538398,3,0.9836065573770492,37,3.4482758620689653,5,1.0,0.06557377049180328,0.04691075514874142,1.3442622950819672,23,0
BPIC2012_4000_SUBSTITUTION_0.2_1_heuristics.pnml,124,3,0.7424875695421236,4,0.9435483870967742,68,4.7631578947368425,11,0.9657142857142857,0.7258064516129032,0.026774785801713587,1.4112903225806452,58,3
Sepsis_4000_SUBSTITUTION_0.4_5_alpha.pnml,28,21,0.9709505944546686,6,0.7857142857142857,15,4.3,14,0.9090909090909091,0.0,0.125,1.1785714285714286,0,0
Sepsis_1000_INSERTION_0.1_3_heuristics.pnml,99,28,0.9268190639645772,4,1.0,74,5.105263157894737,14,1.0,0.6464646464646465,0.03891625615763547,1.595959595959596,52,4
BPIC2012_2000_SUBSTITUTION_0.1_3_heuristics.pnml,110,6,0.6136190195993708,3,0.9545454545454546,59,4.7272727272727275,10,0.948051948051948,0.7818181818181819,0.02979876160990712,1.4,52,0
Sepsis_100000_ORDERING_1.0_1_inductive.pnml,103,1,0.584238811642856,13,0.9805825242718447,48,3.44,13,0.9855072463768116,0.23300970873786409,0.02621580547112462,1.3398058252427185,39,0
BPIC2012_100000_ORDERING_1.0_2_alpha.pnml,51,4,0.9182958340544896,35,0.9803921568627451,52,5.230769230769231,20,1.0,0.6862745098039216,0.08564814814814815,2.176470588235294,0,23
Sepsis_10000_MIXED_0.2_2_heuristics.pnml,113,32,0.9503376699710268,8,1.0,88,5.217391304347826,15,1.0,0.5309734513274337,0.035416666666666666,1.654867256637168,58,7
Sepsis_1000_INSERTION_2.0_4_inductive_inf.pnml,96,1,0.39124356362925566,8,0.9166666666666666,46,3.641025641025641,10,0.96875,0.25,0.02857142857142857,1.3333333333333333,33,0
Sepsis_1000_ORDERING_0.1_3_heuristics.pnml,98,28,0.9268190639645772,4,1.0,73,5.052631578947368,14,1.0,0.6428571428571429,0.038980509745127435,1.5918367346938775,52,4
Sepsis_20000_MIXED_0.1_3_inductive.pnml,117,3,0.6429383500409614,6,0.9658119658119658,63,3.3454545454545452,7,1.0,0.7350427350427351,0.02357624004898959,1.3162393162393162,49,0
BPIC2012_40000_ORDERING_0.2_3_alpha.pnml,38,8,0.9949848281859701,11,0.9473684210526316,26,4.125,14,1.0,0.21052631578947367,0.08333333333333333,1.4736842105263157,0,9
BPIC2012_40000_ORDERING_2.0_4_alpha.pnml,39,15,1.0,11,0.9743589743589743,35,4.625,16,0.9848484848484849,0.2564102564102564,0.09166666666666666,1.6923076923076923,0,8
Sepsis_20000_SUBSTITUTION_10.0_2_inductive.pnml,1184,3,0.6919278850058868,13,0.9966216216216216,1061,18.258064516129032,380,1.0,0.05067567567567568,0.010019838548951849,1.8513513513513513,115,0
BPIC2012_2000_INSERTION_0.4_5_inductive.pnml,152,1,0.7455178428108284,9,0.9144736842105263,72,3.3636363636363638,6,0.9387755102040817,0.8947368421052632,0.017478152309612985,1.2894736842105263,62,0
Sepsis_100000_ORDERING_1.0_4_inductive.pnml,51,0,0.7642045065086203,2,0.9607843137254902,31,4.222222222222222,7,0.9714285714285714,0.8627450980392157,0.058922558922558925,1.3725490196078431,16,0
RTFMS_2000_INSERTION_2.0_1_heuristics.pnml,94,24,0.9097361225311662,4,1.0,66,4.4,11,1.0,0.4148936170212766,0.03697916666666667,1.5106382978723405,34,3
BPIC2012_1000_INSERTION_0.1_4_inductive.pnml,136,0,0.74959525725948,8,0.9338235294117647,66,3.4642857142857144,7,0.9204545454545454,0.9117647058823529,0.019642857142857142,1.2941176470588236,54,0
RTFMS_10000_SUBSTITUTION_2.0_3_alpha.pnml,116,9,0.9910760598382222,6,0.9741379310344828,50,12.0,44,0.9895833333333334,0.07758620689655173,0.04984423676012461,0.8275862068965517,0,4
RTFMS_100000_INSERTION_10.0_1_heuristics.pnml,4871,52,0.8471074905293761,13,1.0,4756,66.34246575342466,1115,1.0,0.5448573188257031,0.009385029465539835,1.964278382262369,217,1
Sepsis_4000_ORDERING_0.2_4_alpha.pnml,22,15,0.9402859586706311,7,0.9545454545454546,18,4.0,14,1.0,0.0,0.17708333333333334,1.5454545454545454,0,2
BPIC2012_4000_SUBSTITUTION_0.4_1_heuristics.pnml,131,2,0.7320666900931938,4,0.9465648854961832,76,5.051282051282051,14,0.9735449735449735,0.7175572519083969,0.026740237691001697,1.4427480916030535,58,3
Sepsis_100000_MIXED_1.0_3_inductive.pnml,466,1,0.7150375653354626,13,0.9914163090128756,352,7.196581196581197,93,1.0,0.10300429184549356,0.011010066346373828,1.6523605150214593,102,0
BPIC2012_100000_SUBSTITUTION_4.0_3_alpha.pnml,1977,7,0.0,0,0.9989883662114315,282,278.5,282,1.0,0.0,0.07050632911392406,0.28174001011633787,0,0
Sepsis_40000_ORDERING_0.1_3_alpha.pnml,22,17,0.9182958340544896,6,0.9545454545454546,15,4.166666666666667,15,1.0,0.0,0.171875,1.5,0,1
Sepsis_2000_INSERTION_1.0_5_alpha.pnml,31,7,0.9852281360342515,2,0.8387096774193549,14,5.571428571428571,17,0.9696969696969697,0.0,0.12692307692307692,1.064516129032258,0,0
Sepsis_100000_ABSENCE_10.0_5_alpha.pnml,23,13,0.9612366047228759,8,0.9130434782608696,20,4.615384615384615,14,1.0,0.0,0.16964285714285715,1.6521739130434783,0,3
Sepsis_10000_INSERTION_0.1_3_inductive_inf.pnml,101,4,0.4959690720618337,9,0.9702970297029703,45,3.369565217391304,11,0.9848484848484849,0.27722772277227725,0.02631578947368421,1.306930693069307,38,0
Sepsis_4000_INSERTION_2.0_1_inductive.pnml,207,3,0.739165817569305,11,0.9855072463768116,118,3.8351648351648353,17,1.0,0.1932367149758454,0.01482314455121652,1.4009661835748792,73,0
BPIC2012_2000_MIXED_0.4_2_inductive_inf.pnml,136,1,0.7007495497162062,9,0.9411764705882353,65,3.413793103448276,6,0.9375,0.8455882352941176,0.019542527204086165,1.2941176470588236,53,0
Sepsis_1000_ORDERING_0.4_3_alpha.pnml,22,14,0.9456603046006401,6,0.9090909090909091,15,4.363636363636363,14,1.0,0.0,0.171875,1.5,0,1
RTFMS_2000_ABSENCE_10.0_3_alpha.pnml,30,13,0.954434002924965,17,1.0,16,4.5,9,1.0,0.0,0.11961722488038277,1.6666666666666667,0,16
RTFMS_1000_SUBSTITUTION_1.0_4_inductive.pnml,72,4,0.6962122601251458,3,0.9444444444444444,43,3.625,6,1.0,0.1111111111111111,0.04096989966555184,1.3611111111111112,27,0
BPIC2012_10000_SUBSTITUTION_4.0_1_heuristics.pnml,377,1,0.5851569902762294,4,0.9946949602122016,305,11.824561403508772,57,1.0,0.5941644562334217,0.019408284023668638,1.740053050397878,99,3
RTFMS_100000_alpha.pnml,23,20,0.7642045065086203,8,0.9130434782608696,6,3.888888888888889,7,0.8666666666666667,0.0,0.11363636363636363,1.3043478260869565,0,3
Sepsis_20000_SUBSTITUTION_10.0_3_alpha.pnml,1015,22,0.9182958340544896,1,0.9960591133004926,103,39.0,122,1.0,0.0,0.028189910979228485,0.2246305418719212,0,0
BPIC2012_1000_MIXED_2.0_5_inductive.pnml,181,0,0.730926377590601,9,0.9668508287292817,95,3.2613636363636362,6,0.9872881355932204,0.5359116022099447,0.015035677879714576,1.3038674033149171,78,0
RTFMS_4000_SUBSTITUTION_4.0_1_inductive.pnml,188,3,0.7007495497162062,6,0.9787234042553191,132,5.655172413793103,27,1.0,0.1276595744680851,0.022181982797645994,1.5638297872340425,51,0
RTFMS_2000_SUBSTITUTION_0.4_5_alpha.pnml,29,15,0.9975025463691152,10,0.9310344827586207,16,3.6470588235294117,7,0.975609756097561,0.0,0.09761904761904762,1.4137931034482758,0,5
Sepsis_4000_ABSENCE_0.4_4_inductive.pnml,95,3,0.5107878229540133,9,0.9789473684210527,44,3.4545454545454546,11,1.0,0.25263157894736843,0.028455284552845527,1.3263157894736841,37,0
Sepsis_10000_ORDERING_0.4_5_heuristics.pnml,112,31,0.9440870182837794,8,1.0,85,5.0212765957446805,14,1.0,0.5535714285714286,0.034502262443438916,1.6339285714285714,61,7
BPIC2012_10000_ORDERING_2.0_4_inductive.pnml,134,0,0.7642045065086203,9,0.9850746268656716,71,3.365079365079365,6,0.9772727272727273,0.9253731343283582,0.020253164556962026,1.3134328358208955,54,0
Sepsis_20000_ABSENCE_0.1_4_heuristics.pnml,107,34,0.9503376699710268,8,1.0,83,5.0,14,1.0,0.5514018691588785,0.036036036036036036,1.644859813084112,57,7
RTFMS_4000_INSERTION_0.1_4_inductive.pnml,54,0,0.6500224216483541,2,0.8518518518518519,31,3.375,4,0.9857142857142858,0.7592592592592593,0.050505050505050504,1.2962962962962963,19,0
Sepsis_4000_MIXED_0.4_1_inductive.pnml,112,1,0.7444131797881748,7,0.9821428571428571,59,3.423076923076923,6,0.9864864864864865,0.7946428571428571,0.024543946932006632,1.3214285714285714,46,0
BPIC2012_1000_MIXED_0.2_1_inductive.pnml,127,3,0.6722948170756379,7,0.9448818897637795,62,3.5686274509803924,8,0.9397590361445783,0.9212598425196851,0.021413828689370484,1.3070866141732282,50,0
Sepsis_1000_ORDERING_1.0_4_heuristics.pnml,100,28,0.9268190639645772,4,1.0,75,5.157894736842105,14,1.0,0.65,0.03885381253035454,1.6,54,4
Sepsis_4000_INSERTION_1.0_1_inductive.pnml,174,2,0.7401470427139037,11,0.9827586206896551,93,3.36046511627907,9,1.0,0.20689655172413793,0.01601104209799862,1.3333333333333333,68,0
BPIC2012_4000_SUBSTITUTION_10.0_1_alpha.pnml,235,22,0.9852281360342515,7,0.9617021276595745,42,8.571428571428571,49,0.9807692307692307,0.0,0.02311111111111111,0.4425531914893617,0,4
BPIC2012_2000_INSERTION_0.4_1_heuristics.pnml,107,5,0.6252624052234231,3,0.9532710280373832,60,4.875,11,0.9539473684210527,0.7663551401869159,0.03166666666666667,1.4205607476635513,49,0
BPIC2012_40000_ORDERING_0.2_4_inductive_inf.pnml,127,0,0.7062740891876007,8,0.9606299212598425,70,3.6923076923076925,7,0.9588235294117647,0.8976377952755905,0.02207792207792208,1.3385826771653544,53,0
BPIC2012_20000_MIXED_0.2_1_heuristics.pnml,149,3,0.7131467486384921,4,0.9463087248322147,88,5.0,14,0.9861111111111112,0.6577181208053692,0.02369460289600702,1.4496644295302012,67,3
Sepsis_40000_ORDERING_4.0_1_inductive.pnml,90,1,0.38431154412649704,12,0.9777777777777777,41,3.65,14,0.9836065573770492,0.26666666666666666,0.030363364858138377,1.3555555555555556,32,0
RTFMS_100000_INSERTION_2.0_3_alpha.pnml,957,24,0.9910760598382222,3,0.9895506792058516,245,58.333333333333336,257,0.9961013645224172,0.0,0.03857142857142857,0.5360501567398119,0,0
BPIC2012_20000_INSERTION_4.0_1_heuristics.pnml,573,4,0.7039260680195971,7,1.0,498,15.823529411764707,71,1.0,0.7033158813263525,0.01745898895212588,1.8202443280977312,112,3
Sepsis_20000_INSERTION_10.0_1_heuristics.pnml,1106,35,0.8829589691462253,10,1.0,1053,30.21917808219178,182,1.0,0.840867992766727,0.01847591038837471,1.9312839059674503,114,7
RTFMS_100000_SUBSTITUTION_10.0_1_alpha.pnml,4764,31,0.8112781244591328,3,0.9985306465155331,1614,408.625,1638,1.0,0.0,0.057079305030124705,0.6840890008396305,0,0
BPIC2012_100000_SUBSTITUTION_0.4_5_alpha.pnml,254,2,0.9182958340544896,5,0.9488188976377953,51,10.083333333333334,42,0.9814814814814815,0.0,0.022131147540983605,0.4251968503937008,0,0
Sepsis_10000_SUBSTITUTION_10.0_1_heuristics.pnml,651,40,0.8960382325345574,9,1.0,603,20.21875,109,1.0,0.6866359447004609,0.020163398692810457,1.8955453149001535,95,10
Sepsis_20000_INSERTION_10.0_4_inductive_inf.pnml,1137,2,0.6821560732869937,11,0.9964819700967458,1030,20.8,370,1.0,0.056288478452066845,0.011749607240059301,1.8680738786279683,85,0
RTFMS_2000_ABSENCE_2.0_3_inductive.pnml,59,1,0.7355085815538398,3,0.9830508474576272,35,3.310344827586207,4,1.0,0.06779661016949153,0.04710144927536232,1.3220338983050848,24,0
RTFMS_100000_SUBSTITUTION_1.0_2_alpha.pnml,518,6,1.0,3,0.9961389961389961,191,48.375,184,1.0,0.0,0.07329434697855751,0.7258687258687259,0,1
Sepsis_1000_INSERTION_2.0_4_alpha.pnml,42,6,0.9852281360342515,13,0.9523809523809523,34,4.035714285714286,15,1.0,0.0,0.09027777777777778,1.5476190476190477,0,5
Sepsis_100000_ABSENCE_4.0_3_heuristics.pnml,114,36,0.9684610087601622,9,1.0,87,5.041666666666667,14,1.0,0.5175438596491229,0.033297720797720795,1.6403508771929824,61,10
BPIC2012_4000_INSERTION_0.1_5_inductive.pnml,141,2,0.7153220528038851,9,0.9290780141843972,71,3.442622950819672,6,0.9456521739130435,0.9219858156028369,0.019110926464478605,1.3049645390070923,57,0
BPIC2012_10000_SUBSTITUTION_0.1_1_alpha.pnml,38,15,0.9852281360342515,2,0.7894736842105263,4,3.7142857142857144,11,0.7931034482758621,0.0,0.05555555555555555,0.7631578947368421,0,0
RTFMS_10000_ABSENCE_0.4_4_inductive.pnml,41,1,0.5435644431995964,1,0.975609756097561,27,3.875,7,1.0,0.7317073170731707,0.07407407407407407,1.3658536585365855,15,0
BPIC2012_2000_ORDERING_0.4_2_inductive.pnml,138,0,0.783776947484701,11,0.9637681159420289,66,3.433333333333333,6,0.9277777777777778,0.8840579710144928,0.01930916112422227,1.3043478260869565,54,0
RTFMS_4000_INSERTION_10.0_5_alpha.pnml,200,20,1.0,4,0.98,77,18.25,70,0.9925925925925926,0.03,0.05798969072164949,0.675,0,1
RTFMS_20000_MIXED_2.0_2_alpha.pnml,110,5,0.9852281360342515,3,0.9636363636363636,41,13.571428571428571,40,1.0,0.05454545454545454,0.08095238095238096,0.7727272727272727,0,1
RTFMS_40000_INSERTION_10.0_2_heuristics.pnml,2130,14,0.6991413063352632,7,1.0,2037,46.37777777777778,468,1.0,0.5568075117370892,0.013388483373884834,1.9375586854460094,142,2
Sepsis_4000_SUBSTITUTION_2.0_1_inductive_inf.pnml,174,2,0.6554444445609847,9,0.9770114942528736,103,4.084507042253521,18,1.0,0.25287356321839083,0.0182756079587325,1.4252873563218391,58,0
Sepsis_20000_ORDERING_4.0_3_alpha.pnml,23,14,0.9940302114769565,7,0.9565217391304348,17,5.0,15,1.0,0.0,0.16964285714285715,1.6521739130434783,0,3
BPIC2012_20000_inductive.pnml,132,1,0.74959525725948,9,0.9545454545454546,67,3.5357142857142856,6,0.9310344827586207,0.9545454545454546,0.020655270655270654,1.3181818181818181,53,0
Sepsis_1000_ABSENCE_0.4_1_inductive.pnml,97,4,0.5586293734521992,9,0.9690721649484536,42,3.282608695652174,11,0.9841269841269842,0.24742268041237114,0.027131782945736434,1.2989690721649485,37,0
Sepsis_100000_MIXED_0.1_1_heuristics.pnml,136,37,0.9440870182837794,8,1.0,112,6.127659574468085,19,1.0,0.5514705882352942,0.033592848904267586,1.713235294117647,59,7
Sepsis_1000_ORDERING_0.2_1_inductive.pnml,91,3,0.5349436990971066,9,0.967032967032967,38,3.341463414634146,11,0.9661016949152542,0.26373626373626374,0.02878048780487805,1.2967032967032968,33,0
Sepsis_20000_INSERTION_0.2_5_inductive.pnml,174,8,0.6451006442088482,11,0.9770114942528736,86,3.518987341772152,11,0.9914529914529915,0.22988505747126436,0.01623196448390677,1.3448275862068966,65,0
RTFMS_20000_INSERTION_4.0_1_inductive.pnml,508,5,0.7618624463753667,10,0.9921259842519685,431,11.162790697674419,88,1.0,0.07086614173228346,0.0152638169695739,1.7755905511811023,72,0
RTFMS_4000_INSERTION_0.2_3_alpha.pnml,35,1,1.0,14,0.9428571428571428,23,3.9545454545454546,7,1.0,0.5428571428571428,0.09046052631578948,1.5714285714285714,0,12
RTFMS_2000_MIXED_0.2_5_alpha.pnml,28,14,0.9910760598382222,13,0.9642857142857143,16,3.7777777777777777,7,1.0,0.0,0.11458333333333333,1.5714285714285714,0,9
BPIC2012_10000_ORDERING_2.0_1_heuristics.pnml,130,1,0.7219280948873623,4,0.9615384615384616,75,4.9,15,0.9786096256684492,0.6615384615384615,0.026345449422372498,1.4384615384615385,66,3
RTFMS_100000_SUBSTITUTION_0.1_4_heuristics.pnml,130,12,0.8812908992306927,5,1.0,100,6.1,26,1.0,0.26153846153846155,0.035333333333333335,1.6307692307692307,42,2
Sepsis_1000_INSERTION_2.0_3_inductive.pnml,131,7,0.6252624052234231,10,0.9770992366412213,61,3.296875,10,1.0,0.2748091603053435,0.02057416267942584,1.3129770992366412,49,0
RTFMS_100000_ABSENCE_0.4_3_inductive.pnml,62,1,0.7335379291086666,6,0.9838709677419355,33,3.176470588235294,5,1.0,0.06451612903225806,0.04338624338624339,1.3225806451612903,23,0
Sepsis_1000_MIXED_1.0_5_inductive_inf.pnml,99,2,0.419921097375718,10,0.9696969696969697,45,3.3404255319148937,12,1.0,0.40404040404040403,0.026859504132231406,1.3131313131313131,39,0
BPIC2012_20000_ABSENCE_10.0_2_inductive.pnml,122,0,0.6840384356390417,7,0.9672131147540983,72,3.618181818181818,6,0.9939759036144579,0.8934426229508197,0.02374141876430206,1.360655737704918,51,0
BPIC2012_40000_MIXED_1.0_5_alpha.pnml,146,9,0.9751190649408661,14,0.8972602739726028,52,5.703703703703703,31,0.9495798319327731,0.0,0.02361111111111111,0.815068493150685,0,4
BPIC2012_100000_MIXED_0.1_3_heuristics.pnml,172,1,0.7382848661434506,5,0.9767441860465116,106,5.604166666666667,15,0.9766536964980544,0.6569767441860465,0.021872340425531916,1.494186046511628,75,4
Sepsis_4000_SUBSTITUTION_0.2_3_inductive.pnml,135,1,0.6840384356390417,8,0.9777777777777777,70,3.257575757575758,5,1.0,0.6518518518518519,0.02,1.3037037037037038,58,0
BPIC2012_4000_INSERTION_0.2_4_heuristics.pnml,128,4,0.7320666900931938,4,0.96875,68,4.6923076923076925,11,0.9553072625698324,0.7109375,0.025426136363636363,1.3984375,61,3
RTFMS_2000_SUBSTITUTION_0.4_5_inductive_inf.pnml,67,1,0.6051865766334206,2,0.9402985074626866,37,3.6296296296296298,5,0.9772727272727273,0.11940298507462686,0.0419047619047619,1.3134328358208955,26,0
Sepsis_20000_SUBSTITUTION_0.2_4_alpha.pnml,37,14,1.0,4,0.8648648648648649,16,5.625,17,0.9473684210526316,0.0,0.10215053763440861,1.027027027027027,0,0
Sepsis_100000_ORDERING_0.2_2_inductive.pnml,91,2,0.46121604051390946,11,0.978021978021978,41,3.5609756097560976,13,0.9836065573770492,0.26373626373626374,0.02975609756097561,1.3406593406593406,33,0
BPIC2012_2000_ORDERING_0.1_2_heuristics.pnml,104,6,0.6373874992221911,3,0.9519230769230769,56,4.774193548387097,10,0.9452054794520548,0.7692307692307693,0.031684027777777776,1.4038461538461537,49,0
BPIC2012_1000_MIXED_1.0_1_heuristics.pnml,113,4,0.4689955935892812,1,0.9380530973451328,58,5.033333333333333,11,0.9299363057324841,0.7699115044247787,0.028754578754578753,1.3893805309734513,51,0
Sepsis_2000_ABSENCE_0.4_5_alpha.pnml,22,19,0.8904916402194913,7,0.9545454545454546,16,4.0,14,1.0,0.0,0.171875,1.5,0,1
Sepsis_10000_MIXED_0.2_5_heuristics.pnml,112,32,0.9503376699710268,8,1.0,87,5.173913043478261,14,1.0,0.5535714285714286,0.03548139624088991,1.6517857142857142,59,7
Sepsis_2000_SUBSTITUTION_1.0_1_alpha.pnml,33,18,1.0,5,0.8484848484848485,17,4.6,16,1.0,0.0,0.125,1.0606060606060606,0,0
Sepsis_4000_MIXED_0.4_2_alpha.pnml,30,7,0.9774178175281716,8,0.9,26,4.235294117647059,15,0.9565217391304348,0.0,0.12169312169312169,1.5333333333333334,0,1
RTFMS_100000_MIXED_2.0_3_inductive.pnml,603,4,0.7592757847892833,9,0.9933665008291874,529,14.024390243902438,147,1.0,0.05306799336650083,0.015885899814471242,1.8175787728026533,71,0
BPIC2012_1000_ABSENCE_0.2_5_alpha.pnml,34,8,0.9957274520849255,4,0.8529411764705882,13,3.8461538461538463,11,0.9166666666666666,0.0,0.075,1.0588235294117647,0,1
RTFMS_40000_INSERTION_0.2_2_inductive.pnml,151,2,0.7153220528038851,8,0.9735099337748344,95,4.262295081967213,15,1.0,0.15894039735099338,0.022008803521408563,1.4569536423841059,50,0
RTFMS_40000_SUBSTITUTION_10.0_2_inductive.pnml,2089,5,0.7263997735417456,9,0.9980852082336046,2006,46.157303370786515,648,1.0,0.02106270943034945,0.01414732198941917,1.9406414552417424,83,0
RTFMS_10000_ORDERING_0.4_2_inductive_inf.pnml,29,0,0.7219280948873623,1,0.9310344827586207,19,4.4,8,1.0,0.7241379310344828,0.10526315789473684,1.3793103448275863,7,0
BPIC2012_1000_ABSENCE_0.4_5_inductive.pnml,134,1,0.7424875695421236,8,0.9402985074626866,66,3.4210526315789473,6,0.9367816091954023,0.9029850746268657,0.02002301495972382,1.2985074626865671,54,0
Sepsis_2000_ABSENCE_0.1_4_inductive_inf.pnml,89,4,0.5266170655714281,9,0.9775280898876404,41,3.4285714285714284,11,1.0,0.2696629213483146,0.030256410256410255,1.3258426966292134,33,0
RTFMS_1000_INSERTION_0.2_2_inductive_inf.pnml,50,3,0.6840384356390417,2,0.94,26,3.3181818181818183,5,0.96875,0.16,0.05333333333333334,1.28,17,0
Sepsis_100000_SUBSTITUTION_0.4_5_inductive_inf.pnml,167,2,0.4689955935892812,10,0.9700598802395209,100,4.633333333333334,26,1.0,0.31137724550898205,0.02015732546705998,1.473053892215569,54,0
BPIC2012_4000_alpha.pnml,34,8,1.0,4,0.7941176470588236,11,3.9166666666666665,11,0.8857142857142857,0.0,0.07291666666666667,1.0294117647058822,0,1
RTFMS_1000_ORDERING_1.0_4_heuristics.pnml,58,20,0.9293636260137187,3,1.0,36,3.586206896551724,7,1.0,0.1206896551724138,0.05031055900621118,1.396551724137931,23,4
BPIC2012_4000_SUBSTITUTION_2.0_2_inductive.pnml,312,5,0.7300166301457938,19,0.9871794871794872,167,3.5238095238095237,11,0.9952830188679245,0.21794871794871795,0.009230635259285061,1.358974358974359,128,0
BPIC2012_10000_INSERTION_1.0_5_inductive_inf.pnml,183,2,0.5387379148665815,7,0.9016393442622951,104,3.8904109589041096,12,1.0,0.7759562841530054,0.016544117647058824,1.3770491803278688,72,0
RTFMS_2000_INSERTION_0.1_5_heuristics.pnml,64,29,0.9456603046006401,3,0.96875,43,3.6666666666666665,8,0.989010989010989,0.1875,0.04666666666666667,1.421875,26,3
Sepsis_4000_ORDERING_1.0_4_heuristics.pnml,120,41,0.9601186626422924,7,1.0,88,5.0638297872340425,14,1.0,0.6583333333333333,0.03080872913992298,1.6,65,10
Sepsis_1000_SUBSTITUTION_1.0_5_inductive.pnml,87,3,0.7320666900931938,6,0.9655172413793104,42,3.41025641025641,7,0.9649122807017544,0.42528735632183906,0.03104575163398693,1.3103448275862069,30,0
BPIC2012_100000_INSERTION_0.4_4_alpha.pnml,252,1,0.8997437586982626,4,0.9484126984126984,61,7.684210526315789,38,1.0,0.04365079365079365,0.02027679433537174,0.5,0,0
Sepsis_20000_MIXED_4.0_5_inductive.pnml,402,5,0.685750764543924,12,0.9900497512437811,283,6.139130434782609,76,1.0,0.13930348258706468,0.011052777010223818,1.592039800995025,102,0
RTFMS_20000_MIXED_0.2_1_alpha.pnml,36,4,0.998363672593813,14,0.9444444444444444,30,4.571428571428571,11,0.9830508474576272,0.3055555555555556,0.09866220735785954,1.6388888888888888,0,7
Sepsis_4000_ABSENCE_10.0_3_inductive.pnml,95,3,0.5107878229540133,9,0.9789473684210527,44,3.4545454545454546,11,1.0,0.25263157894736843,0.028455284552845527,1.3263157894736841,37,0
BPIC2012_1000_INSERTION_0.4_5_alpha.pnml,36,8,1.0,5,0.8888888888888888,12,4.0,11,0.8648648648648649,0.0,0.06727272727272728,1.0277777777777777,0,1
RTFMS_40000_MIXED_4.0_1_heuristics.pnml,518,5,0.8595316914502931,7,1.0,476,19.169811320754718,135,1.0,0.10231660231660232,0.026042503077993683,1.8783783783783783,66,1
Sepsis_40000_ABSENCE_0.2_5_inductive.pnml,95,3,0.5107878229540133,9,0.9789473684210527,44,3.4545454545454546,11,1.0,0.25263157894736843,0.028455284552845527,1.3263157894736841,37,0
BPIC2012_1000_ORDERING_1.0_3_alpha.pnml,34,4,0.9709505944546686,5,0.8823529411764706,16,3.6666666666666665,13,0.9736842105263158,0.0,0.07916666666666666,1.1176470588235294,0,3
Sepsis_2000_ABSENCE_10.0_4_alpha.pnml,22,16,0.8904916402194913,7,0.9545454545454546,17,4.153846153846154,14,1.0,0.0,0.17708333333333334,1.5454545454545454,0,2
Sepsis_2000_ORDERING_0.2_5_inductive.pnml,89,4,0.5435644431995964,8,0.9775280898876404,39,3.4,10,0.9827586206896551,0.2696629213483146,0.029743589743589743,1.303370786516854,33,0
RTFMS_40000_SUBSTITUTION_10.0_5_alpha.pnml,1846,37,0.9182958340544896,2,0.9967497291440953,656,213.5,650,0.9992156862745099,0.0,0.0692558392178164,0.69068255687974,0,0
BPIC2012_1000_SUBSTITUTION_1.0_2_inductive_inf.pnml,127,1,0.7219280948873623,7,0.952755905511811,68,3.3833333333333333,7,0.9821428571428571,0.8110236220472441,0.02181818181818182,1.3228346456692914,49,0
Sepsis_40000_ABSENCE_1.0_4_heuristics.pnml,109,36,0.9503376699710268,8,1.0,86,5.130434782608695,14,1.0,0.5412844036697247,0.036084529505582136,1.6605504587155964,59,7
RTFMS_1000_SUBSTITUTION_0.4_1_alpha.pnml,26,6,0.8812908992306927,6,0.8076923076923077,9,3.3,5,0.9333333333333333,0.0,0.08875739644970414,1.1538461538461537,0,5
BPIC2012_100000_ABSENCE_0.4_1_alpha.pnml,37,12,0.9980008838722996,9,0.972972972972973,17,4.0,16,1.0,0.0,0.07852564102564102,1.3243243243243243,0,7
BPIC2012_2000_ABSENCE_0.2_2_inductive.pnml,138,1,0.7153220528038851,9,0.9637681159420289,69,3.3934426229508197,6,0.95,0.8840579710144928,0.01949317738791423,1.3043478260869565,56,0
BPIC2012_20000_SUBSTITUTION_10.0_5_alpha.pnml,1058,16,0.7219280948873623,1,0.995274102079395,171,66.0,165,1.0,0.0,0.038662239089184064,0.30812854442344045,0,0
Sepsis_10000_INSERTION_4.0_1_heuristics.pnml,339,32,0.8935711016541907,8,1.0,297,11.620689655172415,55,1.0,0.7345132743362832,0.023805855161787366,1.823008849557522,83,7
Sepsis_100000_MIXED_0.1_3_heuristics.pnml,135,35,0.9440870182837794,8,1.0,110,6.085106382978723,20,1.0,0.5407407407407407,0.03363424577751893,1.711111111111111,58,7
BPIC2012_100000_ABSENCE_0.1_1_heuristics.pnml,131,1,0.782444129406689,5,0.9465648854961832,73,4.534883720930233,13,0.967391304347826,0.7175572519083969,0.024612092027822365,1.4045801526717556,64,4
Sepsis_1000_MIXED_0.1_1_alpha.pnml,26,17,0.9612366047228759,8,0.9615384615384616,16,4.384615384615385,14,0.95,0.0,0.13071895424836602,1.5384615384615385,0,2
RTFMS_100000_INSERTION_4.0_4_heuristics.pnml,2058,38,0.8112781244591328,7,1.0,1975,42.291666666666664,466,1.0,0.4800777453838678,0.013595248474280732,1.9397473275024295,140,2
BPIC2012_1000_ABSENCE_10.0_2_heuristics.pnml,116,3,0.4305518670104394,1,0.9655172413793104,63,4.735294117647059,13,0.9567901234567902,0.7672413793103449,0.028125,1.396551724137931,56,0
Sepsis_40000_INSERTION_0.4_1_heuristics.pnml,203,33,0.905200296956048,8,1.0,168,7.735849056603773,31,1.0,0.7142857142857143,0.027223926380368097,1.748768472906404,67,7
BPIC2012_100000_MIXED_2.0_5_inductive.pnml,868,4,0.7405715327916913,23,0.9953917050691244,664,7.542857142857143,66,1.0,0.11059907834101383,0.006221467064840559,1.6705069124423964,187,0
BPIC2012_40000_ORDERING_2.0_3_inductive.pnml,118,0,0.7219280948873623,8,0.9830508474576272,65,3.72,10,0.975,0.9152542372881356,0.024154589371980676,1.3559322033898304,47,0
Sepsis_4000_ABSENCE_0.2_5_alpha.pnml,22,15,0.9402859586706311,7,0.9545454545454546,18,4.0,14,1.0,0.0,0.17708333333333334,1.5454545454545454,0,2
BPIC2012_4000_MIXED_4.0_3_inductive.pnml,245,2,0.7292739418449411,13,0.9836734693877551,143,3.8333333333333335,12,1.0,0.5224489795918368,0.012578616352201259,1.4040816326530612,94,0
BPIC2012_1000_SUBSTITUTION_0.1_4_heuristics.pnml,110,4,0.4689955935892812,1,0.9363636363636364,55,4.833333333333333,11,0.9271523178807947,0.7727272727272727,0.028761904761904763,1.3727272727272728,51,0
RTFMS_10000_ABSENCE_0.4_2_alpha.pnml,32,13,1.0,21,1.0,20,4.6,9,1.0,0.5625,0.12554112554112554,1.8125,0,18
Sepsis_100000_ABSENCE_0.4_4_inductive_inf.pnml,84,3,0.5435644431995964,9,0.9761904761904762,39,3.45,11,1.0,0.2857142857142857,0.03220241518113859,1.3333333333333333,31,0
Sepsis_4000_ABSENCE_10.0_5_alpha.pnml,22,15,0.9402859586706311,7,0.9545454545454546,18,4.0,14,1.0,0.0,0.17708333333333334,1.5454545454545454,0,2
RTFMS_2000_ORDERING_10.0_4_heuristics.pnml,77,24,0.8879763195151349,3,1.0,52,3.9444444444444446,10,1.0,0.4935064935064935,0.04148148148148148,1.4545454545454546,38,2
RTFMS_10000_MIXED_2.0_3_alpha.pnml,68,3,0.9852281360342515,4,0.9558823529411765,30,10.0,28,1.0,0.0,0.08333333333333333,0.9117647058823529,0,2
RTFMS_1000_INSERTION_10.0_4_alpha.pnml,67,9,0.9940302114769565,5,0.9104477611940298,30,6.363636363636363,17,1.0,0.0,0.06038135593220339,0.8507462686567164,0,2
Sepsis_10000_ABSENCE_4.0_2_alpha.pnml,22,11,0.9402859586706311,7,0.9545454545454546,20,4.214285714285714,14,1.0,0.0,0.1875,1.6363636363636365,0,3
Sepsis_100000_ORDERING_0.4_2_inductive_inf.pnml,68,2,0.5435644431995964,10,0.9705882352941176,30,3.5625,12,0.9782608695652174,0.35294117647058826,0.03993055555555555,1.3529411764705883,20,0
BPIC2012_2000_MIXED_10.0_1_alpha.pnml,78,18,1.0,4,0.8205128205128205,17,6.375,21,0.8269230769230769,0.0,0.03823529411764706,0.6666666666666666,0,0
Sepsis_10000_ORDERING_2.0_5_inductive.pnml,92,3,0.5266170655714281,10,0.9782608695652174,41,3.4761904761904763,12,0.9836065573770492,0.2608695652173913,0.029172644667623145,1.326086956521739,34,0
RTFMS_4000_MIXED_2.0_3_inductive.pnml,79,0,0.5916727785823275,2,0.9240506329113924,52,4.5,10,1.0,0.7341772151898734,0.04318181818181818,1.4430379746835442,26,0
Sepsis_40000_SUBSTITUTION_2.0_1_alpha.pnml,419,7,0.9182958340544896,0,0.9856801909307876,62,22.5,62,1.0,0.0,0.03885542168674699,0.30787589498806683,0,0
BPIC2012_4000_SUBSTITUTION_10.0_1_inductive.pnml,538,7,0.7175106531195437,20,0.9925650557620818,357,5.142857142857143,39,1.0,0.17286245353159851,0.007198769918926475,1.5315985130111525,166,0
RTFMS_20000_SUBSTITUTION_0.1_3_inductive.pnml,110,3,0.7062740891876007,6,0.9818181818181818,55,3.3461538461538463,8,1.0,0.21818181818181817,0.024793388429752067,1.309090909090909,45,0
Sepsis_100000_MIXED_0.1_2_inductive_inf.pnml,133,3,0.5086113313826897,11,0.9699248120300752,65,3.4516129032258065,12,1.0,0.3007518796992481,0.020745920745920746,1.3383458646616542,52,0
Sepsis_100000_ORDERING_0.2_2_alpha.pnml,27,38,0.9819407868640977,21,0.962962962962963,20,5.052631578947368,15,1.0,0.0,0.1534090909090909,2.0,0,8
Sepsis_40000_SUBSTITUTION_4.0_5_inductive.pnml,992,0,0.6987003526563343,11,0.9959677419354839,887,17.88679245283019,301,1.0,0.05241935483870968,0.011769084655269779,1.8487903225806452,94,0
BPIC2012_20000_ABSENCE_0.2_4_heuristics.pnml,126,3,0.7691928290130138,4,0.9365079365079365,70,4.7,13,0.9662921348314607,0.6984126984126984,0.026230474506336577,1.4126984126984128,62,3
Sepsis_10000_INSERTION_0.4_4_inductive_inf.pnml,96,3,0.4959690720618337,9,0.9583333333333334,46,3.391304347826087,11,1.0,0.3333333333333333,0.028381374722838137,1.3333333333333333,35,0
BPIC2012_20000_INSERTION_4.0_4_alpha.pnml,451,9,0.9456603046006401,5,0.9800443458980045,83,15.636363636363637,66,0.9937106918238994,0.0,0.022432279909706546,0.352549889135255,0,0
Sepsis_20000_INSERTION_2.0_2_inductive.pnml,375,4,0.665580063146735,11,0.9893333333333333,274,6.795918367346939,82,1.0,0.13866666666666666,0.012807592172671538,1.6266666666666667,86,0
RTFMS_4000_SUBSTITUTION_1.0_5_inductive_inf.pnml,50,0,0.0,0,0.92,33,6.545454545454546,13,0.972972972972973,0.4,0.07692307692307693,1.48,12,0
Sepsis_100000_ORDERING_0.2_2_heuristics.pnml,111,37,0.9440870182837794,8,1.0,87,5.0638297872340425,15,1.0,0.5315315315315315,0.03495034377387318,1.6486486486486487,60,7
RTFMS_4000_INSERTION_0.2_3_heuristics.pnml,74,24,0.9494520153879484,4,0.9594594594594594,50,3.789473684210526,8,1.0,0.4864864864864865,0.0425531914893617,1.4594594594594594,30,3
Sepsis_1000_MIXED_1.0_4_alpha.pnml,27,17,0.9709505944546686,5,0.8148148148148149,13,4.1,14,0.935483870967742,0.0,0.12301587301587301,1.1481481481481481,0,1
RTFMS_2000_SUBSTITUTION_2.0_1_heuristics.pnml,95,28,0.9268190639645772,4,1.0,68,4.7368421052631575,15,1.0,0.35789473684210527,0.0384012539184953,1.5473684210526315,36,4
Sepsis_10000_MIXED_4.0_2_heuristics.pnml,229,30,0.9117517586347537,8,1.0,194,8.846153846153847,32,1.0,0.62882096069869,0.02746288798920378,1.777292576419214,70,7
RTFMS_10000_MIXED_10.0_4_inductive.pnml,362,3,0.7424875695421236,8,0.988950276243094,292,8.789473684210526,69,1.0,0.08839779005524862,0.017108167770419427,1.712707182320442,68,0
RTFMS_20000_SUBSTITUTION_1.0_1_alpha.pnml,115,4,0.9709505944546686,4,0.9826086956521739,42,18.8,42,0.9887640449438202,0.05217391304347826,0.06804281345565749,0.7739130434782608,0,3
Sepsis_10000_ABSENCE_10.0_4_inductive_inf.pnml,81,4,0.6394571324851641,7,0.9506172839506173,38,3.4054054054054053,8,0.9622641509433962,0.2962962962962963,0.03291925465838509,1.308641975308642,30,0
RTFMS_10000_ORDERING_2.0_2_inductive.pnml,36,0,0.863120568566631,3,0.9444444444444444,21,4.142857142857143,8,0.96,0.6944444444444444,0.08116883116883117,1.3888888888888888,10,0
Sepsis_2000_INSERTION_2.0_4_alpha.pnml,55,26,0.9990102708804813,18,0.9272727272727272,34,4.592592592592593,15,0.9868421052631579,0.14545454545454545,0.06620209059233449,1.3818181818181818,0,4
BPIC2012_40000_MIXED_0.4_5_alpha.pnml,79,5,0.9366673818775626,7,0.8481012658227848,31,5.411764705882353,21,0.92,0.1518987341772152,0.04120879120879121,0.9493670886075949,0,2
BPIC2012_20000_ABSENCE_0.4_3_alpha.pnml,38,9,0.9927744539878083,10,0.9736842105263158,18,3.9,14,1.0,0.0,0.07291666666666667,1.2894736842105263,0,9
Sepsis_20000_INSERTION_0.1_4_inductive.pnml,126,7,0.6226343162547098,9,0.9682539682539683,60,3.4482758620689653,11,0.9880952380952381,0.19047619047619047,0.02196078431372549,1.3333333333333333,44,0
Sepsis_40000_SUBSTITUTION_2.0_5_alpha.pnml,408,16,0.9182958340544896,0,0.9901960784313726,59,35.666666666666664,59,0.9905660377358491,0.0,0.043621399176954734,0.25980392156862747,0,0
RTFMS_20000_SUBSTITUTION_0.1_2_alpha.pnml,31,19,0.9910760598382222,6,0.8709677419354839,12,4.444444444444445,10,0.9705882352941176,0.1935483870967742,0.08585858585858586,1.096774193548387,0,0
Sepsis_20000_MIXED_1.0_5_alpha.pnml,75,7,0.9957274520849255,7,0.8933333333333333,30,6.0,17,0.9827586206896551,0.08,0.054104477611940295,0.7733333333333333,0,1
BPIC2012_20000_ORDERING_1.0_3_alpha.pnml,38,8,0.9980008838722996,9,0.9210526315789473,22,4.315789473684211,14,0.9807692307692307,0.34210526315789475,0.07738095238095238,1.368421052631579,0,9
RTFMS_20000_ABSENCE_0.4_2_inductive.pnml,41,0,0.7424875695421236,2,0.975609756097561,26,3.5789473684210527,7,1.0,0.5853658536585366,0.07179487179487179,1.3658536585365855,14,0
BPIC2012_20000_MIXED_4.0_5_inductive.pnml,567,11,0.7374895672137456,22,0.9929453262786596,366,4.881188118811881,28,1.0,0.1693121693121693,0.006587837837837838,1.5132275132275133,180,0
Sepsis_20000_SUBSTITUTION_0.2_5_inductive.pnml,141,5,0.7553754125614287,8,0.9716312056737588,77,3.420289855072464,8,1.0,0.5673758865248227,0.02022137079608344,1.3475177304964538,56,0
Sepsis_20000_ORDERING_2.0_3_alpha.pnml,23,8,0.9852281360342515,7,0.9565217391304348,19,4.5,15,1.0,0.0,0.17410714285714285,1.6956521739130435,0,5
Sepsis_10000_ORDERING_0.1_3_heuristics.pnml,107,32,0.9503376699710268,8,1.0,82,4.956521739130435,14,1.0,0.5514018691588785,0.03583128583128583,1.6355140186915889,57,7
BPIC2012_20000_ORDERING_0.1_1_alpha.pnml,33,10,0.9957274520849255,5,0.8484848484848485,12,3.8461538461538463,13,0.9428571428571428,0.0,0.08101851851851852,1.0606060606060606,0,3
BPIC2012_100000_MIXED_2.0_3_heuristics.pnml,773,2,0.5617526078313282,5,1.0,678,18.92105263157895,98,1.0,0.7645536869340233,0.014387319650477546,1.831824062095731,157,4
BPIC2012_1000_ORDERING_4.0_5_alpha.pnml,33,9,0.9967916319816366,6,0.8787878787878788,18,4.066666666666666,13,0.975609756097561,0.0,0.09490740740740741,1.2424242424242424,0,3
Sepsis_10000_MIXED_2.0_4_heuristics.pnml,164,27,0.9561550236844027,10,1.0,129,6.30188679245283,20,1.0,0.47560975609756095,0.028024193548387095,1.6951219512195121,69,10
RTFMS_20000_ORDERING_1.0_1_alpha.pnml,23,14,1.0,13,1.0,17,4.5,10,1.0,0.30434782608695654,0.16287878787878787,1.8695652173913044,0,8
Sepsis_1000_ORDERING_10.0_2_inductive.pnml,97,1,0.5032583347756457,12,0.9690721649484536,42,3.4,13,0.96875,0.24742268041237114,0.02735042735042735,1.3195876288659794,35,0
BPIC2012_2000_ORDERING_1.0_2_alpha.pnml,32,7,0.9940302114769565,3,0.84375,12,4.0,13,0.9090909090909091,0.0,0.0859375,1.03125,0,0
BPIC2012_10000_INSERTION_4.0_3_inductive.pnml,520,9,0.7440366972318847,22,0.9923076923076923,331,4.65979381443299,29,1.0,0.18461538461538463,0.006927748392726755,1.4961538461538462,172,0
BPIC2012_10000_INSERTION_4.0_5_heuristics.pnml,360,3,0.5787946246321198,4,0.9972222222222222,285,10.879310344827585,48,0.993517017828201,0.7305555555555555,0.018390461997019374,1.7138888888888888,100,3
Sepsis_20000_ORDERING_2.0_5_inductive.pnml,92,3,0.5266170655714281,10,0.9782608695652174,41,3.4761904761904763,12,0.9836065573770492,0.2608695652173913,0.029172644667623145,1.326086956521739,34,0
BPIC2012_100000_MIXED_1.0_3_heuristics.pnml,468,3,0.6665783579949205,6,1.0,389,12.376811594202898,60,1.0,0.75,0.016635114995770733,1.764957264957265,129,4
RTFMS_40000_ORDERING_1.0_4_alpha.pnml,21,16,0.8453509366224364,9,1.0,14,4.545454545454546,11,1.0,0.0,0.1590909090909091,1.6666666666666667,0,4
BPIC2012_2000_MIXED_1.0_1_inductive.pnml,181,4,0.6261776539736494,11,0.9613259668508287,96,3.4457831325301207,7,0.9916666666666667,0.9392265193370166,0.01529051987767584,1.3259668508287292,76,0
RTFMS_10000_SUBSTITUTION_4.0_3_inductive.pnml,327,3,0.7793498372920851,9,0.9877675840978594,258,7.769230769230769,63,1.0,0.07339449541284404,0.017228464419475654,1.688073394495413,64,0
Sepsis_10000_MIXED_10.0_3_inductive.pnml,466,1,0.7150375653354626,13,0.9914163090128756,352,7.196581196581197,93,1.0,0.10300429184549356,0.011010066346373828,1.6523605150214593,102,0
RTFMS_40000_INSERTION_0.4_5_alpha.pnml,101,11,0.9957274520849255,8,0.9801980198019802,39,7.461538461538462,32,1.0,0.0,0.05241935483870968,0.7722772277227723,0,3
BPIC2012_1000_ORDERING_2.0_4_heuristics.pnml,117,3,0.4394969869215134,1,0.9743589743589743,62,4.848484848484849,13,0.950920245398773,0.7264957264957265,0.027949245541838134,1.393162393162393,57,0
Sepsis_2000_MIXED_2.0_4_alpha.pnml,33,22,0.9456603046006401,7,0.8181818181818181,15,4.545454545454546,16,0.9189189189189189,0.0,0.10164835164835165,1.121212121212121,0,1
Sepsis_4000_SUBSTITUTION_0.1_4_alpha.pnml,26,9,0.954434002924965,8,0.9230769230769231,22,4.1875,15,1.0,0.0,0.15037593984962405,1.5384615384615385,0,3
Sepsis_20000_INSERTION_0.4_1_heuristics.pnml,160,34,0.9248187049730301,8,1.0,130,6.56,23,1.0,0.7125,0.03010327400571303,1.7125,62,7
Sepsis_10000_MIXED_10.0_3_heuristics.pnml,406,41,0.9333572600179805,10,1.0,365,12.952380952380953,65,1.0,0.6995073891625616,0.021851722532588453,1.8497536945812807,88,10
Sepsis_100000_MIXED_2.0_1_inductive_inf.pnml,671,2,0.7014714598838974,11,0.9940387481371088,572,12.62,212,1.0,0.08345752608047691,0.012575852688847039,1.7913561847988078,80,0
BPIC2012_4000_MIXED_0.4_3_inductive.pnml,171,5,0.6690158350565576,11,0.9649122807017544,85,3.3375,7,0.9776785714285714,0.5789473684210527,0.015841584158415842,1.3099415204678362,70,0
RTFMS_40000_INSERTION_0.4_3_inductive_inf.pnml,125,1,0.5107878229540133,7,0.952,78,4.7727272727272725,28,1.0,0.192,0.027728085867620753,1.488,37,0
RTFMS_20000_ORDERING_10.0_5_inductive.pnml,61,0,0.7355085815538398,9,0.9672131147540983,28,3.5172413793103448,8,0.9512195121951219,0.06557377049180328,0.04418103448275862,1.3442622950819672,20,0
RTFMS_4000_SUBSTITUTION_1.0_5_heuristics.pnml,95,25,0.9418285354475157,4,1.0,70,4.717948717948718,15,1.0,0.42105263157894735,0.039445628997867806,1.5578947368421052,40,3
RTFMS_4000_MIXED_1.0_1_inductive.pnml,108,1,0.714015280437867,6,0.962962962962963,59,3.4901960784313726,7,1.0,0.14814814814814814,0.026574444848926102,1.3518518518518519,43,0
Sepsis_20000_SUBSTITUTION_0.4_5_inductive.pnml,222,2,0.7054690408228711,11,0.9819819819819819,124,3.696969696969697,11,1.0,0.1981981981981982,0.013468309859154929,1.3783783783783783,88,0
RTFMS_40000_MIXED_1.0_4_alpha.pnml,105,4,0.9940302114769565,6,0.9809523809523809,41,9.181818181818182,38,1.0,0.0,0.061224489795918366,0.8,0,4
RTFMS_4000_ORDERING_0.4_5_heuristics.pnml,74,24,0.9494520153879484,4,1.0,50,3.789473684210526,9,1.0,0.4864864864864865,0.0425531914893617,1.4594594594594594,35,3
BPIC2012_20000_INSERTION_10.0_5_inductive.pnml,1277,6,0.7410162706298391,23,0.9968676585747847,1079,11.746341463414634,135,1.0,0.07517619420516837,0.006300171621546808,1.7823022709475334,182,0
RTFMS_4000_INSERTION_0.4_5_inductive_inf.pnml,68,1,0.4021791902022728,1,0.8235294117647058,39,3.92,6,1.0,0.6470588235294118,0.044444444444444446,1.3529411764705883,25,0
Sepsis_10000_ORDERING_0.1_3_alpha.pnml,22,15,0.9402859586706311,7,0.9545454545454546,18,4.0,14,1.0,0.0,0.17708333333333334,1.5454545454545454,0,2
RTFMS_20000_ABSENCE_1.0_2_inductive.pnml,41,0,0.7424875695421236,2,0.975609756097561,26,3.5789473684210527,7,1.0,0.5853658536585366,0.07179487179487179,1.3658536585365855,14,0
Sepsis_1000_MIXED_0.2_1_alpha.pnml,24,15,0.9798687566511528,6,0.9583333333333334,15,4.25,14,0.9444444444444444,0.0,0.15126050420168066,1.5,0,1
BPIC2012_20000_ABSENCE_0.2_5_inductive_inf.pnml,122,2,0.691289869405789,8,0.9508196721311475,64,3.5185185185185186,6,0.962962962962963,0.9508196721311475,0.022644674308079395,1.3278688524590163,49,0
BPIC2012_10000_SUBSTITUTION_4.0_2_alpha.pnml,257,10,0.9852281360342515,7,0.9649805447470817,60,9.5,45,0.9583333333333334,0.0311284046692607,0.018915510718789406,0.4669260700389105,0,1
Sepsis_40000_ABSENCE_0.1_3_heuristics.pnml,107,36,0.9503376699710268,8,1.0,84,5.043478260869565,14,1.0,0.5514018691588785,0.03624078624078624,1.6542056074766356,57,7
BPIC2012_40000_SUBSTITUTION_10.0_1_inductive.pnml,2441,3,0.7386650272701814,23,0.9983613273248668,2241,22.407582938388625,317,1.0,0.039328144203195414,0.006048588838154825,1.8820155673904138,195,0
BPIC2012_10000_ABSENCE_0.1_4_alpha.pnml,35,9,0.9967916319816366,6,0.8857142857142857,14,3.933333333333333,12,0.95,0.0,0.07575757575757576,1.1428571428571428,0,3
BPIC2012_1000_INSERTION_2.0_3_alpha.pnml,41,14,0.863120568566631,2,0.8048780487804879,7,5.0,17,0.90625,0.0,0.06722689075630252,0.7804878048780488,0,0
BPIC2012_40000_MIXED_2.0_3_alpha.pnml,228,9,0.9456603046006401,4,0.956140350877193,63,11.909090909090908,53,0.9836065573770492,0.0,0.02798165137614679,0.5350877192982456,0,1
Sepsis_40000_ORDERING_0.4_1_alpha.pnml,27,23,0.998363672593813,18,0.962962962962963,24,4.666666666666667,15,1.0,0.0,0.15056818181818182,1.962962962962963,0,7
Sepsis_40000_SUBSTITUTION_2.0_1_heuristics.pnml,541,33,0.8997437586982626,8,1.0,501,19.017543859649123,90,1.0,0.5933456561922366,0.023956290277388624,1.8964879852125693,82,7
Sepsis_1000_MIXED_0.2_5_alpha.pnml,21,19,0.9182958340544896,5,0.9047619047619048,11,4.222222222222222,14,1.0,0.0,0.175,1.3333333333333333,0,2
BPIC2012_10000_ORDERING_0.4_4_inductive.pnml,110,1,0.8112781244591328,8,0.9818181818181818,52,3.75,7,0.9027777777777778,0.9090909090909091,0.024456521739130436,1.309090909090909,39,0
BPIC2012_2000_ORDERING_2.0_1_alpha.pnml,33,8,0.9456603046006401,4,0.8181818181818181,11,4.0,13,0.9411764705882353,0.0,0.0787037037037037,1.0303030303030303,0,3
Sepsis_10000_ABSENCE_2.0_4_alpha.pnml,22,12,0.9402859586706311,7,0.9545454545454546,19,4.142857142857143,14,1.0,0.0,0.18229166666666666,1.5909090909090908,0,3
BPIC2012_2000_ABSENCE_10.0_4_inductive.pnml,121,1,0.6987003526563343,7,0.9669421487603306,66,3.490566037735849,5,0.96875,0.859504132231405,0.0228310502283105,1.322314049586777,48,0
BPIC2012_100000_INSERTION_0.1_1_heuristics.pnml,180,1,0.7553754125614287,5,0.9888888888888889,120,6.3478260869565215,18,0.978494623655914,0.5888888888888889,0.02331216577540107,1.55,64,4
Sepsis_4000_MIXED_0.4_1_inductive_inf.pnml,105,4,0.5435644431995964,9,0.9809523809523809,47,3.3333333333333335,10,0.9852941176470589,0.3047619047619048,0.025055268975681652,1.2952380952380953,43,0
BPIC2012_1000_SUBSTITUTION_10.0_5_heuristics.pnml,185,2,0.38431154412649704,1,0.9837837837837837,124,7.25,22,0.9826989619377162,0.6918918918918919,0.024474932249322495,1.5621621621621622,61,0
Sepsis_40000_SUBSTITUTION_1.0_5_inductive.pnml,394,5,0.6949749673676273,11,0.9898477157360406,285,6.5233644859813085,54,1.0,0.1319796954314721,0.01190609906772998,1.614213197969543,99,0
BPIC2012_2000_ORDERING_4.0_4_alpha.pnml,34,6,0.9967916319816366,6,0.9705882352941176,16,3.933333333333333,13,0.975609756097561,0.0,0.08541666666666667,1.2058823529411764,0,2
BPIC2012_2000_SUBSTITUTION_2.0_5_heuristics.pnml,135,4,0.5713549744279549,3,0.9925925925925926,87,5.756756756756757,16,0.9901960784313726,0.7185185185185186,0.0297029702970297,1.511111111111111,52,0
Sepsis_20000_MIXED_10.0_1_inductive.pnml,712,2,0.7116412885080163,12,0.9943820224719101,596,11.254237288135593,212,1.0,0.07865168539325842,0.010731041542267337,1.7668539325842696,107,0
BPIC2012_40000_MIXED_4.0_3_alpha.pnml,451,19,1.0,3,0.9778270509977827,94,18.2,82,0.9825581395348837,0.0,0.024266365688487584,0.38137472283813745,0,0
BPIC2012_2000_MIXED_4.0_3_alpha.pnml,50,5,0.9182958340544896,1,0.84,12,5.666666666666667,14,0.9090909090909091,0.0,0.0625,0.66,0,0
Sepsis_4000_INSERTION_0.2_3_alpha.pnml,30,16,0.9910760598382222,10,0.9666666666666667,21,4.111111111111111,15,0.9777777777777777,0.0,0.11904761904761904,1.5,0,4
BPIC2012_40000_ORDERING_4.0_2_inductive.pnml,118,1,0.6267511370265895,11,0.9830508474576272,59,3.6862745098039214,12,0.975,0.6610169491525424,0.023661638568470866,1.3559322033898304,44,0
BPIC2012_40000_SUBSTITUTION_10.0_1_alpha.pnml,2080,23,0.0,0,0.9990384615384615,319,307.5,319,1.0,0.0,0.07398941289701637,0.2956730769230769,0,0
BPIC2012_2000_INSERTION_0.4_5_alpha.pnml,37,11,1.0,3,0.8378378378378378,7,4.0,11,0.7272727272727273,0.0,0.057692307692307696,0.8918918918918919,0,0
Sepsis_40000_INSERTION_0.4_1_inductive.pnml,272,3,0.7181384220154764,12,0.9852941176470589,169,4.377358490566038,32,1.0,0.19117647058823528,0.012519660270525323,1.463235294117647,91,0
Sepsis_4000_INSERTION_0.2_4_heuristics.pnml,127,40,0.954434002924965,7,1.0,93,5.208333333333333,15,1.0,0.6456692913385826,0.02972027972027972,1.6062992125984252,65,10
RTFMS_20000_INSERTION_10.0_2_inductive_inf.pnml,1054,2,0.35335933502142136,2,0.9962049335863378,1003,45.28888888888889,231,1.0,0.030360531309297913,0.023856578204404292,1.9240986717267552,47,0
RTFMS_10000_INSERTION_0.1_5_alpha.pnml,35,5,0.9988455359952018,17,0.9142857142857143,26,4.16,7,0.9836065573770492,0.4,0.10032894736842106,1.7428571428571429,0,12
BPIC2012_4000_SUBSTITUTION_0.1_4_heuristics.pnml,122,3,0.7642045065086203,4,0.9344262295081968,65,4.833333333333333,12,0.9473684210526316,0.7213114754098361,0.026785714285714284,1.401639344262295,58,3
BPIC2012_20000_INSERTION_1.0_4_inductive.pnml,336,2,0.6951360991052256,14,0.9880952380952381,215,4.666666666666667,21,1.0,0.375,0.01059322033898305,1.4880952380952381,102,0
BPIC2012_100000_ORDERING_4.0_2_alpha.pnml,38,8,0.8366407419411672,12,0.9736842105263158,30,6.0,24,1.0,0.21052631578947367,0.09821428571428571,1.736842105263158,0,11
BPIC2012_40000_ORDERING_0.1_5_heuristics.pnml,131,2,0.7691928290130138,4,0.9770992366412213,75,4.95,13,0.9682539682539683,0.7251908396946565,0.025961538461538463,1.4427480916030535,67,3
BPIC2012_100000_ABSENCE_4.0_2_heuristics.pnml,137,2,0.7732266742876346,5,0.9635036496350365,77,4.7272727272727275,16,0.9693877551020408,0.7226277372262774,0.024245423057892134,1.4306569343065694,69,4
RTFMS_20000_ABSENCE_2.0_1_alpha.pnml,27,23,0.9886994082884974,16,1.0,13,4.25,9,1.0,0.25925925925925924,0.1278409090909091,1.6666666666666667,0,11
BPIC2012_40000_INSERTION_1.0_2_alpha.pnml,215,3,0.9182958340544896,1,0.9488372093023256,39,13.5,36,0.9506172839506173,0.0,0.027815934065934064,0.3767441860465116,0,0
RTFMS_1000_MIXED_0.4_2_inductive.pnml,54,1,0.6500224216483541,2,0.9444444444444444,28,3.375,6,1.0,0.07407407407407407,0.050505050505050504,1.2962962962962963,20,0
Sepsis_2000_ABSENCE_2.0_3_alpha.pnml,22,19,0.8904916402194913,7,0.9545454545454546,16,4.0,14,1.0,0.0,0.171875,1.5,0,1
BPIC2012_100000_ORDERING_10.0_2_inductive.pnml,167,0,0.49867513632043436,21,0.9880239520958084,72,3.5342465753424657,18,0.954954954954955,0.2874251497005988,0.016017316017316017,1.3293413173652695,65,0
BPIC2012_40000_ABSENCE_10.0_4_alpha.pnml,38,12,0.998363672593813,11,0.9736842105263158,18,4.0,16,1.0,0.0,0.07738095238095238,1.368421052631579,0,9
BPIC2012_1000_ABSENCE_0.2_2_inductive.pnml,134,1,0.7424875695421236,8,0.9402985074626866,66,3.4210526315789473,6,0.9367816091954023,0.9029850746268657,0.02002301495972382,1.2985074626865671,54,0
RTFMS_100000_MIXED_0.1_5_heuristics.pnml,102,15,0.9011701959974223,5,1.0,73,4.682926829268292,16,1.0,0.3137254901960784,0.03634259259259259,1.5392156862745099,42,2
Sepsis_1000_ORDERING_0.2_3_inductive.pnml,91,3,0.5349436990971066,9,0.967032967032967,38,3.341463414634146,11,0.9661016949152542,0.26373626373626374,0.02878048780487805,1.2967032967032968,33,0
BPIC2012_40000_ABSENCE_1.0_3_inductive_inf.pnml,104,0,0.6665783579949205,7,0.9423076923076923,59,3.608695652173913,7,0.9714285714285714,0.9423076923076923,0.02710027100271003,1.3461538461538463,39,0
Sepsis_100000_MIXED_1.0_1_heuristics.pnml,372,31,0.9238422284571814,10,1.0,336,12.813559322033898,65,1.0,0.6451612903225806,0.024422138969392805,1.85752688172043,82,7
BPIC2012_2000_INSERTION_4.0_3_inductive.pnml,303,8,0.7137455095995926,20,0.9867986798679867,160,3.418918918918919,7,1.0,0.22442244224422442,0.009316770186335404,1.3465346534653466,123,0
BPIC2012_100000_INSERTION_0.1_4_inductive.pnml,293,4,0.7088356733321961,16,0.9863481228668942,164,3.8870967741935485,15,0.9902439024390244,0.5119453924914675,0.01042938542938543,1.3993174061433447,108,0
RTFMS_2000_ABSENCE_10.0_4_heuristics.pnml,69,29,0.9275265884316759,3,1.0,47,3.7142857142857144,9,1.0,0.17391304347826086,0.04427549194991055,1.434782608695652,31,3
BPIC2012_2000_INSERTION_0.1_3_inductive.pnml,136,1,0.7286561673702678,9,0.9338235294117647,67,3.457627118644068,6,0.9438202247191011,0.9117647058823529,0.019866071428571427,1.3088235294117647,55,0
RTFMS_20000_MIXED_0.4_5_inductive_inf.pnml,73,0,0.5916727785823275,2,0.8356164383561644,45,4.071428571428571,8,1.0,0.4931506849315068,0.04336734693877551,1.3972602739726028,24,0
RTFMS_40000_ORDERING_0.2_3_heuristics.pnml,75,22,0.8879763195151349,3,1.0,51,3.888888888888889,11,1.0,0.38666666666666666,0.04277864992150707,1.4533333333333334,37,1
Sepsis_2000_SUBSTITUTION_1.0_4_alpha.pnml,30,12,0.9612366047228759,6,0.8666666666666667,21,4.3076923076923075,15,1.0,0.0,0.148,1.2333333333333334,0,0
Sepsis_10000_ABSENCE_10.0_2_heuristics.pnml,114,34,0.9684610087601622,9,1.0,86,5.0,14,1.0,0.5175438596491229,0.03311965811965812,1.631578947368421,61,10
BPIC2012_2000_ORDERING_10.0_4_inductive.pnml,136,1,0.7578784625383954,9,0.9632352941176471,71,3.34375,6,0.9719101123595506,0.8823529411764706,0.019866071428571427,1.3088235294117647,55,0
Sepsis_4000_INSERTION_1.0_5_inductive.pnml,174,8,0.6451006442088482,11,0.9770114942528736,86,3.518987341772152,11,0.9914529914529915,0.22988505747126436,0.01623196448390677,1.3448275862068966,65,0
RTFMS_1000_ABSENCE_0.2_5_heuristics.pnml,58,16,0.9182958340544896,3,1.0,33,3.3333333333333335,5,1.0,0.1206896551724138,0.04779411764705882,1.3448275862068966,22,4
RTFMS_20000_SUBSTITUTION_10.0_5_alpha.pnml,946,13,0.9182958340544896,2,0.9936575052854123,334,110.16666666666667,328,0.9984732824427481,0.0,0.0696068012752391,0.6923890063424947,0,0
Sepsis_4000_SUBSTITUTION_4.0_5_inductive.pnml,270,9,0.6975195309289137,11,0.9851851851851852,165,4.534653465346534,28,1.0,0.17777777777777778,0.01290866632070576,1.474074074074074,90,0
Sepsis_10000_SUBSTITUTION_0.4_4_heuristics.pnml,122,32,0.9503376699710268,8,1.0,97,5.608695652173913,17,1.0,0.5491803278688525,0.034899557371467486,1.680327868852459,57,7
Sepsis_2000_SUBSTITUTION_0.2_5_inductive.pnml,113,4,0.7367680100024783,7,0.9823008849557522,59,3.358490566037736,5,0.9864864864864865,0.7522123893805309,0.024010382868267358,1.3097345132743363,47,0
BPIC2012_4000_SUBSTITUTION_0.2_5_heuristics.pnml,128,2,0.7531979910695014,4,0.9375,70,4.972972972972973,11,0.9502762430939227,0.7421875,0.026073177758571018,1.4140625,59,3
BPIC2012_1000_ORDERING_0.1_4_inductive.pnml,133,1,0.7568336324184035,8,0.9323308270676691,64,3.4545454545454546,6,0.9186046511627907,0.9097744360902256,0.020046620046620046,1.2932330827067668,53,0
RTFMS_1000_MIXED_0.4_4_alpha.pnml,25,11,1.0,9,0.96,14,3.625,6,0.9736842105263158,0.0,0.12179487179487179,1.52,0,6
Sepsis_10000_MIXED_0.1_5_heuristics.pnml,112,31,0.9440870182837794,8,1.0,85,5.0212765957446805,14,1.0,0.5625,0.034502262443438916,1.6339285714285714,60,7
BPIC2012_40000_ORDERING_0.1_1_alpha.pnml,33,8,0.9456603046006401,4,0.8181818181818181,11,4.0,13,0.9411764705882353,0.0,0.0787037037037037,1.0303030303030303,0,3
RTFMS_100000_SUBSTITUTION_0.2_3_alpha.pnml,113,12,1.0,2,0.9646017699115044,48,15.666666666666666,44,0.9662921348314607,0.0,0.06931464174454828,0.7876106194690266,0,1
RTFMS_40000_INSERTION_4.0_4_inductive.pnml,893,5,0.7372413771710564,9,0.9955207166853304,824,22.493506493506494,197,1.0,0.03583426651735722,0.01657077553593947,1.883538633818589,66,0
BPIC2012_100000_MIXED_2.0_4_inductive_inf.pnml,446,3,0.5369064378756414,15,0.984304932735426,331,7.471698113207547,87,1.0,0.18834080717488788,0.011209601267172317,1.6502242152466369,96,0
BPIC2012_1000_ABSENCE_10.0_2_alpha.pnml,37,10,1.0,10,0.972972972972973,17,3.85,13,0.9787234042553191,0.0,0.07532051282051282,1.2702702702702702,0,7
RTFMS_4000_SUBSTITUTION_10.0_3_inductive.pnml,327,3,0.7793498372920851,9,0.9877675840978594,258,7.769230769230769,63,1.0,0.07339449541284404,0.017228464419475654,1.688073394495413,64,0
RTFMS_100000_SUBSTITUTION_0.1_4_inductive.pnml,167,1,0.7455178428108284,8,0.9760479041916168,106,4.393939393939394,19,1.0,0.1437125748502994,0.0205685618729097,1.473053892215569,57,0
Sepsis_20000_ORDERING_0.1_5_inductive.pnml,93,2,0.5830194167347008,10,0.978494623655914,43,3.488372093023256,11,0.9838709677419355,0.25806451612903225,0.029080675422138838,1.3333333333333333,35,0
BPIC2012_100000_INSERTION_1.0_4_alpha.pnml,543,6,0.954434002924965,3,0.9852670349907919,88,22.375,78,0.9941520467836258,0.0,0.02653631284916201,0.3149171270718232,0,0
Sepsis_100000_MIXED_2.0_5_inductive.pnml,714,4,0.7016443140299524,13,0.9943977591036415,592,10.991735537190083,192,1.0,0.0784313725490196,0.010419427511264246,1.7619047619047619,108,0
Sepsis_100000_ABSENCE_0.2_5_heuristics.pnml,107,36,0.9503376699710268,8,1.0,84,5.043478260869565,14,1.0,0.5514018691588785,0.03624078624078624,1.6542056074766356,57,7
BPIC2012_100000_MIXED_2.0_2_alpha.pnml,489,4,0.9709505944546686,1,0.9938650306748467,84,35.4,87,1.0,0.0,0.05864197530864197,0.3496932515337423,0,0
Sepsis_10000_MIXED_10.0_5_alpha.pnml,252,5,0.9182958340544896,1,0.9920634920634921,36,25.0,38,0.9866666666666667,0.0,0.050200803212851405,0.2976190476190476,0,0
BPIC2012_40000_SUBSTITUTION_0.4_2_alpha.pnml,119,13,0.9886994082884974,3,0.8907563025210083,47,6.4375,27,0.925531914893617,0.0,0.03197278911564626,0.7899159663865546,0,1
BPIC2012_100000_ORDERING_1.0_2_heuristics.pnml,159,2,0.714015280437867,5,0.9874213836477987,96,4.862745098039215,20,0.987012987012987,0.6855345911949685,0.021941489361702128,1.4528301886792452,87,3
Sepsis_100000_MIXED_0.4_2_heuristics.pnml,229,34,0.9117517586347537,8,1.0,196,8.923076923076923,32,1.0,0.62882096069869,0.027597840755735494,1.7860262008733625,70,7
BPIC2012_4000_ABSENCE_0.1_3_heuristics.pnml,123,3,0.7424875695421236,4,0.943089430894309,67,4.7105263157894735,12,0.9653179190751445,0.7154471544715447,0.02678018575851393,1.4065040650406504,60,3
RTFMS_1000_ORDERING_0.1_5_heuristics.pnml,54,18,0.9402859586706311,3,1.0,33,3.4285714285714284,6,1.0,0.12962962962962962,0.052556818181818184,1.3703703703703705,20,4
RTFMS_10000_ABSENCE_10.0_5_inductive.pnml,41,1,0.5435644431995964,1,0.975609756097561,27,3.875,7,1.0,0.7317073170731707,0.07407407407407407,1.3658536585365855,15,0
BPIC2012_1000_INSERTION_1.0_1_heuristics.pnml,115,2,0.4488644887230294,1,0.9739130434782609,62,4.9375,12,0.9440993788819876,0.7565217391304347,0.02875,1.4,52,0
RTFMS_4000_ORDERING_10.0_2_inductive.pnml,32,0,0.6840384356390417,3,0.9375,18,4.363636363636363,7,0.9545454545454546,0.53125,0.08906882591093117,1.375,7,0
Sepsis_100000_MIXED_4.0_1_inductive_inf.pnml,700,3,0.6193821946787638,9,0.9942857142857143,620,17.025641025641026,147,1.0,0.07428571428571429,0.015366599751457795,1.8371428571428572,63,0
BPIC2012_2000_INSERTION_2.0_5_heuristics.pnml,136,5,0.5435644431995964,3,0.9926470588235294,81,5.125,13,0.9797979797979798,0.8088235294117647,0.026584317937701395,1.4558823529411764,60,0
Sepsis_1000_MIXED_1.0_5_inductive.pnml,105,4,0.4689955935892812,10,0.9714285714285714,47,3.34,12,1.0,0.38095238095238093,0.025423728813559324,1.3142857142857143,41,0
Sepsis_20000_INSERTION_1.0_5_inductive_inf.pnml,124,2,0.40790598013897633,9,0.967741935483871,68,4.122448979591836,14,1.0,0.41935483870967744,0.024753867791842476,1.4193548387096775,42,0
Sepsis_40000_INSERTION_0.2_2_alpha.pnml,58,8,0.7219280948873623,1,0.9137931034482758,13,7.6,18,1.0,0.0,0.0787037037037037,0.5862068965517241,0,0
BPIC2012_10000_MIXED_0.2_5_alpha.pnml,41,8,0.9940302114769565,3,0.8048780487804879,10,3.727272727272727,12,0.8378378378378378,0.0,0.05606060606060606,0.9024390243902439,0,1
BPIC2012_4000_SUBSTITUTION_0.4_5_alpha.pnml,46,6,0.9182958340544896,3,0.8043478260869565,15,3.4,11,0.926829268292683,0.0,0.05024509803921569,0.8913043478260869,0,1
BPIC2012_40000_ORDERING_10.0_5_inductive.pnml,104,0,0.6840384356390417,9,0.9807692307692307,53,3.772727272727273,13,0.971830985915493,0.7115384615384616,0.027265745007680493,1.3653846153846154,37,0
Sepsis_4000_ABSENCE_0.4_5_inductive.pnml,90,3,0.5266170655714281,9,0.9777777777777777,42,3.4761904761904763,11,1.0,0.26666666666666666,0.030165912518853696,1.3333333333333333,34,0
Sepsis_100000_ORDERING_1.0_4_alpha.pnml,26,10,0.863120568566631,9,1.0,22,4.714285714285714,15,1.0,0.3076923076923077,0.1375,1.6923076923076923,0,7
BPIC2012_1000_ABSENCE_2.0_4_inductive.pnml,141,0,0.7286561673702678,8,0.9716312056737588,72,3.4745762711864407,6,0.9402173913043478,0.8794326241134752,0.01921470342522974,1.3049645390070923,59,0
BPIC2012_100000_ABSENCE_0.4_1_inductive.pnml,105,1,0.5916727785823275,5,0.9619047619047619,60,3.7857142857142856,9,0.9788732394366197,0.8761904761904762,0.027583527583527584,1.3523809523809525,41,0
RTFMS_10000_SUBSTITUTION_4.0_4_heuristics.pnml,288,18,0.9377342939868041,6,1.0,249,11.625,74,1.0,0.2638888888888889,0.02794228491439647,1.8020833333333333,57,6
BPIC2012_40000_ABSENCE_2.0_4_inductive.pnml,111,1,0.6420642892306891,6,0.963963963963964,65,3.6122448979591835,8,0.9933333333333333,0.8828828828828829,0.025879917184265012,1.3513513513513513,44,0
Sepsis_10000_ABSENCE_0.1_2_alpha.pnml,22,14,0.9402859586706311,7,0.9545454545454546,19,4.071428571428571,14,1.0,0.0,0.18229166666666666,1.5909090909090908,0,2
RTFMS_40000_ABSENCE_2.0_3_inductive.pnml,62,1,0.7335379291086666,6,0.9838709677419355,33,3.176470588235294,6,1.0,0.06451612903225806,0.04338624338624339,1.3225806451612903,23,0
Sepsis_2000_ABSENCE_0.2_2_heuristics.pnml,112,32,0.9503376699710268,6,1.0,87,5.043478260869565,14,1.0,0.5357142857142857,0.0349060222477944,1.625,62,5
RTFMS_100000_ORDERING_10.0_1_inductive.pnml,66,0,0.7990485210442682,9,0.9696969696969697,31,3.393939393939394,7,0.9545454545454546,0.06060606060606061,0.04055299539170507,1.3333333333333333,23,0
Sepsis_40000_MIXED_4.0_5_inductive.pnml,611,3,0.685750764543924,12,0.9934533551554828,494,9.773913043478261,160,1.0,0.09165302782324058,0.010885221614058192,1.7315875613747955,104,0
BPIC2012_20000_MIXED_4.0_1_alpha.pnml,214,7,0.9709505944546686,4,0.9626168224299065,41,9.7,39,0.9550561797752809,0.0,0.027002427184466018,0.4158878504672897,0,0
Sepsis_40000_INSERTION_4.0_4_inductive_inf.pnml,945,1,0.691289869405789,12,0.9957671957671957,837,16.685185185185187,287,1.0,0.06349206349206349,0.011522753792298716,1.8391534391534392,89,0
RTFMS_4000_ABSENCE_0.2_1_alpha.pnml,29,21,0.9910760598382222,18,1.0,16,4.333333333333333,9,1.0,0.5517241379310345,0.12626262626262627,1.7241379310344827,0,13
Sepsis_20000_ABSENCE_0.4_4_alpha.pnml,22,15,0.9402859586706311,7,0.9545454545454546,18,4.0,14,1.0,0.0,0.17708333333333334,1.5454545454545454,0,2
BPIC2012_1000_SUBSTITUTION_0.4_5_inductive.pnml,154,3,0.7612401496918492,10,0.9545454545454546,72,3.323529411764706,5,0.9343434343434344,0.6168831168831169,0.01711322385479689,1.2857142857142858,61,0
Sepsis_40000_SUBSTITUTION_0.4_1_heuristics.pnml,211,45,0.9348490242345944,8,1.0,179,7.649122807017544,32,1.0,0.6161137440758294,0.026685796269727405,1.7630331753554502,70,7
BPIC2012_40000_MIXED_0.1_4_inductive.pnml,205,3,0.7136036068604936,15,0.9853658536585366,106,3.350515463917526,7,0.9777777777777777,0.8731707317073171,0.013235294117647059,1.3170731707317074,87,0
BPIC2012_100000_ABSENCE_4.0_3_heuristics.pnml,133,1,0.782444129406689,5,0.9624060150375939,75,4.6976744186046515,16,0.968421052631579,0.7142857142857143,0.024856096284667714,1.4285714285714286,66,4
BPIC2012_20000_INSERTION_2.0_5_alpha.pnml,220,28,0.9494520153879484,5,0.9454545454545454,40,6.684210526315789,48,0.9646017699115044,0.07727272727272727,0.017310049019607844,0.5136363636363637,0,0
Sepsis_20000_ABSENCE_4.0_5_inductive.pnml,95,3,0.5107878229540133,9,0.9789473684210527,44,3.4545454545454546,11,1.0,0.25263157894736843,0.028455284552845527,1.3263157894736841,37,0
RTFMS_10000_SUBSTITUTION_4.0_1_alpha.pnml,215,5,0.9182958340544896,4,0.9906976744186047,82,28.333333333333332,79,1.0,0.027906976744186046,0.0645933014354067,0.7534883720930232,0,4
BPIC2012_20000_ORDERING_1.0_5_alpha.pnml,38,12,0.998363672593813,14,0.8947368421052632,27,4.619047619047619,16,0.9508196721311475,0.0,0.09077380952380952,1.605263157894737,0,6
RTFMS_100000_MIXED_10.0_3_alpha.pnml,2301,2,0.9709505944546686,2,0.9978270317253368,683,274.0,681,0.9992673992673993,0.0,0.07428167174575534,0.5932203389830508,0,0
Sepsis_20000_INSERTION_1.0_3_heuristics.pnml,226,41,0.9238422284571814,8,1.0,189,7.796610169491525,36,1.0,0.672566371681416,0.025225568687253782,1.7566371681415929,79,7
Sepsis_10000_MIXED_4.0_2_inductive_inf.pnml,161,1,0.5499109046334101,9,0.9751552795031055,105,5.0181818181818185,19,1.0,0.2732919254658385,0.022492625368731565,1.515527950310559,44,0
RTFMS_4000_INSERTION_4.0_3_inductive.pnml,192,4,0.7088356733321961,7,0.9791666666666666,133,5.419354838709677,27,1.0,0.125,0.020985915492957745,1.5520833333333333,53,0
Sepsis_4000_INSERTION_10.0_1_heuristics.pnml,347,38,0.9293636260137187,8,1.0,302,11.758620689655173,54,1.0,0.7406340057636888,0.022340425531914895,1.8155619596541788,88,10
RTFMS_100000_INSERTION_4.0_4_inductive.pnml,1972,5,0.7320666900931938,10,0.9979716024340771,1902,49.8974358974359,441,1.0,0.016227180527383367,0.016213477453132917,1.947261663286004,66,0
RTFMS_20000_ABSENCE_10.0_4_heuristics.pnml,64,30,0.8960382325345574,2,1.0,46,3.8125,10,1.0,0.328125,0.049310710498409335,1.453125,29,1
RTFMS_1000_SUBSTITUTION_0.4_4_heuristics.pnml,58,17,0.9293636260137187,3,1.0,35,3.5172413793103448,8,1.0,0.1206896551724138,0.049689440993788817,1.3793103448275863,20,4
Sepsis_20000_ABSENCE_2.0_4_inductive.pnml,95,3,0.5107878229540133,9,0.9789473684210527,44,3.4545454545454546,11,1.0,0.25263157894736843,0.028455284552845527,1.3263157894736841,37,0
Sepsis_4000_ABSENCE_0.1_3_alpha.pnml,22,15,0.9402859586706311,7,0.9545454545454546,18,4.0,14,1.0,0.0,0.17708333333333334,1.5454545454545454,0,2
RTFMS_20000_ABSENCE_4.0_5_heuristics.pnml,63,30,0.8960382325345574,2,1.0,45,3.75,9,1.0,0.3333333333333333,0.049456521739130434,1.4444444444444444,28,1
BPIC2012_2000_ORDERING_0.2_2_heuristics.pnml,109,5,0.6024308020404452,3,0.9908256880733946,61,4.676470588235294,11,0.9675324675324676,0.7339449541284404,0.03070175438596491,1.4128440366972477,53,0
Sepsis_40000_ORDERING_1.0_2_inductive.pnml,91,2,0.46121604051390946,11,0.978021978021978,41,3.5609756097560976,13,0.9836065573770492,0.26373626373626374,0.02975609756097561,1.3406593406593406,33,0
BPIC2012_10000_SUBSTITUTION_10.0_2_heuristics.pnml,758,7,0.6079696120060725,4,1.0,678,21.34328358208955,96,1.0,0.6477572559366754,0.016786055396370583,1.8548812664907652,133,3
BPIC2012_4000_ABSENCE_0.4_3_alpha.pnml,35,9,0.9967916319816366,6,0.9142857142857143,14,3.8666666666666667,13,0.95,0.0,0.07575757575757576,1.1428571428571428,0,4
Sepsis_1000_ORDERING_1.0_1_inductive.pnml,91,3,0.5349436990971066,9,0.967032967032967,38,3.341463414634146,11,0.9661016949152542,0.26373626373626374,0.02878048780487805,1.2967032967032968,33,0
Sepsis_20000_SUBSTITUTION_10.0_3_inductive.pnml,1230,1,0.712453444966878,14,0.9967479674796748,1104,18.4375,424,1.0,0.04878048780487805,0.009829343303382983,1.8552845528455284,115,0
BPIC2012_4000_SUBSTITUTION_4.0_4_alpha.pnml,112,28,0.9587118829771318,7,0.9732142857142857,49,5.714285714285714,27,0.9767441860465116,0.0,0.04638619201725998,0.7678571428571429,0,3
RTFMS_100000_ORDERING_0.2_1_alpha.pnml,21,13,0.9456603046006401,9,1.0,12,4.545454545454546,10,0.9714285714285714,0.0,0.1590909090909091,1.6666666666666667,0,6
Sepsis_1000_MIXED_10.0_5_inductive.pnml,160,3,0.6652735227649414,9,0.975,83,3.44,9,1.0,0.3875,0.01761026991441738,1.3375,61,0
RTFMS_20000_ABSENCE_0.1_3_alpha.pnml,27,23,0.9886994082884974,16,1.0,13,4.25,9,1.0,0.25925925925925924,0.1278409090909091,1.6666666666666667,0,11
RTFMS_100000_MIXED_2.0_2_heuristics.pnml,601,21,0.8595316914502931,5,1.0,559,22.22641509433962,164,1.0,0.4559068219633943,0.02533422459893048,1.891846921797005,66,2
RTFMS_10000_MIXED_10.0_4_heuristics.pnml,327,24,0.8589810370425963,4,1.0,288,13.695652173913043,80,1.0,0.45871559633027525,0.028445971744940818,1.8226299694189603,57,3
Sepsis_4000_ABSENCE_2.0_5_heuristics.pnml,114,41,0.9709505944546686,7,1.0,85,5.111111111111111,14,1.0,0.6929824561403509,0.03276353276353276,1.6140350877192982,61,10
BPIC2012_1000_SUBSTITUTION_0.1_2_inductive.pnml,133,1,0.7568336324184035,8,0.9323308270676691,64,3.4545454545454546,6,0.9186046511627907,0.9097744360902256,0.020046620046620046,1.2932330827067668,53,0
RTFMS_20000_SUBSTITUTION_0.2_1_inductive_inf.pnml,70,0,0.4262286569981449,1,0.8142857142857143,44,4.608695652173913,9,1.0,0.5428571428571428,0.04859086491739553,1.4285714285714286,22,0
Sepsis_2000_ABSENCE_2.0_1_inductive.pnml,95,3,0.5107878229540133,9,0.9789473684210527,44,3.4545454545454546,11,1.0,0.25263157894736843,0.028455284552845527,1.3263157894736841,37,0
RTFMS_100000_INSERTION_1.0_4_alpha.pnml,492,19,1.0,1,0.9959349593495935,134,63.25,133,1.0,0.0,0.08486707566462168,0.5060975609756098,0,1
RTFMS_4000_MIXED_1.0_1_inductive_inf.pnml,78,1,0.5435644431995964,3,0.9487179487179487,45,3.75,7,1.0,0.5256410256410257,0.03785714285714286,1.358974358974359,29,0
Sepsis_40000_SUBSTITUTION_0.2_3_alpha.pnml,64,5,0.9709505944546686,5,0.953125,25,4.8,21,1.0,0.0,0.06896551724137931,0.75,0,2
BPIC2012_100000_MIXED_1.0_1_alpha.pnml,259,5,0.9709505944546686,4,0.9613899613899614,46,10.7,42,0.9494949494949495,0.0,0.022,0.38223938223938225,0,0
Sepsis_10000_INSERTION_10.0_3_heuristics.pnml,600,38,0.8812908992306927,8,1.0,558,19.966666666666665,96,1.0,0.785,0.022347355203264793,1.8983333333333334,91,7
RTFMS_1000_ABSENCE_2.0_2_alpha.pnml,29,8,0.863120568566631,13,1.0,12,4.142857142857143,7,1.0,0.0,0.1111111111111111,1.5172413793103448,0,13
RTFMS_2000_INSERTION_10.0_4_inductive.pnml,216,2,0.74959525725948,8,0.9814814814814815,152,5.485714285714286,29,1.0,0.12962962962962962,0.01908526256352343,1.5648148148148149,59,0
BPIC2012_1000_INSERTION_0.4_1_heuristics.pnml,112,3,0.4586858162005403,1,0.9375,58,4.870967741935484,12,0.935483870967742,0.7678571428571429,0.0287569573283859,1.3839285714285714,51,0
BPIC2012_100000_ABSENCE_10.0_1_alpha.pnml,38,12,0.998363672593813,11,0.9736842105263158,18,4.0,16,1.0,0.0,0.07738095238095238,1.368421052631579,0,9
RTFMS_100000_SUBSTITUTION_1.0_4_inductive.pnml,616,1,0.7219280948873623,9,0.9935064935064936,540,14.65,152,1.0,0.05844155844155844,0.015879755434782608,1.8214285714285714,72,0
BPIC2012_20000_MIXED_1.0_5_inductive.pnml,305,4,0.7486708332095987,20,0.9868852459016394,171,3.613793103448276,12,1.0,0.3344262295081967,0.00969045650776155,1.383606557377049,117,0
Sepsis_100000_SUBSTITUTION_10.0_2_alpha.pnml,4658,30,0.0,0,0.9995706311721769,463,448.0,463,1.0,0.0,0.048109965635738834,0.19235723486474882,0,0
RTFMS_100000_ORDERING_10.0_1_heuristics.pnml,91,19,0.9564574047992594,6,1.0,61,3.9555555555555557,11,1.0,0.43956043956043955,0.0357521186440678,1.4835164835164836,47,4
Sepsis_4000_ORDERING_1.0_4_inductive.pnml,93,2,0.5746356978376794,11,0.978494623655914,42,3.4545454545454546,11,0.9838709677419355,0.25806451612903225,0.028944911297852476,1.3333333333333333,34,0
Sepsis_10000_ABSENCE_4.0_2_heuristics.pnml,114,34,0.9684610087601622,9,1.0,86,5.0,14,1.0,0.5175438596491229,0.03311965811965812,1.631578947368421,61,10
Sepsis_4000_MIXED_0.4_4_inductive.pnml,137,2,0.7382848661434506,12,0.9854014598540146,68,3.2222222222222223,5,1.0,0.20437956204379562,0.01955671447196871,1.313868613138686,54,0
Sepsis_10000_INSERTION_4.0_4_heuristics.pnml,330,29,0.9182958340544896,9,1.0,292,11.649122807017545,47,1.0,0.693939393939394,0.025008267195767195,1.8333333333333333,73,7
BPIC2012_10000_ABSENCE_0.1_2_heuristics.pnml,120,2,0.7531979910695014,4,0.9166666666666666,66,4.72972972972973,12,0.9644970414201184,0.7166666666666667,0.02751546727450342,1.4083333333333334,58,3
BPIC2012_100000_ABSENCE_4.0_3_inductive_inf.pnml,96,1,0.6098403047164004,5,0.90625,53,3.65,9,0.96875,0.875,0.029317453046266605,1.3333333333333333,35,0
RTFMS_4000_ORDERING_1.0_4_heuristics.pnml,76,24,0.9494520153879484,4,1.0,52,3.8947368421052633,10,1.0,0.47368421052631576,0.042328042328042326,1.4736842105263157,37,3
BPIC2012_40000_ABSENCE_10.0_4_heuristics.pnml,133,2,0.8112781244591328,5,0.9624060150375939,76,4.681818181818182,16,0.9685863874345549,0.7142857142857143,0.0249869178440607,1.4360902255639099,66,4
RTFMS_2000_SUBSTITUTION_2.0_2_inductive.pnml,113,2,0.6409441847875287,4,0.9823008849557522,65,4.1395348837209305,16,1.0,0.21238938053097345,0.027719298245614036,1.3982300884955752,42,0
BPIC2012_20000_INSERTION_0.2_4_inductive.pnml,226,6,0.7033693386668108,15,0.9823008849557522,118,3.418181818181818,9,1.0,0.5398230088495575,0.012466169113425737,1.345132743362832,93,0
BPIC2012_1000_INSERTION_0.1_3_inductive_inf.pnml,136,1,0.7424875695421236,8,0.9338235294117647,66,3.43859649122807,6,0.9318181818181819,0.9117647058823529,0.019642857142857142,1.2941176470588236,55,0
Sepsis_1000_MIXED_0.2_1_heuristics.pnml,99,28,0.9268190639645772,4,1.0,74,5.105263157894737,14,1.0,0.6363636363636364,0.03891625615763547,1.595959595959596,52,4
RTFMS_4000_INSERTION_0.4_5_heuristics.pnml,80,20,0.954434002924965,5,1.0,55,3.95,8,1.0,0.375,0.040865384615384616,1.4875,32,3
Sepsis_100000_INSERTION_4.0_1_heuristics.pnml,2129,22,0.8913309584070233,20,1.0,2056,39.794392523364486,367,1.0,0.8356035697510569,0.012973658878095738,1.949741662752466,157,7
BPIC2012_10000_ORDERING_4.0_4_heuristics.pnml,141,1,0.7120640548905479,4,0.950354609929078,83,5.146341463414634,15,0.9705882352941176,0.6666666666666666,0.024878048780487806,1.446808510638298,75,3
BPIC2012_4000_SUBSTITUTION_0.2_5_alpha.pnml,40,9,1.0,2,0.725,6,3.75,11,0.6666666666666667,0.0,0.05172413793103448,0.825,0,0
RTFMS_40000_SUBSTITUTION_2.0_5_inductive.pnml,498,1,0.7162583911075449,7,0.9919678714859438,430,13.211267605633802,124,1.0,0.0642570281124498,0.017822333611807295,1.7991967871485943,65,0
Sepsis_4000_ABSENCE_0.1_4_heuristics.pnml,117,42,0.9656361333706098,7,1.0,87,5.086956521739131,14,1.0,0.6752136752136753,0.03175675675675676,1.606837606837607,63,10
Sepsis_4000_MIXED_0.1_5_alpha.pnml,20,20,0.9910760598382222,5,0.9,13,4.444444444444445,14,1.0,0.0,0.21875,1.4,0,0
RTFMS_20000_INSERTION_2.0_5_heuristics.pnml,281,25,0.8366407419411672,3,1.0,246,12.044444444444444,70,1.0,0.3309608540925267,0.03018575851393189,1.804270462633452,52,1
RTFMS_100000_ORDERING_10.0_4_alpha.pnml,23,2,0.7219280948873623,10,1.0,16,5.6,11,1.0,0.0,0.1553030303030303,1.7826086956521738,0,10
BPIC2012_40000_ABSENCE_10.0_5_alpha.pnml,38,12,0.998363672593813,11,0.9736842105263158,18,4.0,16,1.0,0.0,0.07738095238095238,1.368421052631579,0,9
BPIC2012_100000_INSERTION_0.2_4_heuristics.pnml,257,2,0.691289869405789,5,0.9883268482490273,189,8.166666666666666,26,0.9976303317535545,0.6459143968871596,0.020702511773940346,1.6420233463035019,74,4
RTFMS_4000_INSERTION_4.0_3_heuristics.pnml,169,23,0.9601186626422924,6,1.0,139,7.148936170212766,37,1.0,0.27218934911242604,0.03230837789661319,1.7159763313609468,47,4
BPIC2012_2000_INSERTION_0.1_2_alpha.pnml,36,8,1.0,4,0.8055555555555556,13,3.7142857142857144,11,0.9210526315789473,0.0,0.06909090909090909,1.0555555555555556,0,1
RTFMS_4000_ORDERING_0.1_5_alpha.pnml,27,18,0.9980008838722996,16,1.0,18,4.105263157894737,9,1.0,0.5555555555555556,0.13352272727272727,1.7407407407407407,0,11
RTFMS_20000_MIXED_4.0_4_inductive.pnml,317,1,0.7424875695421236,8,0.9873817034700315,246,7.605263157894737,56,1.0,0.10094637223974763,0.017185473411154346,1.6719242902208202,68,0
Sepsis_100000_MIXED_10.0_3_heuristics.pnml,2644,28,0.9431340036829803,28,1.0,2554,36.16326530612245,470,1.0,0.8203479576399395,0.010035313401572167,1.949697428139183,198,10
RTFMS_100000_MIXED_4.0_5_heuristics.pnml,1052,25,0.863120568566631,6,1.0,1003,32.98412698412698,308,1.0,0.4781368821292776,0.021467132422991426,1.9277566539923954,81,2
Sepsis_20000_MIXED_0.2_3_alpha.pnml,34,18,1.0,7,0.9117647058823529,17,4.666666666666667,16,0.9302325581395349,0.0,0.09555555555555556,1.2647058823529411,0,0
BPIC2012_100000_MIXED_0.2_2_alpha.pnml,85,16,0.8812908992306927,3,0.8235294117647058,16,5.4,19,0.8703703703703703,0.0,0.033169533169533166,0.6352941176470588,0,0
Sepsis_1000_ABSENCE_0.2_3_inductive_inf.pnml,92,4,0.5746356978376794,9,0.967391304347826,40,3.2954545454545454,11,0.9833333333333333,0.2608695652173913,0.028694404591104734,1.3043478260869565,34,0
RTFMS_4000_MIXED_10.0_1_inductive.pnml,234,3,0.774241158084727,9,0.9829059829059829,164,5.291139240506329,33,1.0,0.11965811965811966,0.017246280678480053,1.5555555555555556,67,0
Sepsis_4000_ABSENCE_0.1_1_heuristics.pnml,117,42,0.9656361333706098,7,1.0,87,5.086956521739131,14,1.0,0.6752136752136753,0.03175675675675676,1.606837606837607,63,10
Sepsis_2000_ABSENCE_0.2_3_inductive_inf.pnml,95,3,0.5107878229540133,9,0.9789473684210527,44,3.4545454545454546,11,1.0,0.25263157894736843,0.028455284552845527,1.3263157894736841,37,0
BPIC2012_40000_ORDERING_0.4_3_inductive_inf.pnml,98,2,0.6193821946787638,6,0.9489795918367347,55,3.8974358974358974,8,0.9776119402985075,0.8673469387755102,0.02968542312804608,1.3673469387755102,37,0
BPIC2012_100000_INSERTION_4.0_1_heuristics.pnml,2223,2,0.611822857624116,9,1.0,2074,34.06349206349206,293,1.0,0.7971210076473234,0.009049532487032486,1.9086819613135402,279,4
RTFMS_4000_SUBSTITUTION_0.4_4_alpha.pnml,34,9,1.0,12,0.9411764705882353,23,4.444444444444445,12,1.0,0.47058823529411764,0.09464285714285714,1.5588235294117647,0,8
Sepsis_100000_ABSENCE_10.0_5_heuristics.pnml,114,36,0.9684610087601622,9,1.0,87,5.041666666666667,14,1.0,0.5175438596491229,0.033297720797720795,1.6403508771929824,61,10
Sepsis_1000_MIXED_0.1_3_alpha.pnml,23,15,0.9182958340544896,7,0.9130434782608696,16,4.333333333333333,14,1.0,0.0,0.15625,1.5217391304347827,0,2
RTFMS_100000_MIXED_10.0_5_heuristics.pnml,2560,26,0.8442202034297602,12,1.0,2464,44.43859649122807,739,1.0,0.455859375,0.011700757646970351,1.944921875,165,3
Sepsis_1000_ABSENCE_0.2_4_inductive_inf.pnml,92,4,0.5746356978376794,9,0.967391304347826,40,3.2954545454545454,11,0.9833333333333333,0.2608695652173913,0.028694404591104734,1.3043478260869565,34,0
BPIC2012_100000_MIXED_4.0_3_alpha.pnml,1024,22,0.9182958340544896,1,0.9931640625,155,49.5,154,0.9965753424657534,0.0,0.028655544651619236,0.28515625,0,0
RTFMS_2000_SUBSTITUTION_0.2_2_inductive.pnml,65,1,0.7088356733321961,3,0.9384615384615385,37,3.3548387096774195,5,1.0,0.06153846153846154,0.043,1.323076923076923,24,0
BPIC2012_4000_INSERTION_0.4_5_inductive.pnml,154,2,0.6981245731396178,11,0.961038961038961,77,3.4057971014492754,6,0.9554455445544554,0.7597402597402597,0.017534722222222222,1.3116883116883118,60,0
RTFMS_1000_ABSENCE_0.4_1_heuristics.pnml,55,17,0.9293636260137187,3,1.0,32,3.310344827586207,5,1.0,0.12727272727272726,0.050271739130434784,1.3454545454545455,20,4
RTFMS_20000_INSERTION_0.2_5_alpha.pnml,49,24,0.9980008838722996,12,0.8775510204081632,27,4.526315789473684,12,0.9836065573770492,0.12244897959183673,0.06517094017094018,1.2448979591836735,0,3
RTFMS_2000_INSERTION_0.2_2_heuristics.pnml,67,29,0.9275265884316759,3,1.0,45,3.6,8,1.0,0.1791044776119403,0.04455909943714822,1.4179104477611941,28,3
BPIC2012_10000_MIXED_1.0_5_alpha.pnml,70,16,0.9876925088958034,13,0.8714285714285714,28,4.478260869565218,16,0.9178082191780822,0.2571428571428571,0.038995726495726496,1.042857142857143,0,6
RTFMS_10000_INSERTION_2.0_4_heuristics.pnml,183,23,0.9389320105807948,6,1.0,155,8.088888888888889,32,1.0,0.6775956284153005,0.033112582781456956,1.7486338797814207,49,3
BPIC2012_2000_MIXED_10.0_4_alpha.pnml,88,12,0.9587118829771318,9,0.8409090909090909,30,4.714285714285714,23,0.8552631578947368,0.0,0.034703196347031964,0.8636363636363636,0,4
BPIC2012_2000_MIXED_0.2_2_alpha.pnml,36,7,0.9852281360342515,4,0.8888888888888888,15,3.857142857142857,11,0.9473684210526316,0.0,0.07307692307692308,1.0555555555555556,0,0
BPIC2012_20000_INSERTION_0.2_2_alpha.pnml,52,8,0.9182958340544896,1,0.8653846153846154,8,4.833333333333333,13,0.8666666666666667,0.0,0.047619047619047616,0.5769230769230769,0,0
RTFMS_2000_ORDERING_10.0_2_inductive.pnml,34,0,0.6500224216483541,3,0.9411764705882353,19,4.166666666666667,6,0.9565217391304348,0.5588235294117647,0.08214285714285714,1.3529411764705883,8,0
Sepsis_100000_MIXED_2.0_1_heuristics.pnml,650,19,0.9182958340544896,13,1.0,608,19.848484848484848,110,1.0,0.7323076923076923,0.021438953488372093,1.906153846153846,92,7
RTFMS_10000_ORDERING_2.0_2_alpha.pnml,24,10,0.9709505944546686,12,1.0,18,4.4,10,1.0,0.5833333333333334,0.14685314685314685,1.75,0,11
BPIC2012_20000_INSERTION_1.0_2_inductive_inf.pnml,195,0,0.6609623351442084,9,0.9076923076923077,124,4.6571428571428575,17,0.9930555555555556,0.6666666666666666,0.017777777777777778,1.476923076923077,64,0
RTFMS_100000_MIXED_2.0_2_inductive.pnml,649,6,0.7553754125614287,10,0.9938366718027735,567,13.41304347826087,150,1.0,0.05546995377503852,0.014129597535143463,1.8089368258859784,81,0
RTFMS_4000_MIXED_2.0_3_heuristics.pnml,98,24,0.934068055375491,4,1.0,71,4.7,16,1.0,0.3979591836734694,0.03798100949525238,1.5510204081632653,40,3
BPIC2012_20000_INSERTION_1.0_4_heuristics.pnml,257,4,0.6646953053493418,4,0.9883268482490273,191,8.51923076923077,26,0.9976470588235294,0.6498054474708171,0.021529888551165145,1.6536964980544746,76,3
BPIC2012_10000_INSERTION_2.0_4_alpha.pnml,154,13,0.9922666387194963,18,0.9415584415584416,42,5.241379310344827,26,0.9615384615384616,0.06493506493506493,0.01861797350519155,0.6753246753246753,0,9
BPIC2012_100000_ABSENCE_4.0_1_alpha.pnml,38,12,0.998363672593813,11,0.9736842105263158,18,4.0,16,1.0,0.0,0.07738095238095238,1.368421052631579,0,9
RTFMS_10000_INSERTION_0.4_4_alpha.pnml,38,15,0.9760206482366149,7,0.8421052631578947,31,4.136363636363637,9,0.9824561403508771,0.0,0.10178571428571428,1.5,0,4
Sepsis_10000_alpha.pnml,22,15,0.9402859586706311,7,0.9545454545454546,18,4.0,14,1.0,0.0,0.17708333333333334,1.5454545454545454,0,2
RTFMS_1000_ABSENCE_4.0_3_alpha.pnml,30,11,0.954434002924965,16,1.0,15,4.375,8,1.0,0.0,0.11722488038277512,1.6333333333333333,0,15
BPIC2012_1000_ORDERING_4.0_4_alpha.pnml,33,4,0.9852281360342515,5,0.9090909090909091,16,3.857142857142857,13,0.9736842105263158,0.0,0.08796296296296297,1.1515151515151516,0,2
BPIC2012_2000_SUBSTITUTION_0.1_1_heuristics.pnml,104,6,0.6373874992221911,3,0.9519230769230769,56,4.774193548387097,10,0.9452054794520548,0.7692307692307693,0.031684027777777776,1.4038461538461537,49,0
Sepsis_4000_MIXED_0.2_4_alpha.pnml,24,20,0.9910760598382222,5,0.8333333333333334,13,4.444444444444445,14,0.9333333333333333,0.0,0.15789473684210525,1.25,0,0
Sepsis_2000_SUBSTITUTION_0.2_2_heuristics.pnml,115,34,0.9503376699710268,6,1.0,89,5.086956521739131,14,1.0,0.5217391304347826,0.03376906318082789,1.617391304347826,62,6
RTFMS_20000_ABSENCE_1.0_5_heuristics.pnml,63,30,0.8960382325345574,2,1.0,45,3.75,9,1.0,0.3333333333333333,0.049456521739130434,1.4444444444444444,28,1
Sepsis_4000_ABSENCE_0.2_3_inductive.pnml,95,3,0.5107878229540133,9,0.9789473684210527,44,3.4545454545454546,11,1.0,0.25263157894736843,0.028455284552845527,1.3263157894736841,37,0
BPIC2012_4000_INSERTION_4.0_5_heuristics.pnml,227,2,0.6500224216483541,4,0.9911894273127754,154,7.5625,27,0.9694444444444444,0.7709251101321586,0.020338983050847456,1.5859030837004404,79,3
Sepsis_100000_ORDERING_10.0_1_inductive.pnml,93,0,0.5746356978376794,12,0.978494623655914,44,3.5454545454545454,12,0.9841269841269842,0.25806451612903225,0.029411764705882353,1.3548387096774193,34,0
RTFMS_4000_ORDERING_1.0_1_heuristics.pnml,80,23,0.9418285354475157,4,1.0,54,3.948717948717949,10,1.0,0.4875,0.040521978021978024,1.475,40,3
BPIC2012_100000_SUBSTITUTION_4.0_5_alpha.pnml,2054,4,0.0,0,0.9990262901655307,286,284.0,286,1.0,0.0,0.06920077972709551,0.2765335929892892,0,0
Sepsis_100000_INSERTION_0.4_2_inductive.pnml,375,4,0.665580063146735,11,0.9893333333333333,274,6.795918367346939,82,1.0,0.13866666666666666,0.012807592172671538,1.6266666666666667,86,0
RTFMS_4000_ORDERING_1.0_3_inductive.pnml,34,0,0.8904916402194913,2,0.9411764705882353,20,4.0,8,0.9565217391304348,0.7941176470588235,0.08424908424908426,1.3529411764705883,9,0
BPIC2012_2000_SUBSTITUTION_4.0_3_heuristics.pnml,165,4,0.6235702082127974,3,0.9939393939393939,113,6.066666666666666,16,0.99609375,0.6909090909090909,0.026048026048026047,1.5515151515151515,70,0
BPIC2012_100000_ORDERING_4.0_2_inductive_inf.pnml,143,2,0.6115516951951332,16,0.986013986013986,69,3.315068493150685,7,1.0,0.3076923076923077,0.018789556962025316,1.3286713286713288,55,0
RTFMS_40000_heuristics.pnml,60,22,0.9283620723948676,3,0.9666666666666667,40,3.59375,8,0.9882352941176471,0.45,0.0499412455934195,1.4166666666666667,25,1
RTFMS_10000_MIXED_1.0_5_inductive_inf.pnml,103,1,0.5266170655714281,4,0.883495145631068,57,3.761904761904762,9,1.0,0.23300970873786409,0.028665028665028666,1.3592233009708738,38,0
BPIC2012_100000_ORDERING_4.0_1_inductive_inf.pnml,143,2,0.6274303352684106,17,0.986013986013986,66,3.3714285714285714,12,0.9789473684210527,0.3076923076923077,0.01873767258382643,1.3286713286713288,54,0
BPIC2012_4000_ABSENCE_2.0_1_inductive_inf.pnml,117,1,0.7382848661434506,7,0.9230769230769231,58,3.5,7,0.9210526315789473,0.8974358974358975,0.022946859903381644,1.2991452991452992,44,0
Sepsis_2000_SUBSTITUTION_1.0_2_alpha.pnml,37,4,0.998363672593813,8,0.8918918918918919,26,3.9523809523809526,14,0.9803921568627451,0.32432432432432434,0.08916083916083917,1.3783783783783783,0,3
Sepsis_20000_INSERTION_0.1_5_alpha.pnml,31,7,0.9852281360342515,2,0.8387096774193549,14,5.571428571428571,17,0.9696969696969697,0.0,0.12692307692307692,1.064516129032258,0,0
RTFMS_20000_ABSENCE_0.1_4_heuristics.pnml,63,30,0.8960382325345574,2,1.0,45,3.75,9,1.0,0.3333333333333333,0.049456521739130434,1.4444444444444444,28,1
BPIC2012_40000_ABSENCE_0.1_4_alpha.pnml,35,9,0.9967916319816366,7,0.8857142857142857,14,4.066666666666666,13,0.9512195121951219,0.0,0.07765151515151515,1.1714285714285715,0,3
BPIC2012_1000_ORDERING_2.0_5_alpha.pnml,34,12,0.9967916319816366,6,0.8823529411764706,14,3.933333333333333,12,0.975,0.0,0.08333333333333333,1.1764705882352942,0,2
RTFMS_20000_SUBSTITUTION_0.1_4_alpha.pnml,33,20,1.0,10,0.8787878787878788,21,4.5,13,1.0,0.18181818181818182,0.1012396694214876,1.4848484848484849,0,3
Sepsis_4000_SUBSTITUTION_10.0_5_alpha.pnml,210,0,0.0,0,0.9809523809523809,34,34.0,34,0.9714285714285714,0.0,0.05636070853462158,0.3333333333333333,0,0
BPIC2012_10000_ORDERING_4.0_4_inductive_inf.pnml,138,1,0.631263018091612,8,0.9420289855072463,73,3.4285714285714284,9,0.9945054945054945,0.8623188405797102,0.019934282584884996,1.318840579710145,59,0
BPIC2012_1000_MIXED_4.0_1_inductive.pnml,205,6,0.6962122601251458,13,0.9707317073170731,104,3.3645833333333335,6,0.9814814814814815,0.6048780487804878,0.01333201659095398,1.3170731707317074,83,0
RTFMS_4000_MIXED_0.1_1_heuristics.pnml,69,25,0.9568886656798212,4,1.0,47,3.675675675675676,8,1.0,0.5217391304347826,0.044722719141323794,1.4492753623188406,30,3
Sepsis_4000_INSERTION_1.0_5_heuristics.pnml,149,40,0.9526092095121206,8,1.0,116,5.882352941176471,21,1.0,0.6241610738255033,0.028440366972477066,1.6644295302013423,68,9
Sepsis_40000_ABSENCE_2.0_3_alpha.pnml,22,15,0.9402859586706311,7,0.9545454545454546,18,4.0,14,1.0,0.0,0.17708333333333334,1.5454545454545454,0,2
Sepsis_100000_ORDERING_2.0_5_heuristics.pnml,128,35,0.9526092095121206,9,1.0,96,5.176470588235294,15,1.0,0.4765625,0.03010659752232786,1.6328125,72,10
Sepsis_2000_MIXED_1.0_1_inductive.pnml,113,1,0.7367680100024783,7,0.9734513274336283,60,3.4150943396226414,7,0.9866666666666667,0.7699115044247787,0.024509803921568627,1.3274336283185841,46,0
RTFMS_100000_ABSENCE_2.0_4_alpha.pnml,26,27,0.9709505944546686,16,0.9615384615384616,11,4.333333333333333,10,1.0,0.0,0.1303030303030303,1.6538461538461537,0,11
RTFMS_1000_ABSENCE_0.4_5_heuristics.pnml,59,16,0.9182958340544896,3,1.0,34,3.4,6,1.0,0.11864406779661017,0.047619047619047616,1.3559322033898304,23,4
Sepsis_10000_INSERTION_1.0_3_heuristics.pnml,168,30,0.9117517586347537,8,1.0,133,6.5,25,1.0,0.7261904761904762,0.028324388789505068,1.6964285714285714,66,7
BPIC2012_1000_ABSENCE_0.2_3_alpha.pnml,34,8,1.0,5,0.7941176470588236,11,4.083333333333333,12,0.8888888888888888,0.0,0.075,1.0588235294117647,0,1
RTFMS_40000_inductive.pnml,63,2,0.833764907210665,7,0.9682539682539683,29,3.176470588235294,5,0.975609756097561,0.06349206349206349,0.04158215010141988,1.3015873015873016,22,0
BPIC2012_10000_INSERTION_0.1_5_heuristics.pnml,126,2,0.7320666900931938,4,0.8968253968253969,69,4.6923076923076925,12,0.9661016949152542,0.6904761904761905,0.026083112290008842,1.4047619047619047,58,3
Sepsis_4000_SUBSTITUTION_1.0_1_inductive_inf.pnml,118,3,0.4566836315394428,7,0.9491525423728814,58,3.4615384615384617,9,1.0,0.3050847457627119,0.023374288282888823,1.3220338983050848,48,0
Sepsis_100000_INSERTION_2.0_4_heuristics.pnml,1127,29,0.9138472873262908,13,1.0,1078,29.789473684210527,184,1.0,0.7684117125110914,0.018512550881953867,1.9370008873114464,106,7
BPIC2012_20000_MIXED_10.0_3_heuristics.pnml,775,8,0.5617526078313282,4,1.0,682,19.026315789473685,98,1.0,0.7651612903225806,0.014595393521369626,1.8348387096774192,160,3
Sepsis_40000_MIXED_0.2_4_alpha.pnml,42,18,0.9940302114769565,6,0.9047619047619048,19,5.0,16,1.0,0.0,0.09490740740740741,0.9761904761904762,0,0
BPIC2012_40000_ORDERING_4.0_5_heuristics.pnml,167,2,0.6722948170756379,4,0.9940119760479041,103,5.196078431372549,19,0.9919354838709677,0.7005988023952096,0.02198581560283688,1.4850299401197604,95,3
BPIC2012_10000_INSERTION_10.0_3_heuristics.pnml,677,6,0.6024308020404452,4,1.0,595,18.61764705882353,86,1.0,0.7769571639586411,0.01652650628060464,1.8345642540620384,133,3
BPIC2012_4000_INSERTION_0.2_1_alpha.pnml,38,15,1.0,7,0.8947368421052632,13,3.8125,12,0.95,0.0,0.06734006734006734,1.0526315789473684,0,3
Sepsis_2000_ABSENCE_0.1_4_heuristics.pnml,111,33,0.9564574047992594,6,1.0,86,5.066666666666666,14,1.0,0.5405405405405406,0.03496503496503497,1.6216216216216217,61,6
BPIC2012_10000_ABSENCE_1.0_3_inductive.pnml,134,1,0.6373874992221911,8,0.9701492537313433,74,3.435483870967742,6,0.9943820224719101,0.9029850746268657,0.020731423247146517,1.328358208955224,56,0
Sepsis_4000_ABSENCE_10.0_5_inductive.pnml,95,3,0.5107878229540133,9,0.9789473684210527,44,3.4545454545454546,11,1.0,0.25263157894736843,0.028455284552845527,1.3263157894736841,37,0
Sepsis_40000_MIXED_0.1_5_heuristics.pnml,120,37,0.9440870182837794,8,1.0,96,5.446808510638298,15,1.0,0.55,0.034370725034199724,1.675,60,7
Sepsis_100000_INSERTION_0.4_2_alpha.pnml,209,2,0.0,0,0.9904306220095693,27,28.0,29,1.0,0.0,0.06763285024154589,0.2679425837320574,0,0
BPIC2012_40000_MIXED_4.0_1_heuristics.pnml,584,4,0.6500224216483541,5,1.0,508,16.515151515151516,85,1.0,0.6284246575342466,0.017421659892487215,1.8202054794520548,130,3
BPIC2012_2000_MIXED_4.0_3_inductive.pnml,247,6,0.7424875695421236,15,0.9757085020242915,122,3.3947368421052633,7,0.9723926380368099,0.5789473684210527,0.011124761124761125,1.319838056680162,103,0
RTFMS_20000_ABSENCE_10.0_1_alpha.pnml,27,25,0.9886994082884974,17,1.0,13,4.375,10,1.0,0.25925925925925924,0.13068181818181818,1.7037037037037037,0,11
RTFMS_1000_ORDERING_4.0_1_inductive_inf.pnml,45,2,0.5032583347756457,1,0.8888888888888888,26,3.5,5,0.9827586206896551,0.08888888888888889,0.06092436974789916,1.288888888888889,16,0
RTFMS_1000_MIXED_10.0_5_inductive.pnml,116,1,0.6722948170756379,5,0.9655172413793104,64,3.6470588235294117,8,1.0,0.20689655172413793,0.02541827541827542,1.3620689655172413,44,0
RTFMS_4000_ORDERING_1.0_1_alpha.pnml,24,15,0.9980008838722996,14,1.0,21,4.2105263157894735,10,1.0,0.5,0.15734265734265734,1.875,0,9
Sepsis_1000_MIXED_4.0_1_inductive.pnml,119,4,0.7746319868686842,7,0.9747899159663865,66,3.526315789473684,8,1.0,0.7815126050420168,0.024324324324324326,1.361344537815126,46,0
BPIC2012_100000_INSERTION_0.4_4_inductive_inf.pnml,246,1,0.4586858162005403,6,0.926829268292683,172,6.580645161290323,32,0.9948453608247423,0.524390243902439,0.017791636096845195,1.5772357723577235,65,0
Sepsis_1000_ABSENCE_0.2_2_heuristics.pnml,98,28,0.9268190639645772,4,1.0,73,5.052631578947368,14,1.0,0.6428571428571429,0.038980509745127435,1.5918367346938775,52,4
BPIC2012_40000_MIXED_10.0_3_inductive.pnml,1373,5,0.7424875695421236,23,0.9970866715222141,1171,12.421052631578947,160,1.0,0.06991988346686089,0.006175998394541441,1.7931536780772033,188,0
BPIC2012_100000_alpha.pnml,34,8,1.0,4,0.7941176470588236,11,3.9166666666666665,11,0.8857142857142857,0.0,0.07291666666666667,1.0294117647058822,0,1
RTFMS_2000_ABSENCE_0.4_2_alpha.pnml,27,13,0.863120568566631,12,0.962962962962963,12,3.9285714285714284,8,1.0,0.0,0.11363636363636363,1.4814814814814814,0,10
RTFMS_4000_ABSENCE_0.4_5_heuristics.pnml,71,25,0.9568886656798212,4,1.0,49,3.7837837837837838,9,1.0,0.5070422535211268,0.044444444444444446,1.4647887323943662,33,3
RTFMS_20000_MIXED_1.0_3_heuristics.pnml,139,21,0.8390040613676977,3,1.0,107,6.2926829268292686,28,1.0,0.17985611510791366,0.03390083632019116,1.6330935251798562,45,1
BPIC2012_1000_ABSENCE_2.0_1_inductive.pnml,130,0,0.6987003526563343,7,0.9307692307692308,66,3.5283018867924527,7,0.9470588235294117,0.8769230769230769,0.020956607495069033,1.3076923076923077,53,0
Sepsis_2000_ABSENCE_1.0_3_inductive.pnml,95,3,0.5107878229540133,9,0.9789473684210527,44,3.4545454545454546,11,1.0,0.25263157894736843,0.028455284552845527,1.3263157894736841,37,0
RTFMS_2000_INSERTION_1.0_5_alpha.pnml,33,12,0.9957274520849255,7,0.8484848484848485,16,3.769230769230769,8,0.972972972972973,0.0,0.07644628099173553,1.121212121212121,0,3
Sepsis_4000_MIXED_1.0_2_heuristics.pnml,137,40,0.954434002924965,7,1.0,103,5.625,16,1.0,0.6642335766423357,0.029304029304029304,1.635036496350365,69,10
Sepsis_1000_ORDERING_10.0_3_heuristics.pnml,103,30,0.9268190639645772,4,1.0,79,5.368421052631579,15,1.0,0.6601941747572816,0.038909599254426844,1.6213592233009708,57,4
RTFMS_100000_ORDERING_0.4_5_inductive.pnml,56,0,0.876716288999464,6,0.9642857142857143,28,3.4074074074074074,6,0.9459459459459459,0.4107142857142857,0.04774193548387097,1.3214285714285714,19,0
BPIC2012_100000_MIXED_0.1_2_inductive.pnml,232,2,0.6949749673676273,13,0.9827586206896551,128,3.5700934579439254,7,1.0,0.6206896551724138,0.012524772096710265,1.3620689655172413,96,0
RTFMS_40000_ABSENCE_4.0_1_heuristics.pnml,69,23,0.898058793450166,3,1.0,47,3.7142857142857144,10,1.0,0.42028985507246375,0.045,1.434782608695652,32,1
BPIC2012_4000_SUBSTITUTION_10.0_1_heuristics.pnml,378,1,0.5851569902762294,4,0.9947089947089947,306,11.859649122807017,57,1.0,0.5952380952380952,0.01940773949976404,1.7407407407407407,100,3
BPIC2012_2000_inductive.pnml,134,0,0.7355085815538398,9,0.9328358208955224,65,3.413793103448276,6,0.9310344827586207,0.9104477611940298,0.019917582417582416,1.2985074626865671,53,0
BPIC2012_4000_SUBSTITUTION_0.2_1_alpha.pnml,36,15,0.9852281360342515,2,0.7777777777777778,4,3.7142857142857144,11,0.7931034482758621,0.0,0.059670781893004114,0.8055555555555556,0,0
RTFMS_4000_MIXED_0.2_2_inductive.pnml,73,2,0.7455178428108284,4,0.9315068493150684,35,3.3333333333333335,5,0.9680851063829787,0.1095890410958904,0.03643410852713178,1.2876712328767124,29,0
RTFMS_2000_MIXED_10.0_4_inductive_inf.pnml,127,3,0.5266170655714281,3,0.9685039370078741,84,4.809523809523809,14,1.0,0.1889763779527559,0.027927927927927927,1.4645669291338583,38,0
BPIC2012_2000_ABSENCE_0.2_5_inductive.pnml,135,0,0.7219280948873623,9,0.9407407407407408,67,3.3833333333333333,6,0.9488636363636364,0.9037037037037037,0.019891500904159132,1.3037037037037038,54,0
BPIC2012_100000_ORDERING_0.1_5_alpha.pnml,31,6,1.0,3,0.935483870967742,16,4.25,14,0.972972972972973,0.0,0.11011904761904762,1.1935483870967742,0,1
Sepsis_40000_ORDERING_10.0_4_inductive.pnml,88,0,0.4689955935892812,12,0.9772727272727273,41,3.65,13,0.9833333333333333,0.2727272727272727,0.03125,1.3636363636363635,31,0
RTFMS_100000_ORDERING_0.1_3_inductive.pnml,70,0,0.8739810481273578,8,0.9714285714285714,33,3.3529411764705883,5,0.9347826086956522,0.05714285714285714,0.03782894736842105,1.3142857142857143,26,0
BPIC2012_1000_INSERTION_10.0_2_alpha.pnml,79,5,0.9709505944546686,1,0.810126582278481,14,7.4,18,0.7727272727272727,0.0,0.03492063492063492,0.5569620253164557,0,0
BPIC2012_40000_ORDERING_0.2_4_inductive.pnml,139,1,0.7771529943226336,11,0.9856115107913669,74,3.5737704918032787,6,0.956989247311828,0.9280575539568345,0.01989730423620026,1.3381294964028776,57,0
Sepsis_1000_ORDERING_0.4_2_inductive.pnml,89,2,0.4770713062193297,9,0.9662921348314607,38,3.41025641025641,11,0.9655172413793104,0.2696629213483146,0.02959183673469388,1.303370786516854,32,0
RTFMS_40000_SUBSTITUTION_0.4_5_inductive.pnml,201,1,0.739480936716638,7,0.9800995024875622,139,5.253731343283582,30,1.0,0.11940298507462686,0.01976032636409995,1.5422885572139304,59,0
BPIC2012_20000_SUBSTITUTION_1.0_4_heuristics.pnml,256,7,0.6840384356390417,4,0.9921875,191,8.10909090909091,29,0.9952718676122931,0.640625,0.02085181898846495,1.65234375,81,3
RTFMS_40000_ORDERING_0.4_3_inductive.pnml,71,0,0.8524051786494786,8,0.971830985915493,35,3.3333333333333335,6,0.9574468085106383,0.056338028169014086,0.03766025641025641,1.323943661971831,27,0
RTFMS_4000_SUBSTITUTION_4.0_3_inductive.pnml,186,2,0.6873150928309273,6,0.978494623655914,126,5.333333333333333,30,1.0,0.12903225806451613,0.02130195143750931,1.5376344086021505,53,0
BPIC2012_1000_INSERTION_0.2_4_alpha.pnml,34,9,1.0,2,0.7941176470588236,6,3.75,11,0.7586206896551724,0.0,0.06444444444444444,0.8529411764705882,0,0
BPIC2012_4000_INSERTION_10.0_3_inductive.pnml,520,9,0.7440366972318847,22,0.9923076923076923,331,4.65979381443299,29,1.0,0.18461538461538463,0.006927748392726755,1.4961538461538462,172,0
BPIC2012_40000_MIXED_4.0_1_inductive.pnml,728,6,0.7378773101576344,22,0.9945054945054945,536,6.67005076142132,77,1.0,0.12637362637362637,0.006656804733727811,1.6318681318681318,176,0
RTFMS_40000_INSERTION_1.0_3_alpha.pnml,200,12,0.9798687566511528,7,0.98,52,11.25,55,1.0,0.0,0.03374054682955206,0.58,0,2
BPIC2012_20000_MIXED_2.0_5_heuristics.pnml,273,5,0.6429383500409614,4,1.0,205,8.545454545454545,31,0.9933774834437086,0.63003663003663,0.020005299417064124,1.6593406593406594,95,3
Sepsis_4000_INSERTION_10.0_5_alpha.pnml,229,10,0.8112781244591328,1,0.9781659388646288,40,18.5,37,0.9863013698630136,0.0,0.04055555555555555,0.31877729257641924,0,0
BPIC2012_40000_MIXED_0.2_4_heuristics.pnml,151,2,0.7219280948873623,4,0.9867549668874173,95,5.377777777777778,14,0.9911504424778761,0.6887417218543046,0.025055432372505543,1.4966887417218544,66,3
RTFMS_100000_MIXED_0.2_1_heuristics.pnml,149,10,0.8453509366224364,5,1.0,112,6.2272727272727275,25,1.0,0.348993288590604,0.030946291560102302,1.6241610738255035,49,2
RTFMS_4000_ORDERING_0.2_1_heuristics.pnml,74,24,0.9494520153879484,4,1.0,50,3.789473684210526,9,1.0,0.4864864864864865,0.0425531914893617,1.4594594594594594,35,3
Sepsis_20000_ABSENCE_0.1_1_alpha.pnml,22,15,0.9402859586706311,7,0.9545454545454546,18,4.0,14,1.0,0.0,0.17708333333333334,1.5454545454545454,0,2
BPIC2012_40000_MIXED_0.1_5_heuristics.pnml,144,3,0.7219280948873623,4,0.9791666666666666,85,4.933333333333334,12,0.9760765550239234,0.7569444444444444,0.02406170849643104,1.4513888888888888,66,3
RTFMS_1000_ABSENCE_0.1_2_alpha.pnml,27,12,0.8112781244591328,10,0.8518518518518519,8,3.8333333333333335,6,0.9459459459459459,0.0,0.10511363636363637,1.3703703703703705,0,8
Sepsis_2000_MIXED_1.0_5_heuristics.pnml,117,33,0.9564574047992594,6,1.0,92,5.333333333333333,14,1.0,0.6239316239316239,0.03463203463203463,1.641025641025641,64,6
RTFMS_4000_INSERTION_0.4_4_inductive.pnml,84,1,0.6997722217733069,4,0.9523809523809523,46,3.5135135135135136,6,0.9821428571428571,0.5952380952380952,0.03365384615384615,1.3333333333333333,31,0
Sepsis_2000_ABSENCE_0.4_3_inductive.pnml,95,3,0.5107878229540133,9,0.9789473684210527,44,3.4545454545454546,11,1.0,0.25263157894736843,0.028455284552845527,1.3263157894736841,37,0
Sepsis_10000_SUBSTITUTION_2.0_4_alpha.pnml,115,15,0.9910760598382222,5,0.9565217391304348,28,8.11111111111111,23,1.0,0.0,0.053636363636363635,0.5130434782608696,0,0
Sepsis_4000_SUBSTITUTION_0.4_3_inductive_inf.pnml,112,3,0.4566836315394428,9,0.9732142857142857,51,3.326923076923077,11,1.0,0.35714285714285715,0.023763020833333332,1.3035714285714286,47,0
Sepsis_1000_SUBSTITUTION_4.0_4_inductive.pnml,144,3,0.7039260680195971,7,0.9722222222222222,79,3.411764705882353,7,1.0,0.7777777777777778,0.01961184882533197,1.3333333333333333,57,0
RTFMS_100000_ORDERING_0.4_2_alpha.pnml,22,18,0.9456603046006401,10,1.0,12,4.545454545454546,10,0.9166666666666666,0.0,0.1487603305785124,1.6363636363636365,0,5
RTFMS_4000_MIXED_0.4_4_alpha.pnml,30,16,0.9980008838722996,15,0.9666666666666667,20,4.105263157894737,10,0.9795918367346939,0.3,0.109375,1.6333333333333333,0,11
RTFMS_40000_MIXED_4.0_4_heuristics.pnml,463,14,0.8426578772022391,5,1.0,425,18.833333333333332,120,1.0,0.265658747300216,0.028200624512099922,1.8725701943844493,60,1
BPIC2012_4000_INSERTION_2.0_3_heuristics.pnml,180,2,0.6800770457282799,4,0.9722222222222222,116,5.76,19,0.9926739926739927,0.7055555555555556,0.022144711226476314,1.5166666666666666,73,3
Sepsis_100000_SUBSTITUTION_1.0_5_heuristics.pnml,644,35,0.9007196798623593,9,1.0,604,21.533333333333335,117,1.0,0.6816770186335404,0.022815804117974403,1.9099378881987579,89,7
RTFMS_1000_ORDERING_4.0_4_heuristics.pnml,63,19,0.9182958340544896,3,1.0,39,3.7333333333333334,8,1.0,0.1111111111111111,0.04754273504273504,1.4126984126984128,27,4
RTFMS_1000_ORDERING_1.0_5_alpha.pnml,27,10,0.954434002924965,12,1.0,14,3.875,7,1.0,0.0,0.11931818181818182,1.5555555555555556,0,10
Sepsis_1000_SUBSTITUTION_0.1_4_alpha.pnml,24,13,0.9612366047228759,7,0.875,18,4.230769230769231,14,1.0,0.0,0.15126050420168066,1.5,0,1
RTFMS_10000_INSERTION_4.0_3_inductive.pnml,308,8,0.743898745288434,8,0.987012987012987,246,7.971830985915493,50,1.0,0.07792207792207792,0.018424036281179137,1.6883116883116882,60,0
RTFMS_100000_ABSENCE_10.0_4_inductive_inf.pnml,43,1,0.5225593745369408,2,0.9302325581395349,23,3.588235294117647,6,0.9642857142857143,0.09302325581395349,0.06334841628959276,1.302325581395349,14,0
RTFMS_2000_MIXED_0.2_1_alpha.pnml,26,13,0.9886994082884974,9,0.9615384615384616,13,3.4375,6,0.972972972972973,0.0,0.11011904761904762,1.4230769230769231,0,6
Sepsis_40000_SUBSTITUTION_0.1_1_inductive_inf.pnml,125,4,0.4854607607459134,9,0.968,60,3.43859649122807,11,1.0,0.288,0.02199258081611023,1.328,50,0
Sepsis_40000_INSERTION_0.4_3_inductive.pnml,261,5,0.6897501750585195,13,0.9846743295019157,158,4.310679611650485,32,1.0,0.19923371647509577,0.012779122948614474,1.4559386973180077,87,0
Sepsis_40000_ABSENCE_0.1_3_alpha.pnml,22,15,0.9402859586706311,7,0.9545454545454546,18,4.0,14,1.0,0.0,0.17708333333333334,1.5454545454545454,0,2
BPIC2012_1000_MIXED_0.2_1_alpha.pnml,35,8,1.0,4,0.8,11,3.9166666666666665,11,0.8857142857142857,0.0,0.07,1.0,0,1
RTFMS_20000_INSERTION_4.0_5_inductive.pnml,516,7,0.7564041945982505,9,0.9922480620155039,448,12.564102564102564,108,1.0,0.05426356589147287,0.01671770852098721,1.7984496124031009,66,0
BPIC2012_2000_INSERTION_4.0_3_alpha.pnml,71,15,0.9957274520849255,5,0.8450704225352113,17,4.384615384615385,19,0.8979591836734694,0.0,0.037121212121212124,0.6901408450704225,0,0
BPIC2012_100000_INSERTION_10.0_5_alpha.pnml,4579,17,0.0,0,0.9995632234112252,529,537.5,546,1.0,0.0,0.058717500546209306,0.2347674164664774,0,0
BPIC2012_40000_ORDERING_10.0_4_heuristics.pnml,179,7,0.7147274731317892,4,0.994413407821229,114,5.267857142857143,22,0.9962962962962963,0.6815642458100558,0.02119309262166405,1.5083798882681565,105,3
Sepsis_10000_ABSENCE_2.0_4_heuristics.pnml,113,32,0.9684610087601622,9,1.0,84,4.916666666666667,14,1.0,0.5221238938053098,0.03300865800865801,1.6194690265486726,60,10
BPIC2012_2000_INSERTION_0.1_3_heuristics.pnml,104,6,0.6373874992221911,3,0.9519230769230769,56,4.774193548387097,10,0.9452054794520548,0.7692307692307693,0.031684027777777776,1.4038461538461537,49,0
BPIC2012_10000_inductive.pnml,133,2,0.7424875695421236,9,0.9548872180451128,67,3.473684210526316,6,0.9310344827586207,0.9548872180451128,0.02027972027972028,1.3082706766917294,53,0
RTFMS_20000_MIXED_2.0_5_heuristics.pnml,173,24,0.8708644692353644,4,1.0,138,6.916666666666667,41,1.0,0.43352601156069365,0.03012422360248447,1.6820809248554913,53,1
BPIC2012_1000_MIXED_10.0_5_alpha.pnml,70,16,0.9876925088958034,13,0.8714285714285714,28,4.478260869565218,16,0.9178082191780822,0.2571428571428571,0.038995726495726496,1.042857142857143,0,6
Sepsis_40000_ORDERING_4.0_2_inductive.pnml,108,1,0.6572729784684465,12,0.9814814814814815,52,3.3962264150943398,10,0.9861111111111112,0.2222222222222222,0.025,1.3333333333333333,43,0
Sepsis_100000_INSERTION_0.4_4_inductive.pnml,396,7,0.7070040649747601,12,0.98989898989899,286,6.477064220183486,61,1.0,0.13131313131313133,0.011806375442739079,1.6161616161616161,93,0
BPIC2012_20000_ABSENCE_10.0_3_alpha.pnml,38,12,0.998363672593813,11,0.9736842105263158,18,4.0,16,1.0,0.0,0.07738095238095238,1.368421052631579,0,9
RTFMS_100000_SUBSTITUTION_0.4_4_inductive.pnml,321,0,0.7372413771710564,9,0.9875389408099688,248,7.636363636363637,64,1.0,0.09968847352024922,0.016960907944514502,1.67601246105919,66,0
BPIC2012_10000_MIXED_0.1_5_heuristics.pnml,126,2,0.7320666900931938,4,0.9126984126984127,71,4.82051282051282,12,0.9720670391061452,0.7063492063492064,0.026764354066985647,1.4206349206349207,59,3
Sepsis_4000_MIXED_0.4_2_heuristics.pnml,122,42,0.9656361333706098,7,1.0,92,5.304347826086956,15,1.0,0.6721311475409836,0.031478537360890305,1.6229508196721312,63,10
Sepsis_1000_ABSENCE_2.0_5_heuristics.pnml,98,28,0.9268190639645772,4,1.0,73,5.052631578947368,14,1.0,0.6428571428571429,0.038980509745127435,1.5918367346938775,52,4
RTFMS_10000_ORDERING_2.0_2_inductive_inf.pnml,49,1,0.7918583525674836,3,0.9591836734693877,25,3.5238095238095237,7,0.96875,0.5510204081632653,0.05517241379310345,1.3061224489795917,17,0
RTFMS_20000_SUBSTITUTION_2.0_1_heuristics.pnml,300,13,0.8672816222000259,5,1.0,266,13.022222222222222,79,1.0,0.3,0.031097491771649076,1.8266666666666667,57,1
Sepsis_40000_MIXED_2.0_1_inductive.pnml,389,4,0.710676853856123,12,0.9897172236503856,282,6.425925925925926,89,1.0,0.12339331619537275,0.011950978153307453,1.6143958868894601,93,0
RTFMS_10000_INSERTION_0.2_5_inductive.pnml,86,3,0.6789538995185758,5,0.9534883720930233,49,3.641025641025641,8,1.0,0.3953488372093023,0.03414351851851852,1.372093023255814,31,0
Sepsis_40000_ORDERING_2.0_2_heuristics.pnml,116,36,0.9377342939868041,8,1.0,90,5.125,15,1.0,0.5086206896551724,0.03368606701940035,1.646551724137931,64,7
BPIC2012_40000_ORDERING_2.0_4_inductive_inf.pnml,145,1,0.710676853856123,11,0.9586206896551724,77,3.3333333333333335,5,1.0,0.8413793103448276,0.018823529411764704,1.3241379310344827,61,0
RTFMS_4000_ORDERING_10.0_2_alpha.pnml,26,16,1.0,17,1.0,20,4.4,10,1.0,0.6153846153846154,0.15151515151515152,1.9230769230769231,0,12
Sepsis_40000_MIXED_2.0_1_heuristics.pnml,336,35,0.9288391461883214,10,1.0,300,11.245901639344263,52,1.0,0.7142857142857143,0.024050435865504358,1.8392857142857142,83,7
RTFMS_100000_SUBSTITUTION_1.0_4_inductive_inf.pnml,499,1,0.5032583347756457,8,0.9859719438877755,441,17.51851851851852,153,1.0,0.07214428857715431,0.021202882483370288,1.839679358717435,48,0
BPIC2012_20000_SUBSTITUTION_4.0_5_inductive.pnml,782,4,0.731816079376955,22,0.9948849104859335,586,7.08,74,1.0,0.11764705882352941,0.006511402525818468,1.649616368286445,178,0
Sepsis_1000_ABSENCE_1.0_2_heuristics.pnml,99,28,0.9268190639645772,4,1.0,74,5.105263157894737,14,1.0,0.6363636363636364,0.03891625615763547,1.595959595959596,53,4
RTFMS_100000_ORDERING_1.0_5_heuristics.pnml,83,14,0.9097361225311662,5,1.0,55,3.9,11,1.0,0.43373493975903615,0.03863346104725415,1.4578313253012047,42,2
RTFMS_100000_SUBSTITUTION_10.0_1_heuristics.pnml,5164,20,0.9314972128035197,44,1.0,5039,53.575129533678755,1638,1.0,0.17544539116963595,0.007633719949896421,1.9637877614252517,273,6
BPIC2012_1000_ABSENCE_1.0_4_inductive.pnml,140,1,0.7286561673702678,8,0.9357142857142857,70,3.440677966101695,6,0.9395604395604396,0.8857142857142857,0.019234834073134643,1.3,58,0
Sepsis_10000_INSERTION_10.0_2_heuristics.pnml,646,36,0.9086185980409245,11,1.0,600,18.281690140845072,106,1.0,0.8126934984520123,0.019813519813519812,1.894736842105263,105,7
BPIC2012_4000_SUBSTITUTION_0.2_4_heuristics.pnml,130,3,0.7424875695421236,4,0.9307692307692308,70,4.921052631578948,12,0.9508196721311475,0.7153846153846154,0.025416666666666667,1.4076923076923078,60,3
Sepsis_2000_MIXED_0.2_2_inductive.pnml,89,4,0.5435644431995964,8,0.9775280898876404,39,3.4,10,0.9827586206896551,0.2696629213483146,0.029743589743589743,1.303370786516854,33,0
BPIC2012_4000_ABSENCE_4.0_1_inductive.pnml,136,1,0.631263018091612,8,0.9705882352941176,74,3.4126984126984126,6,0.9944444444444445,0.875,0.02032520325203252,1.3235294117647058,57,0
RTFMS_1000_MIXED_10.0_1_inductive.pnml,134,2,0.7540340561971326,7,0.9701492537313433,79,3.8,10,1.0,0.14925373134328357,0.022988505747126436,1.4029850746268657,47,0
RTFMS_4000_SUBSTITUTION_0.2_2_alpha.pnml,34,3,0.9852281360342515,19,0.9411764705882353,28,4.178571428571429,8,1.0,0.5882352941176471,0.1076388888888889,1.8235294117647058,0,13
BPIC2012_100000_ABSENCE_4.0_3_alpha.pnml,38,12,0.998363672593813,11,0.9736842105263158,18,4.0,16,1.0,0.0,0.07738095238095238,1.368421052631579,0,9
Sepsis_2000_ABSENCE_0.2_2_inductive_inf.pnml,89,4,0.5435644431995964,8,0.9775280898876404,39,3.4,10,0.9827586206896551,0.2696629213483146,0.029743589743589743,1.303370786516854,33,0
RTFMS_4000_ORDERING_4.0_1_heuristics.pnml,78,24,0.9494520153879484,4,1.0,54,4.0,10,1.0,0.46153846153846156,0.04212055192447349,1.4871794871794872,39,3
Sepsis_1000_SUBSTITUTION_0.1_4_inductive.pnml,95,3,0.5185697317883058,10,0.968421052631579,40,3.372093023255814,12,0.967741935483871,0.25263157894736843,0.027728085867620753,1.305263157894737,34,0
Sepsis_1000_ABSENCE_1.0_2_inductive.pnml,96,4,0.4959690720618337,9,0.96875,44,3.3260869565217392,11,1.0,0.25,0.027777777777777776,1.3125,37,0
BPIC2012_10000_ABSENCE_1.0_1_inductive.pnml,139,1,0.7088356733321961,8,0.9712230215827338,75,3.467741935483871,7,0.9728260869565217,0.9064748201438849,0.019913419913419914,1.3237410071942446,59,0
Sepsis_1000_SUBSTITUTION_0.2_3_inductive_inf.pnml,91,4,0.5266170655714281,9,0.967032967032967,41,3.4047619047619047,11,0.9833333333333333,0.26373626373626374,0.029411764705882353,1.3186813186813187,33,0
Sepsis_100000_ORDERING_10.0_1_alpha.pnml,26,5,0.8904916402194913,8,1.0,26,5.538461538461538,16,1.0,0.3076923076923077,0.153125,1.8846153846153846,0,8
Sepsis_20000_ABSENCE_2.0_2_inductive.pnml,95,3,0.5107878229540133,9,0.9789473684210527,44,3.4545454545454546,11,1.0,0.25263157894736843,0.028455284552845527,1.3263157894736841,37,0
Sepsis_10000_ABSENCE_2.0_3_heuristics.pnml,112,32,0.9684610087601622,9,1.0,83,4.875,14,1.0,0.5267857142857143,0.03307748538011696,1.6160714285714286,59,10
BPIC2012_100000_MIXED_2.0_3_inductive.pnml,898,4,0.7444131797881748,24,0.9955456570155902,700,7.9423076923076925,79,1.0,0.10690423162583519,0.0062969362663653885,1.688195991091314,188,0
BPIC2012_4000_SUBSTITUTION_1.0_5_inductive_inf.pnml,141,3,0.6631968402398287,7,0.9716312056737588,74,3.6551724137931036,9,0.9680851063829787,0.8581560283687943,0.020008514261387826,1.3333333333333333,58,0
RTFMS_1000_ABSENCE_10.0_4_heuristics.pnml,66,26,0.9366673818775626,3,1.0,42,3.5294117647058822,8,1.0,0.10606060606060606,0.04423076923076923,1.393939393939394,28,4
RTFMS_1000_MIXED_0.4_2_alpha.pnml,30,3,0.954434002924965,11,1.0,15,3.75,6,0.9772727272727273,0.0,0.10185185185185185,1.4666666666666666,0,9
BPIC2012_1000_MIXED_1.0_2_inductive.pnml,185,4,0.7080803256135678,11,0.9837837837837837,89,3.215909090909091,5,0.9747899159663865,0.8432432432432433,0.01430976430976431,1.2864864864864864,79,0
Sepsis_40000_MIXED_0.2_5_inductive.pnml,155,3,0.6758635715876158,9,0.9806451612903225,79,3.410958904109589,9,1.0,0.3935483870967742,0.017963027554935472,1.3290322580645162,60,0
BPIC2012_1000_MIXED_1.0_2_heuristics.pnml,123,4,0.4305518670104394,1,0.975609756097561,66,5.0,13,0.953757225433526,0.7398373983739838,0.027184160905091136,1.4065040650406504,58,0
RTFMS_4000_SUBSTITUTION_0.4_1_alpha.pnml,28,10,0.9182958340544896,6,0.9285714285714286,12,4.222222222222222,10,1.0,0.32142857142857145,0.08771929824561403,1.0714285714285714,0,3
BPIC2012_10000_ORDERING_1.0_5_heuristics.pnml,128,2,0.7424875695421236,4,0.9453125,73,5.026315789473684,14,0.967391304347826,0.671875,0.026900584795321637,1.4375,65,3
BPIC2012_10000_ORDERING_2.0_4_alpha.pnml,38,20,0.9940302114769565,9,0.9736842105263158,31,4.636363636363637,14,1.0,0.0,0.09226190476190477,1.631578947368421,0,8
RTFMS_4000_INSERTION_0.2_1_alpha.pnml,27,11,0.9975025463691152,12,0.8888888888888888,18,3.9411764705882355,7,1.0,0.5555555555555556,0.10989010989010989,1.4814814814814814,0,6
RTFMS_2000_SUBSTITUTION_4.0_5_heuristics.pnml,119,30,0.8680403986166403,2,1.0,91,5.842105263157895,21,1.0,0.058823529411764705,0.0367816091954023,1.6134453781512605,43,2
RTFMS_2000_MIXED_0.2_5_inductive.pnml,61,1,0.7219280948873623,3,0.9508196721311475,32,3.1666666666666665,5,1.0,0.13114754098360656,0.043333333333333335,1.278688524590164,23,0
Sepsis_100000_SUBSTITUTION_2.0_2_inductive.pnml,1184,3,0.6919278850058868,13,0.9966216216216216,1061,18.258064516129032,380,1.0,0.05067567567567568,0.010019838548951849,1.8513513513513513,115,0
Sepsis_20000_ORDERING_4.0_2_inductive.pnml,100,3,0.5993142373098092,11,0.98,45,3.375,10,0.9848484848484849,0.24,0.02666666666666667,1.32,38,0
Sepsis_20000_ORDERING_0.1_2_alpha.pnml,25,13,0.8960382325345574,9,0.96,20,4.125,14,1.0,0.48,0.1388888888888889,1.6,0,6
Sepsis_2000_SUBSTITUTION_0.2_5_heuristics.pnml,114,33,0.9564574047992594,6,1.0,89,5.2,15,1.0,0.543859649122807,0.03479236812570146,1.631578947368421,61,6
BPIC2012_100000_ORDERING_4.0_2_inductive.pnml,172,1,0.5159469300074474,21,0.9883720930232558,75,3.4615384615384617,13,0.9649122807017544,0.27906976744186046,0.01551653736218865,1.3255813953488371,68,0
RTFMS_2000_INSERTION_0.2_5_heuristics.pnml,70,28,0.9182958340544896,3,1.0,46,3.611111111111111,8,1.0,0.17142857142857143,0.04263565891472868,1.4142857142857144,29,3
Sepsis_10000_MIXED_4.0_3_heuristics.pnml,237,32,0.9241335419915457,9,1.0,202,8.571428571428571,33,1.0,0.6751054852320675,0.02619462419113987,1.7763713080168777,72,7
BPIC2012_100000_ABSENCE_2.0_4_inductive.pnml,111,1,0.6420642892306891,6,0.963963963963964,65,3.6122448979591835,8,0.9933333333333333,0.8828828828828829,0.025879917184265012,1.3513513513513513,44,0
Sepsis_1000_SUBSTITUTION_0.2_3_heuristics.pnml,100,28,0.9268190639645772,4,1.0,75,5.157894736842105,15,1.0,0.64,0.03885381253035454,1.6,52,4
BPIC2012_20000_ORDERING_0.2_4_inductive_inf.pnml,128,1,0.74959525725948,9,0.9609375,68,3.5357142857142856,6,0.9588235294117647,0.8984375,0.0215080971659919,1.328125,52,0
Sepsis_20000_ABSENCE_0.2_1_heuristics.pnml,108,34,0.9503376699710268,8,1.0,84,5.043478260869565,14,1.0,0.5462962962962963,0.03595959595959596,1.6481481481481481,58,7
RTFMS_1000_INSERTION_0.1_3_heuristics.pnml,55,17,0.9293636260137187,3,0.9454545454545454,32,3.310344827586207,5,1.0,0.12727272727272726,0.050271739130434784,1.3454545454545455,19,4
RTFMS_4000_ORDERING_10.0_1_alpha.pnml,23,4,0.9182958340544896,10,1.0,19,4.266666666666667,10,1.0,0.43478260869565216,0.15151515151515152,1.7391304347826086,0,9
Sepsis_40000_MIXED_10.0_4_inductive_inf.pnml,574,0,0.4021791902022728,6,0.9965156794425087,518,21.76,113,1.0,0.07665505226480836,0.02198616600790514,1.8606271777003485,46,0
RTFMS_20000_ABSENCE_2.0_1_inductive.pnml,41,0,0.7424875695421236,2,0.975609756097561,26,3.5789473684210527,7,1.0,0.5853658536585366,0.07179487179487179,1.3658536585365855,14,0
RTFMS_20000_INSERTION_4.0_4_heuristics.pnml,508,31,0.8524051786494786,4,1.0,468,18.48148148148148,111,1.0,0.5905511811023622,0.02545405982905983,1.875984251968504,66,1
RTFMS_40000_INSERTION_0.4_4_alpha.pnml,90,9,0.9852281360342515,4,0.9666666666666667,29,8.714285714285714,24,1.0,0.0,0.054563492063492064,0.6111111111111112,0,1
RTFMS_4000_INSERTION_1.0_3_inductive.pnml,110,2,0.7219280948873623,7,0.9636363636363636,65,3.76,7,1.0,0.18181818181818182,0.0275,1.4,39,0
Sepsis_2000_MIXED_0.2_2_inductive_inf.pnml,89,4,0.5435644431995964,8,0.9775280898876404,39,3.4,10,0.9827586206896551,0.2696629213483146,0.029743589743589743,1.303370786516854,33,0
Sepsis_100000_MIXED_0.1_5_heuristics.pnml,132,37,0.9440870182837794,8,1.0,108,5.957446808510638,17,1.0,0.5454545454545454,0.033763505402160866,1.7045454545454546,61,7
Sepsis_100000_INSERTION_2.0_2_alpha.pnml,941,17,0.7219280948873623,1,0.9957492029755579,114,43.0,111,1.0,0.0,0.028148345784418355,0.22422954303931988,0,0
RTFMS_10000_SUBSTITUTION_0.4_4_inductive.pnml,100,0,0.6292492238560345,3,0.94,60,4.131578947368421,9,0.9928571428571429,0.43,0.031659882406151064,1.4,37,0
Sepsis_10000_ORDERING_0.2_5_inductive_inf.pnml,93,2,0.5830194167347008,10,0.978494623655914,43,3.488372093023256,11,0.9838709677419355,0.25806451612903225,0.029080675422138838,1.3333333333333333,35,0
BPIC2012_10000_SUBSTITUTION_2.0_1_inductive_inf.pnml,174,2,0.4566836315394428,7,0.9482758620689655,118,5.615384615384615,30,1.0,0.5804597701149425,0.02244932149438767,1.5402298850574712,46,0
Sepsis_100000_ABSENCE_10.0_4_heuristics.pnml,114,36,0.9684610087601622,9,1.0,87,5.041666666666667,14,1.0,0.5175438596491229,0.033297720797720795,1.6403508771929824,61,10
Sepsis_4000_INSERTION_10.0_1_inductive_inf.pnml,188,0,0.40790598013897633,6,0.9893617021276596,133,6.489795918367347,26,1.0,0.23404255319148937,0.023154623154623154,1.5851063829787233,45,0
Sepsis_20000_INSERTION_1.0_2_alpha.pnml,106,9,0.0,0,0.9811320754716981,14,18.5,23,1.0,0.0,0.0889423076923077,0.3490566037735849,0,0
RTFMS_40000_ORDERING_4.0_4_inductive.pnml,66,0,0.8112781244591328,8,0.9696969696969697,32,3.4375,5,0.9545454545454546,0.06060606060606061,0.040740740740740744,1.3333333333333333,24,0
BPIC2012_20000_MIXED_10.0_3_alpha.pnml,550,26,0.9852281360342515,1,0.9872727272727273,107,28.857142857142858,98,0.9948453608247423,0.0,0.035596330275229356,0.3527272727272727,0,0
Sepsis_20000_ABSENCE_1.0_5_inductive.pnml,95,3,0.5107878229540133,9,0.9789473684210527,44,3.4545454545454546,11,1.0,0.25263157894736843,0.028455284552845527,1.3263157894736841,37,0
Sepsis_100000_SUBSTITUTION_2.0_3_alpha.pnml,1015,22,0.9182958340544896,1,0.9960591133004926,103,39.0,122,1.0,0.0,0.028189910979228485,0.2246305418719212,0,0
BPIC2012_40000_alpha.pnml,34,8,1.0,4,0.7941176470588236,11,3.9166666666666665,11,0.8857142857142857,0.0,0.07291666666666667,1.0294117647058822,0,1
Sepsis_2000_SUBSTITUTION_10.0_1_inductive.pnml,282,3,0.6880476235340796,10,0.9858156028368794,183,4.8979591836734695,25,1.0,0.1702127659574468,0.013118811881188118,1.50354609929078,87,0
BPIC2012_40000_ORDERING_10.0_2_inductive.pnml,172,1,0.5159469300074474,21,0.9883720930232558,75,3.4615384615384617,13,0.9649122807017544,0.27906976744186046,0.01551653736218865,1.3255813953488371,68,0
RTFMS_40000_INSERTION_0.1_2_alpha.pnml,40,10,0.954434002924965,5,0.95,15,5.125,12,1.0,0.0,0.0735930735930736,0.85,0,2
BPIC2012_2000_SUBSTITUTION_2.0_1_alpha.pnml,61,29,1.0,7,0.819672131147541,11,4.666666666666667,21,0.8627450980392157,0.0,0.040865384615384616,0.8360655737704918,0,2
RTFMS_100000_MIXED_0.2_1_inductive_inf.pnml,146,0,0.691289869405789,7,0.910958904109589,95,4.666666666666667,20,1.0,0.136986301369863,0.02428698752228164,1.4931506849315068,44,0
BPIC2012_4000_ORDERING_0.2_1_heuristics.pnml,127,2,0.7320666900931938,4,0.9685039370078741,70,4.743589743589744,13,0.9664804469273743,0.6929133858267716,0.02607808857808858,1.4094488188976377,63,3
RTFMS_40000_ABSENCE_4.0_3_alpha.pnml,29,33,0.9774178175281716,20,1.0,12,4.470588235294118,10,1.0,0.0,0.12626262626262627,1.7241379310344827,0,12
BPIC2012_1000_ORDERING_4.0_5_inductive_inf.pnml,160,2,0.7114160189012124,10,0.93125,83,3.272727272727273,7,0.9855769230769231,0.84375,0.016763378465506126,1.3,69,0
RTFMS_1000_heuristics.pnml,52,17,0.9509560484549725,3,0.9615384615384616,30,3.3703703703703702,5,0.9857142857142858,0.1346153846153846,0.05303030303030303,1.3461538461538463,18,4
BPIC2012_2000_ABSENCE_1.0_5_heuristics.pnml,108,5,0.6024308020404452,3,0.9537037037037037,60,4.647058823529412,11,0.9671052631578947,0.7407407407407407,0.030707070707070707,1.4074074074074074,52,0
BPIC2012_40000_MIXED_0.1_5_inductive.pnml,173,1,0.7314625617214585,11,0.9826589595375722,95,3.433734939759036,7,0.9913793103448276,0.7456647398843931,0.016246498599439777,1.3410404624277457,69,0
RTFMS_100000_SUBSTITUTION_0.1_4_inductive_inf.pnml,132,0,0.6500224216483541,6,0.9090909090909091,85,4.666666666666667,19,1.0,0.18181818181818182,0.026630434782608695,1.4848484848484849,40,0
RTFMS_20000_ABSENCE_2.0_1_inductive_inf.pnml,47,0,0.8112781244591328,3,0.8936170212765957,27,3.2916666666666665,6,0.9838709677419355,0.851063829787234,0.05827067669172932,1.3191489361702127,16,0
Sepsis_2000_INSERTION_0.2_3_inductive.pnml,108,3,0.6800770457282799,7,0.9722222222222222,56,3.38,6,0.9859154929577465,0.7129629629629629,0.02521306818181818,1.3148148148148149,44,0
BPIC2012_2000_INSERTION_10.0_1_inductive.pnml,355,6,0.7300166301457938,16,0.9887323943661972,216,4.081632653061225,21,1.0,0.4450704225352113,0.009121597356891475,1.4309859154929578,126,0
Sepsis_20000_ABSENCE_0.4_1_heuristics.pnml,108,34,0.9503376699710268,8,1.0,84,5.043478260869565,14,1.0,0.5462962962962963,0.03595959595959596,1.6481481481481481,58,7
BPIC2012_100000_INSERTION_0.2_4_inductive.pnml,336,2,0.6951360991052256,14,0.9880952380952381,215,4.666666666666667,21,1.0,0.375,0.01059322033898305,1.4880952380952381,102,0
RTFMS_100000_ABSENCE_2.0_2_heuristics.pnml,74,16,0.9268190639645772,5,1.0,50,3.736842105263158,10,1.0,0.4594594594594595,0.042159180457052796,1.445945945945946,35,2
Sepsis_20000_ORDERING_0.1_3_inductive.pnml,89,4,0.5435644431995964,8,0.9775280898876404,39,3.4,10,0.9827586206896551,0.2696629213483146,0.029743589743589743,1.303370786516854,33,0
BPIC2012_4000_SUBSTITUTION_0.1_2_alpha.pnml,35,15,0.9709505944546686,2,0.7142857142857143,2,4.2,11,0.6206896551724138,0.0,0.058,0.8285714285714286,0,0
Sepsis_20000_ABSENCE_1.0_5_alpha.pnml,22,15,0.9402859586706311,7,0.9545454545454546,18,4.0,14,1.0,0.0,0.17708333333333334,1.5454545454545454,0,2
BPIC2012_2000_ABSENCE_0.4_3_inductive_inf.pnml,134,0,0.7355085815538398,9,0.9328358208955224,65,3.413793103448276,6,0.9310344827586207,0.9104477611940298,0.019917582417582416,1.2985074626865671,53,0
BPIC2012_40000_MIXED_0.4_4_inductive_inf.pnml,142,1,0.6500224216483541,5,0.8943661971830986,82,3.7333333333333334,9,1.0,0.7676056338028169,0.02108695652173913,1.3661971830985915,52,0
RTFMS_10000_INSERTION_0.1_3_alpha.pnml,36,4,0.9927744539878083,14,0.9444444444444444,23,4.15,8,0.9821428571428571,0.5277777777777778,0.08668730650154799,1.5555555555555556,0,10
BPIC2012_1000_ABSENCE_0.2_5_heuristics.pnml,111,4,0.4488644887230294,1,0.9459459459459459,57,4.6875,11,0.9477124183006536,0.7657657657657657,0.028759398496240603,1.3783783783783783,52,0
Sepsis_40000_ORDERING_0.4_5_inductive.pnml,92,3,0.5266170655714281,10,0.9782608695652174,41,3.4761904761904763,12,0.9836065573770492,0.2608695652173913,0.029172644667623145,1.326086956521739,34,0
BPIC2012_4000_INSERTION_1.0_3_alpha.pnml,52,7,0.9709505944546686,4,0.8076923076923077,18,3.933333333333333,17,0.9574468085106383,0.0,0.052106430155210645,0.9038461538461539,0,2
RTFMS_100000_INSERTION_0.1_2_inductive.pnml,163,2,0.7642045065086203,8,0.9754601226993865,104,4.444444444444445,16,0.9916666666666667,0.147239263803681,0.02100840336134454,1.4723926380368098,52,0
RTFMS_2000_INSERTION_1.0_4_heuristics.pnml,85,28,0.934068055375491,4,1.0,58,4.0,10,1.0,0.47058823529411764,0.03787878787878788,1.4705882352941178,33,4
BPIC2012_2000_SUBSTITUTION_4.0_2_inductive_inf.pnml,132,2,0.5435644431995964,6,0.9318181818181819,81,4.333333333333333,11,0.9893617021276596,0.7272727272727273,0.02427685950413223,1.4242424242424243,45,0
BPIC2012_1000_INSERTION_4.0_2_inductive_inf.pnml,157,2,0.6373874992221911,7,0.89171974522293,82,3.5806451612903225,6,0.9514563106796117,0.7197452229299363,0.01758879781420765,1.3121019108280254,61,0
BPIC2012_100000_MIXED_0.1_4_inductive.pnml,275,1,0.7188641311053031,17,0.9854545454545455,143,3.3893129770992365,8,0.9890710382513661,0.7272727272727273,0.010113849894992815,1.3309090909090908,115,0
RTFMS_10000_INSERTION_2.0_3_heuristics.pnml,184,20,0.9256859869821299,5,1.0,151,8.045454545454545,41,1.0,0.18478260869565216,0.031808147702187435,1.7228260869565217,46,4
RTFMS_20000_MIXED_4.0_5_alpha.pnml,187,31,0.9852281360342515,3,0.983957219251337,50,20.142857142857142,76,1.0,0.0,0.07197802197802197,0.7005347593582888,0,2
RTFMS_40000_INSERTION_4.0_5_inductive.pnml,885,6,0.7462343013654811,9,0.9954802259887006,814,21.425,179,1.0,0.03615819209039548,0.016046808017610936,1.8779661016949152,69,0
BPIC2012_2000_SUBSTITUTION_4.0_3_inductive.pnml,236,4,0.6859315226878925,11,0.9830508474576272,132,3.6923076923076925,13,1.0,0.6864406779661016,0.012621737436696532,1.3728813559322033,93,0
Sepsis_20000_ABSENCE_0.4_1_alpha.pnml,22,14,0.9402859586706311,7,0.9545454545454546,19,4.071428571428571,14,1.0,0.0,0.18229166666666666,1.5909090909090908,0,2
RTFMS_2000_ORDERING_4.0_2_heuristics.pnml,71,29,0.9275265884316759,3,1.0,49,3.8285714285714287,9,1.0,0.16901408450704225,0.04401709401709402,1.4507042253521127,33,3
RTFMS_100000_ABSENCE_0.4_3_alpha.pnml,26,27,0.9709505944546686,16,0.9615384615384616,11,4.333333333333333,10,1.0,0.0,0.1303030303030303,1.6538461538461537,0,11
Sepsis_2000_SUBSTITUTION_0.1_3_inductive.pnml,95,3,0.5185697317883058,8,0.968421052631579,42,3.372093023255814,10,0.9838709677419355,0.25263157894736843,0.028003613369467027,1.305263157894737,35,0
Sepsis_2000_ORDERING_0.2_3_heuristics.pnml,110,31,0.9564574047992594,6,1.0,84,4.977777777777778,14,1.0,0.5363636363636364,0.03482880755608028,1.6090909090909091,60,6
BPIC2012_10000_ABSENCE_0.1_2_inductive_inf.pnml,123,1,0.7871265862012691,8,0.9512195121951219,60,3.4901960784313726,6,0.9125,0.9512195121951219,0.02178649237472767,1.3008130081300813,48,0
Sepsis_4000_SUBSTITUTION_1.0_5_alpha.pnml,35,15,1.0,5,0.8857142857142857,19,4.8,15,1.0,0.0,0.12,1.0285714285714285,0,0
Sepsis_20000_INSERTION_0.1_5_heuristics.pnml,124,33,0.9313043685793763,8,1.0,95,5.26530612244898,17,1.0,0.5,0.032196969696969696,1.6451612903225807,61,7
RTFMS_4000_ABSENCE_2.0_5_alpha.pnml,32,12,0.9940302114769565,22,1.0,22,4.545454545454546,9,1.0,0.5625,0.12987012987012986,1.875,0,19
BPIC2012_40000_ORDERING_0.2_3_inductive.pnml,130,0,0.7771529943226336,9,0.9846153846153847,71,3.4098360655737703,5,0.9767441860465116,0.9230769230769231,0.021073266356285224,1.323076923076923,52,0
BPIC2012_4000_INSERTION_0.4_3_inductive.pnml,166,2,0.6242741010130388,10,0.9457831325301205,88,3.4155844155844157,8,0.9954545454545455,0.7831325301204819,0.016666666666666666,1.3253012048192772,68,0
RTFMS_1000_SUBSTITUTION_1.0_5_heuristics.pnml,63,16,0.9182958340544896,3,1.0,38,3.6666666666666665,7,1.0,0.1111111111111111,0.04700854700854701,1.3968253968253967,21,4
RTFMS_10000_MIXED_1.0_2_inductive_inf.pnml,69,0,0.6343095546405662,2,0.8840579710144928,45,4.48,11,1.0,0.5797101449275363,0.0496031746031746,1.4492753623188406,21,0
Sepsis_1000_ORDERING_4.0_4_alpha.pnml,24,6,0.9402859586706311,7,0.9583333333333334,19,4.214285714285714,14,1.0,0.0,0.1484375,1.5833333333333333,0,3
Sepsis_40000_ORDERING_10.0_5_heuristics.pnml,128,35,0.9526092095121206,9,1.0,96,5.176470588235294,15,1.0,0.4765625,0.03010659752232786,1.6328125,72,10
BPIC2012_2000_INSERTION_0.1_2_inductive.pnml,137,0,0.7219280948873623,9,0.927007299270073,67,3.3833333333333333,6,0.9382022471910112,0.8905109489051095,0.019517543859649124,1.2992700729927007,54,0
BPIC2012_4000_INSERTION_4.0_1_inductive.pnml,343,5,0.7164524218200592,16,0.9883381924198251,201,3.891156462585034,18,1.0,0.4752186588921283,0.009077212806026365,1.4052478134110786,129,0
RTFMS_40000_MIXED_10.0_2_inductive.pnml,1162,6,0.7424875695421236,10,0.9965576592082617,1076,23.726315789473684,300,1.0,0.03442340791738382,0.013455995093529592,1.8881239242685026,86,0
Sepsis_40000_SUBSTITUTION_0.4_1_inductive.pnml,266,5,0.6921053253628725,10,0.9849624060150376,168,4.639175257731959,20,1.0,0.18045112781954886,0.013335138428213633,1.481203007518797,87,0
RTFMS_1000_INSERTION_4.0_4_inductive.pnml,96,2,0.5813214987637028,3,0.9583333333333334,56,4.0,9,0.9848484848484849,0.5625,0.031746031746031744,1.375,34,0
RTFMS_100000_ORDERING_0.1_2_heuristics.pnml,76,11,0.9090221560878149,5,1.0,50,3.8378378378378377,10,1.0,0.42105263157894735,0.04157218442932729,1.4473684210526316,37,2
Sepsis_20000_INSERTION_10.0_1_alpha.pnml,938,4,0.0,0,0.997867803837953,81,83.0,85,1.0,0.0,0.04433760683760684,0.17697228144989338,0,0
Sepsis_20000_ABSENCE_4.0_4_inductive.pnml,95,3,0.5107878229540133,9,0.9789473684210527,44,3.4545454545454546,11,1.0,0.25263157894736843,0.028455284552845527,1.3263157894736841,37,0
RTFMS_4000_INSERTION_0.1_1_alpha.pnml,29,11,0.9886994082884974,14,0.9310344827586207,16,4.0625,7,1.0,0.5517241379310345,0.10784313725490197,1.5172413793103448,0,11
BPIC2012_1000_SUBSTITUTION_0.2_3_alpha.pnml,36,11,1.0,5,0.8055555555555556,11,3.7857142857142856,11,0.8947368421052632,0.0,0.06909090909090909,1.0555555555555556,0,2
BPIC2012_4000_ABSENCE_10.0_1_heuristics.pnml,134,1,0.782444129406689,5,0.9626865671641791,76,4.744186046511628,16,0.96875,0.7164179104477612,0.024844720496894408,1.4328358208955223,67,4
Sepsis_20000_SUBSTITUTION_4.0_2_inductive_inf.pnml,242,0,0.39124356362925566,8,0.9834710743801653,183,8.23076923076923,37,1.0,0.18181818181818182,0.021692439862542955,1.6694214876033058,48,0
Sepsis_20000_ORDERING_0.4_3_inductive.pnml,95,3,0.5107878229540133,11,0.9789473684210527,42,3.4545454545454546,13,0.9841269841269842,0.25263157894736843,0.02817531305903399,1.3263157894736841,35,0
BPIC2012_100000_ABSENCE_10.0_1_inductive.pnml,105,0,0.5830194167347008,5,0.9619047619047619,63,3.8372093023255816,9,0.9930555555555556,0.8761904761904762,0.028279654359780047,1.3714285714285714,42,0
RTFMS_20000_SUBSTITUTION_0.1_2_heuristics.pnml,76,29,0.8849636363831528,2,1.0,56,4.363636363636363,11,1.0,0.2894736842105263,0.04607371794871795,1.513157894736842,29,1
BPIC2012_40000_SUBSTITUTION_0.1_4_inductive.pnml,201,4,0.7219280948873623,10,0.9800995024875622,110,3.4526315789473685,8,1.0,0.6716417910447762,0.014210526315789474,1.3432835820895523,84,0
BPIC2012_4000_ORDERING_0.2_1_alpha.pnml,34,10,1.0,6,0.8235294117647058,13,4.25,13,0.9459459459459459,0.20588235294117646,0.07708333333333334,1.088235294117647,0,3
RTFMS_40000_SUBSTITUTION_1.0_2_heuristics.pnml,303,12,0.9108783787500366,6,1.0,272,13.043478260869565,86,1.0,0.22442244224422442,0.032114852398523984,1.8382838283828382,51,1
Sepsis_1000_MIXED_1.0_1_inductive.pnml,106,3,0.5363596511250623,9,0.9716981132075472,47,3.326530612244898,10,0.9855072463768116,0.2641509433962264,0.025,1.3018867924528301,40,0
RTFMS_2000_MIXED_10.0_1_alpha.pnml,75,35,0.8997437586982626,16,0.9733333333333334,42,6.0,25,0.9880952380952381,0.16,0.06461538461538462,1.12,0,4
Sepsis_40000_ORDERING_0.4_3_heuristics.pnml,111,37,0.9440870182837794,8,1.0,87,5.0638297872340425,15,1.0,0.5315315315315315,0.03495034377387318,1.6486486486486487,60,7
Sepsis_100000_ORDERING_4.0_5_inductive.pnml,105,1,0.6646953053493418,12,0.9809523809523809,50,3.3846153846153846,10,0.9857142857142858,0.22857142857142856,0.025678650036683785,1.3333333333333333,41,0
BPIC2012_20000_ORDERING_1.0_4_inductive.pnml,134,0,0.7642045065086203,9,0.9850746268656716,71,3.365079365079365,6,0.9772727272727273,0.9253731343283582,0.020253164556962026,1.3134328358208955,54,0
Sepsis_20000_INSERTION_10.0_1_inductive_inf.pnml,594,0,0.4854607607459134,6,0.9932659932659933,532,19.68421052631579,101,1.0,0.07407407407407407,0.019824504387390314,1.8484848484848484,51,0
BPIC2012_20000_SUBSTITUTION_1.0_2_inductive_inf.pnml,169,0,0.5509844433017146,6,0.9467455621301775,120,6.042553191489362,25,0.9924242424242424,0.5443786982248521,0.024363233665559248,1.5621301775147929,43,0
Sepsis_1000_ABSENCE_0.4_4_alpha.pnml,23,15,0.9182958340544896,7,0.9130434782608696,16,4.333333333333333,14,1.0,0.0,0.15625,1.5217391304347827,0,2
RTFMS_1000_SUBSTITUTION_4.0_1_alpha.pnml,36,7,0.9182958340544896,4,0.9444444444444444,14,6.0,13,0.9705882352941176,0.0,0.08374384236453201,0.9444444444444444,0,2
RTFMS_40000_SUBSTITUTION_10.0_2_heuristics.pnml,2179,22,0.9421631690835511,27,1.0,2094,34.09375,675,1.0,0.15006883891693437,0.011758463982933143,1.942634235888022,158,6
Sepsis_100000_ORDERING_10.0_3_inductive.pnml,91,2,0.4537163391869448,12,0.978021978021978,40,3.5238095238095237,14,0.9836065573770492,0.26373626373626374,0.029640427599611274,1.3406593406593406,32,0
RTFMS_10000_SUBSTITUTION_0.1_1_alpha.pnml,34,18,1.0,14,0.9705882352941176,32,4.166666666666667,7,1.0,0.38235294117647056,0.10034602076124567,1.7058823529411764,0,11
BPIC2012_100000_ORDERING_0.2_1_inductive.pnml,147,1,0.7698205808588191,12,0.9863945578231292,79,3.408450704225352,6,0.9795918367346939,0.9319727891156463,0.018680899733130005,1.3333333333333333,61,0
BPIC2012_10000_ORDERING_1.0_5_inductive.pnml,141,1,0.7706290693639405,10,0.9858156028368794,73,3.4838709677419355,5,0.956989247311828,0.9290780141843972,0.019318653926049024,1.3191489361702127,58,0
RTFMS_20000_ABSENCE_0.2_3_alpha.pnml,27,23,0.9886994082884974,16,1.0,13,4.25,9,1.0,0.25925925925925924,0.1278409090909091,1.6666666666666667,0,11
BPIC2012_2000_SUBSTITUTION_0.2_3_inductive.pnml,149,3,0.6840384356390417,9,0.9463087248322147,70,3.272727272727273,5,0.9473684210526316,0.6912751677852349,0.017534145441122185,1.2751677852348993,59,0
RTFMS_2000_ABSENCE_4.0_1_inductive.pnml,59,2,0.7355085815538398,3,0.9830508474576272,35,3.310344827586207,5,1.0,0.06779661016949153,0.04710144927536232,1.3220338983050848,24,0
BPIC2012_2000_INSERTION_1.0_3_inductive.pnml,169,2,0.6242741010130388,10,0.9467455621301775,91,3.4935064935064934,8,0.995575221238938,0.7692307692307693,0.01662253604001177,1.3372781065088757,68,0
RTFMS_1000_SUBSTITUTION_2.0_2_heuristics.pnml,76,15,0.907165767573082,3,1.0,49,4.32258064516129,9,1.0,0.10526315789473684,0.04392156862745098,1.4736842105263157,28,4
RTFMS_100000_ORDERING_0.2_1_inductive.pnml,69,1,0.863120568566631,9,0.9710144927536232,31,3.257142857142857,7,0.9333333333333333,0.057971014492753624,0.03787878787878788,1.3043478260869565,24,0
Sepsis_40000_ABSENCE_2.0_5_inductive.pnml,95,3,0.5107878229540133,9,0.9789473684210527,44,3.4545454545454546,11,1.0,0.25263157894736843,0.028455284552845527,1.3263157894736841,37,0
BPIC2012_10000_MIXED_1.0_1_inductive.pnml,256,4,0.7281342378690551,17,0.984375,134,3.34375,6,1.0,0.53125,0.010886172650878533,1.3359375,105,0
Sepsis_4000_SUBSTITUTION_0.2_2_heuristics.pnml,120,42,0.9656361333706098,7,1.0,90,5.217391304347826,15,1.0,0.675,0.03158580267014002,1.6166666666666667,63,10
RTFMS_2000_INSERTION_0.1_3_alpha.pnml,27,10,0.8904916402194913,10,0.9259259259259259,11,3.6153846153846154,6,1.0,0.0,0.1,1.3333333333333333,0,9
BPIC2012_20000_ORDERING_0.4_3_alpha.pnml,38,8,0.9949848281859701,11,0.9473684210526316,26,4.125,14,1.0,0.21052631578947367,0.08333333333333333,1.4736842105263157,0,9
RTFMS_20000_MIXED_1.0_1_inductive.pnml,170,0,0.7578784625383954,7,0.9764705882352941,112,4.625,19,1.0,0.11764705882352941,0.021166666666666667,1.4941176470588236,54,0
RTFMS_2000_ABSENCE_0.1_5_alpha.pnml,27,8,0.8904916402194913,10,0.9259259259259259,11,3.769230769230769,6,0.9736842105263158,0.0,0.10795454545454546,1.4074074074074074,0,9
BPIC2012_100000_SUBSTITUTION_1.0_2_heuristics.pnml,759,5,0.6868088934028035,6,1.0,679,20.253521126760564,96,1.0,0.6482213438735178,0.01627944647567918,1.8537549407114624,132,4
BPIC2012_20000_ORDERING_10.0_5_inductive_inf.pnml,66,0,0.7024665512903903,5,0.9696969696969697,39,4.9523809523809526,18,0.9583333333333334,0.8484848484848485,0.04853387259858443,1.4545454545454546,18,0
RTFMS_100000_MIXED_0.2_5_inductive.pnml,159,2,0.7698205808588191,8,0.9748427672955975,94,3.8309859154929575,14,1.0,0.1509433962264151,0.019580419580419582,1.4088050314465408,61,0
Sepsis_20000_ORDERING_10.0_5_inductive_inf.pnml,78,2,0.5713549744279549,10,0.9487179487179487,36,3.4594594594594597,9,0.9615384615384616,0.3076923076923077,0.03439153439153439,1.3333333333333333,27,0
BPIC2012_40000_INSERTION_0.2_2_inductive.pnml,244,5,0.6987003526563343,11,0.9836065573770492,140,3.7735849056603774,9,1.0,0.6434426229508197,0.012437444804239034,1.3852459016393444,95,0
RTFMS_20000_MIXED_0.2_2_heuristics.pnml,81,27,0.863120568566631,2,1.0,57,4.285714285714286,13,1.0,0.25925925925925924,0.04230769230769231,1.4938271604938271,33,1
BPIC2012_20000_SUBSTITUTION_4.0_2_alpha.pnml,470,6,0.0,0,0.9957446808510638,75,78.0,81,1.0,0.0,0.08333333333333333,0.33191489361702126,0,0
Sepsis_20000_INSERTION_0.1_1_heuristics.pnml,121,36,0.9377342939868041,8,1.0,95,5.291666666666667,17,1.0,0.6363636363636364,0.03322259136212625,1.6528925619834711,60,7
BPIC2012_10000_SUBSTITUTION_4.0_3_inductive_inf.pnml,259,0,0.5969995167604552,5,0.9536679536679536,182,6.260869565217392,41,0.9950738916256158,0.4980694980694981,0.016807418446762708,1.5675675675675675,70,0
RTFMS_10000_SUBSTITUTION_0.1_3_inductive.pnml,55,1,0.6840384356390417,2,0.9636363636363636,31,3.8181818181818183,7,1.0,0.4,0.05285714285714286,1.3454545454545455,18,0
RTFMS_40000_INSERTION_0.1_1_alpha.pnml,41,19,1.0,10,0.8780487804878049,20,4.25,10,0.9787234042553191,0.0,0.06752873563218391,1.146341463414634,0,5
Sepsis_10000_ABSENCE_4.0_3_heuristics.pnml,112,32,0.9684610087601622,9,1.0,83,4.875,14,1.0,0.5267857142857143,0.03307748538011696,1.6160714285714286,59,10
RTFMS_20000_MIXED_2.0_1_inductive.pnml,234,3,0.774241158084727,9,0.9829059829059829,164,5.291139240506329,33,1.0,0.11965811965811966,0.017246280678480053,1.5555555555555556,67,0
RTFMS_10000_INSERTION_4.0_3_heuristics.pnml,285,19,0.9313043685793763,6,1.0,247,11.306122448979592,55,1.0,0.6,0.02795335658238884,1.8,56,5
RTFMS_40000_ABSENCE_1.0_3_inductive_inf.pnml,56,0,0.7219280948873623,6,0.9464285714285714,29,3.2333333333333334,6,1.0,0.07142857142857142,0.04774193548387097,1.3214285714285714,19,0
RTFMS_20000_MIXED_0.1_4_heuristics.pnml,69,31,0.8849636363831528,2,1.0,50,3.9393939393939394,11,1.0,0.30434782608695654,0.04675925925925926,1.463768115942029,29,1
BPIC2012_1000_MIXED_2.0_4_inductive_inf.pnml,134,0,0.7905013842153698,9,0.9253731343283582,65,3.3728813559322033,7,0.9252873563218391,0.8880597014925373,0.019917582417582416,1.2985074626865671,52,0
RTFMS_4000_SUBSTITUTION_4.0_3_heuristics.pnml,180,4,0.964078764808229,10,1.0,143,6.62962962962963,36,1.0,0.49444444444444446,0.028261675315048185,1.6944444444444444,58,6
Sepsis_40000_ABSENCE_0.1_5_heuristics.pnml,107,36,0.9503376699710268,8,1.0,84,5.043478260869565,14,1.0,0.5514018691588785,0.03624078624078624,1.6542056074766356,57,7
BPIC2012_20000_MIXED_2.0_5_inductive.pnml,428,12,0.732901009176448,21,0.9906542056074766,250,4.044444444444444,19,1.0,0.18691588785046728,0.007508281192491719,1.4299065420560748,158,0
RTFMS_40000_SUBSTITUTION_4.0_1_alpha.pnml,815,7,0.9910760598382222,3,0.9914110429447853,275,63.0,271,0.9963963963963964,0.0,0.049062942008486564,0.6809815950920245,0,1
RTFMS_1000_INSERTION_0.2_2_inductive.pnml,56,2,0.6665783579949205,3,0.9464285714285714,27,3.4347826086956523,5,0.9444444444444444,0.14285714285714285,0.04743083003952569,1.2857142857142858,20,0
BPIC2012_20000_MIXED_0.4_3_heuristics.pnml,158,3,0.730926377590601,4,0.9746835443037974,97,5.613636363636363,14,0.9745762711864406,0.6518987341772152,0.02386248736097068,1.4936708860759493,70,3
Sepsis_2000_MIXED_2.0_4_heuristics.pnml,126,33,0.9440870182837794,6,1.0,98,5.404255319148936,16,1.0,0.5,0.03233908948194662,1.6349206349206349,64,6
BPIC2012_1000_MIXED_0.4_3_alpha.pnml,38,9,0.9957274520849255,5,0.8421052631578947,12,4.0,12,0.9,0.0,0.0641025641025641,1.0526315789473684,0,2
BPIC2012_40000_INSERTION_10.0_5_inductive.pnml,2180,5,0.7390632767373162,23,0.998165137614679,1982,20.446601941747574,279,1.0,0.044036697247706424,0.0062049268335710875,1.871559633027523,184,0
Sepsis_40000_MIXED_0.1_4_inductive_inf.pnml,116,5,0.5373760853377336,9,0.9655172413793104,52,3.192982456140351,11,1.0,0.27586206896551724,0.022727272727272728,1.293103448275862,47,0
BPIC2012_40000_MIXED_0.1_3_inductive.pnml,217,3,0.7143881566559658,16,0.9861751152073732,112,3.336448598130841,7,0.9930555555555556,0.6359447004608295,0.012640449438202247,1.327188940092166,90,0
Sepsis_40000_INSERTION_1.0_4_inductive.pnml,396,7,0.7070040649747601,12,0.98989898989899,286,6.477064220183486,61,1.0,0.13131313131313133,0.011806375442739079,1.6161616161616161,93,0
BPIC2012_20000_ABSENCE_4.0_5_alpha.pnml,38,12,0.998363672593813,11,0.9736842105263158,18,4.0,16,1.0,0.0,0.07738095238095238,1.368421052631579,0,9
RTFMS_2000_ORDERING_0.2_5_inductive.pnml,53,3,0.7382848661434506,4,0.9622641509433962,26,3.3333333333333335,5,0.9705882352941176,0.07547169811320754,0.04927536231884058,1.2830188679245282,18,0
RTFMS_10000_INSERTION_2.0_3_inductive.pnml,211,4,0.7281342378690551,7,0.981042654028436,150,5.84375,31,1.0,0.11374407582938388,0.020465686274509804,1.5829383886255923,55,0
Sepsis_100000_MIXED_2.0_2_inductive.pnml,698,3,0.6983747934875367,13,0.994269340974212,575,10.62295081967213,194,1.0,0.08595988538681948,0.010320230687509485,1.7535816618911175,111,0
Sepsis_10000_ABSENCE_0.4_1_alpha.pnml,22,14,0.9402859586706311,7,0.9545454545454546,19,4.071428571428571,14,1.0,0.0,0.18229166666666666,1.5909090909090908,0,2
RTFMS_4000_SUBSTITUTION_4.0_1_heuristics.pnml,172,15,0.9486131982385806,8,1.0,143,7.1020408163265305,36,1.0,0.3488372093023256,0.03237410071942446,1.7267441860465116,49,3
BPIC2012_4000_INSERTION_2.0_3_inductive.pnml,303,8,0.7137455095995926,20,0.9867986798679867,160,3.418918918918919,7,1.0,0.22442244224422442,0.009316770186335404,1.3465346534653466,123,0
BPIC2012_40000_ABSENCE_10.0_2_heuristics.pnml,142,2,0.7849920887641584,5,0.971830985915493,81,4.659574468085107,16,0.9705882352941176,0.7816901408450704,0.02336769759450172,1.4366197183098592,72,4
RTFMS_1000_ORDERING_0.2_3_inductive.pnml,50,2,0.7024665512903903,3,0.94,24,3.380952380952381,5,0.9375,0.08,0.052545155993431854,1.28,17,0
Sepsis_20000_INSERTION_10.0_2_heuristics.pnml,1120,23,0.9293636260137187,17,1.0,1066,25.95402298850575,178,1.0,0.8089285714285714,0.016734005170358675,1.9303571428571429,121,7
BPIC2012_4000_INSERTION_10.0_3_heuristics.pnml,349,4,0.6226343162547098,4,1.0,280,10.758620689655173,38,1.0,0.6131805157593123,0.019522144522144524,1.7277936962750717,102,3
BPIC2012_40000_MIXED_4.0_1_inductive_inf.pnml,362,2,0.5259359840917623,17,0.9834254143646409,253,6.316831683168317,60,1.0,0.22099447513812154,0.011935629913158004,1.6022099447513811,88,0
RTFMS_1000_ORDERING_10.0_2_alpha.pnml,23,14,0.8112781244591328,8,1.0,12,3.8333333333333335,8,0.9411764705882353,0.0,0.12878787878787878,1.4782608695652173,0,4
RTFMS_10000_INSERTION_0.1_5_inductive.pnml,66,1,0.7355085815538398,3,0.9393939393939394,37,3.5172413793103448,5,0.9772727272727273,0.6515151515151515,0.042926829268292686,1.3333333333333333,24,0
BPIC2012_20000_ABSENCE_2.0_5_heuristics.pnml,132,3,0.7592757847892833,4,0.9621212121212122,76,4.926829268292683,16,0.9685863874345549,0.7121212121212122,0.02595108695652174,1.446969696969697,67,3
RTFMS_40000_MIXED_4.0_1_inductive_inf.pnml,365,1,0.5159469300074474,8,0.9808219178082191,310,13.115384615384615,127,1.0,0.08767123287671233,0.022284312389259917,1.7917808219178082,46,0
BPIC2012_40000_INSERTION_0.1_1_inductive_inf.pnml,169,1,0.6609623351442084,8,0.9112426035502958,91,3.6857142857142855,9,0.9736842105263158,0.834319526627219,0.017070979335130278,1.349112426035503,68,0
Sepsis_2000_SUBSTITUTION_10.0_1_heuristics.pnml,236,41,0.9348490242345944,7,1.0,201,8.350877192982455,34,1.0,0.6440677966101694,0.025589101620029454,1.7669491525423728,79,6
Sepsis_100000_INSERTION_10.0_2_alpha.pnml,4537,7,0.0,0,0.9995591800749394,435,431.5,435,1.0,0.0,0.04757442116868798,0.1902137976636544,0,0
BPIC2012_2000_INSERTION_0.4_1_alpha.pnml,38,15,1.0,7,0.8947368421052632,13,3.8125,12,0.95,0.0,0.06734006734006734,1.0526315789473684,0,3
RTFMS_40000_SUBSTITUTION_1.0_5_inductive_inf.pnml,274,1,0.7153220528038851,7,0.9744525547445255,217,8.229508196721312,70,1.0,0.10218978102189781,0.02104308390022676,1.6934306569343065,52,0
BPIC2012_40000_INSERTION_0.2_5_alpha.pnml,67,11,0.954434002924965,2,0.791044776119403,12,5.0,17,0.8095238095238095,0.0,0.03684210526315789,0.6268656716417911,0,0
Sepsis_4000_SUBSTITUTION_0.4_3_alpha.pnml,32,23,0.9456603046006401,7,0.8125,15,4.2727272727272725,16,0.9428571428571428,0.0,0.1,1.09375,0,1
Sepsis_40000_MIXED_0.4_2_inductive.pnml,235,6,0.7054690408228711,11,0.9829787234042553,136,3.95959595959596,19,1.0,0.18723404255319148,0.013387096774193549,1.4127659574468086,87,0
RTFMS_4000_MIXED_0.1_3_heuristics.pnml,71,24,0.9494520153879484,4,1.0,49,3.736842105263158,9,1.0,0.5211267605633803,0.044444444444444446,1.4647887323943662,32,2
BPIC2012_40000_ORDERING_10.0_2_inductive_inf.pnml,134,1,0.6193821946787638,16,0.9850746268656716,63,3.3846153846153846,8,0.9775280898876404,0.3283582089552239,0.019986525937570176,1.328358208955224,49,0
RTFMS_40000_INSERTION_1.0_2_alpha.pnml,210,10,0.9852281360342515,3,0.9809523809523809,55,18.428571428571427,58,1.0,0.0,0.049019607843137254,0.5714285714285714,0,3
RTFMS_10000_ORDERING_4.0_5_inductive_inf.pnml,47,0,0.7424875695421236,3,0.9574468085106383,25,3.6842105263157894,7,0.967741935483871,0.574468085106383,0.05827067669172932,1.3191489361702127,16,0
RTFMS_20000_MIXED_2.0_3_alpha.pnml,109,6,1.0,4,0.963302752293578,43,12.625,42,1.0,0.0,0.07281553398058252,0.8256880733944955,0,2
RTFMS_2000_ABSENCE_0.1_2_inductive.pnml,57,2,0.74959525725948,3,0.9649122807017544,31,3.25,5,0.9864864864864865,0.07017543859649122,0.04731457800511509,1.2982456140350878,22,0
BPIC2012_10000_ORDERING_1.0_3_heuristics.pnml,125,2,0.7424875695421236,4,0.944,70,4.868421052631579,14,0.9662921348314607,0.688,0.02692075015124017,1.424,62,3
Sepsis_100000_ABSENCE_2.0_3_alpha.pnml,22,10,0.9402859586706311,7,0.9545454545454546,21,4.357142857142857,14,1.0,0.0,0.19270833333333334,1.6818181818181819,0,2
RTFMS_10000_ORDERING_0.4_2_inductive.pnml,32,0,0.7219280948873623,2,0.9375,19,4.6,8,0.9545454545454546,0.65625,0.09166666666666666,1.375,8,0
Sepsis_20000_heuristics.pnml,107,34,0.9503376699710268,8,1.0,83,5.0,14,1.0,0.5514018691588785,0.036036036036036036,1.644859813084112,57,7
BPIC2012_2000_MIXED_4.0_2_inductive_inf.pnml,119,1,0.4394969869215134,2,0.8487394957983193,71,3.9545454545454546,10,1.0,0.7478991596638656,0.025632911392405065,1.361344537815126,46,0
BPIC2012_100000_SUBSTITUTION_0.4_4_inductive_inf.pnml,208,1,0.4537163391869448,2,0.9567307692307693,160,8.476190476190476,46,1.0,0.4423076923076923,0.026625386996904025,1.6538461538461537,45,0
RTFMS_40000_SUBSTITUTION_1.0_2_alpha.pnml,229,6,1.0,9,0.9912663755458515,90,15.071428571428571,86,1.0,0.0,0.04246575342465753,0.8122270742358079,0,5
RTFMS_40000_MIXED_0.1_2_heuristics.pnml,82,20,0.8879763195151349,3,1.0,57,4.277777777777778,13,1.0,0.32926829268292684,0.04223901098901099,1.5,34,1
Sepsis_40000_INSERTION_10.0_1_inductive.pnml,2109,0,0.668127333843614,15,0.9981033665244191,1982,32.65079365079365,734,1.0,0.030346135609293504,0.009687320161135623,1.9155998103366525,111,0
Sepsis_10000_ORDERING_2.0_5_heuristics.pnml,121,33,0.9633355456726841,9,1.0,91,5.1020408163265305,15,1.0,0.5041322314049587,0.031692406692406694,1.628099173553719,67,10
RTFMS_2000_ABSENCE_1.0_2_inductive.pnml,59,1,0.7355085815538398,3,0.9830508474576272,34,3.310344827586207,5,1.0,0.06779661016949153,0.04710144927536232,1.3220338983050848,24,0
BPIC2012_100000_ORDERING_2.0_5_inductive.pnml,90,0,0.7642045065086203,7,0.9777777777777777,49,4.055555555555555,15,0.9682539682539683,0.7777777777777778,0.03308823529411765,1.4,31,0
Sepsis_10000_ORDERING_0.2_5_inductive.pnml,93,2,0.5830194167347008,10,0.978494623655914,43,3.488372093023256,11,0.9838709677419355,0.25806451612903225,0.029080675422138838,1.3333333333333333,35,0
RTFMS_20000_MIXED_0.2_2_alpha.pnml,30,17,1.0,7,0.8333333333333334,13,4.7,13,0.9722222222222222,0.2,0.09523809523809523,1.2,0,2
RTFMS_2000_MIXED_4.0_5_inductive_inf.pnml,96,2,0.5349436990971066,4,0.875,51,3.5609756097560976,8,1.0,0.25,0.02962962962962963,1.3333333333333333,35,0
BPIC2012_40000_MIXED_0.2_2_inductive.pnml,226,4,0.7289514964064973,15,0.9823008849557522,119,3.3451327433628317,7,1.0,0.7300884955752213,0.012336601307189542,1.336283185840708,94,0
RTFMS_20000_MIXED_10.0_5_heuristics.pnml,549,18,0.8904916402194913,6,1.0,509,20.76923076923077,149,1.0,0.3806921675774135,0.02606837606837607,1.8888888888888888,63,3
Sepsis_40000_INSERTION_0.4_2_inductive.pnml,255,4,0.6880476235340796,11,0.9843137254901961,155,4.387755102040816,32,1.0,0.20392156862745098,0.013285714285714286,1.4588235294117646,84,0
BPIC2012_2000_ABSENCE_0.1_5_heuristics.pnml,105,6,0.6136190195993708,3,0.9619047619047619,58,4.636363636363637,10,0.9662162162162162,0.7619047619047619,0.031678082191780824,1.4095238095238096,50,0
BPIC2012_100000_ORDERING_4.0_2_heuristics.pnml,182,3,0.676941869780886,5,0.9945054945054945,115,5.196428571428571,24,0.996309963099631,0.6868131868131868,0.02028139500074839,1.489010989010989,106,4
Sepsis_4000_INSERTION_10.0_1_inductive.pnml,397,3,0.7183098216110975,12,0.9899244332493703,290,6.378378378378378,88,1.0,0.1309823677581864,0.011673719538888079,1.6120906801007557,96,0
Sepsis_40000_INSERTION_2.0_5_inductive_inf.pnml,209,0,0.2580186686648155,9,0.9808612440191388,157,8.043478260869565,49,1.0,0.24880382775119617,0.023966942148760332,1.6650717703349283,42,0
BPIC2012_1000_SUBSTITUTION_0.4_5_alpha.pnml,36,9,1.0,2,0.8055555555555556,6,3.75,11,0.7586206896551724,0.0,0.059670781893004114,0.8055555555555556,0,0
BPIC2012_100000_INSERTION_1.0_3_inductive_inf.pnml,280,0,0.5328350630342233,2,0.9392857142857143,244,15.696969696969697,61,1.0,0.20714285714285716,0.03475752163758758,1.8071428571428572,28,0
RTFMS_20000_ABSENCE_1.0_2_alpha.pnml,27,23,0.9886994082884974,16,1.0,13,4.25,9,1.0,0.25925925925925924,0.1278409090909091,1.6666666666666667,0,11
RTFMS_4000_INSERTION_0.4_1_heuristics.pnml,87,12,0.9503376699710268,7,0.9655172413793104,57,3.739130434782609,8,1.0,0.5402298850574713,0.036079545454545454,1.4597701149425288,37,3
RTFMS_1000_SUBSTITUTION_2.0_3_inductive_inf.pnml,79,3,0.37123232664087563,1,0.9493670886075949,44,3.857142857142857,8,0.9807692307692307,0.25316455696202533,0.036414565826330535,1.3164556962025316,31,0
Sepsis_4000_ORDERING_0.2_4_inductive_inf.pnml,89,4,0.5435644431995964,8,0.9775280898876404,39,3.4,10,0.9827586206896551,0.2696629213483146,0.029743589743589743,1.303370786516854,33,0
BPIC2012_20000_INSERTION_1.0_5_alpha.pnml,127,20,0.9709505944546686,3,0.905511811023622,22,6.9,32,0.8472222222222222,0.06299212598425197,0.024291497975708502,0.5669291338582677,0,0
Sepsis_100000_INSERTION_4.0_1_alpha.pnml,1895,2,0.0,0,0.9989445910290238,165,166.0,167,1.0,0.0,0.04384574749075541,0.17519788918205806,0,0
BPIC2012_1000_ORDERING_10.0_5_alpha.pnml,31,6,1.0,3,0.935483870967742,16,4.25,14,0.972972972972973,0.0,0.11011904761904762,1.1935483870967742,0,1
BPIC2012_20000_INSERTION_0.1_4_alpha.pnml,37,10,1.0,1,0.7837837837837838,6,4.333333333333333,11,0.9565217391304348,0.0,0.071875,0.6216216216216216,0,0
BPIC2012_20000_MIXED_0.4_3_alpha.pnml,50,5,0.9182958340544896,1,0.84,12,5.666666666666667,14,0.9090909090909091,0.0,0.0625,0.66,0,0
Sepsis_2000_INSERTION_0.1_2_alpha.pnml,22,18,0.8904916402194913,7,0.9545454545454546,17,4.076923076923077,14,1.0,0.0,0.17708333333333334,1.5454545454545454,0,1
BPIC2012_100000_SUBSTITUTION_0.2_3_alpha.pnml,134,9,1.0,4,0.9104477611940298,50,7.642857142857143,31,0.9574468085106383,0.0,0.03790322580645161,0.7014925373134329,0,1
RTFMS_100000_SUBSTITUTION_0.1_4_alpha.pnml,60,3,1.0,1,0.9666666666666667,24,13.5,26,1.0,0.0,0.14912280701754385,0.85,0,1
Sepsis_10000_MIXED_0.2_2_inductive_inf.pnml,101,4,0.4689955935892812,11,0.9603960396039604,47,3.32,13,1.0,0.2376237623762376,0.026587301587301587,1.3267326732673268,37,0
Sepsis_40000_MIXED_10.0_3_alpha.pnml,987,25,0.0,0,0.9979736575481256,119,106.5,119,1.0,0.0,0.05406091370558375,0.21580547112462006,0,0
BPIC2012_100000_inductive.pnml,132,1,0.74959525725948,9,0.9545454545454546,67,3.5357142857142856,6,0.9310344827586207,0.9545454545454546,0.020655270655270654,1.3181818181818181,53,0
RTFMS_1000_MIXED_0.2_2_inductive.pnml,51,1,0.6840384356390417,3,0.9411764705882353,25,3.409090909090909,5,0.9696969696969697,0.0784313725490196,0.05238095238095238,1.2941176470588236,18,0
BPIC2012_40000_INSERTION_0.1_4_inductive.pnml,226,6,0.7033693386668108,15,0.9823008849557522,118,3.418181818181818,9,1.0,0.5398230088495575,0.012466169113425737,1.345132743362832,93,0
RTFMS_1000_ORDERING_0.4_1_heuristics.pnml,60,16,0.9182958340544896,3,1.0,35,3.466666666666667,6,1.0,0.11666666666666667,0.047453703703703706,1.3666666666666667,24,4
Sepsis_4000_MIXED_0.2_4_inductive_inf.pnml,94,4,0.5107878229540133,9,0.9787234042553191,43,3.409090909090909,11,1.0,0.2978723404255319,0.028531983433041877,1.3191489361702127,36,0
Sepsis_100000_INSERTION_10.0_3_heuristics.pnml,5049,47,0.954434002924965,47,1.0,4930,43.91379310344828,806,1.0,0.8320459496930085,0.0067874263799479525,1.962962962962963,326,7
RTFMS_10000_ABSENCE_2.0_4_alpha.pnml,33,13,0.9940302114769565,23,1.0,22,4.636363636363637,9,1.0,0.5757575757575758,0.128099173553719,1.878787878787879,0,19
RTFMS_4000_SUBSTITUTION_0.1_2_alpha.pnml,37,18,0.9709505944546686,23,0.9189189189189189,26,4.0,8,1.0,0.4864864864864865,0.09848484848484848,1.7567567567567568,0,17
RTFMS_10000_ABSENCE_4.0_1_alpha.pnml,33,13,0.9940302114769565,23,1.0,22,4.636363636363637,9,1.0,0.5757575757575758,0.128099173553719,1.878787878787879,0,19
RTFMS_100000_ABSENCE_0.4_4_inductive.pnml,61,1,0.7578784625383954,6,0.9836065573770492,31,3.1875,5,0.975,0.06557377049180328,0.04357298474945534,1.3114754098360655,22,0
BPIC2012_40000_ABSENCE_2.0_1_inductive.pnml,111,1,0.6420642892306891,6,0.963963963963964,65,3.6122448979591835,8,0.9933333333333333,0.8828828828828829,0.025879917184265012,1.3513513513513513,44,0
Sepsis_40000_ABSENCE_2.0_5_alpha.pnml,22,15,0.9402859586706311,7,0.9545454545454546,18,4.0,14,1.0,0.0,0.17708333333333334,1.5454545454545454,0,2
BPIC2012_2000_ORDERING_0.1_2_inductive_inf.pnml,133,1,0.7568336324184035,8,0.9323308270676691,64,3.4545454545454546,6,0.9186046511627907,0.9097744360902256,0.020046620046620046,1.2932330827067668,53,0
RTFMS_4000_SUBSTITUTION_0.4_1_inductive.pnml,72,2,0.6373874992221911,3,0.9444444444444444,41,3.6774193548387095,7,1.0,0.4722222222222222,0.04096989966555184,1.3611111111111112,26,0
Sepsis_40000_MIXED_4.0_5_heuristics.pnml,543,34,0.9007196798623593,9,1.0,503,18.133333333333333,88,1.0,0.6243093922651933,0.02291387773315484,1.8913443830570902,85,7
Sepsis_1000_SUBSTITUTION_0.2_1_inductive_inf.pnml,91,3,0.5349436990971066,9,0.967032967032967,38,3.341463414634146,11,0.9661016949152542,0.26373626373626374,0.02878048780487805,1.2967032967032968,33,0
RTFMS_100000_SUBSTITUTION_0.2_1_heuristics.pnml,187,11,0.8721617883411699,5,1.0,155,8.682926829268293,42,1.0,0.20320855614973263,0.033498759305210915,1.732620320855615,46,2
BPIC2012_1000_INSERTION_2.0_2_inductive.pnml,178,6,0.6690158350565576,10,0.9438202247191011,89,3.4,6,0.9743589743589743,0.6348314606741573,0.015400816111623009,1.3146067415730338,70,0
Sepsis_100000_ORDERING_2.0_5_inductive_inf.pnml,72,2,0.512709142030877,9,0.9444444444444444,35,3.5142857142857142,11,1.0,0.3333333333333333,0.03828125,1.3611111111111112,23,0
BPIC2012_4000_INSERTION_1.0_3_inductive_inf.pnml,139,1,0.6161661934005355,7,0.8920863309352518,78,3.6610169491525424,7,0.9893617021276596,0.7985611510791367,0.020778072502210435,1.3525179856115108,53,0
BPIC2012_4000_ABSENCE_4.0_2_alpha.pnml,38,9,0.998363672593813,11,0.9736842105263158,18,3.857142857142857,13,1.0,0.0,0.07291666666666667,1.2894736842105263,0,9
BPIC2012_2000_ABSENCE_2.0_3_alpha.pnml,37,9,0.9980008838722996,9,0.972972972972973,17,3.8421052631578947,13,1.0,0.0,0.07371794871794872,1.2432432432432432,0,7
Sepsis_2000_MIXED_0.1_3_heuristics.pnml,111,33,0.9564574047992594,6,1.0,86,5.066666666666666,14,1.0,0.5405405405405406,0.03496503496503497,1.6216216216216217,61,6
Sepsis_20000_ABSENCE_0.2_1_inductive.pnml,95,3,0.5107878229540133,9,0.9789473684210527,44,3.4545454545454546,11,1.0,0.25263157894736843,0.028455284552845527,1.3263157894736841,37,0
RTFMS_40000_MIXED_0.4_4_heuristics.pnml,119,20,0.8296071030882031,3,1.0,85,5.142857142857143,19,1.0,0.5294117647058824,0.03322557471264368,1.5546218487394958,47,1
BPIC2012_2000_MIXED_0.1_3_heuristics.pnml,108,6,0.6136190195993708,3,0.9444444444444444,59,4.7272727272727275,10,0.9605263157894737,0.75,0.030707070707070707,1.4074074074074074,50,0
BPIC2012_10000_alpha.pnml,34,8,1.0,4,0.7941176470588236,11,3.9166666666666665,11,0.8857142857142857,0.0,0.07291666666666667,1.0294117647058822,0,1
Sepsis_2000_SUBSTITUTION_0.2_2_inductive.pnml,113,2,0.6500224216483541,9,0.9823008849557522,52,3.259259259259259,5,0.9863013698630136,0.24778761061946902,0.023278061224489797,1.2920353982300885,45,0
RTFMS_20000_SUBSTITUTION_1.0_2_heuristics.pnml,194,25,0.8680403986166403,3,1.0,168,9.947368421052632,58,1.0,0.14948453608247422,0.03711273666092943,1.7783505154639174,44,1
Sepsis_40000_MIXED_4.0_1_inductive.pnml,591,1,0.6949749673676273,11,0.9932318104906938,485,10.205607476635514,175,1.0,0.08798646362098139,0.011745119503740194,1.742808798646362,98,0
BPIC2012_40000_SUBSTITUTION_0.2_4_inductive.pnml,235,5,0.665580063146735,9,0.9829787234042553,135,3.857142857142857,12,1.0,0.5787234042553191,0.0130671797338464,1.3872340425531915,91,0
RTFMS_1000_INSERTION_0.4_5_inductive_inf.pnml,55,2,0.4537163391869448,1,0.9272727272727272,27,3.4761904761904763,5,0.9571428571428572,0.14545454545454545,0.049019607843137254,1.2727272727272727,20,0
BPIC2012_100000_ORDERING_4.0_4_heuristics.pnml,177,2,0.6121961274908337,4,0.9943502824858758,109,5.264150943396227,22,0.9961977186311787,0.672316384180791,0.020966198979591837,1.4858757062146892,103,3
Sepsis_2000_MIXED_0.1_3_inductive_inf.pnml,89,4,0.5435644431995964,8,0.9775280898876404,39,3.4,10,0.9827586206896551,0.2696629213483146,0.029743589743589743,1.303370786516854,33,0
Sepsis_10000_INSERTION_10.0_1_heuristics.pnml,611,27,0.875195788740725,9,1.0,565,19.901639344262296,98,1.0,0.7545008183306056,0.021823600422513956,1.8936170212765957,92,7
Sepsis_40000_MIXED_0.4_3_inductive_inf.pnml,124,2,0.3760198509692728,11,0.967741935483871,61,3.6,13,1.0,0.3870967741935484,0.022562449637389202,1.3548387096774193,47,0
RTFMS_1000_INSERTION_10.0_3_inductive.pnml,144,1,0.6722948170756379,5,0.9722222222222222,94,4.745098039215686,18,1.0,0.16666666666666666,0.024976657329598508,1.4861111111111112,43,0
Sepsis_2000_INSERTION_0.2_1_alpha.pnml,26,20,0.9366673818775626,9,0.9615384615384616,19,4.0,15,0.975,0.0,0.1388888888888889,1.5384615384615385,0,1
Sepsis_2000_INSERTION_2.0_5_inductive.pnml,174,8,0.6451006442088482,11,0.9770114942528736,86,3.518987341772152,11,0.9914529914529915,0.22988505747126436,0.01623196448390677,1.3448275862068966,65,0
Sepsis_10000_ABSENCE_0.4_5_inductive.pnml,95,3,0.5107878229540133,9,0.9789473684210527,44,3.4545454545454546,11,1.0,0.25263157894736843,0.028455284552845527,1.3263157894736841,37,0
BPIC2012_40000_SUBSTITUTION_1.0_5_heuristics.pnml,391,2,0.6360156177392154,4,1.0,322,12.642857142857142,64,0.9985486211901307,0.6240409207161125,0.019867358708189158,1.762148337595908,95,3
BPIC2012_10000_MIXED_0.1_5_alpha.pnml,39,11,0.9940302114769565,4,0.8461538461538461,10,3.727272727272727,12,0.8333333333333334,0.0,0.05844155844155844,0.9230769230769231,0,1
RTFMS_100000_INSERTION_0.4_2_heuristics.pnml,292,13,0.8672816222000259,5,1.0,256,12.533333333333333,58,1.0,0.2602739726027397,0.030152758777929778,1.8116438356164384,53,2
Sepsis_100000_ABSENCE_0.2_2_alpha.pnml,22,14,0.9402859586706311,7,0.9545454545454546,19,4.071428571428571,14,1.0,0.0,0.18229166666666666,1.5909090909090908,0,2
BPIC2012_40000_MIXED_2.0_3_inductive.pnml,445,3,0.7002019050456441,13,0.9910112359550561,315,5.893939393939394,39,1.0,0.4067415730337079,0.009705248023005032,1.5775280898876405,119,0
RTFMS_40000_SUBSTITUTION_4.0_3_alpha.pnml,784,2,0.9182958340544896,2,0.9923469387755102,277,93.83333333333333,274,0.9982014388489209,0.0,0.07137355584082157,0.7091836734693877,0,0
RTFMS_2000_ABSENCE_2.0_3_heuristics.pnml,70,29,0.9275265884316759,3,1.0,48,3.7714285714285714,9,1.0,0.17142857142857143,0.04414335664335664,1.4428571428571428,32,3
BPIC2012_20000_ABSENCE_4.0_1_alpha.pnml,38,12,0.998363672593813,11,0.9736842105263158,18,4.0,16,1.0,0.0,0.07738095238095238,1.368421052631579,0,9
RTFMS_10000_MIXED_1.0_2_alpha.pnml,45,4,0.9910760598382222,7,0.8888888888888888,25,6.888888888888889,15,0.9607843137254902,0.2,0.07285714285714286,1.1333333333333333,0,5
RTFMS_2000_ORDERING_0.1_2_alpha.pnml,26,4,0.9709505944546686,10,0.9615384615384616,15,3.8,7,1.0,0.2692307692307692,0.11818181818181818,1.5,0,9
Sepsis_4000_heuristics.pnml,117,42,0.9656361333706098,7,1.0,87,5.086956521739131,14,1.0,0.6752136752136753,0.03175675675675676,1.606837606837607,63,10
Sepsis_40000_ORDERING_4.0_5_heuristics.pnml,125,36,0.9580420222262995,9,1.0,95,5.2,15,1.0,0.488,0.031004234724742893,1.64,70,10
Sepsis_10000_INSERTION_4.0_3_inductive.pnml,377,5,0.6684725699243226,12,0.9893899204244032,271,6.485436893203883,59,1.0,0.14854111405835543,0.012248186946011281,1.6127320954907163,91,0
Sepsis_40000_ORDERING_10.0_3_heuristics.pnml,127,35,0.9526092095121206,9,1.0,95,5.137254901960785,16,1.0,0.48031496062992124,0.030157342657342656,1.6299212598425197,71,10
RTFMS_2000_SUBSTITUTION_2.0_5_heuristics.pnml,91,28,0.9182958340544896,3,1.0,67,4.777777777777778,14,1.0,0.13186813186813187,0.04079861111111111,1.5494505494505495,37,3
Sepsis_40000_ORDERING_10.0_5_alpha.pnml,21,4,0.9709505944546686,4,0.9523809523809523,19,5.1,15,1.0,0.0,0.225,1.7142857142857142,0,2
BPIC2012_1000_MIXED_0.4_1_alpha.pnml,36,7,1.0,4,0.8055555555555556,12,4.0,11,0.8888888888888888,0.0,0.06923076923076923,1.0,0,1
BPIC2012_40000_MIXED_1.0_5_heuristics.pnml,274,4,0.6360156177392154,4,1.0,204,8.392857142857142,30,0.9933774834437086,0.6715328467153284,0.01962058212058212,1.6532846715328466,96,3
Sepsis_20000_MIXED_0.4_4_alpha.pnml,42,18,0.9940302114769565,6,0.9047619047619048,19,5.0,16,1.0,0.0,0.09490740740740741,0.9761904761904762,0,0
RTFMS_20000_MIXED_0.4_1_inductive_inf.pnml,87,0,0.7531979910695014,4,0.9195402298850575,56,4.0,10,1.0,0.5747126436781609,0.036860879904875146,1.4252873563218391,29,0
BPIC2012_10000_INSERTION_2.0_5_heuristics.pnml,250,1,0.6267511370265895,4,0.992,178,8.058823529411764,32,0.9777227722772277,0.764,0.01990343876243965,1.616,84,3
Sepsis_100000_INSERTION_1.0_4_heuristics.pnml,616,36,0.906579548498746,9,1.0,578,20.983050847457626,100,1.0,0.6915584415584416,0.02336300063572791,1.9090909090909092,81,7
Sepsis_100000_SUBSTITUTION_1.0_2_inductive.pnml,690,3,0.6568871346605054,11,0.9942028985507246,576,11.392857142857142,193,1.0,0.08695652173913043,0.010950811404693719,1.76231884057971,108,0
Sepsis_40000_MIXED_0.4_3_alpha.pnml,61,12,0.8112781244591328,1,0.9672131147540983,12,8.75,21,1.0,0.0,0.09482758620689655,0.5409836065573771,0,0
Sepsis_1000_SUBSTITUTION_0.2_4_alpha.pnml,25,12,0.9612366047228759,7,0.88,19,4.3076923076923075,14,1.0,0.0,0.14682539682539683,1.48,0,1
BPIC2012_100000_MIXED_1.0_1_inductive.pnml,524,4,0.7067684227376467,17,0.9923664122137404,363,5.701863354037267,51,1.0,0.24045801526717558,0.008024209293244827,1.5687022900763359,143,0
Sepsis_40000_ABSENCE_0.1_1_inductive.pnml,95,3,0.5107878229540133,9,0.9789473684210527,44,3.4545454545454546,11,1.0,0.25263157894736843,0.028455284552845527,1.3263157894736841,37,0
RTFMS_4000_INSERTION_2.0_4_inductive.pnml,165,3,0.7721551435804814,9,0.9757575757575757,96,3.7866666666666666,13,1.0,0.1696969696969697,0.018691588785046728,1.406060606060606,60,0
Sepsis_2000_ABSENCE_0.1_5_inductive.pnml,89,4,0.5435644431995964,8,0.9775280898876404,39,3.4,10,0.9827586206896551,0.2696629213483146,0.029743589743589743,1.303370786516854,33,0
RTFMS_20000_alpha.pnml,24,22,0.9182958340544896,10,0.9166666666666666,9,3.8333333333333335,7,0.9411764705882353,0.25,0.11888111888111888,1.4166666666666667,0,3
BPIC2012_20000_ORDERING_2.0_5_alpha.pnml,39,3,0.9990102708804813,15,0.9743589743589743,36,4.37037037037037,16,0.9852941176470589,0.0,0.09444444444444444,1.7435897435897436,0,7
RTFMS_4000_INSERTION_10.0_5_inductive.pnml,319,5,0.761587786957669,9,0.987460815047022,251,7.636363636363637,61,1.0,0.0877742946708464,0.017245817245817245,1.6802507836990597,64,0
BPIC2012_10000_SUBSTITUTION_4.0_1_alpha.pnml,235,22,0.9852281360342515,7,0.9617021276595745,42,8.571428571428571,49,0.9807692307692307,0.0,0.02311111111111111,0.4425531914893617,0,4
Sepsis_4000_ABSENCE_0.1_4_inductive.pnml,89,4,0.5266170655714281,9,0.9775280898876404,41,3.4285714285714284,11,1.0,0.2696629213483146,0.030256410256410255,1.3258426966292134,33,0
Sepsis_4000_MIXED_0.2_4_heuristics.pnml,120,42,0.9656361333706098,7,1.0,90,5.217391304347826,14,1.0,0.675,0.03158580267014002,1.6166666666666667,63,10
RTFMS_40000_INSERTION_0.1_2_inductive_inf.pnml,112,0,0.6581912658132185,4,0.8928571428571429,65,3.7872340425531914,11,1.0,0.5714285714285714,0.02704601334738321,1.375,42,0
BPIC2012_40000_ABSENCE_4.0_2_inductive.pnml,122,0,0.6840384356390417,7,0.9672131147540983,72,3.618181818181818,6,0.9939759036144579,0.8934426229508197,0.02374141876430206,1.360655737704918,51,0
BPIC2012_10000_MIXED_10.0_2_heuristics.pnml,431,5,0.6436394131461666,6,1.0,358,12.852459016393443,54,0.9973753280839895,0.6148491879350348,0.01842359767891683,1.7679814385150812,117,3
BPIC2012_100000_INSERTION_0.4_4_inductive.pnml,550,10,0.7240966885612699,21,0.9927272727272727,366,5.239130434782608,31,1.0,0.17454545454545456,0.007157205313887341,1.5418181818181818,163,0
Sepsis_20000_MIXED_0.1_1_inductive.pnml,113,1,0.7367680100024783,7,0.9734513274336283,60,3.4150943396226414,7,0.9866666666666667,0.7699115044247787,0.024509803921568627,1.3274336283185841,46,0
RTFMS_10000_INSERTION_2.0_2_heuristics.pnml,184,27,0.9011701959974223,3,1.0,153,8.585365853658537,34,1.0,0.30978260869565216,0.03362850516550706,1.733695652173913,43,3
Sepsis_100000_MIXED_1.0_1_alpha.pnml,250,19,0.8112781244591328,0,0.98,25,17.75,40,0.9714285714285714,0.0,0.03556910569105691,0.28,0,0
BPIC2012_100000_INSERTION_1.0_3_inductive.pnml,819,11,0.7414827399312737,22,0.9951159951159951,622,7.47,76,1.0,0.11721611721611722,0.0065397652195561,1.667887667887668,178,0
BPIC2012_4000_SUBSTITUTION_0.2_5_inductive_inf.pnml,136,1,0.74959525725948,8,0.9338235294117647,66,3.4642857142857144,6,0.9204545454545454,0.9117647058823529,0.019642857142857142,1.2941176470588236,55,0
Sepsis_40000_ORDERING_10.0_4_alpha.pnml,26,3,0.7793498372920851,8,0.9615384615384616,21,5.0,16,1.0,0.0,0.140625,1.7307692307692308,0,8
Sepsis_10000_SUBSTITUTION_2.0_3_alpha.pnml,125,10,0.954434002924965,3,0.952,41,10.5,28,0.987012987012987,0.0,0.05392156862745098,0.616,0,0
Sepsis_2000_INSERTION_0.2_5_heuristics.pnml,113,33,0.9564574047992594,6,1.0,88,5.155555555555556,14,1.0,0.5398230088495575,0.03484848484848485,1.6283185840707965,61,6
Sepsis_10000_MIXED_0.4_5_inductive_inf.pnml,119,3,0.5373760853377336,10,0.9831932773109243,53,3.263157894736842,11,1.0,0.33613445378151263,0.022101033295063147,1.2941176470588236,51,0
Sepsis_40000_ABSENCE_10.0_4_heuristics.pnml,114,36,0.9684610087601622,9,1.0,87,5.041666666666667,14,1.0,0.5175438596491229,0.033297720797720795,1.6403508771929824,61,10
Sepsis_100000_ORDERING_0.4_5_inductive.pnml,92,3,0.5266170655714281,10,0.9782608695652174,41,3.4761904761904763,12,0.9836065573770492,0.2608695652173913,0.029172644667623145,1.326086956521739,34,0
Sepsis_10000_ORDERING_2.0_1_inductive.pnml,96,2,0.5665095065529053,11,0.9791666666666666,44,3.466666666666667,12,0.984375,0.25,0.028082492321193506,1.3333333333333333,36,0
Sepsis_40000_MIXED_10.0_3_heuristics.pnml,1146,25,0.9086185980409245,13,1.0,1094,32.225352112676056,203,1.0,0.7766143106457243,0.018490125822848095,1.9363001745200699,105,10
BPIC2012_2000_ABSENCE_4.0_5_inductive.pnml,123,1,0.691289869405789,7,0.967479674796748,65,3.462962962962963,6,0.9691358024691358,0.8617886178861789,0.022338665195808054,1.3170731707317074,49,0
BPIC2012_1000_SUBSTITUTION_4.0_1_inductive.pnml,195,4,0.6816559115981192,10,0.9897435897435898,109,3.783132530120482,11,0.9925373134328358,0.5435897435897435,0.01522035438437074,1.3743589743589744,75,0
RTFMS_1000_MIXED_10.0_5_alpha.pnml,36,2,0.9182958340544896,3,0.8888888888888888,16,6.666666666666667,14,0.972972972972973,0.0,0.09113300492610837,1.0277777777777777,0,3
BPIC2012_40000_MIXED_4.0_5_alpha.pnml,421,2,0.9182958340544896,1,0.9833729216152018,71,24.833333333333332,68,0.9930555555555556,0.0,0.03461538461538462,0.342042755344418,0,0
Sepsis_10000_INSERTION_10.0_1_alpha.pnml,475,3,0.9182958340544896,1,0.991578947368421,44,31.0,46,0.978494623655914,0.0,0.024681528662420384,0.1957894736842105,0,0
Sepsis_1000_ABSENCE_0.1_5_heuristics.pnml,98,28,0.9268190639645772,4,1.0,73,5.052631578947368,14,1.0,0.6428571428571429,0.038980509745127435,1.5918367346938775,52,4
Sepsis_1000_ORDERING_2.0_1_inductive.pnml,91,3,0.5349436990971066,9,0.967032967032967,38,3.341463414634146,11,0.9661016949152542,0.26373626373626374,0.02878048780487805,1.2967032967032968,33,0
BPIC2012_20000_ORDERING_0.1_5_inductive.pnml,146,2,0.7612401496918492,11,0.9863013698630136,78,3.4411764705882355,6,0.9690721649484536,0.9315068493150684,0.018798449612403102,1.3287671232876712,61,0
RTFMS_10000_SUBSTITUTION_0.1_1_inductive_inf.pnml,59,0,0.6343095546405662,2,0.847457627118644,35,3.68,7,1.0,0.6949152542372882,0.05012531328320802,1.3559322033898304,21,0
BPIC2012_40000_ABSENCE_1.0_4_heuristics.pnml,129,2,0.7592757847892833,4,0.9689922480620154,74,4.804878048780488,15,0.967741935483871,0.7674418604651163,0.026123595505617977,1.441860465116279,65,3
RTFMS_4000_SUBSTITUTION_10.0_3_heuristics.pnml,320,2,0.9852281360342515,18,1.0,280,9.514285714285714,76,1.0,0.30625,0.023127578546493176,1.821875,71,9
BPIC2012_40000_MIXED_0.2_4_inductive.pnml,249,1,0.7219280948873623,16,0.9839357429718876,129,3.35,8,0.9878787878787879,0.7068273092369478,0.011073825503355705,1.3253012048192772,104,0
Sepsis_20000_ORDERING_0.1_3_heuristics.pnml,107,34,0.9503376699710268,8,1.0,83,5.0,14,1.0,0.5514018691588785,0.036036036036036036,1.644859813084112,57,7
BPIC2012_100000_MIXED_2.0_5_alpha.pnml,518,5,0.8112781244591328,1,0.9903474903474904,88,43.5,87,0.9941860465116279,0.0,0.04182879377431906,0.33204633204633205,0,0
Sepsis_40000_INSERTION_2.0_5_alpha.pnml,421,16,0.8112781244591328,1,0.9881235154394299,64,29.0,61,0.991304347826087,0.0,0.03447242206235012,0.27315914489311166,0,0
BPIC2012_100000_ORDERING_10.0_4_alpha.pnml,35,9,0.863120568566631,10,0.9714285714285714,28,6.0,23,1.0,0.0,0.11742424242424243,1.7714285714285714,0,8
BPIC2012_4000_INSERTION_4.0_5_inductive_inf.pnml,180,1,0.5638560041131416,7,0.9,109,4.235294117647059,17,1.0,0.6944444444444444,0.017929682028295278,1.4222222222222223,62,0
Sepsis_40000_INSERTION_1.0_5_heuristics.pnml,348,28,0.9182958340544896,11,1.0,310,11.766666666666667,56,1.0,0.6149425287356322,0.023960825358851676,1.8419540229885059,78,7
BPIC2012_40000_ABSENCE_0.1_1_alpha.pnml,36,8,0.9975025463691152,8,0.9166666666666666,16,3.9411764705882355,12,0.9534883720930233,0.0,0.07465277777777778,1.1944444444444444,0,5
RTFMS_4000_INSERTION_4.0_2_alpha.pnml,97,11,0.9852281360342515,5,0.9690721649484536,28,9.571428571428571,26,0.9841269841269842,0.09278350515463918,0.04424157303370786,0.6494845360824743,0,2
Sepsis_4000_ORDERING_10.0_4_inductive.pnml,97,0,0.6840384356390417,7,0.979381443298969,50,3.4545454545454546,6,0.984375,0.8247422680412371,0.028070175438596492,1.3195876288659794,40,0
RTFMS_2000_ABSENCE_10.0_3_inductive.pnml,59,1,0.7355085815538398,3,0.9830508474576272,35,3.310344827586207,4,1.0,0.06779661016949153,0.04710144927536232,1.3220338983050848,24,0
RTFMS_1000_MIXED_0.1_2_alpha.pnml,28,6,0.8904916402194913,10,0.8571428571428572,10,3.8461538461538463,6,0.9487179487179487,0.0,0.10427807486631016,1.3928571428571428,0,9
RTFMS_2000_ABSENCE_4.0_1_alpha.pnml,30,10,0.954434002924965,16,1.0,15,4.375,8,1.0,0.0,0.11722488038277512,1.6333333333333333,0,15
RTFMS_20000_ABSENCE_1.0_4_inductive.pnml,41,0,0.7424875695421236,2,0.975609756097561,26,3.5789473684210527,7,1.0,0.5853658536585366,0.07179487179487179,1.3658536585365855,14,0
RTFMS_10000_MIXED_0.1_3_heuristics.pnml,68,25,0.943601631299382,4,1.0,48,3.7777777777777777,10,1.0,0.38235294117647056,0.046511627906976744,1.4705882352941178,30,2
Sepsis_40000_INSERTION_10.0_1_heuristics.pnml,2131,22,0.8913309584070233,20,1.0,2058,39.83177570093458,367,1.0,0.8357578601595496,0.012973509685638278,1.949788831534491,159,7
RTFMS_20000_ABSENCE_10.0_5_inductive_inf.pnml,40,1,0.5916727785823275,1,0.925,19,3.5,6,0.88,0.1,0.06510416666666667,1.25,12,0
BPIC2012_100000_ORDERING_4.0_4_inductive_inf.pnml,141,1,0.6220403090607189,18,0.9858156028368794,65,3.352112676056338,11,0.9893617021276596,0.3120567375886525,0.01902834008097166,1.3333333333333333,52,0
RTFMS_1000_ABSENCE_0.1_4_alpha.pnml,28,9,0.8112781244591328,10,0.8571428571428572,8,3.8333333333333335,5,0.9473684210526316,0.0,0.10160427807486631,1.3571428571428572,0,10
Sepsis_1000_SUBSTITUTION_0.2_4_heuristics.pnml,100,28,0.9268190639645772,4,1.0,75,5.157894736842105,14,1.0,0.65,0.03885381253035454,1.6,52,4
RTFMS_20000_MIXED_1.0_1_alpha.pnml,75,37,0.9182958340544896,17,0.9733333333333334,43,5.714285714285714,25,1.0,0.08,0.06538461538461539,1.1333333333333333,0,4
BPIC2012_20000_ORDERING_2.0_4_alpha.pnml,39,8,0.9988455359952018,12,0.9743589743589743,30,4.4,15,1.0,0.0,0.09027777777777778,1.6666666666666667,0,8
RTFMS_2000_ORDERING_10.0_2_alpha.pnml,26,8,1.0,15,1.0,22,4.555555555555555,9,1.0,0.2692307692307692,0.1484848484848485,1.8846153846153846,0,12
RTFMS_4000_MIXED_0.2_2_alpha.pnml,32,4,0.9949848281859701,18,0.96875,22,4.041666666666667,8,1.0,0.65625,0.11336032388663968,1.75,0,15
BPIC2012_20000_ORDERING_0.2_1_alpha.pnml,33,8,0.9456603046006401,4,0.8181818181818181,11,4.0,13,0.9411764705882353,0.0,0.0787037037037037,1.0303030303030303,0,3
Sepsis_100000_MIXED_1.0_4_inductive_inf.pnml,162,0,0.3809465857053901,11,0.9691358024691358,102,5.111111111111111,36,1.0,0.2962962962962963,0.021964285714285714,1.5185185185185186,47,0
Sepsis_20000_ABSENCE_4.0_4_inductive_inf.pnml,75,3,0.5328350630342233,8,0.9733333333333334,35,3.5757575757575757,10,0.98,0.32,0.03607503607503607,1.3333333333333333,25,0
RTFMS_2000_ABSENCE_10.0_3_inductive_inf.pnml,44,1,0.5032583347756457,1,0.9090909090909091,24,3.388888888888889,5,0.9821428571428571,0.09090909090909091,0.06100217864923747,1.2727272727272727,15,0
RTFMS_100000_ABSENCE_4.0_2_inductive_inf.pnml,71,1,0.8390040613676977,6,0.9577464788732395,37,3.048780487804878,4,0.9891304347826086,0.056338028169014086,0.037096774193548385,1.295774647887324,28,0
RTFMS_100000_MIXED_2.0_3_alpha.pnml,472,23,0.9709505944546686,2,0.9872881355932204,159,60.2,157,0.9932659932659933,0.0,0.06359743040685224,0.6292372881355932,0,1
RTFMS_2000_SUBSTITUTION_0.2_2_alpha.pnml,31,14,1.0,12,0.8709677419354839,17,3.6,6,1.0,0.0,0.09375,1.4516129032258065,0,9
RTFMS_10000_SUBSTITUTION_0.2_5_heuristics.pnml,76,26,0.9517626756348311,4,1.0,56,4.285714285714286,11,1.0,0.34210526315789475,0.04549019607843137,1.5263157894736843,29,3
Sepsis_1000_ABSENCE_10.0_5_heuristics.pnml,98,28,0.9268190639645772,4,1.0,73,5.052631578947368,14,1.0,0.6428571428571429,0.038980509745127435,1.5918367346938775,52,4
BPIC2012_2000_MIXED_10.0_5_heuristics.pnml,191,7,0.4959690720618337,3,0.9633507853403142,128,6.717391304347826,22,0.9865771812080537,0.612565445026178,0.023412947831552483,1.5602094240837696,74,0
Sepsis_100000_ORDERING_4.0_1_alpha.pnml,26,0,0.8112781244591328,8,0.9615384615384616,23,5.583333333333333,16,1.0,0.0,0.146875,1.8076923076923077,0,8
Sepsis_2000_INSERTION_1.0_4_inductive.pnml,126,7,0.6226343162547098,9,0.9682539682539683,60,3.4482758620689653,11,0.9880952380952381,0.19047619047619047,0.02196078431372549,1.3333333333333333,44,0
Sepsis_4000_SUBSTITUTION_0.4_3_heuristics.pnml,129,41,0.9601186626422924,7,1.0,97,5.446808510638298,16,1.0,0.6511627906976745,0.030364372469635626,1.627906976744186,65,10
BPIC2012_20000_ABSENCE_0.4_4_inductive_inf.pnml,125,0,0.74959525725948,9,0.952,63,3.4285714285714284,6,0.9390243902439024,0.952,0.02160168598524763,1.312,49,0
BPIC2012_20000_INSERTION_1.0_5_inductive_inf.pnml,195,0,0.5813214987637028,7,0.9076923076923077,120,4.361111111111111,22,1.0,0.6923076923076923,0.01697792869269949,1.435897435897436,67,0
BPIC2012_100000_MIXED_0.2_5_inductive.pnml,305,4,0.7486708332095987,20,0.9868852459016394,171,3.613793103448276,12,1.0,0.3344262295081967,0.00969045650776155,1.383606557377049,117,0
BPIC2012_40000_ORDERING_2.0_1_alpha.pnml,43,0,0.9932338197397066,20,0.9534883720930233,39,4.483870967741935,17,1.0,0.46511627906976744,0.08442982456140351,1.7906976744186047,0,14
BPIC2012_100000_MIXED_2.0_4_heuristics.pnml,734,0,0.6500224216483541,6,1.0,649,19.166666666666668,92,1.0,0.7697547683923706,0.015764925373134328,1.8419618528610355,134,4
BPIC2012_10000_SUBSTITUTION_0.4_1_inductive.pnml,203,3,0.7035821005719904,11,0.9901477832512315,114,3.707865168539326,10,0.9928057553956835,0.5221674876847291,0.014479166666666666,1.3694581280788178,79,0
RTFMS_20000_SUBSTITUTION_2.0_3_alpha.pnml,211,11,0.9852281360342515,8,0.985781990521327,81,13.5,73,0.9939759036144579,0.06635071090047394,0.04565456545654566,0.7867298578199052,0,2
Sepsis_4000_ABSENCE_0.1_5_inductive.pnml,89,4,0.5266170655714281,9,0.9775280898876404,41,3.4285714285714284,11,1.0,0.2696629213483146,0.030256410256410255,1.3258426966292134,33,0
RTFMS_1000_INSERTION_4.0_4_alpha.pnml,37,8,0.9852281360342515,7,0.8918918918918919,24,4.642857142857143,9,1.0,0.0,0.09325396825396826,1.2702702702702702,0,2
RTFMS_100000_ORDERING_0.1_4_alpha.pnml,20,25,0.9852281360342515,11,0.95,13,4.214285714285714,11,1.0,0.0,0.17676767676767677,1.75,0,5
BPIC2012_100000_MIXED_10.0_1_inductive.pnml,2791,3,0.7330022650766125,23,0.9985668219276245,2585,25.33644859813084,396,1.0,0.034396273737011825,0.005933972215364589,1.8946614116804013,197,0
Sepsis_100000_ORDERING_1.0_2_inductive_inf.pnml,85,3,0.6500224216483541,9,0.9764705882352941,43,3.4285714285714284,9,1.0,0.2823529411764706,0.03209459459459459,1.3411764705882352,32,0
BPIC2012_1000_MIXED_10.0_4_inductive_inf.pnml,135,2,0.3860189005698934,2,0.8814814814814815,74,3.547169811320755,7,1.0,0.5851851851851851,0.0208827717133365,1.3037037037037038,55,0
BPIC2012_20000_MIXED_4.0_1_heuristics.pnml,371,9,0.6436394131461666,4,1.0,301,10.950819672131148,54,1.0,0.7304582210242587,0.018810608715971493,1.7358490566037736,110,3
BPIC2012_2000_ORDERING_4.0_2_inductive_inf.pnml,138,1,0.6962122601251458,9,0.9202898550724637,72,3.40625,6,0.9835164835164835,0.8188405797101449,0.019817073170731708,1.318840579710145,57,0
Sepsis_4000_SUBSTITUTION_10.0_2_alpha.pnml,217,21,0.9852281360342515,1,0.9723502304147466,52,13.857142857142858,32,0.9887640449438202,0.0,0.041981132075471696,0.41013824884792627,0,0
BPIC2012_1000_MIXED_0.1_3_heuristics.pnml,113,4,0.4488644887230294,1,0.9292035398230089,57,4.71875,11,0.9419354838709677,0.7522123893805309,0.02795815295815296,1.3716814159292035,52,0
BPIC2012_2000_INSERTION_0.1_2_heuristics.pnml,107,6,0.6136190195993708,3,0.9439252336448598,58,4.636363636363637,10,0.9533333333333334,0.7476635514018691,0.030712530712530713,1.4018691588785046,50,0
BPIC2012_1000_MIXED_4.0_3_inductive_inf.pnml,135,2,0.5095157180881823,6,0.8962962962962963,72,3.641509433962264,7,0.9719101123595506,0.7851851851851852,0.0206209453197405,1.3185185185185184,53,0
Sepsis_2000_ABSENCE_2.0_4_heuristics.pnml,111,33,0.9564574047992594,6,1.0,86,5.066666666666666,14,1.0,0.5405405405405406,0.03496503496503497,1.6216216216216217,61,6
Sepsis_20000_ABSENCE_1.0_1_alpha.pnml,22,14,0.9402859586706311,7,0.9545454545454546,19,4.071428571428571,14,1.0,0.0,0.18229166666666666,1.5909090909090908,0,2
RTFMS_4000_MIXED_10.0_5_inductive.pnml,201,2,0.7698205808588191,8,0.9800995024875622,138,5.014084507042254,32,1.0,0.11940298507462686,0.019178082191780823,1.5323383084577114,61,0
Sepsis_4000_ORDERING_4.0_2_inductive_inf.pnml,79,4,0.5713549744279549,9,0.9493670886075949,35,3.4054054054054053,11,0.9615384615384616,0.3037974683544304,0.03359173126614987,1.3164556962025316,27,0
BPIC2012_2000_ORDERING_4.0_2_heuristics.pnml,119,0,0.6500224216483541,3,1.0,72,5.055555555555555,13,0.9712643678160919,0.7310924369747899,0.030103806228373702,1.4621848739495797,61,0
BPIC2012_40000_MIXED_0.4_4_heuristics.pnml,176,2,0.6962122601251458,4,0.9886363636363636,118,6.083333333333333,20,0.9963369963369964,0.6761363636363636,0.02386780905752754,1.5511363636363635,72,3
RTFMS_4000_ABSENCE_1.0_1_inductive.pnml,46,1,0.7024665512903903,2,0.9782608695652174,29,3.5238095238095237,6,1.0,0.7608695652173914,0.06288032454361055,1.3478260869565217,17,0
RTFMS_100000_MIXED_10.0_4_inductive.pnml,2448,6,0.7682814090975242,11,0.9983660130718954,2363,49.30612244897959,634,1.0,0.013071895424836602,0.013218913641608236,1.9468954248366013,85,0
RTFMS_4000_MIXED_2.0_2_alpha.pnml,40,4,0.9798687566511528,8,0.9,23,5.583333333333333,15,0.96,0.225,0.07836990595611286,1.25,0,7
RTFMS_100000_INSERTION_0.2_5_inductive.pnml,217,4,0.739480936716638,8,0.9815668202764977,156,5.791044776119403,34,1.0,0.11059907834101383,0.019788311090658078,1.5852534562211982,54,0
Sepsis_20000_ORDERING_2.0_5_heuristics.pnml,120,34,0.9377342939868041,8,1.0,93,5.25,15,1.0,0.5083333333333333,0.033277310924369745,1.65,68,7
RTFMS_4000_INSERTION_4.0_1_heuristics.pnml,163,3,0.9687003436508602,11,1.0,125,6.0754716981132075,23,1.0,0.4294478527607362,0.028526315789473684,1.6625766871165644,52,6
Sepsis_10000_MIXED_0.1_5_alpha.pnml,21,19,0.9910760598382222,5,0.9047619047619048,14,4.555555555555555,14,1.0,0.0,0.21323529411764705,1.380952380952381,0,0
BPIC2012_10000_SUBSTITUTION_4.0_1_inductive.pnml,552,8,0.7516499461153355,22,0.9927536231884058,364,4.9743589743589745,39,1.0,0.15942028985507245,0.006896325781774698,1.5253623188405796,173,0
RTFMS_40000_ORDERING_0.2_3_inductive.pnml,71,0,0.8524051786494786,8,0.971830985915493,35,3.3333333333333335,6,0.9574468085106383,0.056338028169014086,0.03766025641025641,1.323943661971831,27,0
Sepsis_20000_INSERTION_0.1_1_inductive_inf.pnml,102,3,0.4820661480830931,9,0.9705882352941176,47,3.3541666666666665,11,1.0,0.3431372549019608,0.026253918495297807,1.3137254901960784,39,0
Sepsis_20000_SUBSTITUTION_0.4_5_alpha.pnml,58,12,0.9910760598382222,4,0.9137931034482758,18,5.888888888888889,18,0.975,0.0,0.07547169811320754,0.6896551724137931,0,1
RTFMS_20000_INSERTION_2.0_2_inductive.pnml,283,4,0.7045767128725936,5,0.9858657243816255,240,11.23404255319149,50,1.0,0.10247349823321555,0.02685284640171858,1.7667844522968197,40,0
BPIC2012_2000_ABSENCE_0.2_5_inductive_inf.pnml,131,1,0.6699960320994333,8,0.9312977099236641,67,3.473684210526316,6,0.9534883720930233,0.9083969465648855,0.02080309627479439,1.3129770992366412,53,0
RTFMS_40000_ABSENCE_10.0_2_heuristics.pnml,69,23,0.898058793450166,3,1.0,47,3.7142857142857144,10,1.0,0.42028985507246375,0.045,1.434782608695652,32,1
RTFMS_4000_MIXED_0.1_1_inductive.pnml,68,1,0.7335379291086666,4,0.9558823529411765,34,3.2058823529411766,5,1.0,0.11764705882352941,0.039285714285714285,1.2941176470588236,27,0
BPIC2012_10000_ABSENCE_0.1_2_inductive.pnml,139,2,0.7153220528038851,9,0.9640287769784173,71,3.4262295081967213,6,0.9505494505494505,0.9136690647482014,0.019469405220367993,1.3093525179856116,57,0
Sepsis_40000_INSERTION_2.0_1_heuristics.pnml,520,33,0.8663006754980498,8,1.0,476,17.491525423728813,86,1.0,0.7442307692307693,0.022404146028251696,1.8788461538461538,85,7
RTFMS_2000_ORDERING_0.1_5_inductive.pnml,57,1,0.7642045065086203,4,0.9473684210526316,29,3.2962962962962963,5,0.972972972972973,0.07017543859649122,0.04671717171717172,1.2982456140350878,21,0
RTFMS_20000_MIXED_0.4_3_inductive.pnml,92,0,0.7424875695421236,4,0.9347826086956522,59,4.105263157894737,10,1.0,0.7717391304347826,0.035483870967741936,1.434782608695652,33,0
BPIC2012_4000_SUBSTITUTION_0.4_5_inductive.pnml,185,1,0.739165817569305,12,0.9513513513513514,98,3.3076923076923075,6,0.9877049180327869,0.6972972972972973,0.014787878787878787,1.318918918918919,75,0
RTFMS_10000_INSERTION_10.0_5_alpha.pnml,486,22,1.0,4,0.9897119341563786,148,29.2,140,1.0,0.012345679012345678,0.04791666666666667,0.5679012345679012,0,1
BPIC2012_40000_MIXED_0.2_1_heuristics.pnml,155,4,0.7131467486384921,4,0.9806451612903225,95,5.260869565217392,14,0.982532751091703,0.7225806451612903,0.023443898443898444,1.4774193548387098,68,3
RTFMS_20000_MIXED_1.0_3_inductive_inf.pnml,160,0,0.7024665512903903,8,0.9375,100,4.349206349206349,20,1.0,0.175,0.021046950890447922,1.4625,53,0
Sepsis_100000_SUBSTITUTION_1.0_3_heuristics.pnml,653,35,0.8890349038123858,9,1.0,610,21.06451612903226,129,1.0,0.7029096477794793,0.021838354048170774,1.9050535987748851,91,7
Sepsis_1000_SUBSTITUTION_0.4_5_inductive.pnml,75,4,0.6500224216483541,5,0.96,36,3.7,8,0.96,0.38666666666666666,0.037037037037037035,1.3333333333333333,25,0
BPIC2012_10000_SUBSTITUTION_10.0_2_inductive.pnml,922,7,0.7386650272701814,23,0.9956616052060737,716,8.009478672985782,77,1.0,0.10412147505422993,0.006170440575802038,1.6876355748373102,190,0
Sepsis_4000_SUBSTITUTION_2.0_1_inductive.pnml,206,1,0.6840384356390417,10,0.9805825242718447,117,3.8636363636363638,20,1.0,0.21359223300970873,0.014925373134328358,1.3980582524271845,77,0
RTFMS_1000_SUBSTITUTION_10.0_3_alpha.pnml,58,3,0.9910760598382222,5,0.9310344827586207,27,7.333333333333333,21,0.9821428571428571,0.0,0.07,0.9655172413793104,0,3
Sepsis_4000_ABSENCE_2.0_3_inductive.pnml,95,3,0.5107878229540133,9,0.9789473684210527,44,3.4545454545454546,11,1.0,0.25263157894736843,0.028455284552845527,1.3263157894736841,37,0
Sepsis_40000_SUBSTITUTION_4.0_3_inductive.pnml,1042,3,0.712453444966878,14,0.9961612284069098,915,15.5,348,1.0,0.05758157389635317,0.009853490079303535,1.8291746641074855,115,0
Sepsis_4000_MIXED_4.0_2_heuristics.pnml,181,38,0.9426831892554922,7,1.0,143,7.08,25,1.0,0.6408839779005525,0.026829268292682926,1.701657458563536,72,10
Sepsis_10000_ABSENCE_2.0_4_inductive.pnml,95,3,0.5107878229540133,9,0.9789473684210527,44,3.4545454545454546,11,1.0,0.25263157894736843,0.028455284552845527,1.3263157894736841,37,0
Sepsis_20000_SUBSTITUTION_0.1_4_inductive.pnml,121,4,0.6360156177392154,7,0.9669421487603306,67,3.4642857142857144,8,1.0,0.743801652892562,0.023289246693502012,1.3388429752066116,48,0
BPIC2012_10000_ORDERING_0.1_1_alpha.pnml,34,10,1.0,6,0.8235294117647058,13,4.25,13,0.9459459459459459,0.20588235294117646,0.07708333333333334,1.088235294117647,0,3
Sepsis_40000_ABSENCE_10.0_3_heuristics.pnml,114,36,0.9684610087601622,9,1.0,87,5.041666666666667,14,1.0,0.5175438596491229,0.033297720797720795,1.6403508771929824,61,10
BPIC2012_2000_ORDERING_0.2_1_inductive.pnml,141,0,0.7771529943226336,10,0.9645390070921985,69,3.442622950819672,6,0.9347826086956522,0.8936170212765957,0.019016122364613478,1.3049645390070923,57,0
BPIC2012_4000_SUBSTITUTION_1.0_5_alpha.pnml,58,4,0.8812908992306927,2,0.8275862068965517,16,4.2,14,0.9459459459459459,0.0,0.04625,0.6379310344827587,0,1
RTFMS_100000_INSERTION_2.0_2_alpha.pnml,968,12,1.0,1,0.9979338842975206,235,81.33333333333333,244,0.997920997920998,0.0,0.06237033195020747,0.496900826446281,0,0
RTFMS_1000_ABSENCE_0.4_5_inductive.pnml,51,3,0.6665783579949205,2,0.9803921568627451,28,3.3043478260869565,5,0.9696969696969697,0.0784313725490196,0.0532258064516129,1.2941176470588236,19,0
Sepsis_40000_MIXED_0.1_4_inductive.pnml,156,4,0.7012065844539666,10,0.9743589743589743,77,3.2151898734177213,7,1.0,0.20512820512820512,0.017323369565217392,1.3076923076923077,65,0
BPIC2012_10000_ORDERING_0.1_4_heuristics.pnml,125,1,0.7424875695421236,4,0.944,70,4.815789473684211,13,0.9661016949152542,0.688,0.02676950998185118,1.416,62,3
Sepsis_100000_MIXED_0.1_2_alpha.pnml,54,12,0.9957274520849255,6,0.9074074074074074,23,5.615384615384615,19,0.9642857142857143,0.0,0.0691358024691358,1.037037037037037,0,1
RTFMS_1000_SUBSTITUTION_4.0_4_heuristics.pnml,95,14,0.8997437586982626,4,1.0,64,4.578947368421052,13,1.0,0.25263157894736843,0.03761755485893417,1.5157894736842106,36,4
BPIC2012_1000_INSERTION_0.2_2_inductive.pnml,136,1,0.7424875695421236,8,0.9264705882352942,66,3.4210526315789473,6,0.9261363636363636,0.8897058823529411,0.019642857142857142,1.2941176470588236,54,0
Sepsis_1000_ABSENCE_1.0_3_inductive_inf.pnml,93,2,0.4394969869215134,9,0.967741935483871,43,3.340909090909091,11,1.0,0.25806451612903225,0.028611632270168854,1.3118279569892473,36,0
Sepsis_40000_SUBSTITUTION_0.4_1_inductive_inf.pnml,123,1,0.5586293734521992,4,0.9512195121951219,75,4.217391304347826,12,1.0,0.7723577235772358,0.026204819277108434,1.4146341463414633,47,0
RTFMS_100000_INSERTION_10.0_1_inductive.pnml,4716,7,0.7414827399312737,11,0.9991518235793045,4626,93.6,1072,1.0,0.009329940627650551,0.012688255992662214,1.971162001696353,88,0
BPIC2012_1000_INSERTION_0.2_5_alpha.pnml,37,8,1.0,5,0.8108108108108107,12,4.083333333333333,11,0.8461538461538461,0.0,0.065,1.054054054054054,0,1
Sepsis_40000_SUBSTITUTION_2.0_3_heuristics.pnml,537,40,0.9127341558073343,9,1.0,499,17.770491803278688,93,1.0,0.7057728119180633,0.02299006323396567,1.8957169459962757,87,7
BPIC2012_10000_ORDERING_4.0_4_inductive.pnml,121,1,0.7568336324184035,9,0.9834710743801653,67,3.5272727272727273,6,0.9753086419753086,0.9173553719008265,0.02295918367346939,1.3388429752066116,47,0
BPIC2012_20000_ABSENCE_4.0_1_inductive.pnml,111,1,0.6420642892306891,6,0.963963963963964,65,3.6122448979591835,8,0.9933333333333333,0.8828828828828829,0.025879917184265012,1.3513513513513513,44,0
Sepsis_100000_ABSENCE_4.0_4_alpha.pnml,23,11,0.9402859586706311,8,0.9565217391304348,20,4.357142857142857,14,1.0,0.0,0.16964285714285715,1.6521739130434783,0,4
RTFMS_10000_SUBSTITUTION_0.2_4_alpha.pnml,36,11,1.0,14,0.8888888888888888,27,5.0,13,1.0,0.4444444444444444,0.09577922077922078,1.6388888888888888,0,8
BPIC2012_40000_ABSENCE_4.0_2_heuristics.pnml,139,3,0.7935912300117064,5,0.9712230215827338,80,4.673913043478261,16,0.97,0.7769784172661871,0.023923444976076555,1.4388489208633093,70,4
BPIC2012_40000_MIXED_10.0_3_inductive_inf.pnml,716,1,0.40790598013897633,15,0.979050279329609,608,13.551020408163266,130,1.0,0.13687150837988826,0.011377351792687255,1.7905027932960893,90,0
RTFMS_1000_ORDERING_0.2_3_alpha.pnml,27,6,0.863120568566631,10,0.962962962962963,12,3.7857142857142856,6,1.0,0.0,0.11079545454545454,1.4444444444444444,0,10
Sepsis_4000_SUBSTITUTION_4.0_3_heuristics.pnml,212,39,0.9561550236844027,8,1.0,175,7.962264150943396,27,1.0,0.6650943396226415,0.025910364145658265,1.7452830188679245,75,10
Sepsis_1000_MIXED_1.0_1_alpha.pnml,26,15,0.9798687566511528,6,0.9615384615384616,15,4.25,14,0.9444444444444444,0.0,0.13533834586466165,1.3846153846153846,0,1
RTFMS_4000_SUBSTITUTION_1.0_5_inductive.pnml,115,1,0.6880476235340796,5,0.9826086956521739,64,3.7142857142857144,13,1.0,0.20869565217391303,0.025440313111545987,1.3565217391304347,46,0
RTFMS_20000_ABSENCE_0.1_4_inductive_inf.pnml,48,0,0.8112781244591328,3,0.8958333333333334,28,3.375,7,0.984375,0.8541666666666666,0.05807622504537205,1.3333333333333333,17,0
Sepsis_4000_MIXED_0.4_3_alpha.pnml,31,13,0.9975025463691152,9,0.935483870967742,23,4.176470588235294,15,0.9565217391304348,0.0,0.10952380952380952,1.4838709677419355,0,2
RTFMS_100000_INSERTION_10.0_5_heuristics.pnml,4858,40,0.7372413771710564,11,1.0,4711,62.311688311688314,1104,1.0,0.5442568958419103,0.008157553592431383,1.9559489501852614,248,1
BPIC2012_1000_ABSENCE_2.0_5_alpha.pnml,35,9,0.9967916319816366,6,0.8857142857142857,14,3.933333333333333,12,0.95,0.0,0.07575757575757576,1.1428571428571428,0,3
BPIC2012_20000_MIXED_10.0_1_alpha.pnml,507,16,0.9709505944546686,2,0.9861932938856016,77,18.1,79,1.0,0.0,0.02761144377910845,0.32741617357001973,0,0
Sepsis_2000_SUBSTITUTION_0.4_3_inductive.pnml,135,1,0.6840384356390417,8,0.9777777777777777,70,3.257575757575758,5,1.0,0.6518518518518519,0.02,1.3037037037037038,58,0
RTFMS_100000_ORDERING_1.0_5_inductive_inf.pnml,65,1,0.8112781244591328,8,0.9692307692307692,31,3.375,5,0.9534883720930233,0.06153846153846154,0.040952380952380955,1.323076923076923,23,0
BPIC2012_40000_SUBSTITUTION_10.0_5_inductive.pnml,2419,5,0.7348804373538653,23,0.9983464241422075,2217,21.971830985915492,347,1.0,0.03968582058701943,0.005977646285338593,1.8792889623811493,197,0
BPIC2012_40000_ORDERING_4.0_1_alpha.pnml,55,15,0.9474351361840307,35,0.9818181818181818,58,5.195121951219512,18,1.0,0.7818181818181819,0.07862903225806452,2.1272727272727274,0,28
Sepsis_4000_SUBSTITUTION_10.0_2_inductive.pnml,405,2,0.6674742199595056,11,0.9901234567901235,293,6.532110091743119,79,1.0,0.1382716049382716,0.011499118165784833,1.6098765432098765,102,0
RTFMS_20000_ORDERING_4.0_3_heuristics.pnml,73,28,0.8739810481273578,2,1.0,51,4.0,11,1.0,0.3150684931506849,0.044583333333333336,1.4657534246575343,36,1
Sepsis_1000_INSERTION_4.0_1_alpha.pnml,47,12,0.9910760598382222,9,0.8936170212765957,23,4.222222222222222,17,0.9615384615384616,0.0,0.06565656565656566,1.1063829787234043,0,3
BPIC2012_100000_ORDERING_0.1_5_inductive.pnml,121,1,0.714015280437867,6,0.9834710743801653,67,3.5686274509803924,6,0.975,0.9173553719008265,0.023001725129384705,1.322314049586777,49,0
BPIC2012_1000_INSERTION_10.0_5_inductive_inf.pnml,169,0,0.362051251733998,2,0.8757396449704142,97,4.103448275862069,13,0.991304347826087,0.48520710059171596,0.018173198482932997,1.3609467455621302,64,0
BPIC2012_40000_ABSENCE_0.1_4_inductive.pnml,142,1,0.7153220528038851,9,0.971830985915493,75,3.5245901639344264,6,0.9521276595744681,0.9084507042253521,0.01940144478844169,1.323943661971831,60,0
BPIC2012_1000_INSERTION_2.0_3_heuristics.pnml,125,3,0.4394969869215134,1,0.9359999999999999,68,5.242424242424242,16,0.9491525423728814,0.728,0.02718058968058968,1.416,54,0
RTFMS_20000_ABSENCE_10.0_5_heuristics.pnml,63,30,0.8960382325345574,2,1.0,45,3.75,9,1.0,0.3333333333333333,0.049456521739130434,1.4444444444444444,28,1
Sepsis_1000_SUBSTITUTION_10.0_3_heuristics.pnml,179,28,0.9043814577244937,6,1.0,143,6.96,22,1.0,0.6983240223463687,0.027747252747252746,1.6927374301675977,70,5
RTFMS_1000_SUBSTITUTION_0.2_2_inductive.pnml,56,1,0.6500224216483541,2,0.8928571428571429,29,3.375,5,0.9583333333333334,0.07142857142857142,0.0481283422459893,1.2857142857142858,20,0
Sepsis_4000_ABSENCE_0.1_5_heuristics.pnml,117,42,0.9656361333706098,7,1.0,87,5.086956521739131,14,1.0,0.6752136752136753,0.03175675675675676,1.606837606837607,63,10
Sepsis_10000_ABSENCE_2.0_5_heuristics.pnml,112,32,0.9684610087601622,9,1.0,83,4.875,14,1.0,0.5267857142857143,0.03307748538011696,1.6160714285714286,59,10
RTFMS_1000_MIXED_0.1_3_alpha.pnml,26,9,0.8904916402194913,9,0.9615384615384616,10,3.6153846153846154,6,1.0,0.0,0.10909090909090909,1.3846153846153846,0,8
Sepsis_100000_ORDERING_1.0_2_heuristics.pnml,116,36,0.9377342939868041,8,1.0,90,5.125,15,1.0,0.5086206896551724,0.03368606701940035,1.646551724137931,64,7
BPIC2012_100000_ORDERING_2.0_5_heuristics.pnml,166,2,0.6420642892306891,4,1.0,102,5.3061224489795915,19,0.9919028340080972,0.6927710843373494,0.022373188405797103,1.4879518072289157,95,3
Sepsis_10000_ABSENCE_10.0_5_alpha.pnml,23,12,0.9402859586706311,8,0.9565217391304348,19,4.285714285714286,14,1.0,0.0,0.16517857142857142,1.608695652173913,0,4
Sepsis_20000_SUBSTITUTION_1.0_1_heuristics.pnml,222,38,0.9357110512652843,8,1.0,190,8.444444444444445,35,1.0,0.6171171171171171,0.027742749054224466,1.7837837837837838,68,7
BPIC2012_2000_SUBSTITUTION_0.2_3_heuristics.pnml,113,5,0.6024308020404452,3,0.9557522123893806,61,4.705882352941177,10,0.9493670886075949,0.7610619469026548,0.02893772893772894,1.3982300884955752,53,0
Sepsis_10000_ABSENCE_0.1_3_alpha.pnml,22,15,0.9402859586706311,7,0.9545454545454546,18,4.0,14,1.0,0.0,0.17708333333333334,1.5454545454545454,0,2
BPIC2012_40000_MIXED_4.0_3_heuristics.pnml,669,8,0.6193821946787638,5,1.0,576,15.871794871794872,83,1.0,0.772795216741405,0.0144288099212974,1.8086696562032885,155,4
RTFMS_100000_SUBSTITUTION_0.4_4_heuristics.pnml,278,13,0.8841151220488479,5,1.0,245,12.55813953488372,74,1.0,0.14028776978417265,0.03207571138211382,1.816546762589928,52,2
Sepsis_100000_ABSENCE_0.4_4_inductive.pnml,95,3,0.5107878229540133,9,0.9789473684210527,44,3.4545454545454546,11,1.0,0.25263157894736843,0.028455284552845527,1.3263157894736841,37,0
Sepsis_1000_MIXED_4.0_4_alpha.pnml,33,15,0.9798687566511528,6,0.8484848484848485,16,4.333333333333333,16,0.972972972972973,0.0,0.10164835164835165,1.121212121212121,0,2
BPIC2012_10000_MIXED_1.0_4_inductive.pnml,275,1,0.7188641311053031,17,0.9854545454545455,143,3.3893129770992365,8,0.9890710382513661,0.7272727272727273,0.010113849894992815,1.3309090909090908,115,0
RTFMS_4000_SUBSTITUTION_0.1_5_inductive_inf.pnml,47,1,0.7024665512903903,2,0.8936170212765957,27,3.4761904761904763,5,0.9838709677419355,0.7872340425531915,0.05938697318007663,1.3191489361702127,16,0
BPIC2012_4000_INSERTION_1.0_3_heuristics.pnml,151,1,0.693127415328288,4,0.9470198675496688,89,5.255813953488372,17,0.9727272727272728,0.6821192052980133,0.023686477174849268,1.4569536423841059,66,3
RTFMS_20000_SUBSTITUTION_2.0_1_alpha.pnml,215,5,0.9182958340544896,4,0.9906976744186047,82,28.333333333333332,79,1.0,0.027906976744186046,0.0645933014354067,0.7534883720930232,0,4
Sepsis_10000_ABSENCE_0.1_1_heuristics.pnml,107,32,0.9503376699710268,8,1.0,82,4.956521739130435,14,1.0,0.5514018691588785,0.03583128583128583,1.6355140186915889,57,7
RTFMS_2000_ORDERING_10.0_3_inductive.pnml,39,1,0.8366407419411672,4,0.9487179487179487,20,3.8666666666666667,6,0.9230769230769231,0.6153846153846154,0.06951871657754011,1.3333333333333333,10,0
BPIC2012_2000_INSERTION_0.2_4_alpha.pnml,32,9,1.0,2,0.90625,6,3.75,11,0.88,0.0,0.07142857142857142,0.78125,0,0
BPIC2012_2000_ABSENCE_2.0_4_inductive.pnml,142,1,0.7088356733321961,9,0.971830985915493,73,3.435483870967742,6,0.9516129032258065,0.8802816901408451,0.019088669950738917,1.3098591549295775,59,0
BPIC2012_1000_ABSENCE_2.0_2_heuristics.pnml,115,2,0.4394969869215134,1,0.9565217391304348,61,4.757575757575758,12,0.95,0.7739130434782608,0.02812939521800281,1.391304347826087,55,0
RTFMS_2000_ABSENCE_10.0_3_heuristics.pnml,70,29,0.9275265884316759,3,1.0,48,3.7714285714285714,9,1.0,0.17142857142857143,0.04414335664335664,1.4428571428571428,32,3
RTFMS_1000_ABSENCE_10.0_2_alpha.pnml,30,8,0.954434002924965,15,1.0,14,4.25,7,1.0,0.0,0.11483253588516747,1.6,0,14
BPIC2012_100000_ABSENCE_0.2_3_inductive.pnml,135,1,0.6373874992221911,8,0.9703703703703703,75,3.467741935483871,6,0.9944444444444445,0.9037037037037037,0.020708697653014266,1.3333333333333333,57,0
Sepsis_100000_MIXED_0.4_3_inductive.pnml,301,3,0.6897501750585195,11,0.9867109634551495,199,5.009708737864078,42,1.0,0.15946843853820597,0.012508229098090849,1.5149501661129567,93,0
Sepsis_4000_SUBSTITUTION_0.4_1_inductive.pnml,142,2,0.6981245731396178,8,0.971830985915493,77,3.3333333333333335,6,1.0,0.6338028169014085,0.01951827242524917,1.323943661971831,59,0
Sepsis_10000_INSERTION_0.2_1_heuristics.pnml,121,34,0.9377342939868041,8,1.0,94,5.25,17,1.0,0.6363636363636364,0.033056478405315615,1.6446280991735538,60,7
Sepsis_20000_MIXED_0.1_1_heuristics.pnml,115,35,0.9440870182837794,8,1.0,90,5.191489361702128,16,1.0,0.5391304347826087,0.03449527959331881,1.6521739130434783,59,7
Sepsis_100000_MIXED_10.0_3_alpha.pnml,2347,7,0.8112781244591328,0,0.9982956966340009,235,119.75,238,1.0,0.0,0.0338452787258248,0.2028121005538986,0,0
Sepsis_4000_MIXED_10.0_4_inductive.pnml,284,6,0.6800770457282799,11,0.9859154929577465,180,4.84,36,1.0,0.15492957746478872,0.012859212750543346,1.5,88,0
Sepsis_4000_ORDERING_10.0_3_heuristics.pnml,126,43,0.9633355456726841,8,1.0,94,5.183673469387755,15,1.0,0.6428571428571429,0.030061892130857647,1.619047619047619,70,11
Sepsis_4000_ORDERING_4.0_2_inductive.pnml,99,2,0.5509844433017146,12,0.9797979797979798,45,3.4468085106382977,13,0.9848484848484849,0.24242424242424243,0.027160493827160494,1.3333333333333333,37,0
BPIC2012_20000_ORDERING_0.2_3_alpha.pnml,33,5,0.9852281360342515,4,0.8787878787878788,15,3.7142857142857144,14,0.972972972972973,0.0,0.08564814814814815,1.121212121212121,0,2
BPIC2012_4000_MIXED_4.0_1_inductive_inf.pnml,166,1,0.4586858162005403,6,0.8855421686746988,91,3.935483870967742,11,0.9823008849557522,0.7530120481927711,0.017899572311104072,1.3614457831325302,64,0
BPIC2012_10000_MIXED_10.0_1_inductive_inf.pnml,290,1,0.530744566923854,12,0.9551724137931035,193,5.759036144578313,29,0.9865470852017937,0.23448275862068965,0.01337812706221129,1.5379310344827586,78,0
RTFMS_10000_INSERTION_4.0_5_inductive.pnml,319,5,0.761587786957669,9,0.987460815047022,251,7.636363636363637,61,1.0,0.0877742946708464,0.017245817245817245,1.6802507836990597,64,0
RTFMS_40000_SUBSTITUTION_2.0_5_alpha.pnml,380,0,0.9852281360342515,3,0.9894736842105263,139,41.142857142857146,135,1.0,0.0,0.07413333333333333,0.7315789473684211,0,1
Sepsis_1000_ORDERING_10.0_3_alpha.pnml,23,5,0.9612366047228759,6,0.9565217391304348,17,4.538461538461538,15,1.0,0.0,0.16517857142857142,1.608695652173913,0,4
Sepsis_1000_SUBSTITUTION_4.0_4_alpha.pnml,38,12,0.9852281360342515,3,0.8157894736842105,14,5.857142857142857,17,0.8947368421052632,0.0,0.08755760368663594,1.0,0,0
RTFMS_20000_INSERTION_4.0_5_heuristics.pnml,486,13,0.8739810481273578,6,1.0,446,18.705882352941178,120,1.0,0.4773662551440329,0.026785714285714284,1.876543209876543,59,2
Sepsis_40000_ABSENCE_2.0_3_heuristics.pnml,107,36,0.9503376699710268,8,1.0,84,5.043478260869565,14,1.0,0.5514018691588785,0.03624078624078624,1.6542056074766356,57,7
RTFMS_2000_ORDERING_0.1_2_heuristics.pnml,67,29,0.9275265884316759,3,1.0,45,3.6,8,1.0,0.1791044776119403,0.04455909943714822,1.4179104477611941,29,3
RTFMS_10000_INSERTION_1.0_5_inductive.pnml,155,3,0.6840384356390417,7,0.9741935483870968,101,4.872727272727273,17,1.0,0.15483870967741936,0.023636363636363636,1.5096774193548388,44,0
RTFMS_2000_ABSENCE_2.0_2_inductive.pnml,59,2,0.7355085815538398,3,0.9830508474576272,35,3.310344827586207,5,1.0,0.06779661016949153,0.04710144927536232,1.3220338983050848,24,0
BPIC2012_4000_SUBSTITUTION_1.0_2_inductive.pnml,260,2,0.6962122601251458,16,0.9846153846153847,134,3.3125,10,1.0,0.5076923076923077,0.010601577909270217,1.323076923076923,110,0
BPIC2012_10000_ABSENCE_4.0_5_heuristics.pnml,129,1,0.7320666900931938,4,0.937984496124031,74,4.9743589743589745,16,0.967741935483871,0.7131782945736435,0.026495726495726495,1.441860465116279,65,3
RTFMS_100000_ORDERING_1.0_3_heuristics.pnml,84,14,0.9097361225311662,5,1.0,56,3.95,11,1.0,0.42857142857142855,0.038557993730407525,1.4642857142857142,43,2
Sepsis_10000_ABSENCE_10.0_5_heuristics.pnml,113,32,0.9684610087601622,9,1.0,84,4.916666666666667,14,1.0,0.5221238938053098,0.03300865800865801,1.6194690265486726,60,10
RTFMS_4000_inductive_inf.pnml,55,1,0.7642045065086203,3,0.9090909090909091,31,3.2962962962962963,5,0.9861111111111112,0.8727272727272727,0.049586776859504134,1.309090909090909,21,0
Sepsis_1000_INSERTION_10.0_1_alpha.pnml,73,9,0.9182958340544896,2,0.9452054794520548,16,7.166666666666667,18,0.9743589743589743,0.0,0.057352941176470586,0.5342465753424658,0,0
Sepsis_4000_ABSENCE_4.0_5_heuristics.pnml,114,41,0.9709505944546686,7,1.0,85,5.111111111111111,14,1.0,0.6929824561403509,0.03276353276353276,1.6140350877192982,61,10
RTFMS_10000_MIXED_0.2_2_heuristics.pnml,76,24,0.9352691398683566,4,1.0,52,3.945945945945946,10,1.0,0.34210526315789475,0.042328042328042326,1.4736842105263157,32,3
RTFMS_100000_ORDERING_4.0_2_alpha.pnml,19,12,0.8812908992306927,7,0.9473684210526316,12,4.5,11,0.967741935483871,0.0,0.17613636363636365,1.631578947368421,0,5
RTFMS_2000_MIXED_4.0_3_alpha.pnml,35,5,0.9852281360342515,4,0.9142857142857143,18,6.142857142857143,15,0.9487179487179487,0.0,0.09948979591836735,1.1142857142857143,0,1
RTFMS_100000_ORDERING_0.1_2_inductive_inf.pnml,70,1,0.8904916402194913,7,0.9571428571428572,34,3.051282051282051,4,0.9555555555555556,0.05714285714285714,0.03700657894736842,1.2857142857142858,26,0
BPIC2012_40000_SUBSTITUTION_1.0_5_inductive.pnml,569,8,0.7302263747422792,21,0.9929701230228472,387,5.214659685863874,45,1.0,0.1616871704745167,0.006910261264672472,1.539543057996485,172,0
BPIC2012_4000_MIXED_4.0_5_inductive.pnml,304,7,0.7246971909054878,18,0.9868421052631579,165,3.5277777777777777,11,1.0,0.3848684210526316,0.009523809523809525,1.361842105263158,123,0
BPIC2012_4000_MIXED_10.0_2_inductive.pnml,337,5,0.7024665512903903,14,0.9881305637982196,211,4.555555555555555,23,1.0,0.3798219584569733,0.010387984981226533,1.4777448071216617,109,0
BPIC2012_40000_ORDERING_10.0_4_inductive.pnml,110,0,0.5586293734521992,12,0.9818181818181818,55,3.869565217391304,14,0.9736842105263158,0.39090909090909093,0.025815217391304348,1.3818181818181818,39,0
RTFMS_10000_INSERTION_2.0_5_alpha.pnml,118,6,1.0,6,0.9745762711864406,44,12.0,38,0.9772727272727273,0.09322033898305085,0.04485219164118247,0.7457627118644068,0,3
Sepsis_40000_INSERTION_10.0_2_alpha.pnml,1863,34,0.9182958340544896,1,0.9989264626945786,199,122.33333333333333,198,0.9972677595628415,0.0,0.032795698924731186,0.1964573268921095,0,0
Sepsis_1000_SUBSTITUTION_1.0_5_alpha.pnml,27,8,0.9967916319816366,6,0.8888888888888888,22,4.066666666666666,14,1.0,0.0,0.1357142857142857,1.4074074074074074,0,0
BPIC2012_100000_ABSENCE_2.0_2_alpha.pnml,38,12,0.998363672593813,11,0.9736842105263158,18,4.0,16,1.0,0.0,0.07738095238095238,1.368421052631579,0,9
BPIC2012_20000_SUBSTITUTION_0.2_1_alpha.pnml,61,29,1.0,7,0.819672131147541,11,4.666666666666667,21,0.8627450980392157,0.0,0.040865384615384616,0.8360655737704918,0,2
RTFMS_40000_MIXED_1.0_2_alpha.pnml,110,5,0.9852281360342515,3,0.9636363636363636,41,13.571428571428571,40,1.0,0.05454545454545454,0.08095238095238096,0.7727272727272727,0,1
BPIC2012_4000_MIXED_1.0_2_alpha.pnml,42,11,0.9940302114769565,2,0.7619047619047619,11,4.0,14,0.868421052631579,0.0,0.059375,0.9047619047619048,0,1
BPIC2012_2000_ORDERING_0.4_2_alpha.pnml,33,9,0.9957274520849255,5,0.8484848484848485,13,4.0,13,0.9166666666666666,0.0,0.08333333333333333,1.0909090909090908,0,1
RTFMS_1000_ORDERING_10.0_2_heuristics.pnml,71,28,0.9275265884316759,3,1.0,46,3.7142857142857144,8,1.0,0.09859154929577464,0.04250841750841751,1.4225352112676057,32,4
RTFMS_1000_ABSENCE_4.0_3_heuristics.pnml,59,17,0.9293636260137187,3,1.0,36,3.586206896551724,8,1.0,0.11864406779661017,0.049516908212560384,1.3898305084745763,24,4
RTFMS_1000_SUBSTITUTION_0.4_1_inductive_inf.pnml,55,0,0.4394969869215134,1,0.8909090909090909,29,3.3636363636363638,5,0.9714285714285714,0.14545454545454545,0.049019607843137254,1.2727272727272727,20,0
BPIC2012_4000_SUBSTITUTION_10.0_2_heuristics.pnml,393,2,0.5787946246321198,4,1.0,322,12.172413793103448,45,1.0,0.628498727735369,0.019089900110987792,1.7506361323155217,95,3
BPIC2012_20000_INSERTION_0.1_2_alpha.pnml,45,10,0.9709505944546686,2,0.8444444444444444,9,3.8,13,0.8823529411764706,0.0,0.05246913580246913,0.7555555555555555,0,0
BPIC2012_1000_INSERTION_0.2_1_alpha.pnml,33,8,1.0,4,0.8787878787878788,11,3.8333333333333335,11,0.9090909090909091,0.0,0.0763888888888889,1.0,0,1
BPIC2012_1000_INSERTION_0.2_2_heuristics.pnml,113,4,0.4488644887230294,1,0.9292035398230089,57,4.6875,11,0.935483870967742,0.7522123893805309,0.02795815295815296,1.3716814159292035,52,0
BPIC2012_10000_ABSENCE_1.0_3_alpha.pnml,38,10,0.9927744539878083,10,0.9736842105263158,18,3.95,15,1.0,0.0,0.0744047619047619,1.3157894736842106,0,9
RTFMS_4000_MIXED_0.4_1_alpha.pnml,28,12,0.998363672593813,14,1.0,21,3.8095238095238093,8,1.0,0.35714285714285715,0.11734693877551021,1.6428571428571428,0,8
RTFMS_1000_SUBSTITUTION_10.0_4_alpha.pnml,64,4,0.9910760598382222,4,0.96875,31,7.777777777777778,24,1.0,0.109375,0.07393483709273183,0.921875,0,3
BPIC2012_100000_ABSENCE_2.0_2_heuristics.pnml,134,1,0.782444129406689,5,0.9626865671641791,76,4.744186046511628,16,0.96875,0.7164179104477612,0.024844720496894408,1.4328358208955223,67,4
RTFMS_1000_MIXED_2.0_3_inductive.pnml,76,2,0.6394571324851641,5,0.9473684210526316,41,3.2972972972972974,5,1.0,0.15789473684210525,0.035842293906810034,1.3157894736842106,30,0
Sepsis_2000_MIXED_1.0_1_heuristics.pnml,119,34,0.9503376699710268,6,1.0,93,5.260869565217392,16,1.0,0.5294117647058824,0.03356401384083045,1.6302521008403361,63,6
Sepsis_10000_INSERTION_0.4_4_alpha.pnml,55,26,0.9990102708804813,18,0.9272727272727272,34,4.592592592592593,15,0.9868421052631579,0.14545454545454545,0.06620209059233449,1.3818181818181818,0,4
BPIC2012_2000_ABSENCE_1.0_5_alpha.pnml,35,9,0.9967916319816366,6,0.8857142857142857,14,3.933333333333333,12,0.95,0.0,0.07575757575757576,1.1428571428571428,0,3
Sepsis_10000_MIXED_0.4_5_heuristics.pnml,120,33,0.9440870182837794,8,1.0,94,5.361702127659575,15,1.0,0.55,0.03402872777017784,1.6583333333333334,60,7
RTFMS_4000_INSERTION_1.0_2_heuristics.pnml,98,19,0.9474351361840307,5,1.0,71,4.682926829268292,12,1.0,0.5918367346938775,0.03823088455772114,1.5612244897959184,35,3
RTFMS_1000_SUBSTITUTION_1.0_4_alpha.pnml,36,6,0.9852281360342515,11,0.9722222222222222,25,3.9047619047619047,8,0.9818181818181818,0.0,0.08487654320987655,1.5277777777777777,0,10
Sepsis_10000_ORDERING_10.0_3_inductive.pnml,95,3,0.5032583347756457,12,0.9789473684210527,41,3.422222222222222,14,0.9841269841269842,0.25263157894736843,0.02807486631016043,1.3263157894736841,34,0
RTFMS_4000_MIXED_0.1_3_alpha.pnml,25,14,0.9709505944546686,11,0.96,14,3.8666666666666667,9,1.0,0.48,0.11858974358974358,1.48,0,9
BPIC2012_100000_INSERTION_4.0_3_heuristics.pnml,2264,0,0.5890477097890546,10,0.9995583038869258,2095,30.843971631205672,289,1.0,0.7857773851590106,0.00803553062178588,1.8979681978798586,284,4
RTFMS_20000_ORDERING_2.0_3_inductive.pnml,36,0,0.8366407419411672,4,0.9444444444444444,20,4.0,8,0.96,0.6944444444444444,0.07936507936507936,1.3888888888888888,9,0
Sepsis_100000_SUBSTITUTION_4.0_3_alpha.pnml,1912,40,0.8112781244591328,0,0.997907949790795,187,104.0,222,1.0,0.0,0.03605727256853501,0.2160041841004184,0,0
BPIC2012_2000_INSERTION_0.1_1_inductive_inf.pnml,136,1,0.7424875695421236,8,0.9264705882352942,66,3.43859649122807,6,0.9318181818181819,0.9191176470588235,0.019642857142857142,1.2941176470588236,55,0
RTFMS_4000_INSERTION_0.1_3_inductive.pnml,51,1,0.6500224216483541,2,0.8627450980392157,29,3.25,6,1.0,0.6078431372549019,0.0532258064516129,1.2941176470588236,17,0
BPIC2012_20000_INSERTION_4.0_5_alpha.pnml,412,38,0.9182958340544896,4,0.9660194174757282,60,11.666666666666666,75,0.9937106918238994,0.0,0.018023124008161414,0.3859223300970874,0,0
Sepsis_1000_ORDERING_2.0_1_alpha.pnml,23,12,0.9456603046006401,6,0.9130434782608696,15,4.363636363636363,14,1.0,0.0,0.15178571428571427,1.4782608695652173,0,2
Sepsis_4000_SUBSTITUTION_1.0_3_alpha.pnml,47,5,0.9927744539878083,11,0.8936170212765957,31,4.45,18,0.9824561403508771,0.0,0.07702702702702703,1.2127659574468086,0,3
BPIC2012_20000_ORDERING_10.0_3_alpha.pnml,40,6,1.0,15,0.975,33,4.791666666666667,21,1.0,0.35,0.09244791666666667,1.775,0,11
RTFMS_20000_MIXED_0.1_1_heuristics.pnml,67,30,0.8960382325345574,2,1.0,49,4.0,11,1.0,0.31343283582089554,0.04891304347826087,1.4776119402985075,27,1
RTFMS_1000_ORDERING_0.1_4_alpha.pnml,28,10,0.7793498372920851,10,0.9285714285714286,9,3.6923076923076925,5,1.0,0.0,0.10160427807486631,1.3571428571428572,0,10
RTFMS_40000_ABSENCE_2.0_3_heuristics.pnml,69,23,0.898058793450166,3,1.0,47,3.7142857142857144,10,1.0,0.42028985507246375,0.045,1.434782608695652,32,1
BPIC2012_40000_ORDERING_0.2_4_alpha.pnml,34,6,0.9967916319816366,6,0.9705882352941176,16,3.933333333333333,13,0.975609756097561,0.0,0.08541666666666667,1.2058823529411764,0,2
Sepsis_1000_MIXED_0.1_3_inductive.pnml,91,3,0.5349436990971066,9,0.967032967032967,38,3.341463414634146,11,0.9661016949152542,0.26373626373626374,0.02878048780487805,1.2967032967032968,33,0
BPIC2012_40000_ABSENCE_0.4_5_inductive.pnml,146,1,0.6665783579949205,9,0.9726027397260274,80,3.4057971014492754,6,0.9948453608247423,0.910958904109589,0.019004702194357365,1.3287671232876712,63,0
RTFMS_20000_ABSENCE_0.1_2_inductive_inf.pnml,56,0,0.8366407419411672,4,0.9107142857142857,32,3.2333333333333334,6,0.9864864864864865,0.875,0.048748353096179184,1.3214285714285714,21,0
RTFMS_10000_ORDERING_4.0_5_heuristics.pnml,76,26,0.9494520153879484,4,1.0,53,3.8947368421052633,11,1.0,0.34210526315789475,0.042328042328042326,1.4736842105263157,37,3
BPIC2012_1000_SUBSTITUTION_4.0_1_alpha.pnml,61,29,1.0,7,0.819672131147541,11,4.666666666666667,21,0.8627450980392157,0.0,0.040865384615384616,0.8360655737704918,0,2
Sepsis_20000_ABSENCE_0.1_1_inductive.pnml,95,3,0.5107878229540133,9,0.9789473684210527,44,3.4545454545454546,11,1.0,0.25263157894736843,0.028455284552845527,1.3263157894736841,37,0
RTFMS_100000_SUBSTITUTION_0.2_1_alpha.pnml,113,3,0.9709505944546686,2,0.9823008849557522,41,18.2,42,1.0,0.0,0.09747706422018348,0.7522123893805309,0,2
Sepsis_1000_SUBSTITUTION_0.2_3_inductive.pnml,94,3,0.5185697317883058,9,0.9680851063829787,42,3.4186046511627906,11,0.9838709677419355,0.2553191489361702,0.028531983433041877,1.3191489361702127,34,0
Sepsis_10000_MIXED_0.2_4_heuristics.pnml,118,32,0.9377342939868041,8,1.0,90,5.125,15,1.0,0.5254237288135594,0.03321858864027539,1.6355932203389831,59,7
RTFMS_40000_SUBSTITUTION_0.2_2_alpha.pnml,60,16,0.954434002924965,5,0.9666666666666667,21,8.0,27,1.0,0.0,0.07412398921832884,0.9166666666666666,0,3
RTFMS_10000_INSERTION_10.0_4_heuristics.pnml,610,29,0.8599530497177521,5,1.0,561,19.866666666666667,133,1.0,0.5918032786885246,0.022086031452358927,1.8786885245901639,74,3
Sepsis_10000_SUBSTITUTION_0.2_3_heuristics.pnml,124,32,0.9377342939868041,8,1.0,96,5.375,17,1.0,0.5080645161290323,0.03290529695024077,1.653225806451613,60,7
BPIC2012_2000_MIXED_1.0_1_inductive_inf.pnml,151,0,0.739480936716638,10,0.9271523178807947,76,3.4328358208955225,6,0.9545454545454546,0.8344370860927153,0.017941283073577383,1.3112582781456954,61,0
Sepsis_20000_INSERTION_10.0_2_inductive.pnml,1144,2,0.718609966948486,13,0.9965034965034965,1028,18.132231404958677,341,1.0,0.05244755244755245,0.010437282761744405,1.8531468531468531,109,0
Sepsis_2000_ABSENCE_0.4_5_inductive.pnml,89,4,0.5266170655714281,9,0.9775280898876404,41,3.4285714285714284,11,1.0,0.2696629213483146,0.030256410256410255,1.3258426966292134,33,0
Sepsis_20000_ORDERING_0.4_5_alpha.pnml,24,16,0.954434002924965,12,0.9583333333333334,23,4.6875,14,1.0,0.25,0.17578125,1.875,0,6
Sepsis_10000_heuristics.pnml,107,32,0.9503376699710268,8,1.0,82,4.956521739130435,14,1.0,0.5514018691588785,0.03583128583128583,1.6355140186915889,57,7
Sepsis_2000_MIXED_2.0_2_alpha.pnml,41,4,0.9949848281859701,12,0.9024390243902439,35,4.458333333333333,16,1.0,0.36585365853658536,0.08928571428571429,1.5853658536585367,0,2
Sepsis_1000_MIXED_0.1_3_heuristics.pnml,98,28,0.9268190639645772,4,1.0,73,5.052631578947368,14,1.0,0.6428571428571429,0.038980509745127435,1.5918367346938775,52,4
Sepsis_4000_ORDERING_2.0_5_heuristics.pnml,123,44,0.9656361333706098,7,1.0,94,5.391304347826087,14,1.0,0.6585365853658537,0.031583909490886235,1.6341463414634145,69,10
Sepsis_40000_ORDERING_10.0_1_heuristics.pnml,131,34,0.9470622432515328,9,1.0,97,5.153846153846154,16,1.0,0.46564885496183206,0.02925824175824176,1.6259541984732824,74,10
BPIC2012_10000_MIXED_0.1_4_inductive.pnml,168,2,0.7412466905234424,12,0.9821428571428571,88,3.345679012345679,6,0.9819819819819819,0.7857142857142857,0.016249451032059728,1.3214285714285714,71,0
BPIC2012_2000_SUBSTITUTION_0.2_1_heuristics.pnml,105,6,0.6136190195993708,3,0.9619047619047619,58,4.636363636363637,10,0.9662162162162162,0.7619047619047619,0.031678082191780824,1.4095238095238096,49,0
RTFMS_100000_ORDERING_0.1_2_alpha.pnml,21,17,0.9709505944546686,9,0.9523809523809523,10,4.5,10,0.9090909090909091,0.0,0.15,1.5714285714285714,0,5
BPIC2012_1000_ABSENCE_0.2_2_alpha.pnml,34,8,0.9957274520849255,4,0.8529411764705882,13,3.8461538461538463,11,0.9166666666666666,0.0,0.075,1.0588235294117647,0,1
Sepsis_10000_MIXED_0.2_5_inductive_inf.pnml,110,3,0.5631028237513912,10,0.9818181818181818,50,3.3207547169811322,11,1.0,0.36363636363636365,0.024193548387096774,1.309090909090909,45,0
Sepsis_10000_ORDERING_4.0_5_alpha.pnml,23,10,0.863120568566631,8,0.9565217391304348,22,4.785714285714286,15,1.0,0.0,0.1875,1.826086956521739,0,4
BPIC2012_2000_ABSENCE_0.4_2_inductive.pnml,138,1,0.7153220528038851,9,0.9637681159420289,69,3.3934426229508197,6,0.95,0.8840579710144928,0.01949317738791423,1.3043478260869565,56,0
RTFMS_20000_MIXED_2.0_3_inductive.pnml,228,2,0.7478061583312325,8,0.9824561403508771,159,5.36,32,1.0,0.12280701754385964,0.01775147928994083,1.5526315789473684,65,0
BPIC2012_20000_SUBSTITUTION_4.0_3_alpha.pnml,413,1,0.8112781244591328,1,0.9878934624697336,77,39.0,75,0.9935064935064936,0.0,0.04706601466992665,0.3728813559322034,0,0
Sepsis_20000_SUBSTITUTION_0.2_5_heuristics.pnml,123,35,0.9440870182837794,8,1.0,98,5.531914893617022,16,1.0,0.5203252032520326,0.03403833443489755,1.6747967479674797,58,7
RTFMS_20000_MIXED_0.4_1_heuristics.pnml,104,28,0.8314743880097293,2,1.0,76,5.0,16,1.0,0.33653846153846156,0.03701149425287356,1.5480769230769231,39,1
BPIC2012_2000_MIXED_10.0_5_inductive.pnml,305,4,0.7274873474533534,20,0.9868852459016394,170,3.6363636363636362,12,1.0,0.32786885245901637,0.00969045650776155,1.383606557377049,117,0
RTFMS_4000_MIXED_0.4_2_inductive.pnml,67,1,0.5916727785823275,2,0.8805970149253731,37,3.5357142857142856,6,0.9886363636363636,0.7611940298507462,0.0419047619047619,1.3134328358208955,26,0
BPIC2012_1000_ORDERING_0.1_4_inductive_inf.pnml,133,1,0.7568336324184035,8,0.9323308270676691,64,3.4545454545454546,6,0.9186046511627907,0.9097744360902256,0.020046620046620046,1.2932330827067668,53,0
Sepsis_40000_ORDERING_0.4_4_alpha.pnml,22,9,0.9402859586706311,6,0.9545454545454546,19,4.285714285714286,15,1.0,0.0,0.1875,1.6363636363636365,0,2
RTFMS_1000_MIXED_0.4_4_inductive_inf.pnml,52,1,0.4689955935892812,1,0.9230769230769231,27,3.45,5,0.9545454545454546,0.15384615384615385,0.0515625,1.2692307692307692,19,0
Sepsis_40000_ORDERING_4.0_2_heuristics.pnml,127,35,0.9526092095121206,9,1.0,95,5.137254901960785,15,1.0,0.48031496062992124,0.030157342657342656,1.6299212598425197,71,10
Sepsis_20000_MIXED_0.2_4_heuristics.pnml,122,34,0.9377342939868041,8,1.0,95,5.333333333333333,16,1.0,0.5081967213114754,0.03316912972085386,1.6557377049180328,60,7
RTFMS_2000_ORDERING_10.0_3_alpha.pnml,24,6,0.9402859586706311,11,1.0,17,4.428571428571429,10,1.0,0.0,0.14335664335664336,1.7083333333333333,0,10
RTFMS_100000_ABSENCE_0.2_1_alpha.pnml,26,24,0.9852281360342515,15,0.9615384615384616,10,4.357142857142857,9,0.9523809523809523,0.0,0.12727272727272726,1.6153846153846154,0,11
Sepsis_20000_INSERTION_0.4_3_heuristics.pnml,158,32,0.9117517586347537,8,1.0,124,6.153846153846154,22,1.0,0.7278481012658228,0.02865761689291101,1.6835443037974684,65,7
Sepsis_2000_SUBSTITUTION_4.0_2_inductive.pnml,211,6,0.7131467486384921,11,0.981042654028436,119,3.847826086956522,11,1.0,0.1895734597156398,0.014598540145985401,1.4028436018957346,79,0
BPIC2012_2000_INSERTION_1.0_3_heuristics.pnml,124,5,0.5813214987637028,3,0.9435483870967742,71,5.083333333333333,15,0.9662921348314607,0.6935483870967742,0.028093434343434344,1.435483870967742,55,0
BPIC2012_4000_ORDERING_0.2_2_inductive.pnml,139,1,0.783776947484701,11,0.9640287769784173,68,3.466666666666667,6,0.9285714285714286,0.8848920863309353,0.019279661016949154,1.3093525179856116,55,0
Sepsis_4000_MIXED_0.2_4_inductive.pnml,109,4,0.5699613760403499,9,0.981651376146789,50,3.3076923076923075,9,1.0,0.25688073394495414,0.024365133836650652,1.3027522935779816,42,0
BPIC2012_20000_ORDERING_2.0_5_heuristics.pnml,139,4,0.7732266742876346,4,0.9928057553956835,83,4.9772727272727275,16,0.9754901960784313,0.6762589928057554,0.02538576406172225,1.4676258992805755,73,3
BPIC2012_20000_ABSENCE_10.0_2_alpha.pnml,38,12,0.998363672593813,11,0.9736842105263158,18,4.0,16,1.0,0.0,0.07738095238095238,1.368421052631579,0,9
BPIC2012_4000_MIXED_0.4_5_inductive.pnml,184,1,0.6795851972782937,11,0.967391304347826,93,3.269662921348315,6,0.9875,0.5869565217391305,0.014678899082568808,1.3043478260869565,78,0
BPIC2012_1000_SUBSTITUTION_1.0_5_alpha.pnml,42,5,0.9709505944546686,2,0.7380952380952381,10,3.6,11,0.8,0.0,0.051319648093841645,0.8333333333333334,0,0
RTFMS_1000_MIXED_0.1_3_heuristics.pnml,59,16,0.9182958340544896,3,1.0,34,3.4,6,1.0,0.11864406779661017,0.047619047619047616,1.3559322033898304,23,4
Sepsis_100000_ABSENCE_2.0_3_inductive_inf.pnml,78,2,0.5713549744279549,8,0.9743589743589743,38,3.4594594594594597,9,1.0,0.3076923076923077,0.034759358288770054,1.3333333333333333,27,0
Sepsis_40000_ORDERING_1.0_4_inductive_inf.pnml,71,2,0.5328350630342233,9,0.971830985915493,31,3.4545454545454546,11,0.9787234042553191,0.3380281690140845,0.037480063795853266,1.323943661971831,24,0
RTFMS_1000_MIXED_0.2_2_alpha.pnml,28,7,0.9182958340544896,11,1.0,13,3.7333333333333334,6,1.0,0.0,0.10962566844919786,1.4642857142857142,0,9
BPIC2012_40000_ORDERING_10.0_4_alpha.pnml,49,20,1.0,25,0.9795918367346939,52,5.7,22,1.0,0.5918367346938775,0.08583333333333333,2.1020408163265305,0,23
BPIC2012_40000_ORDERING_0.4_2_heuristics.pnml,138,5,0.74959525725948,4,0.9927536231884058,80,5.071428571428571,14,0.9752475247524752,0.7463768115942029,0.02539602715614785,1.463768115942029,72,3
RTFMS_10000_ABSENCE_10.0_5_inductive_inf.pnml,39,1,0.5916727785823275,1,0.8974358974358975,18,3.357142857142857,5,0.875,0.10256410256410256,0.06521739130434782,1.2307692307692308,11,0
RTFMS_10000_MIXED_4.0_1_inductive.pnml,234,3,0.774241158084727,9,0.9829059829059829,164,5.291139240506329,33,1.0,0.11965811965811966,0.017246280678480053,1.5555555555555556,67,0
BPIC2012_4000_MIXED_1.0_2_heuristics.pnml,139,5,0.7024665512903903,4,0.9712230215827338,78,4.928571428571429,14,0.9698492462311558,0.6762589928057554,0.024763563962170235,1.4316546762589928,65,2
BPIC2012_10000_ORDERING_0.1_5_heuristics.pnml,120,2,0.7531979910695014,4,0.9416666666666667,66,4.72972972972973,11,0.9644970414201184,0.7166666666666667,0.02751546727450342,1.4083333333333334,58,3
RTFMS_40000_ORDERING_0.1_1_inductive_inf.pnml,54,1,0.6631968402398287,7,0.9444444444444444,26,3.2758620689655173,6,1.0,0.07407407407407407,0.0496551724137931,1.3333333333333333,17,0
RTFMS_20000_MIXED_2.0_4_heuristics.pnml,175,27,0.8212809417449863,2,1.0,145,8.461538461538462,38,1.0,0.14285714285714285,0.034597701149425286,1.72,46,1
BPIC2012_1000_INSERTION_4.0_5_inductive.pnml,208,5,0.6975195309289137,14,0.9807692307692307,113,3.386138613861386,8,0.9928057553956835,0.6682692307692307,0.013397590361445784,1.3365384615384615,85,0
Sepsis_4000_INSERTION_0.2_1_heuristics.pnml,124,41,0.9601186626422924,7,1.0,92,5.23404255319149,15,1.0,0.6774193548387096,0.030599755201958383,1.6129032258064515,66,10
BPIC2012_100000_INSERTION_2.0_5_inductive_inf.pnml,607,2,0.46584917377204244,14,0.9901153212520593,492,10.970297029702971,110,1.0,0.16474464579901152,0.011287162449953148,1.7462932454695221,95,0
RTFMS_20000_ABSENCE_0.1_3_heuristics.pnml,63,30,0.8960382325345574,2,1.0,45,3.75,9,1.0,0.3333333333333333,0.049456521739130434,1.4444444444444444,28,1
Sepsis_100000_MIXED_2.0_3_inductive.pnml,741,3,0.712453444966878,14,0.9946018893387314,614,10.796875,193,1.0,0.07557354925775979,0.009921782268618558,1.7597840755735492,114,0
BPIC2012_10000_MIXED_0.1_5_inductive.pnml,158,2,0.616748259826391,9,0.9810126582278481,82,3.4027777777777777,8,0.9903846153846154,0.8037974683544303,0.017376775271512112,1.3164556962025316,66,0
BPIC2012_10000_inductive_inf.pnml,133,2,0.7424875695421236,9,0.9548872180451128,67,3.473684210526316,6,0.9310344827586207,0.9548872180451128,0.02027972027972028,1.3082706766917294,53,0
Sepsis_100000_ORDERING_0.4_2_heuristics.pnml,113,37,0.9440870182837794,8,1.0,89,5.148936170212766,15,1.0,0.5221238938053098,0.03481012658227848,1.654867256637168,62,7
BPIC2012_40000_ABSENCE_2.0_2_inductive_inf.pnml,99,0,0.600608575413187,6,0.9090909090909091,54,3.658536585365854,7,0.9545454545454546,0.8787878787878788,0.028205128205128206,1.3333333333333333,36,0
RTFMS_40000_ABSENCE_10.0_2_inductive.pnml,63,2,0.7219280948873623,7,0.9841269841269842,33,3.2,5,1.0,0.06349206349206349,0.04285714285714286,1.3333333333333333,23,0
Sepsis_10000_MIXED_4.0_2_alpha.pnml,124,14,1.0,3,0.9596774193548387,23,9.5,24,0.9622641509433962,0.0,0.04453781512605042,0.4274193548387097,0,0
Sepsis_100000_INSERTION_4.0_4_inductive.pnml,2110,0,0.709825885194168,14,0.9981042654028436,1980,30.686567164179106,733,1.0,0.03033175355450237,0.009324009324009324,1.9109004739336493,121,0
Sepsis_100000_ABSENCE_10.0_2_inductive.pnml,96,4,0.5665095065529053,8,0.9791666666666666,44,3.3777777777777778,10,1.0,0.25,0.027937915742793792,1.3125,38,0
Sepsis_20000_MIXED_2.0_5_heuristics.pnml,220,36,0.9182958340544896,8,1.0,186,8.25925925925926,33,1.0,0.5590909090909091,0.02701388888888889,1.768181818181818,72,7
RTFMS_2000_SUBSTITUTION_0.4_5_inductive.pnml,75,1,0.7642045065086203,4,0.9733333333333334,40,3.3333333333333335,5,1.0,0.10666666666666667,0.0362962962962963,1.3066666666666666,29,0
BPIC2012_20000_INSERTION_0.2_4_heuristics.pnml,160,4,0.6880476235340796,4,0.975,96,5.081632653061225,14,0.9914529914529915,0.74375,0.022608695652173914,1.4625,71,3
Sepsis_40000_MIXED_4.0_4_alpha.pnml,404,6,0.8112781244591328,1,0.9900990099009901,59,28.75,58,0.9911504424778761,0.0,0.0353125,0.27970297029702973,0,0
BPIC2012_10000_INSERTION_0.4_1_inductive.pnml,206,2,0.6819353204567525,12,0.9805825242718447,112,3.5319148936170213,9,0.9928057553956835,0.7912621359223301,0.013854280873118708,1.3495145631067962,84,0
Sepsis_4000_ORDERING_10.0_3_inductive.pnml,94,1,0.3650551896402848,13,0.9787234042553191,41,3.5348837209302326,15,0.9841269841269842,0.2553191489361702,0.028636363636363637,1.3404255319148937,33,0
RTFMS_100000_ORDERING_1.0_1_inductive.pnml,66,0,0.8112781244591328,8,0.9696969696969697,32,3.4375,5,0.9545454545454546,0.06060606060606061,0.040740740740740744,1.3333333333333333,24,0
RTFMS_1000_SUBSTITUTION_1.0_5_alpha.pnml,31,6,0.998363672593813,9,0.935483870967742,20,3.4285714285714284,7,1.0,0.0,0.09243697478991597,1.4193548387096775,0,5
Sepsis_1000_ORDERING_2.0_2_inductive.pnml,89,2,0.4770713062193297,9,0.9662921348314607,38,3.41025641025641,11,0.9655172413793104,0.2696629213483146,0.02959183673469388,1.303370786516854,32,0
RTFMS_1000_SUBSTITUTION_0.4_3_heuristics.pnml,57,17,0.9293636260137187,3,1.0,34,3.4482758620689653,6,1.0,0.12280701754385964,0.049872122762148335,1.368421052631579,20,4
RTFMS_10000_INSERTION_4.0_1_heuristics.pnml,276,18,0.9248187049730301,7,1.0,241,10.88,58,1.0,0.2463768115942029,0.028819444444444446,1.8043478260869565,52,4
RTFMS_20000_SUBSTITUTION_4.0_5_alpha.pnml,381,0,0.9852281360342515,4,0.989501312335958,140,41.42857142857143,135,1.0,0.01837270341207349,0.06222222222222222,0.7349081364829396,0,2
BPIC2012_1000_INSERTION_10.0_4_inductive.pnml,275,4,0.7254230207665604,15,0.9854545454545455,155,3.9473684210526314,15,0.9844559585492227,0.5018181818181818,0.011178037762075755,1.4036363636363636,97,0
Sepsis_100000_MIXED_2.0_3_alpha.pnml,527,14,0.7219280948873623,1,0.9924098671726755,73,27.2,69,1.0,0.0,0.03154875717017208,0.2504743833017078,0,0
Sepsis_2000_ORDERING_2.0_5_alpha.pnml,23,17,0.9709505944546686,11,0.9130434782608696,19,4.6,14,1.0,0.0,0.18303571428571427,1.7826086956521738,0,4
Sepsis_40000_ABSENCE_10.0_4_inductive.pnml,96,4,0.5665095065529053,8,0.9791666666666666,44,3.3777777777777778,10,1.0,0.25,0.027937915742793792,1.3125,38,0
BPIC2012_4000_ABSENCE_4.0_4_inductive.pnml,149,1,0.7276874545656657,10,0.9731543624161074,80,3.4347826086956523,6,0.9747474747474747,0.8859060402684564,0.01853932584269663,1.3288590604026846,64,0
BPIC2012_20000_ABSENCE_4.0_5_heuristics.pnml,132,3,0.7592757847892833,4,0.9621212121212122,76,4.926829268292683,16,0.9685863874345549,0.7121212121212122,0.02595108695652174,1.446969696969697,67,3
Sepsis_20000_INSERTION_4.0_4_inductive_inf.pnml,260,0,0.5435644431995964,9,0.9846153846153847,192,7.1875,39,1.0,0.18461538461538463,0.018644957983193277,1.6384615384615384,58,0
BPIC2012_20000_INSERTION_2.0_3_inductive.pnml,520,9,0.7440366972318847,22,0.9923076923076923,331,4.65979381443299,29,1.0,0.18461538461538463,0.006927748392726755,1.4961538461538462,172,0
Sepsis_4000_ABSENCE_0.1_5_inductive_inf.pnml,89,4,0.5266170655714281,9,0.9775280898876404,41,3.4285714285714284,11,1.0,0.2696629213483146,0.030256410256410255,1.3258426966292134,33,0
RTFMS_10000_INSERTION_0.1_1_inductive.pnml,79,1,0.6500224216483541,3,0.8860759493670887,43,3.3055555555555554,4,1.0,0.6582278481012658,0.034274193548387094,1.2911392405063291,33,0
RTFMS_10000_ORDERING_0.4_4_inductive.pnml,50,0,0.7024665512903903,5,0.96,27,3.8095238095238093,6,0.9705882352941176,0.44,0.05582922824302135,1.36,17,0
BPIC2012_20000_INSERTION_1.0_1_inductive_inf.pnml,184,0,0.4689955935892812,4,0.9130434782608696,117,4.8,21,1.0,0.6413043478260869,0.019088319088319088,1.4565217391304348,61,0
Sepsis_10000_ABSENCE_0.1_3_inductive.pnml,95,3,0.5107878229540133,9,0.9789473684210527,44,3.4545454545454546,11,1.0,0.25263157894736843,0.028455284552845527,1.3263157894736841,37,0
RTFMS_2000_INSERTION_0.2_2_alpha.pnml,22,10,0.9182958340544896,6,0.8636363636363636,9,3.5555555555555554,7,0.9230769230769231,0.0,0.10833333333333334,1.1818181818181819,0,3
BPIC2012_10000_ABSENCE_0.4_2_heuristics.pnml,123,0,0.7424875695421236,4,0.926829268292683,69,4.7368421052631575,12,0.9655172413793104,0.7317073170731707,0.02693498452012384,1.4146341463414633,60,3
BPIC2012_2000_INSERTION_2.0_5_inductive_inf.pnml,153,2,0.6136190195993708,7,0.8823529411764706,82,3.484848484848485,7,0.9801980198019802,0.8300653594771242,0.01821132347637937,1.3202614379084967,64,0
BPIC2012_2000_ORDERING_0.4_2_heuristics.pnml,110,5,0.6024308020404452,3,0.990909090909091,62,4.735294117647059,12,0.967948717948718,0.7272727272727273,0.030696576151121605,1.4181818181818182,54,0
BPIC2012_2000_INSERTION_1.0_2_alpha.pnml,45,10,0.9709505944546686,2,0.8444444444444444,9,3.8,13,0.8823529411764706,0.0,0.05246913580246913,0.7555555555555555,0,0
RTFMS_1000_SUBSTITUTION_0.4_4_alpha.pnml,30,3,0.9774178175281716,9,0.9666666666666667,17,3.7058823529411766,8,1.0,0.0,0.09821428571428571,1.4666666666666666,0,8
BPIC2012_1000_ORDERING_0.2_1_alpha.pnml,35,7,1.0,6,0.8857142857142857,15,4.0,12,0.9487179487179487,0.2,0.07386363636363637,1.1142857142857143,0,3
Sepsis_20000_INSERTION_10.0_4_inductive.pnml,1188,2,0.730926377590601,14,0.9966329966329966,1062,17.242424242424242,370,1.0,0.05387205387205387,0.009646924328364772,1.8468013468013469,117,0
RTFMS_4000_MIXED_2.0_1_inductive.pnml,128,2,0.7147274731317892,6,0.96875,74,3.7857142857142856,9,1.0,0.15625,0.023828647925033468,1.390625,47,0
RTFMS_20000_MIXED_0.1_1_inductive.pnml,77,1,0.49418293484978865,7,0.948051948051948,38,3.3513513513513513,8,1.0,0.15584415584415584,0.03512396694214876,1.3246753246753247,27,0
Sepsis_1000_SUBSTITUTION_10.0_4_heuristics.pnml,160,19,0.8841151220488479,5,1.0,126,7.162790697674419,21,1.0,0.6375,0.031629318394024275,1.69375,62,4
RTFMS_10000_INSERTION_0.1_1_alpha.pnml,27,8,0.9975025463691152,12,0.8888888888888888,19,4.0588235294117645,7,1.0,0.5555555555555556,0.11263736263736264,1.5185185185185186,0,8
BPIC2012_100000_ABSENCE_10.0_3_inductive.pnml,105,0,0.5830194167347008,5,0.9619047619047619,63,3.8372093023255816,9,0.9930555555555556,0.8761904761904762,0.028279654359780047,1.3714285714285714,42,0
BPIC2012_10000_MIXED_0.1_3_inductive.pnml,157,4,0.6812908868842176,9,0.9617834394904459,80,3.375,9,0.9757281553398058,0.821656050955414,0.017392772711921647,1.3121019108280254,64,0
RTFMS_1000_ORDERING_1.0_4_alpha.pnml,27,10,0.954434002924965,12,1.0,14,3.875,7,1.0,0.0,0.11931818181818182,1.5555555555555556,0,10
Sepsis_2000_MIXED_1.0_2_inductive.pnml,105,3,0.6500224216483541,5,0.9619047619047619,60,3.4583333333333335,7,1.0,0.819047619047619,0.026923076923076925,1.3333333333333333,43,0
Sepsis_4000_MIXED_10.0_1_alpha.pnml,120,21,0.9940302114769565,5,0.9416666666666667,26,7.090909090909091,27,1.0,0.0,0.046052631578947366,0.525,0,0
BPIC2012_1000_SUBSTITUTION_10.0_2_inductive.pnml,324,6,0.7079186761606501,19,0.9876543209876543,178,3.7103448275862068,12,0.9955357142857143,0.20987654320987653,0.009182209469153515,1.382716049382716,129,0
BPIC2012_1000_INSERTION_4.0_2_alpha.pnml,52,8,0.9182958340544896,1,0.8653846153846154,8,4.833333333333333,13,0.8666666666666667,0.0,0.047619047619047616,0.5769230769230769,0,0
RTFMS_1000_ORDERING_0.4_1_inductive.pnml,56,2,0.7950402793845223,4,0.9642857142857143,27,3.36,5,0.9444444444444444,0.07142857142857142,0.046875,1.2857142857142858,20,0
RTFMS_100000_ABSENCE_2.0_3_heuristics.pnml,74,16,0.9268190639645772,5,1.0,50,3.736842105263158,10,1.0,0.4594594594594595,0.042159180457052796,1.445945945945946,35,2
BPIC2012_4000_SUBSTITUTION_0.1_4_inductive_inf.pnml,147,0,0.6900703653284017,8,0.9591836734693877,76,3.4153846153846152,6,0.9583333333333334,0.8979591836734694,0.01848998459167951,1.3061224489795917,62,0
RTFMS_20000_ABSENCE_0.2_1_alpha.pnml,27,23,0.9886994082884974,16,1.0,13,4.25,9,1.0,0.25925925925925924,0.1278409090909091,1.6666666666666667,0,11
Sepsis_40000_SUBSTITUTION_0.2_3_inductive.pnml,227,6,0.665580063146735,11,0.9823788546255506,124,3.7755102040816326,18,1.0,0.21145374449339208,0.013275832910536106,1.3832599118942732,87,0
BPIC2012_10000_ORDERING_1.0_3_alpha.pnml,38,9,0.9986359641585718,10,0.9473684210526316,22,3.9565217391304346,14,1.0,0.21052631578947367,0.07886904761904762,1.394736842105263,0,7
RTFMS_40000_INSERTION_4.0_5_heuristics.pnml,884,25,0.7771529943226336,4,1.0,830,28.295081967213115,195,1.0,0.5542986425339367,0.021007775119617225,1.907239819004525,83,1
Sepsis_1000_ORDERING_0.4_3_inductive.pnml,91,3,0.5349436990971066,9,0.967032967032967,38,3.341463414634146,11,0.9661016949152542,0.26373626373626374,0.02878048780487805,1.2967032967032968,33,0
BPIC2012_1000_INSERTION_4.0_2_heuristics.pnml,137,5,0.4220005168831531,1,0.9343065693430657,78,5.6,13,0.9597989949748744,0.7153284671532847,0.02644869750132908,1.4525547445255473,54,0
BPIC2012_40000_ORDERING_2.0_2_inductive.pnml,109,1,0.876716288999464,9,0.981651376146789,60,3.4814814814814814,10,0.972972972972973,0.908256880733945,0.025874125874125874,1.3577981651376148,40,0
RTFMS_40000_INSERTION_0.2_3_heuristics.pnml,112,20,0.8680403986166403,3,1.0,84,5.526315789473684,22,1.0,0.26785714285714285,0.038052721088435375,1.5982142857142858,34,1
Sepsis_20000_ORDERING_0.1_2_inductive.pnml,93,2,0.5916727785823275,10,0.978494623655914,40,3.4285714285714284,11,0.9672131147540983,0.25806451612903225,0.028478057889822595,1.3118279569892473,34,0
RTFMS_1000_ORDERING_0.1_1_inductive_inf.pnml,53,2,0.7950402793845223,3,0.9622641509433962,27,3.28,5,0.9705882352941176,0.07547169811320754,0.04985337243401759,1.2830188679245282,19,0
RTFMS_1000_SUBSTITUTION_0.4_5_inductive.pnml,55,2,0.6500224216483541,2,0.9454545454545454,28,3.2916666666666665,5,0.9714285714285714,0.14545454545454545,0.048209366391184574,1.2727272727272727,20,0
RTFMS_4000_MIXED_0.1_3_inductive.pnml,54,0,0.8112781244591328,3,0.9444444444444444,31,3.5416666666666665,5,0.9722222222222222,0.7962962962962963,0.05194805194805195,1.3333333333333333,20,0
RTFMS_2000_ABSENCE_0.2_4_inductive_inf.pnml,54,1,0.7642045065086203,3,0.9444444444444444,29,3.2222222222222223,5,1.0,0.07407407407407407,0.04971590909090909,1.2962962962962963,20,0
BPIC2012_10000_ORDERING_4.0_5_inductive.pnml,156,0,0.7586638628883695,10,0.9871794871794872,85,3.3972602739726026,6,0.9805825242718447,0.9358974358974359,0.01757979177334016,1.3205128205128205,68,0
Sepsis_1000_alpha.pnml,23,15,0.9182958340544896,7,0.9130434782608696,16,4.333333333333333,14,1.0,0.0,0.15625,1.5217391304347827,0,2
Sepsis_10000_ORDERING_0.1_5_inductive.pnml,93,2,0.5830194167347008,10,0.978494623655914,43,3.488372093023256,11,0.9838709677419355,0.25806451612903225,0.029080675422138838,1.3333333333333333,35,0
RTFMS_20000_ABSENCE_1.0_2_heuristics.pnml,63,30,0.8960382325345574,2,1.0,45,3.75,9,1.0,0.3333333333333333,0.049456521739130434,1.4444444444444444,28,1
BPIC2012_2000_ABSENCE_4.0_2_alpha.pnml,36,9,0.9975025463691152,8,0.9166666666666666,16,4.0,13,0.9545454545454546,0.0,0.0763888888888889,1.2222222222222223,0,5
RTFMS_100000_ORDERING_10.0_1_inductive_inf.pnml,51,0,0.6665783579949205,9,0.9607843137254902,23,3.739130434782609,9,0.9428571428571428,0.0784313725490196,0.05384615384615385,1.3725490196078431,14,0
RTFMS_40000_SUBSTITUTION_10.0_4_inductive.pnml,2080,3,0.7219280948873623,9,0.9980769230769231,1996,45.422222222222224,624,1.0,0.021153846153846155,0.013951139884904824,1.939423076923077,86,0
BPIC2012_20000_ORDERING_2.0_1_heuristics.pnml,136,3,0.730926377590601,4,0.9852941176470589,81,4.863636363636363,16,0.9848484848484849,0.6470588235294118,0.02578125,1.4558823529411764,71,2
BPIC2012_40000_MIXED_0.2_2_heuristics.pnml,149,3,0.7401470427139037,4,0.9798657718120806,90,5.395348837209302,16,0.9819004524886877,0.7114093959731543,0.024588340008900755,1.483221476510067,66,3
RTFMS_1000_INSERTION_0.4_1_alpha.pnml,27,4,0.9709505944546686,9,0.9259259259259259,14,3.533333333333333,5,1.0,0.5185185185185185,0.10277777777777777,1.3703703703703705,0,8
Sepsis_2000_SUBSTITUTION_4.0_1_heuristics.pnml,167,33,0.9366673818775626,7,1.0,135,6.588235294117647,22,1.0,0.6047904191616766,0.028967768257853937,1.7005988023952097,72,6
Sepsis_2000_SUBSTITUTION_2.0_5_heuristics.pnml,127,34,0.9503376699710268,6,1.0,101,5.608695652173913,16,1.0,0.5118110236220472,0.03320683111954459,1.6535433070866141,62,6
BPIC2012_1000_SUBSTITUTION_4.0_1_heuristics.pnml,145,1,0.49418293484978865,2,0.9793103448275862,88,5.783783783783784,20,0.9626168224299065,0.7172413793103448,0.025882922109337205,1.4758620689655173,58,0
BPIC2012_40000_ORDERING_0.4_3_inductive.pnml,133,1,0.7706290693639405,10,0.9849624060150376,72,3.4838709677419355,9,0.9775280898876404,0.924812030075188,0.02086263478668542,1.3383458646616542,54,0
Sepsis_10000_ABSENCE_0.1_1_alpha.pnml,22,15,0.9402859586706311,7,0.9545454545454546,18,4.0,14,1.0,0.0,0.17708333333333334,1.5454545454545454,0,2
BPIC2012_100000_INSERTION_0.1_1_alpha.pnml,79,6,0.9910760598382222,4,0.9113924050632911,21,6.0,18,0.9574468085106383,0.0,0.04137323943661972,0.5949367088607594,0,2
BPIC2012_2000_INSERTION_0.1_5_alpha.pnml,37,8,1.0,5,0.8108108108108107,12,4.083333333333333,11,0.8461538461538461,0.0,0.065,1.054054054054054,0,1
BPIC2012_1000_ORDERING_2.0_4_alpha.pnml,32,6,0.9798687566511528,4,0.84375,14,3.9166666666666665,13,0.9411764705882353,0.0,0.08854166666666667,1.0625,0,1
BPIC2012_20000_ABSENCE_0.2_4_alpha.pnml,35,9,0.9967916319816366,7,0.8857142857142857,14,4.066666666666666,13,0.9512195121951219,0.0,0.07765151515151515,1.1714285714285715,0,3
BPIC2012_20000_MIXED_2.0_2_alpha.pnml,136,20,0.9182958340544896,5,0.875,34,6.533333333333333,33,0.9882352941176471,0.0,0.03090909090909091,0.625,0,0
RTFMS_1000_SUBSTITUTION_4.0_3_heuristics.pnml,95,25,0.9262122127346664,4,1.0,65,4.2926829268292686,14,1.0,0.2,0.03578629032258065,1.4947368421052631,38,4
RTFMS_4000_ORDERING_0.4_5_inductive.pnml,41,1,0.7871265862012691,3,0.9512195121951219,22,3.6470588235294117,6,0.962962962962963,0.6097560975609756,0.0661764705882353,1.3170731707317074,12,0
RTFMS_20000_INSERTION_1.0_1_alpha.pnml,97,7,0.9182958340544896,3,0.979381443298969,34,11.666666666666666,31,0.9846153846153847,0.0,0.07065217391304347,0.6701030927835051,0,1
RTFMS_2000_MIXED_4.0_5_heuristics.pnml,98,32,0.9097361225311662,3,1.0,71,4.6,14,1.0,0.5408163265306123,0.03676470588235294,1.530612244897959,41,3
Sepsis_20000_MIXED_0.2_3_heuristics.pnml,116,34,0.9503376699710268,8,1.0,92,5.391304347826087,16,1.0,0.5431034482758621,0.035414384811975175,1.6724137931034482,57,7
Sepsis_10000_INSERTION_1.0_3_inductive.pnml,220,6,0.6861549474202006,11,0.9818181818181818,128,3.935483870967742,17,1.0,0.23636363636363636,0.014163011695906433,1.4090909090909092,81,0
BPIC2012_20000_MIXED_2.0_2_inductive.pnml,332,5,0.7088356733321961,14,0.9879518072289156,209,4.580645161290323,23,1.0,0.37650602409638556,0.010603448275862069,1.4819277108433735,106,0
RTFMS_40000_ABSENCE_0.4_3_inductive_inf.pnml,55,0,0.74959525725948,6,0.9454545454545454,27,3.25,5,0.9722222222222222,0.07272727272727272,0.048,1.309090909090909,18,0
BPIC2012_20000_INSERTION_4.0_2_alpha.pnml,399,2,0.863120568566631,2,0.974937343358396,66,19.571428571428573,60,0.9777777777777777,0.0,0.02157928388746803,0.3383458646616541,0,0
Sepsis_1000_ORDERING_1.0_4_inductive.pnml,91,3,0.5349436990971066,9,0.967032967032967,38,3.341463414634146,11,0.9661016949152542,0.26373626373626374,0.02878048780487805,1.2967032967032968,33,0
RTFMS_10000_INSERTION_0.4_1_heuristics.pnml,96,20,0.9262122127346664,5,1.0,68,4.487804878048781,11,1.0,0.4479166666666667,0.037121212121212124,1.53125,36,3
BPIC2012_40000_ABSENCE_2.0_2_inductive.pnml,135,0,0.6436394131461666,8,0.9703703703703703,77,3.557377049180328,7,0.9945054945054945,0.9037037037037037,0.02108433734939759,1.348148148148148,58,0
Sepsis_10000_ORDERING_2.0_5_inductive_inf.pnml,89,2,0.4770713062193297,9,0.9775280898876404,41,3.5384615384615383,11,0.9830508474576272,0.2696629213483146,0.030256410256410255,1.3258426966292134,33,0
Sepsis_1000_INSERTION_2.0_4_heuristics.pnml,116,26,0.9097361225311662,4,1.0,87,5.6,16,1.0,0.6120689655172413,0.03567362428842505,1.6206896551724137,54,4
BPIC2012_1000_INSERTION_2.0_3_inductive.pnml,169,2,0.6242741010130388,10,0.9467455621301775,91,3.4935064935064934,8,0.995575221238938,0.7692307692307693,0.01662253604001177,1.3372781065088757,68,0
Sepsis_1000_MIXED_10.0_4_inductive.pnml,184,5,0.6722948170756379,10,0.9782608695652174,96,3.5058823529411764,14,1.0,0.21739130434782608,0.015538847117794486,1.3478260869565217,74,0
RTFMS_100000_ABSENCE_4.0_1_inductive.pnml,62,1,0.7335379291086666,6,0.9838709677419355,33,3.176470588235294,5,1.0,0.06451612903225806,0.04338624338624339,1.3225806451612903,23,0
Sepsis_20000_INSERTION_0.4_4_inductive.pnml,198,3,0.6722948170756379,10,0.9797979797979798,112,3.835294117647059,15,1.0,0.2222222222222222,0.015401785714285715,1.393939393939394,72,0
RTFMS_1000_SUBSTITUTION_2.0_2_alpha.pnml,31,9,0.9910760598382222,4,0.9032258064516129,13,4.222222222222222,9,0.9696969696969697,0.0,0.08333333333333333,1.064516129032258,0,2
Sepsis_10000_INSERTION_0.1_3_alpha.pnml,34,15,0.9852281360342515,12,0.9705882352941176,23,4.190476190476191,15,0.9433962264150944,0.0,0.10037878787878787,1.5588235294117647,0,6
Sepsis_10000_ABSENCE_10.0_3_inductive.pnml,95,3,0.5107878229540133,9,0.9789473684210527,44,3.4545454545454546,11,1.0,0.25263157894736843,0.028455284552845527,1.3263157894736841,37,0
Sepsis_2000_ABSENCE_1.0_3_inductive_inf.pnml,90,1,0.5266170655714281,8,0.9444444444444444,45,3.4523809523809526,9,1.0,0.26666666666666666,0.030364372469635626,1.3333333333333333,35,0
BPIC2012_20000_INSERTION_2.0_3_inductive_inf.pnml,169,2,0.4854607607459134,2,0.9526627218934911,126,7.526315789473684,22,1.0,0.40828402366863903,0.029847494553376906,1.621301775147929,35,0
RTFMS_4000_INSERTION_0.2_5_heuristics.pnml,76,20,0.954434002924965,5,1.0,51,3.75,8,1.0,0.39473684210526316,0.041294642857142856,1.4605263157894737,32,3
Sepsis_1000_MIXED_0.4_5_heuristics.pnml,98,28,0.9268190639645772,4,1.0,73,5.052631578947368,14,1.0,0.6428571428571429,0.038980509745127435,1.5918367346938775,52,4
BPIC2012_40000_ORDERING_2.0_3_inductive_inf.pnml,112,1,0.5665095065529053,6,0.9553571428571429,61,3.7333333333333334,10,0.98,0.8482142857142857,0.025278058645096056,1.3392857142857142,45,0
BPIC2012_100000_ORDERING_2.0_5_inductive_inf.pnml,148,0,0.6014353864290772,16,0.9864864864864865,72,3.3066666666666666,8,1.0,0.2972972972972973,0.01810790835181079,1.3243243243243243,58,0
RTFMS_20000_SUBSTITUTION_0.1_4_heuristics.pnml,85,28,0.8524051786494786,2,1.0,60,4.333333333333333,13,1.0,0.24705882352941178,0.040549169859514685,1.4941176470588236,35,1
BPIC2012_10000_SUBSTITUTION_0.1_4_inductive.pnml,170,2,0.691289869405789,10,0.9705882352941176,92,3.3580246913580245,6,0.9910714285714286,0.8117647058823529,0.016147635524798153,1.3176470588235294,72,0
RTFMS_10000_MIXED_0.2_4_inductive.pnml,60,1,0.6343095546405662,2,0.95,34,3.64,6,1.0,0.55,0.04784688995215311,1.3333333333333333,22,0
RTFMS_20000_INSERTION_4.0_1_inductive_inf.pnml,284,0,0.27138958750811115,7,0.9753521126760564,234,12.046511627906977,89,1.0,0.1267605633802817,0.025092843521027804,1.7605633802816902,41,0
Sepsis_40000_ORDERING_0.4_5_heuristics.pnml,116,37,0.9440870182837794,8,1.0,92,5.276595744680851,15,1.0,0.5258620689655172,0.03461262553802009,1.6637931034482758,65,7
Sepsis_100000_ABSENCE_4.0_3_alpha.pnml,22,10,0.9402859586706311,7,0.9545454545454546,21,4.357142857142857,14,1.0,0.0,0.19270833333333334,1.6818181818181819,0,2
BPIC2012_2000_ORDERING_4.0_4_heuristics.pnml,114,3,0.5916727785823275,3,1.0,66,4.8,12,0.9693251533742331,0.7368421052631579,0.029963235294117648,1.4298245614035088,57,0
RTFMS_2000_ORDERING_10.0_4_inductive_inf.pnml,27,0,0.0,0,0.7777777777777778,15,3.4,5,1.0,0.14814814814814814,0.1,1.2592592592592593,9,0
RTFMS_10000_ABSENCE_2.0_1_inductive.pnml,41,1,0.5435644431995964,1,0.975609756097561,27,3.875,7,1.0,0.7317073170731707,0.07407407407407407,1.3658536585365855,15,0
RTFMS_2000_ABSENCE_1.0_2_inductive_inf.pnml,52,1,0.6665783579949205,2,0.9230769230769231,29,3.4347826086956523,5,0.9852941176470589,0.07692307692307693,0.053125,1.3076923076923077,20,0
RTFMS_20000_SUBSTITUTION_2.0_5_heuristics.pnml,281,24,0.8453509366224364,3,1.0,247,12.363636363636363,78,1.0,0.15658362989323843,0.031097262952101662,1.811387900355872,55,1
BPIC2012_4000_ABSENCE_4.0_1_alpha.pnml,36,10,0.9975025463691152,8,0.9166666666666666,16,4.0588235294117645,14,0.9555555555555556,0.0,0.078125,1.25,0,5
BPIC2012_20000_MIXED_0.1_4_inductive_inf.pnml,122,0,0.7717094696953632,9,0.9426229508196722,63,3.5283018867924527,7,0.9320987654320988,0.9262295081967213,0.0225,1.3278688524590163,47,0
BPIC2012_1000_ABSENCE_0.2_3_inductive.pnml,137,0,0.7424875695421236,8,0.9635036496350365,68,3.473684210526316,6,0.9325842696629214,0.8832116788321168,0.019620811287477953,1.2992700729927007,56,0
Sepsis_100000_ORDERING_0.4_2_alpha.pnml,25,27,0.9774178175281716,15,0.96,21,4.882352941176471,15,1.0,0.0,0.16666666666666666,1.92,0,6
Sepsis_100000_ABSENCE_0.4_4_heuristics.pnml,109,36,0.9503376699710268,8,1.0,86,5.130434782608695,14,1.0,0.5412844036697247,0.036084529505582136,1.6605504587155964,59,7
RTFMS_1000_ORDERING_1.0_5_inductive.pnml,46,3,0.6500224216483541,3,0.9565217391304348,21,3.4444444444444446,5,0.9310344827586207,0.08695652173913043,0.05576923076923077,1.2608695652173914,14,0
Sepsis_40000_SUBSTITUTION_10.0_1_inductive.pnml,2101,1,0.7158259310602149,14,0.9980961446930033,1972,31.045454545454547,713,1.0,0.028557829604950024,0.009500165508109898,1.9124226558781532,119,0
RTFMS_4000_INSERTION_0.2_5_alpha.pnml,34,5,0.9957274520849255,17,0.9117647058823529,26,4.0,7,0.9830508474576272,0.38235294117647056,0.10350877192982456,1.7352941176470589,0,13
BPIC2012_4000_SUBSTITUTION_1.0_2_heuristics.pnml,150,0,0.7120640548905479,4,0.98,92,5.609756097560975,14,0.9730941704035875,0.7266666666666667,0.024949653166256434,1.4866666666666666,63,3
BPIC2012_10000_ORDERING_10.0_4_alpha.pnml,46,16,0.9833761901392235,21,0.9565217391304348,47,4.787878787878788,17,1.0,0.34782608695652173,0.08333333333333333,1.9130434782608696,0,16
Sepsis_40000_ORDERING_1.0_1_alpha.pnml,26,12,0.9819407868640977,13,1.0,25,4.526315789473684,15,1.0,0.0,0.153125,1.8846153846153846,0,8
RTFMS_40000_ABSENCE_0.2_4_alpha.pnml,28,31,0.9774178175281716,18,1.0,12,4.235294117647059,9,1.0,0.0,0.12566844919786097,1.6785714285714286,0,11
Sepsis_40000_SUBSTITUTION_0.1_5_heuristics.pnml,123,37,0.9440870182837794,8,1.0,99,5.574468085106383,16,1.0,0.5203252032520326,0.034203569068076665,1.6829268292682926,58,7
BPIC2012_10000_INSERTION_0.1_3_alpha.pnml,31,10,0.9709505944546686,2,0.8709677419354839,5,5.0,13,0.8636363636363636,0.0,0.08461538461538462,0.7096774193548387,0,0
BPIC2012_20000_SUBSTITUTION_1.0_4_alpha.pnml,132,58,0.7950402793845223,4,0.9772727272727273,62,5.6,29,0.9795918367346939,0.0,0.056,0.7424242424242424,0,2
BPIC2012_4000_INSERTION_10.0_2_alpha.pnml,215,3,0.9182958340544896,1,0.9488372093023256,39,13.5,36,0.9506172839506173,0.0,0.027815934065934064,0.3767441860465116,0,0
RTFMS_10000_INSERTION_0.1_3_inductive.pnml,60,1,0.5293608652873644,2,0.8833333333333333,34,3.6,6,1.0,0.38333333333333336,0.04784688995215311,1.3333333333333333,20,0
BPIC2012_20000_MIXED_4.0_3_heuristics.pnml,401,10,0.6252624052234231,4,1.0,327,11.3125,53,1.0,0.7256857855361596,0.01782435740514076,1.743142144638404,125,3
Sepsis_100000_ORDERING_4.0_1_inductive.pnml,108,0,0.691289869405789,12,0.9814814814814815,53,3.3703703703703702,9,0.9861111111111112,0.2222222222222222,0.025,1.3333333333333333,43,0
Sepsis_100000_INSERTION_0.4_2_heuristics.pnml,328,34,0.898653375690748,8,1.0,292,12.185185185185185,52,1.0,0.6798780487804879,0.0256225036117957,1.8384146341463414,79,7
RTFMS_20000_MIXED_4.0_4_alpha.pnml,193,4,0.9910760598382222,3,0.9896373056994818,69,16.77777777777778,66,1.0,0.0,0.07287234042553191,0.7098445595854922,0,3
BPIC2012_40000_SUBSTITUTION_10.0_2_alpha.pnml,2124,7,0.0,0,0.9990583804143126,317,313.5,317,1.0,0.0,0.07386899151743638,0.2951977401129944,0,0
Sepsis_4000_ABSENCE_10.0_5_heuristics.pnml,116,41,0.9733854352299556,8,1.0,86,5.0212765957446805,14,1.0,0.6982758620689655,0.03198768388641807,1.6120689655172413,62,11
BPIC2012_1000_INSERTION_10.0_5_alpha.pnml,79,14,0.954434002924965,2,0.7974683544303798,13,5.625,21,0.7959183673469388,0.0,0.032754010695187165,0.620253164556962,0,0
BPIC2012_40000_INSERTION_0.2_5_heuristics.pnml,174,4,0.7045767128725936,4,0.9885057471264368,111,5.851063829787234,17,0.9734848484848485,0.8103448275862069,0.022418478260869564,1.5172413793103448,71,3
Sepsis_4000_INSERTION_0.1_2_alpha.pnml,23,13,0.9402859586706311,7,0.9130434782608696,20,4.142857142857143,14,1.0,0.0,0.17647058823529413,1.565217391304348,0,1
Sepsis_20000_ORDERING_4.0_4_alpha.pnml,28,3,0.954434002924965,12,1.0,25,5.0,15,1.0,0.0,0.1328125,1.8214285714285714,0,10
BPIC2012_1000_SUBSTITUTION_0.1_4_inductive.pnml,136,1,0.7424875695421236,8,0.9264705882352942,66,3.43859649122807,6,0.9318181818181819,0.8897058823529411,0.019642857142857142,1.2941176470588236,55,0
Sepsis_100000_ABSENCE_4.0_4_inductive.pnml,96,4,0.5665095065529053,8,0.9791666666666666,44,3.3777777777777778,10,1.0,0.25,0.027937915742793792,1.3125,38,0
RTFMS_2000_ABSENCE_0.4_3_inductive.pnml,59,2,0.7355085815538398,3,0.9830508474576272,35,3.310344827586207,5,1.0,0.06779661016949153,0.04710144927536232,1.3220338983050848,24,0
Sepsis_100000_SUBSTITUTION_4.0_1_inductive.pnml,2101,1,0.7158259310602149,14,0.9980961446930033,1972,31.045454545454547,713,1.0,0.028557829604950024,0.009500165508109898,1.9124226558781532,119,0
RTFMS_4000_MIXED_0.4_2_alpha.pnml,34,8,0.9988455359952018,17,0.9705882352941176,29,4.2,9,0.9836065573770492,0.5882352941176471,0.10701754385964912,1.7941176470588236,0,15
BPIC2012_2000_ABSENCE_2.0_1_heuristics.pnml,106,6,0.6136190195993708,3,0.9622641509433962,59,4.696969696969697,11,0.9666666666666667,0.7547169811320755,0.0316722972972973,1.4150943396226414,51,0
BPIC2012_10000_MIXED_2.0_2_heuristics.pnml,205,0,0.6267511370265895,4,0.975609756097561,137,6.470588235294118,19,0.9936908517350158,0.6487804878048781,0.021032377919320593,1.5463414634146342,82,3
RTFMS_10000_MIXED_10.0_4_alpha.pnml,237,5,1.0,2,0.9915611814345991,79,21.5,80,1.0,0.0,0.08583690987124463,0.6751054852320675,0,2
Sepsis_40000_ORDERING_10.0_2_heuristics.pnml,129,35,0.9526092095121206,9,1.0,97,5.215686274509804,16,1.0,0.4728682170542636,0.030056980056980057,1.6356589147286822,73,10
Sepsis_4000_ORDERING_4.0_1_inductive_inf.pnml,68,0,0.362051251733998,8,0.9411764705882353,33,3.7241379310344827,10,0.967391304347826,0.35294117647058826,0.04035087719298246,1.3529411764705883,23,0
Sepsis_20000_INSERTION_0.4_1_alpha.pnml,68,18,1.0,6,0.8823529411764706,21,5.083333333333333,18,0.9583333333333334,0.0,0.05,0.7058823529411765,0,0
RTFMS_40000_SUBSTITUTION_0.2_1_heuristics.pnml,112,21,0.8779620013943912,3,1.0,86,5.72972972972973,20,1.0,0.2767857142857143,0.03943355119825708,1.6160714285714286,37,1
Sepsis_2000_INSERTION_1.0_5_heuristics.pnml,128,32,0.9377342939868041,6,1.0,98,5.333333333333333,17,1.0,0.4921875,0.03140096618357488,1.625,65,6
BPIC2012_2000_SUBSTITUTION_0.1_2_heuristics.pnml,104,6,0.6373874992221911,3,0.9519230769230769,56,4.774193548387097,10,0.9452054794520548,0.7692307692307693,0.031684027777777776,1.4038461538461537,49,0
RTFMS_10000_ORDERING_0.1_4_inductive_inf.pnml,37,0,0.5916727785823275,1,0.8648648648648649,23,3.9285714285714284,7,0.98,0.8108108108108109,0.08012820512820513,1.3513513513513513,12,0
Sepsis_100000_SUBSTITUTION_1.0_5_alpha.pnml,511,19,0.0,0,0.9960861056751468,72,62.5,72,1.0,0.0,0.061394891944990176,0.2446183953033268,0,0
RTFMS_2000_INSERTION_1.0_2_inductive.pnml,99,2,0.7131467486384921,5,0.9595959595959596,52,3.347826086956522,6,0.9846153846153847,0.20202020202020202,0.027777777777777776,1.3131313131313131,38,0
RTFMS_4000_INSERTION_0.2_1_heuristics.pnml,76,20,0.954434002924965,5,0.9605263157894737,51,3.75,8,1.0,0.6973684210526315,0.041294642857142856,1.4605263157894737,33,3
RTFMS_100000_SUBSTITUTION_0.2_5_inductive.pnml,232,2,0.7531979910695014,8,0.9827586206896551,164,5.5675675675675675,39,1.0,0.1206896551724138,0.018034086405073327,1.5689655172413792,64,0
Sepsis_20000_MIXED_4.0_5_alpha.pnml,209,5,1.0,1,0.9808612440191388,29,16.5,33,0.9692307692307692,0.0,0.039634146341463415,0.31100478468899523,0,0
RTFMS_1000_ORDERING_1.0_5_heuristics.pnml,58,17,0.9293636260137187,3,1.0,35,3.5172413793103448,7,1.0,0.1206896551724138,0.049689440993788817,1.3793103448275863,23,4
RTFMS_40000_ORDERING_1.0_2_inductive.pnml,71,0,0.8524051786494786,8,0.971830985915493,35,3.3333333333333335,6,0.9574468085106383,0.056338028169014086,0.03766025641025641,1.323943661971831,27,0
RTFMS_40000_SUBSTITUTION_1.0_5_alpha.pnml,198,7,1.0,4,0.9797979797979798,76,21.5,78,1.0,0.0,0.06944444444444445,0.8080808080808081,0,2
Sepsis_20000_MIXED_1.0_3_heuristics.pnml,170,34,0.9248187049730301,8,1.0,140,6.96,23,1.0,0.48823529411764705,0.029871977240398292,1.7294117647058824,63,7
RTFMS_1000_ABSENCE_0.1_2_inductive.pnml,47,2,0.7024665512903903,2,0.9361702127659575,24,3.2857142857142856,5,0.9666666666666667,0.0851063829787234,0.05639097744360902,1.2765957446808511,16,0
RTFMS_4000_ABSENCE_10.0_5_alpha.pnml,32,12,0.9940302114769565,22,1.0,22,4.545454545454546,9,1.0,0.5625,0.12987012987012986,1.875,0,19
BPIC2012_1000_INSERTION_0.1_3_alpha.pnml,31,6,0.9910760598382222,3,0.7741935483870968,10,4.333333333333333,11,0.9285714285714286,0.0,0.08333333333333333,0.9032258064516129,0,1
Sepsis_4000_INSERTION_0.2_1_alpha.pnml,28,21,0.964078764808229,10,0.9642857142857143,21,4.111111111111111,15,0.9772727272727273,0.0,0.1286549707602339,1.5714285714285714,0,2
Sepsis_4000_ORDERING_2.0_3_heuristics.pnml,119,42,0.9656361333706098,7,1.0,89,5.173913043478261,15,1.0,0.6638655462184874,0.03164139749505603,1.6134453781512605,65,10
Sepsis_10000_SUBSTITUTION_4.0_5_heuristics.pnml,338,33,0.9238422284571814,9,1.0,294,11.35593220338983,55,1.0,0.6804733727810651,0.022855866587254317,1.816568047337278,84,10
BPIC2012_10000_ORDERING_0.1_1_heuristics.pnml,124,1,0.7424875695421236,4,0.9435483870967742,69,4.7631578947368425,13,0.9657142857142857,0.6935483870967742,0.026774785801713587,1.4112903225806452,61,3
BPIC2012_40000_SUBSTITUTION_1.0_3_heuristics.pnml,375,4,0.6360156177392154,4,0.9946666666666667,308,12.107142857142858,52,1.0,0.6053333333333333,0.020215384615384614,1.752,102,3
BPIC2012_100000_ABSENCE_2.0_4_heuristics.pnml,134,1,0.782444129406689,5,0.9626865671641791,76,4.744186046511628,16,0.96875,0.7164179104477612,0.024844720496894408,1.4328358208955223,67,4
BPIC2012_4000_MIXED_0.4_1_heuristics.pnml,128,3,0.7424875695421236,4,0.9453125,72,4.973684210526316,11,0.9672131147540983,0.71875,0.02675438596491228,1.4296875,59,3
BPIC2012_1000_ABSENCE_2.0_2_inductive.pnml,139,0,0.7219280948873623,8,0.9712230215827338,72,3.45,6,0.9505494505494505,0.8776978417266187,0.01957831325301205,1.3093525179856116,58,0
BPIC2012_1000_MIXED_2.0_3_alpha.pnml,47,11,0.9876925088958034,12,0.9361702127659575,24,4.217391304347826,13,0.9523809523809523,0.0,0.06350806451612903,1.3404255319148937,0,4
RTFMS_2000_SUBSTITUTION_0.4_1_heuristics.pnml,70,29,0.9275265884316759,3,1.0,48,3.7714285714285714,10,1.0,0.17142857142857143,0.04414335664335664,1.4428571428571428,28,3
Sepsis_10000_ABSENCE_1.0_3_alpha.pnml,22,15,0.9402859586706311,7,0.9545454545454546,18,4.0,14,1.0,0.0,0.17708333333333334,1.5454545454545454,0,2
RTFMS_2000_ABSENCE_0.4_4_inductive.pnml,57,2,0.7355085815538398,3,0.9298245614035088,32,3.1724137931034484,5,1.0,0.07017543859649122,0.04731457800511509,1.2982456140350878,22,0
Sepsis_40000_MIXED_0.2_4_inductive_inf.pnml,131,4,0.5435644431995964,10,0.9694656488549618,60,3.21875,11,1.0,0.3053435114503817,0.02023809523809524,1.297709923664122,55,0
RTFMS_1000_ABSENCE_0.1_4_inductive.pnml,47,2,0.7024665512903903,2,0.9361702127659575,24,3.2857142857142856,5,0.9666666666666667,0.0851063829787234,0.05639097744360902,1.2765957446808511,16,0
BPIC2012_100000_SUBSTITUTION_4.0_4_alpha.pnml,2050,0,0.0,0,0.9990243902439024,305,305.0,305,1.0,0.0,0.074462890625,0.2975609756097561,0,0
RTFMS_100000_SUBSTITUTION_1.0_1_inductive.pnml,635,4,0.7320666900931938,9,0.9937007874015749,564,15.564102564102564,161,1.0,0.050393700787401574,0.016382367843269716,1.8330708661417323,70,0
BPIC2012_10000_MIXED_0.4_3_heuristics.pnml,142,1,0.7219280948873623,4,0.9507042253521126,85,5.425,14,0.9712918660287081,0.6690140845070423,0.025612745098039215,1.471830985915493,64,3
RTFMS_2000_MIXED_10.0_1_heuristics.pnml,157,39,0.9366673818775626,5,1.0,122,5.921568627450981,25,1.0,0.4267515923566879,0.02792264232942199,1.6369426751592357,52,7
BPIC2012_10000_INSERTION_10.0_2_heuristics.pnml,655,0,0.6136190195993708,5,1.0,574,18.515151515151516,82,0.9983333333333333,0.7893129770992366,0.01680672268907563,1.83206106870229,122,3
BPIC2012_100000_SUBSTITUTION_4.0_3_heuristics.pnml,2358,9,0.744679534841153,17,1.0,2220,33.605839416058394,377,1.0,0.6412213740458015,0.008990188907263707,1.9181509754028838,270,4
RTFMS_10000_ABSENCE_4.0_4_heuristics.pnml,67,26,0.9517626756348311,4,1.0,47,3.7714285714285714,9,1.0,0.3880597014925373,0.04666666666666667,1.462686567164179,30,3
RTFMS_40000_MIXED_0.2_1_alpha.pnml,45,28,0.9402859586706311,12,0.9555555555555556,22,5.071428571428571,16,0.9807692307692307,0.0,0.07428571428571429,1.1555555555555554,0,5
RTFMS_10000_INSERTION_0.2_5_alpha.pnml,35,8,0.9975025463691152,12,0.8857142857142857,23,4.294117647058823,8,1.0,0.37142857142857144,0.08216783216783216,1.3428571428571427,0,6
RTFMS_4000_SUBSTITUTION_0.2_2_inductive.pnml,83,3,0.6789538995185758,4,0.927710843373494,43,3.3076923076923075,6,0.9907407407407407,0.14457831325301204,0.03272727272727273,1.3012048192771084,33,0
BPIC2012_4000_INSERTION_4.0_1_heuristics.pnml,217,2,0.6420642892306891,4,0.9907834101382489,154,7.346938775510204,23,0.9913544668587896,0.7419354838709677,0.022056953979150775,1.599078341013825,75,3
Sepsis_20000_ORDERING_0.4_5_inductive.pnml,92,3,0.5266170655714281,10,0.9782608695652174,41,3.4761904761904763,12,0.9836065573770492,0.2608695652173913,0.029172644667623145,1.326086956521739,34,0
RTFMS_1000_MIXED_0.4_5_inductive_inf.pnml,52,1,0.4689955935892812,1,0.8653846153846154,27,3.45,5,0.9545454545454546,0.15384615384615385,0.0515625,1.2692307692307692,19,0
RTFMS_10000_SUBSTITUTION_2.0_2_heuristics.pnml,208,14,0.9440870182837794,7,1.0,175,8.72340425531915,58,1.0,0.30288461538461536,0.030933062880324543,1.7596153846153846,52,4
BPIC2012_20000_inductive_inf.pnml,132,1,0.74959525725948,9,0.9545454545454546,67,3.5357142857142856,6,0.9310344827586207,0.9545454545454546,0.020655270655270654,1.3181818181818181,53,0
RTFMS_100000_INSERTION_2.0_2_heuristics.pnml,1092,27,0.8536576732793313,5,1.0,1043,35.34426229508197,244,1.0,0.5054945054945055,0.02191578684844958,1.9313186813186813,81,2
BPIC2012_40000_INSERTION_0.2_3_alpha.pnml,71,15,0.9957274520849255,5,0.8450704225352113,17,4.384615384615385,19,0.8979591836734694,0.0,0.037121212121212124,0.6901408450704225,0,0
BPIC2012_4000_SUBSTITUTION_2.0_5_heuristics.pnml,181,1,0.6751914401458716,4,0.988950276243094,120,6.444444444444445,19,0.9892857142857143,0.6629834254143646,0.023592854735422986,1.5469613259668509,67,3
Sepsis_1000_SUBSTITUTION_0.1_4_heuristics.pnml,99,28,0.9268190639645772,4,1.0,74,5.105263157894737,14,1.0,0.6464646464646465,0.03891625615763547,1.595959595959596,52,4
Sepsis_40000_ABSENCE_4.0_2_heuristics.pnml,109,36,0.9503376699710268,8,1.0,86,5.130434782608695,14,1.0,0.5412844036697247,0.036084529505582136,1.6605504587155964,59,7
Sepsis_1000_ORDERING_10.0_1_heuristics.pnml,100,26,0.9268190639645772,5,1.0,75,5.2105263157894735,15,1.0,0.48,0.03909664885866926,1.61,54,4
BPIC2012_40000_ABSENCE_1.0_3_heuristics.pnml,126,3,0.7691928290130138,4,0.9682539682539683,70,4.725,14,0.9611111111111111,0.7698412698412699,0.02616279069767442,1.4285714285714286,62,3
BPIC2012_20000_ORDERING_10.0_1_inductive_inf.pnml,136,1,0.7024665512903903,12,0.9264705882352942,63,3.3015873015873014,9,0.9431818181818182,0.3235294117647059,0.01929824561403509,1.2941176470588236,51,0
BPIC2012_40000_SUBSTITUTION_0.4_4_alpha.pnml,112,28,0.9587118829771318,7,0.9732142857142857,49,5.714285714285714,27,0.9767441860465116,0.0,0.04638619201725998,0.7678571428571429,0,3
RTFMS_100000_INSERTION_1.0_5_inductive.pnml,608,6,0.7512865767183431,10,0.993421052631579,539,14.759493670886076,125,1.0,0.046052631578947366,0.01642443577927449,1.8289473684210527,65,0
Sepsis_40000_MIXED_2.0_2_heuristics.pnml,336,31,0.9121156307204276,9,1.0,301,12.327272727272728,49,1.0,0.6755952380952381,0.025630425795783382,1.8452380952380953,74,7
Sepsis_40000_SUBSTITUTION_4.0_2_inductive.pnml,1000,4,0.6919278850058868,13,0.996,878,15.290322580645162,311,1.0,0.06,0.010044163481976674,1.824,116,0
BPIC2012_2000_INSERTION_10.0_1_heuristics.pnml,227,4,0.4820661480830931,3,0.9911894273127754,165,7.875,28,0.9918256130790191,0.5991189427312775,0.022405372405372406,1.6167400881057268,70,0
Sepsis_4000_MIXED_0.1_5_inductive_inf.pnml,99,4,0.5107878229540133,8,0.9797979797979798,43,3.3636363636363638,10,0.984375,0.32323232323232326,0.026578073089700997,1.292929292929293,39,0
Sepsis_1000_INSERTION_4.0_4_heuristics.pnml,127,26,0.9097361225311662,4,1.0,98,6.15,18,1.0,0.6220472440944882,0.03528225806451613,1.6535433070866141,54,4
Sepsis_20000_SUBSTITUTION_0.2_1_heuristics.pnml,133,35,0.9440870182837794,8,1.0,108,5.957446808510638,20,1.0,0.5037593984962406,0.033571004159239456,1.699248120300752,59,7
RTFMS_10000_INSERTION_0.2_3_alpha.pnml,35,9,0.9886994082884974,11,0.9142857142857143,18,4.25,9,0.9795918367346939,0.5142857142857142,0.08166666666666667,1.4,0,7
RTFMS_40000_MIXED_10.0_2_alpha.pnml,1004,15,0.8112781244591328,1,0.9950199203187251,305,157.0,317,0.9984025559105432,0.0,0.07825,0.6235059760956175,0,0
BPIC2012_100000_ORDERING_10.0_4_inductive.pnml,190,0,0.6665783579949205,21,0.9894736842105263,87,3.3260869565217392,10,0.968,0.25263157894736843,0.013975849731663685,1.3157894736842106,79,0
Sepsis_40000_ORDERING_10.0_1_alpha.pnml,26,0,0.8112781244591328,8,0.9615384615384616,23,5.583333333333333,16,1.0,0.0,0.146875,1.8076923076923077,0,8
RTFMS_20000_MIXED_0.4_3_alpha.pnml,35,8,0.9910760598382222,5,0.9142857142857143,21,5.666666666666667,16,1.0,0.17142857142857143,0.10459183673469388,1.1714285714285715,0,1
RTFMS_2000_SUBSTITUTION_10.0_3_alpha.pnml,116,13,0.954434002924965,5,0.9655172413793104,49,13.0,44,0.9789473684210527,0.0,0.04932502596053998,0.8189655172413793,0,4
BPIC2012_10000_INSERTION_1.0_4_inductive_inf.pnml,167,0,0.6565402813869459,7,0.8922155688622755,96,4.271186440677966,14,0.9658119658119658,0.7365269461077845,0.018660287081339714,1.401197604790419,60,0
BPIC2012_4000_MIXED_1.0_1_inductive_inf.pnml,158,3,0.7276874545656657,9,0.9113924050632911,78,3.4057971014492754,6,0.9563106796116505,0.8354430379746836,0.017121010638297872,1.3037974683544304,63,0
Sepsis_40000_ORDERING_0.4_4_heuristics.pnml,114,36,0.9377342939868041,8,1.0,88,5.041666666666667,15,1.0,0.5175438596491229,0.033815551537070526,1.6403508771929824,62,7
Sepsis_100000_SUBSTITUTION_0.4_5_alpha.pnml,210,0,0.0,0,0.9809523809523809,34,34.0,34,0.9714285714285714,0.0,0.05636070853462158,0.3333333333333333,0,0
RTFMS_4000_SUBSTITUTION_1.0_5_alpha.pnml,36,20,0.9402859586706311,11,0.9444444444444444,22,5.071428571428571,15,1.0,0.25,0.09615384615384616,1.3888888888888888,0,5
RTFMS_40000_SUBSTITUTION_10.0_4_alpha.pnml,1923,1,0.0,0,0.998959958398336,647,647.5,648,1.0,0.0,0.1685320145757418,0.6734269370774831,0,0
Sepsis_4000_MIXED_4.0_1_heuristics.pnml,166,42,0.954434002924965,7,1.0,133,6.875,22,1.0,0.6686746987951807,0.028568544316575812,1.7048192771084338,67,10
RTFMS_2000_ORDERING_1.0_1_alpha.pnml,23,11,0.8904916402194913,9,1.0,13,3.8461538461538463,9,1.0,0.0,0.13257575757575757,1.5217391304347827,0,8
Sepsis_100000_ORDERING_0.2_3_heuristics.pnml,111,37,0.9440870182837794,8,1.0,87,5.0638297872340425,15,1.0,0.5315315315315315,0.03495034377387318,1.6486486486486487,60,7
Sepsis_4000_ORDERING_0.2_4_heuristics.pnml,117,42,0.9656361333706098,7,1.0,87,5.086956521739131,14,1.0,0.6752136752136753,0.03175675675675676,1.606837606837607,63,10
BPIC2012_2000_ABSENCE_0.4_3_heuristics.pnml,106,6,0.6136190195993708,3,0.9622641509433962,59,4.696969696969697,11,0.9666666666666667,0.7547169811320755,0.0316722972972973,1.4150943396226414,51,0
BPIC2012_2000_INSERTION_0.2_5_alpha.pnml,36,8,1.0,5,0.8888888888888888,12,4.0,11,0.8648648648648649,0.0,0.06727272727272728,1.0277777777777777,0,1
RTFMS_20000_ABSENCE_2.0_1_heuristics.pnml,63,30,0.8960382325345574,2,1.0,45,3.75,9,1.0,0.3333333333333333,0.049456521739130434,1.4444444444444444,28,1
RTFMS_10000_INSERTION_2.0_5_heuristics.pnml,187,27,0.9182958340544896,4,1.0,155,8.044444444444444,38,1.0,0.3315508021390374,0.031778827233372685,1.7272727272727273,44,3
RTFMS_4000_ORDERING_1.0_1_inductive.pnml,32,1,0.6840384356390417,3,0.9375,18,4.363636363636363,7,0.9545454545454546,0.53125,0.08906882591093117,1.375,7,0
Sepsis_40000_INSERTION_1.0_4_heuristics.pnml,330,33,0.9182958340544896,9,1.0,294,11.719298245614034,47,1.0,0.693939393939394,0.025090939153439153,1.8393939393939394,73,7
Sepsis_1000_INSERTION_0.4_1_alpha.pnml,27,16,0.954434002924965,9,0.962962962962963,19,4.1875,15,1.0,0.0,0.12962962962962962,1.5555555555555556,0,2
RTFMS_20000_ABSENCE_0.4_4_inductive_inf.pnml,48,0,0.8112781244591328,3,0.8958333333333334,28,3.375,7,0.984375,0.8541666666666666,0.05807622504537205,1.3333333333333333,17,0
Sepsis_4000_MIXED_10.0_4_inductive_inf.pnml,143,0,0.43275015878875406,6,0.986013986013986,94,5.2444444444444445,16,1.0,0.2517482517482518,0.02582496413199426,1.5104895104895104,39,0
BPIC2012_20000_ORDERING_2.0_5_inductive.pnml,156,0,0.7586638628883695,10,0.9871794871794872,85,3.3972602739726026,6,0.9805825242718447,0.9358974358974359,0.01757979177334016,1.3205128205128205,68,0
BPIC2012_20000_INSERTION_4.0_5_inductive.pnml,733,6,0.7378773101576344,22,0.9945429740791268,541,6.720812182741117,65,1.0,0.13096862210095497,0.006654668266453362,1.6343792633015006,175,0
RTFMS_4000_ABSENCE_0.2_1_inductive.pnml,49,1,0.6840384356390417,2,0.9795918367346939,31,3.5454545454545454,5,1.0,0.7755102040816326,0.05913978494623656,1.346938775510204,19,0
RTFMS_1000_MIXED_0.2_1_inductive.pnml,51,1,0.7024665512903903,3,0.9411764705882353,25,3.4761904761904763,5,0.9393939393939394,0.0784313725490196,0.05238095238095238,1.2941176470588236,18,0
BPIC2012_2000_ABSENCE_1.0_4_inductive.pnml,142,1,0.7088356733321961,9,0.971830985915493,73,3.435483870967742,6,0.9516129032258065,0.8802816901408451,0.019088669950738917,1.3098591549295775,59,0
BPIC2012_2000_ORDERING_10.0_1_heuristics.pnml,123,2,0.6193821946787638,3,0.983739837398374,72,4.82051282051282,13,0.9830508474576272,0.7073170731707317,0.02825670498084291,1.4390243902439024,64,0
Sepsis_4000_INSERTION_1.0_1_heuristics.pnml,140,43,0.9601186626422924,7,1.0,109,5.914893617021277,17,1.0,0.6785714285714286,0.029927760577915376,1.6571428571428573,65,10
BPIC2012_1000_INSERTION_0.2_5_inductive.pnml,136,0,0.74959525725948,8,0.9338235294117647,66,3.4642857142857144,6,0.9204545454545454,0.9117647058823529,0.019642857142857142,1.2941176470588236,54,0
RTFMS_10000_INSERTION_10.0_4_alpha.pnml,493,20,0.9709505944546686,2,0.9959432048681541,134,51.4,133,1.0,0.0,0.06416155419222903,0.5091277890466531,0,2
BPIC2012_10000_SUBSTITUTION_1.0_1_inductive.pnml,269,1,0.7531979910695014,12,0.9851301115241635,165,4.09009009009009,17,0.9947916666666666,0.9851301115241635,0.01198501872659176,1.4275092936802973,101,0
RTFMS_20000_INSERTION_0.4_3_alpha.pnml,58,23,0.9910760598382222,6,0.9655172413793104,15,5.888888888888889,22,0.9565217391304348,0.10344827586206896,0.05215419501133787,0.7931034482758621,0,1
Sepsis_2000_INSERTION_4.0_3_inductive_inf.pnml,130,2,0.24229218908241482,6,0.9846153846153847,70,3.84,9,1.0,0.36923076923076925,0.022357723577235773,1.353846153846154,52,0
BPIC2012_20000_INSERTION_0.1_2_inductive.pnml,170,2,0.6193821946787638,10,0.9411764705882353,88,3.4358974358974357,8,0.9911504424778761,0.6176470588235294,0.01637443848717577,1.3294117647058823,66,0
RTFMS_4000_ABSENCE_1.0_3_inductive.pnml,46,1,0.7024665512903903,2,0.9782608695652174,29,3.5238095238095237,6,1.0,0.7608695652173914,0.06288032454361055,1.3478260869565217,17,0
Sepsis_20000_ABSENCE_4.0_5_heuristics.pnml,107,34,0.9503376699710268,8,1.0,83,5.0,14,1.0,0.5514018691588785,0.036036036036036036,1.644859813084112,57,7
BPIC2012_10000_MIXED_0.4_4_heuristics.pnml,135,1,0.7024665512903903,4,0.9407407407407408,79,4.857142857142857,13,0.9844559585492227,0.6888888888888889,0.02539473684210526,1.4296296296296296,62,3
Sepsis_2000_INSERTION_10.0_5_heuristics.pnml,226,31,0.9182958340544896,7,1.0,196,8.941176470588236,37,1.0,0.6106194690265486,0.028814528814528815,1.7831858407079646,72,4
Sepsis_4000_ABSENCE_0.1_3_heuristics.pnml,117,42,0.9656361333706098,7,1.0,87,5.086956521739131,14,1.0,0.6752136752136753,0.03175675675675676,1.606837606837607,63,10
BPIC2012_10000_ORDERING_2.0_5_inductive.pnml,119,0,0.7717094696953632,8,0.9831932773109243,66,3.5849056603773586,8,0.975,0.9159663865546218,0.02364066193853428,1.3445378151260505,47,0
BPIC2012_4000_MIXED_0.4_1_inductive_inf.pnml,148,0,0.7642045065086203,10,0.9256756756756757,71,3.4285714285714284,6,0.9322916666666666,0.8445945945945946,0.01800450112528132,1.2972972972972974,59,0
RTFMS_100000_ORDERING_0.1_3_inductive_inf.pnml,70,0,0.8739810481273578,8,0.9714285714285714,33,3.3529411764705883,5,0.9347826086956522,0.05714285714285714,0.03782894736842105,1.3142857142857143,26,0
Sepsis_1000_inductive_inf.pnml,91,3,0.5349436990971066,9,0.967032967032967,38,3.341463414634146,11,0.9661016949152542,0.26373626373626374,0.02878048780487805,1.2967032967032968,33,0
BPIC2012_4000_ORDERING_10.0_4_inductive_inf.pnml,152,2,0.6601070987550469,12,0.9342105263157895,77,3.236842105263158,7,0.9949494949494949,0.2894736842105263,0.01750663129973475,1.3026315789473684,64,0
BPIC2012_20000_ORDERING_0.4_2_heuristics.pnml,141,3,0.730926377590601,4,0.9858156028368794,82,4.909090909090909,14,0.9754901960784313,0.6950354609929078,0.024531024531024532,1.446808510638298,74,3
RTFMS_4000_SUBSTITUTION_0.1_5_heuristics.pnml,66,25,0.9709505944546686,4,0.9696969696969697,45,3.742857142857143,8,0.9895833333333334,0.5454545454545454,0.04682926829268293,1.4545454545454546,28,3
BPIC2012_1000_SUBSTITUTION_0.1_2_inductive_inf.pnml,133,1,0.7568336324184035,8,0.9323308270676691,64,3.4545454545454546,6,0.9186046511627907,0.9097744360902256,0.020046620046620046,1.2932330827067668,53,0
RTFMS_1000_ABSENCE_1.0_5_inductive.pnml,52,2,0.6665783579949205,2,0.9807692307692307,29,3.391304347826087,5,0.9705882352941176,0.07692307692307693,0.053125,1.3076923076923077,20,0
RTFMS_1000_ABSENCE_2.0_4_inductive.pnml,52,3,0.6665783579949205,2,0.9807692307692307,30,3.391304347826087,5,0.9705882352941176,0.07692307692307693,0.053125,1.3076923076923077,20,0
RTFMS_1000_ABSENCE_4.0_3_inductive.pnml,53,2,0.6500224216483541,2,0.9811320754716981,31,3.4166666666666665,5,1.0,0.07547169811320754,0.05303030303030303,1.320754716981132,21,0
Sepsis_100000_ORDERING_10.0_5_alpha.pnml,24,6,0.8453509366224364,7,0.9583333333333334,20,5.363636363636363,15,1.0,0.0,0.1640625,1.75,0,6
Sepsis_2000_alpha.pnml,22,19,0.8904916402194913,7,0.9545454545454546,16,4.0,14,1.0,0.0,0.171875,1.5,0,1
BPIC2012_100000_MIXED_0.1_3_alpha.pnml,55,4,0.9852281360342515,1,0.8727272727272728,16,6.0,15,0.9473684210526316,0.0,0.06462585034013606,0.6909090909090909,0,0
RTFMS_20000_INSERTION_4.0_4_alpha.pnml,405,17,0.9709505944546686,2,0.9950617283950617,112,43.2,111,1.0,0.0,0.06546134663341646,0.5185185185185185,0,2
BPIC2012_10000_MIXED_1.0_1_heuristics.pnml,165,2,0.6665783579949205,4,0.9696969696969697,102,5.608695652173913,15,0.9878048780487805,0.7393939393939394,0.023102930127723516,1.490909090909091,72,3
BPIC2012_4000_ABSENCE_2.0_2_alpha.pnml,36,9,0.9975025463691152,8,0.9166666666666666,16,4.0,13,0.9545454545454546,0.0,0.0763888888888889,1.2222222222222223,0,5
RTFMS_4000_INSERTION_1.0_5_alpha.pnml,51,16,0.9980008838722996,14,0.9019607843137255,31,4.947368421052632,12,0.9701492537313433,0.29411764705882354,0.062037037037037036,1.3137254901960784,0,6
Sepsis_2000_MIXED_0.1_3_alpha.pnml,22,19,0.8904916402194913,7,0.9545454545454546,16,4.0,14,1.0,0.0,0.171875,1.5,0,1
RTFMS_10000_INSERTION_0.4_4_heuristics.pnml,94,25,0.9097361225311662,4,1.0,66,4.4,12,1.0,0.6170212765957447,0.03697916666666667,1.5106382978723405,35,3
BPIC2012_10000_ABSENCE_2.0_5_alpha.pnml,38,10,0.9927744539878083,10,0.9736842105263158,18,3.95,15,1.0,0.0,0.0744047619047619,1.3157894736842106,0,9
Sepsis_40000_MIXED_2.0_1_alpha.pnml,212,16,0.8112781244591328,0,0.9764150943396226,24,16.5,36,0.9692307692307692,0.0,0.0390625,0.30660377358490565,0,0
RTFMS_20000_INSERTION_0.4_3_heuristics.pnml,109,31,0.8779620013943912,2,1.0,85,5.621621621621622,22,1.0,0.22018348623853212,0.03974706413730804,1.614678899082569,32,1
RTFMS_10000_INSERTION_0.1_3_heuristics.pnml,73,26,0.9352691398683566,4,0.9589041095890412,50,3.7837837837837838,8,1.0,0.3561643835616438,0.0426731078904992,1.452054794520548,28,3
BPIC2012_40000_MIXED_0.2_3_alpha.pnml,50,5,0.9182958340544896,1,0.84,12,5.666666666666667,14,0.9090909090909091,0.0,0.0625,0.66,0,0
Sepsis_10000_ORDERING_0.1_3_inductive.pnml,89,4,0.5435644431995964,8,0.9775280898876404,39,3.4,10,0.9827586206896551,0.2696629213483146,0.029743589743589743,1.303370786516854,33,0
Sepsis_4000_ABSENCE_1.0_1_heuristics.pnml,118,42,0.9656361333706098,7,1.0,88,5.130434782608695,14,1.0,0.6694915254237288,0.031698365031698365,1.6101694915254237,64,10
Sepsis_2000_ABSENCE_10.0_4_inductive.pnml,95,3,0.5107878229540133,9,0.9789473684210527,44,3.4545454545454546,11,1.0,0.25263157894736843,0.028455284552845527,1.3263157894736841,37,0
Sepsis_4000_MIXED_0.1_5_heuristics.pnml,117,42,0.9656361333706098,7,1.0,87,5.086956521739131,14,1.0,0.6752136752136753,0.03175675675675676,1.606837606837607,63,10
Sepsis_4000_MIXED_4.0_2_alpha.pnml,77,12,0.9957274520849255,7,0.8961038961038961,29,6.3076923076923075,20,0.9545454545454546,0.0,0.049253731343283584,0.8571428571428571,0,1
BPIC2012_4000_INSERTION_2.0_2_inductive.pnml,255,7,0.7007495497162062,15,0.9843137254901961,141,3.6724137931034484,8,1.0,0.6509803921568628,0.011629443636844192,1.380392156862745,98,0
RTFMS_10000_ORDERING_1.0_3_inductive.pnml,29,0,0.7642045065086203,2,0.9310344827586207,17,4.666666666666667,8,0.95,0.6206896551724138,0.10101010101010101,1.3793103448275863,6,0
Sepsis_2000_SUBSTITUTION_4.0_4_inductive.pnml,213,3,0.7136036068604936,11,0.9812206572769953,118,3.6288659793814433,12,1.0,0.20657276995305165,0.013865147198480532,1.3708920187793427,83,0
RTFMS_40000_INSERTION_0.4_3_heuristics.pnml,161,23,0.8721617883411699,3,1.0,131,7.512195121951219,37,1.0,0.21739130434782608,0.03486005089058524,1.7018633540372672,42,1
RTFMS_4000_ABSENCE_0.4_5_inductive.pnml,49,1,0.6840384356390417,2,0.9795918367346939,31,3.5454545454545454,6,1.0,0.7755102040816326,0.05913978494623656,1.346938775510204,19,0
RTFMS_100000_SUBSTITUTION_0.2_1_inductive.pnml,230,0,0.7698205808588191,8,0.9826086956521739,162,5.71830985915493,33,0.994475138121547,0.12173913043478261,0.01835513639590305,1.5739130434782609,63,0
RTFMS_10000_INSERTION_1.0_4_heuristics.pnml,125,25,0.9097361225311662,4,1.0,97,5.95,17,1.0,0.56,0.035789473684210524,1.632,35,3
Sepsis_10000_SUBSTITUTION_0.4_5_inductive.pnml,141,5,0.7553754125614287,8,0.9716312056737588,77,3.420289855072464,8,1.0,0.5673758865248227,0.02022137079608344,1.3475177304964538,56,0
BPIC2012_4000_MIXED_4.0_2_heuristics.pnml,190,0,0.6420642892306891,4,0.9736842105263158,125,6.204081632653061,19,0.993127147766323,0.6526315789473685,0.021965579710144928,1.5315789473684212,78,3
RTFMS_1000_INSERTION_0.2_4_inductive.pnml,57,2,0.6343095546405662,2,0.8947368421052632,28,3.24,5,0.9583333333333334,0.14035087719298245,0.04603580562659847,1.263157894736842,21,0
BPIC2012_100000_INSERTION_10.0_5_inductive_inf.pnml,2585,2,0.6343095546405662,15,0.9934235976789169,2489,50.94,553,1.0,0.035203094777562866,0.011976161916185907,1.946615087040619,81,0
BPIC2012_100000_ABSENCE_4.0_2_inductive.pnml,105,0,0.5830194167347008,5,0.9619047619047619,63,3.8372093023255816,9,0.9930555555555556,0.8761904761904762,0.028279654359780047,1.3714285714285714,42,0
RTFMS_20000_ABSENCE_0.1_5_inductive_inf.pnml,56,0,0.8366407419411672,4,0.9107142857142857,32,3.2333333333333334,6,0.9864864864864865,0.875,0.048748353096179184,1.3214285714285714,21,0
Sepsis_10000_MIXED_0.2_1_inductive.pnml,113,1,0.7367680100024783,7,0.9734513274336283,60,3.4150943396226414,7,0.9866666666666667,0.7699115044247787,0.024509803921568627,1.3274336283185841,46,0
BPIC2012_100000_MIXED_2.0_4_alpha.pnml,539,15,0.7219280948873623,1,0.9907235621521335,79,35.4,91,1.0,0.0,0.04042056074766355,0.3209647495361781,0,0
Sepsis_100000_ORDERING_0.1_4_alpha.pnml,22,10,0.9402859586706311,6,0.9545454545454546,18,4.142857142857143,15,1.0,0.0,0.18229166666666666,1.5909090909090908,0,3
Sepsis_2000_MIXED_1.0_4_inductive.pnml,137,2,0.7382848661434506,12,0.9854014598540146,68,3.2222222222222223,5,1.0,0.20437956204379562,0.01955671447196871,1.313868613138686,54,0
Sepsis_20000_ORDERING_4.0_3_heuristics.pnml,121,34,0.9580420222262995,9,1.0,90,5.0,15,1.0,0.48760330578512395,0.031071655041217502,1.6198347107438016,66,10
Sepsis_100000_MIXED_1.0_4_inductive.pnml,451,3,0.6876445334580581,12,0.991130820399113,342,7.4495412844036695,89,1.0,0.11529933481152993,0.011608417654727171,1.6585365853658536,99,0
BPIC2012_100000_INSERTION_0.1_4_alpha.pnml,91,17,0.9852281360342515,6,0.9120879120879121,18,4.571428571428571,17,0.96,0.0,0.028409090909090908,0.5494505494505495,0,4
Sepsis_100000_MIXED_0.1_3_alpha.pnml,48,17,0.9910760598382222,5,0.8958333333333334,17,5.333333333333333,18,0.9743589743589743,0.0,0.07738095238095238,0.8125,0,0
RTFMS_1000_SUBSTITUTION_10.0_5_alpha.pnml,61,5,0.863120568566631,5,0.9672131147540983,29,9.285714285714286,25,1.0,0.0,0.07804232804232804,0.9672131147540983,0,3
BPIC2012_40000_ABSENCE_0.1_1_heuristics.pnml,123,3,0.7793498372920851,4,0.9512195121951219,68,4.717948717948718,12,0.9657142857142857,0.7723577235772358,0.026709401709401708,1.4227642276422765,60,3
BPIC2012_20000_INSERTION_1.0_5_heuristics.pnml,251,4,0.6646953053493418,4,0.9920318725099602,180,8.01923076923077,32,0.9778869778869779,0.7649402390438247,0.019950980392156863,1.6215139442231075,85,3
BPIC2012_1000_MIXED_0.4_3_heuristics.pnml,115,3,0.4394969869215134,1,0.9391304347826087,60,4.757575757575758,12,0.949685534591195,0.7478260869565218,0.027953586497890294,1.382608695652174,53,0
RTFMS_100000_INSERTION_0.4_2_inductive.pnml,317,4,0.7553754125614287,8,0.9873817034700315,256,8.521739130434783,50,1.0,0.08832807570977919,0.019081819462047598,1.7097791798107256,58,0
BPIC2012_40000_MIXED_0.1_3_inductive_inf.pnml,124,1,0.5225593745369408,6,0.9112903225806451,66,3.588235294117647,7,0.9817073170731707,0.8548387096774194,0.022478070175438597,1.3225806451612903,48,0
RTFMS_4000_INSERTION_0.4_1_alpha.pnml,34,12,1.0,16,0.9117647058823529,23,4.35,8,0.9814814814814815,0.5294117647058824,0.09342560553633218,1.588235294117647,0,9
Sepsis_4000_INSERTION_0.1_2_inductive.pnml,102,2,0.7045767128725936,7,0.9803921568627451,51,3.404255319148936,5,0.9850746268656716,0.7352941176470589,0.026587301587301587,1.3137254901960784,42,0
BPIC2012_40000_INSERTION_1.0_2_heuristics.pnml,349,4,0.6840384356390417,4,0.997134670487106,281,11.4,38,0.9950576606260296,0.7077363896848138,0.020301003344481604,1.7392550143266476,91,3
BPIC2012_4000_INSERTION_0.1_5_heuristics.pnml,122,3,0.7642045065086203,4,0.9344262295081968,65,4.833333333333333,11,0.9473684210526316,0.7295081967213115,0.026785714285714284,1.401639344262295,58,3
Sepsis_40000_ORDERING_2.0_2_alpha.pnml,24,19,0.9774178175281716,12,1.0,24,4.705882352941177,15,1.0,0.0,0.1796875,1.9166666666666667,0,4
RTFMS_4000_MIXED_0.2_2_heuristics.pnml,71,25,0.9568886656798212,4,1.0,49,3.7837837837837838,9,1.0,0.5070422535211268,0.044444444444444446,1.4647887323943662,31,3
BPIC2012_20000_MIXED_10.0_3_inductive.pnml,898,4,0.7444131797881748,24,0.9955456570155902,700,7.9423076923076925,79,1.0,0.10690423162583519,0.0062969362663653885,1.688195991091314,188,0
Sepsis_4000_SUBSTITUTION_10.0_5_heuristics.pnml,355,55,0.9374561707820048,8,1.0,311,10.861538461538462,55,1.0,0.6929577464788732,0.020736584107327143,1.8112676056338028,96,10
RTFMS_1000_SUBSTITUTION_0.2_1_inductive.pnml,54,2,0.6500224216483541,2,0.9259259259259259,29,3.3333333333333335,5,0.9714285714285714,0.07407407407407407,0.050505050505050504,1.2962962962962963,19,0
Sepsis_2000_ORDERING_0.4_3_heuristics.pnml,110,31,0.9564574047992594,6,1.0,84,4.977777777777778,14,1.0,0.5363636363636364,0.03482880755608028,1.6090909090909091,60,6
Sepsis_100000_MIXED_0.4_5_heuristics.pnml,220,38,0.9182958340544896,8,1.0,187,8.296296296296296,33,1.0,0.5590909090909091,0.027083333333333334,1.7727272727272727,72,7
RTFMS_20000_SUBSTITUTION_4.0_3_alpha.pnml,388,6,0.9852281360342515,8,0.9896907216494846,147,22.714285714285715,137,0.9965986394557823,0.03350515463917526,0.04309586631486367,0.7577319587628866,0,3
RTFMS_1000_ABSENCE_4.0_4_inductive.pnml,52,3,0.6665783579949205,2,0.9807692307692307,30,3.391304347826087,5,0.9705882352941176,0.07692307692307693,0.053125,1.3076923076923077,20,0
RTFMS_40000_ORDERING_10.0_5_inductive.pnml,59,0,0.74959525725948,9,0.9661016949152542,25,3.4285714285714284,9,0.9358974358974359,0.06779661016949153,0.04482758620689655,1.3220338983050848,18,0
BPIC2012_2000_SUBSTITUTION_4.0_5_alpha.pnml,79,6,0.9612366047228759,5,0.9113924050632911,23,4.923076923076923,19,0.9803921568627451,0.0,0.04047619047619048,0.6455696202531646,0,2
Sepsis_4000_INSERTION_1.0_3_alpha.pnml,44,10,1.0,3,0.8181818181818181,12,5.0,15,0.8611111111111112,0.0,0.0625,0.8181818181818182,0,0
Sepsis_100000_MIXED_2.0_1_alpha.pnml,512,20,0.9182958340544896,0,0.9921875,47,38.333333333333336,65,0.9912280701754386,0.0,0.03732809430255403,0.22265625,0,0
Sepsis_100000_MIXED_4.0_1_inductive.pnml,1183,2,0.7033693386668108,11,0.9966187658495351,1074,20.672727272727272,393,1.0,0.044801352493660185,0.011348930838280303,1.8681318681318682,98,0
RTFMS_10000_ORDERING_1.0_3_heuristics.pnml,76,26,0.9494520153879484,4,1.0,53,3.8947368421052633,11,1.0,0.34210526315789475,0.042328042328042326,1.4736842105263157,37,3
Sepsis_40000_INSERTION_0.2_1_heuristics.pnml,160,36,0.9248187049730301,8,1.0,131,6.6,23,1.0,0.7125,0.03021313996923753,1.71875,62,7
RTFMS_2000_MIXED_0.4_2_alpha.pnml,29,8,0.9819407868640977,11,0.9655172413793104,20,3.736842105263158,7,1.0,0.0,0.10817307692307693,1.5517241379310345,0,11
BPIC2012_20000_MIXED_0.2_1_inductive.pnml,201,3,0.7045767128725936,12,0.9800995024875622,107,3.382978723404255,7,0.9849624060150376,0.7512437810945274,0.013739669421487603,1.3233830845771144,82,0
BPIC2012_10000_MIXED_0.2_2_heuristics.pnml,127,1,0.7424875695421236,4,0.9448818897637795,72,4.921052631578948,13,0.9668508287292817,0.6929133858267716,0.026759314015375516,1.4251968503937007,60,3
BPIC2012_1000_INSERTION_1.0_2_alpha.pnml,41,12,0.9940302114769565,2,0.8292682926829268,9,3.727272727272727,13,0.8611111111111112,0.0,0.05806451612903226,0.8780487804878049,0,0
BPIC2012_100000_MIXED_2.0_5_heuristics.pnml,712,1,0.6079696120060725,5,1.0,630,19.91044776119403,87,1.0,0.5716292134831461,0.016519352320515726,1.8426966292134832,136,4
Sepsis_100000_MIXED_1.0_4_heuristics.pnml,393,26,0.9007196798623593,10,1.0,352,13.133333333333333,60,1.0,0.5597964376590331,0.02321200510855683,1.8498727735368956,85,7
BPIC2012_10000_INSERTION_1.0_2_heuristics.pnml,181,6,0.7045767128725936,5,0.9558011049723757,120,6.319148936170213,18,0.9892857142857143,0.6243093922651933,0.023592854735422986,1.5469613259668509,67,3
Sepsis_2000_MIXED_0.4_2_inductive_inf.pnml,88,4,0.5435644431995964,8,0.9772727272727273,38,3.35,10,0.9824561403508771,0.2727272727272727,0.029827315541601257,1.2954545454545454,33,0
BPIC2012_10000_INSERTION_0.1_2_alpha.pnml,41,12,0.9940302114769565,2,0.8292682926829268,9,3.727272727272727,13,0.8611111111111112,0.0,0.05806451612903226,0.8780487804878049,0,0
RTFMS_1000_INSERTION_0.1_3_inductive_inf.pnml,50,2,0.6665783579949205,2,0.92,26,3.217391304347826,5,0.96875,0.08,0.05333333333333334,1.28,17,0
RTFMS_10000_SUBSTITUTION_0.1_1_heuristics.pnml,70,26,0.9517626756348311,4,1.0,50,3.942857142857143,11,1.0,0.37142857142857144,0.04622222222222222,1.4857142857142858,27,3
RTFMS_100000_ABSENCE_0.4_1_alpha.pnml,26,24,0.9852281360342515,15,0.9615384615384616,10,4.357142857142857,9,0.9523809523809523,0.0,0.12727272727272726,1.6153846153846154,0,11
BPIC2012_2000_ABSENCE_0.1_5_alpha.pnml,34,8,0.9957274520849255,4,0.8529411764705882,13,3.8461538461538463,11,0.9166666666666666,0.0,0.075,1.0588235294117647,0,1
RTFMS_10000_ORDERING_0.2_4_alpha.pnml,27,11,0.9852281360342515,17,0.962962962962963,22,4.333333333333333,9,1.0,0.48148148148148145,0.14488636363636365,1.8888888888888888,0,13
RTFMS_10000_INSERTION_10.0_5_inductive.pnml,608,6,0.7564041945982505,9,0.993421052631579,540,14.923076923076923,125,1.0,0.046052631578947366,0.01666317019809992,1.8289473684210527,66,0
BPIC2012_40000_ORDERING_0.2_2_alpha.pnml,38,5,0.9967916319816366,7,0.8947368421052632,18,4.266666666666667,14,0.88,0.23684210526315788,0.0744047619047619,1.3157894736842106,0,1
BPIC2012_10000_INSERTION_4.0_5_alpha.pnml,220,28,0.9494520153879484,5,0.9454545454545454,40,6.684210526315789,48,0.9646017699115044,0.07727272727272727,0.017310049019607844,0.5136363636363637,0,0
Sepsis_20000_ABSENCE_0.1_4_inductive.pnml,95,3,0.5107878229540133,9,0.9789473684210527,44,3.4545454545454546,11,1.0,0.25263157894736843,0.028455284552845527,1.3263157894736841,37,0
RTFMS_100000_ORDERING_1.0_5_inductive.pnml,65,1,0.8112781244591328,8,0.9692307692307692,31,3.375,5,0.9534883720930233,0.06153846153846154,0.040952380952380955,1.323076923076923,23,0
RTFMS_100000_INSERTION_10.0_3_heuristics.pnml,4894,28,0.7854077763427121,17,1.0,4736,55.325714285714284,1171,1.0,0.5259501430322844,0.007440094012903427,1.953412341642828,265,1
Sepsis_1000_ORDERING_0.1_3_inductive_inf.pnml,91,3,0.5349436990971066,9,0.967032967032967,38,3.341463414634146,11,0.9661016949152542,0.26373626373626374,0.02878048780487805,1.2967032967032968,33,0
BPIC2012_100000_SUBSTITUTION_0.4_5_inductive.pnml,569,8,0.7302263747422792,21,0.9929701230228472,387,5.214659685863874,45,1.0,0.1616871704745167,0.006910261264672472,1.539543057996485,172,0
Sepsis_1000_ORDERING_10.0_2_alpha.pnml,27,14,0.9980008838722996,14,0.962962962962963,25,4.578947368421052,15,1.0,0.3333333333333333,0.14204545454545456,1.8518518518518519,0,8
BPIC2012_2000_ABSENCE_0.1_5_inductive.pnml,135,0,0.7219280948873623,9,0.9407407407407408,67,3.3833333333333333,6,0.9488636363636364,0.9037037037037037,0.019891500904159132,1.3037037037037038,54,0
BPIC2012_1000_INSERTION_2.0_2_heuristics.pnml,126,4,0.4305518670104394,1,0.9285714285714286,69,5.176470588235294,13,0.9553072625698324,0.7222222222222222,0.027178864257515943,1.4206349206349207,53,0
Sepsis_100000_MIXED_1.0_1_inductive.pnml,430,2,0.7219280948873623,12,0.9906976744186047,322,7.054545454545455,106,1.0,0.11162790697674418,0.011762360446570972,1.6465116279069767,95,0
RTFMS_100000_ABSENCE_10.0_4_inductive.pnml,70,1,0.8112781244591328,6,0.9857142857142858,39,3.1,4,1.0,0.05714285714285714,0.03833333333333333,1.3142857142857143,28,0
RTFMS_2000_INSERTION_4.0_2_inductive_inf.pnml,100,0,0.362051251733998,1,0.86,66,5.310344827586207,15,1.0,0.49,0.03754439370877727,1.48,29,0
Sepsis_2000_ORDERING_1.0_4_heuristics.pnml,111,33,0.9564574047992594,6,1.0,86,5.066666666666666,14,1.0,0.5405405405405406,0.03496503496503497,1.6216216216216217,61,6
RTFMS_1000_MIXED_1.0_2_alpha.pnml,28,12,0.9910760598382222,9,0.9642857142857143,20,3.7222222222222223,6,1.0,0.0,0.11025641025641025,1.5357142857142858,0,9
Sepsis_20000_ABSENCE_10.0_3_alpha.pnml,22,10,0.9402859586706311,7,0.9545454545454546,21,4.357142857142857,14,1.0,0.0,0.19270833333333334,1.6818181818181819,0,2
Sepsis_100000_INSERTION_0.2_4_heuristics.pnml,225,35,0.9299429352091801,9,1.0,193,8.4,31,1.0,0.6,0.027094594594594595,1.7822222222222222,70,7
Sepsis_100000_ORDERING_1.0_4_heuristics.pnml,126,35,0.9526092095121206,9,1.0,94,5.098039215686274,15,1.0,0.48412698412698413,0.030209254347185382,1.626984126984127,70,10
Sepsis_1000_ORDERING_2.0_2_alpha.pnml,26,17,0.9402859586706311,10,0.9615384615384616,18,4.5,14,1.0,0.34615384615384615,0.13125,1.6153846153846154,0,5
BPIC2012_10000_INSERTION_0.2_4_inductive_inf.pnml,142,1,0.560576942614533,7,0.9225352112676056,76,3.5245901639344264,6,0.9840425531914894,0.9295774647887324,0.019644723092998955,1.323943661971831,61,0
RTFMS_4000_MIXED_0.1_2_heuristics.pnml,70,25,0.9568886656798212,4,1.0,48,3.72972972972973,9,1.0,0.5142857142857142,0.044580419580419584,1.457142857142857,31,3
BPIC2012_4000_ORDERING_0.4_3_heuristics.pnml,127,3,0.7320666900931938,4,0.9685039370078741,70,4.794871794871795,14,0.9666666666666667,0.6929133858267716,0.026223776223776224,1.4173228346456692,63,3
BPIC2012_40000_MIXED_0.1_4_heuristics.pnml,138,4,0.730926377590601,4,0.9782608695652174,81,4.818181818181818,13,0.9798994974874372,0.7608695652173914,0.024677579365079364,1.4420289855072463,64,3
RTFMS_20000_INSERTION_4.0_3_inductive_inf.pnml,289,0,0.5293608652873644,8,0.9757785467128027,237,10.68,94,1.0,0.11072664359861592,0.02346938775510204,1.7508650519031141,44,0
RTFMS_2000_INSERTION_1.0_4_alpha.pnml,35,5,0.9910760598382222,10,0.9142857142857143,24,4.055555555555555,8,0.9591836734693877,0.4,0.08333333333333333,1.4,0,5
RTFMS_100000_MIXED_0.4_4_alpha.pnml,102,3,1.0,2,0.9705882352941176,37,13.833333333333334,38,1.0,0.0,0.09693877551020408,0.7450980392156863,0,1
Sepsis_1000_ABSENCE_0.1_4_inductive.pnml,92,4,0.5746356978376794,9,0.967391304347826,40,3.2954545454545454,11,0.9833333333333333,0.2608695652173913,0.028694404591104734,1.3043478260869565,34,0
RTFMS_20000_INSERTION_2.0_2_heuristics.pnml,286,25,0.8014698931335287,2,1.0,252,13.365853658536585,58,1.0,0.24475524475524477,0.031926673228346455,1.8146853146853146,49,1
BPIC2012_2000_SUBSTITUTION_0.2_3_alpha.pnml,39,12,0.9975025463691152,7,0.8717948717948718,13,3.6470588235294117,11,0.9069767441860466,0.0,0.06360946745562131,1.1025641025641026,0,4
BPIC2012_2000_ABSENCE_2.0_4_heuristics.pnml,109,5,0.6024308020404452,3,0.9541284403669725,61,4.705882352941177,12,0.9675324675324676,0.7339449541284404,0.03070175438596491,1.4128440366972477,53,0
RTFMS_40000_ORDERING_4.0_2_alpha.pnml,21,17,0.8904916402194913,10,1.0,14,4.3076923076923075,11,1.0,0.0,0.16363636363636364,1.7142857142857142,0,7
Sepsis_1000_ABSENCE_0.2_4_alpha.pnml,23,15,0.9182958340544896,7,0.9130434782608696,16,4.333333333333333,14,1.0,0.0,0.15625,1.5217391304347827,0,2
RTFMS_1000_ORDERING_10.0_4_inductive.pnml,39,1,0.8904916402194913,4,0.9487179487179487,19,4.153846153846154,8,0.8846153846153846,0.6153846153846154,0.06951871657754011,1.3333333333333333,10,0
RTFMS_4000_ORDERING_0.4_2_inductive.pnml,46,0,0.8812908992306927,3,0.9565217391304348,27,3.7,7,0.967741935483871,0.8478260869565217,0.061507936507936505,1.3478260869565217,16,0
BPIC2012_100000_ABSENCE_0.2_3_inductive_inf.pnml,109,1,0.6500224216483541,7,0.944954128440367,60,3.5833333333333335,7,0.9726027397260274,0.944954128440367,0.025722339675828047,1.3394495412844036,42,0
BPIC2012_100000_INSERTION_2.0_5_inductive.pnml,1277,6,0.7410162706298391,23,0.9968676585747847,1079,11.746341463414634,135,1.0,0.07517619420516837,0.006300171621546808,1.7823022709475334,182,0
Sepsis_20000_SUBSTITUTION_0.2_5_inductive_inf.pnml,120,5,0.5254506799086206,10,0.9666666666666667,54,3.2203389830508473,12,1.0,0.3,0.022058823529411766,1.3,48,0
BPIC2012_2000_SUBSTITUTION_10.0_5_inductive.pnml,343,7,0.6823348859052099,11,0.9883381924198251,224,5.017241379310345,37,1.0,0.5276967930029155,0.01099320882852292,1.510204081632653,105,0
BPIC2012_4000_INSERTION_4.0_1_alpha.pnml,103,8,0.8112781244591328,0,0.8932038834951457,23,11.0,23,0.8235294117647058,0.0,0.03355263157894737,0.49514563106796117,0,0
RTFMS_100000_ORDERING_10.0_2_heuristics.pnml,85,22,0.9402859586706311,5,1.0,60,4.0476190476190474,11,1.0,0.4235294117647059,0.03940886699507389,1.5058823529411764,44,2
BPIC2012_20000_ORDERING_2.0_1_inductive.pnml,112,1,0.7382848661434506,8,0.9821428571428571,63,3.7083333333333335,10,0.9736842105263158,0.9107142857142857,0.02540106951871658,1.3571428571428572,43,0
BPIC2012_1000_MIXED_1.0_1_alpha.pnml,37,7,1.0,4,0.8108108108108107,12,4.0,11,0.8888888888888888,0.0,0.06666666666666667,0.972972972972973,0,1
Sepsis_4000_SUBSTITUTION_0.2_3_inductive_inf.pnml,103,3,0.4820661480830931,9,0.970873786407767,48,3.3958333333333335,11,1.0,0.3106796116504854,0.026194144838212634,1.3203883495145632,41,0
BPIC2012_40000_MIXED_0.1_5_alpha.pnml,49,15,0.9980008838722996,7,0.8367346938775511,19,3.8421052631578947,12,0.9433962264150944,0.0,0.05408163265306123,1.0816326530612246,0,4
BPIC2012_40000_ORDERING_2.0_3_alpha.pnml,35,12,0.9709505944546686,8,0.9428571428571428,23,4.933333333333334,18,0.9807692307692307,0.3142857142857143,0.09848484848484848,1.4857142857142858,0,4
Sepsis_100000_SUBSTITUTION_2.0_4_heuristics.pnml,1126,22,0.9379626436434423,16,1.0,1080,28.810126582278482,196,1.0,0.6882770870337478,0.018546812664459723,1.9404973357015987,108,7
Sepsis_40000_INSERTION_2.0_5_inductive.pnml,604,1,0.6840384356390417,12,0.9933774834437086,495,10.145454545454545,165,1.0,0.09271523178807947,0.01137051448335495,1.7417218543046358,96,0
Sepsis_100000_SUBSTITUTION_0.4_5_heuristics.pnml,333,37,0.8997437586982626,8,1.0,295,11.719298245614034,55,1.0,0.6756756756756757,0.02445870088211708,1.8318318318318318,82,7
BPIC2012_20000_ABSENCE_4.0_1_heuristics.pnml,132,3,0.7592757847892833,4,0.9621212121212122,76,4.926829268292683,16,0.9685863874345549,0.7121212121212122,0.02595108695652174,1.446969696969697,67,3
Sepsis_2000_ORDERING_2.0_5_inductive.pnml,93,2,0.5830194167347008,10,0.978494623655914,43,3.488372093023256,11,0.9838709677419355,0.25806451612903225,0.029080675422138838,1.3333333333333333,35,0
BPIC2012_40000_MIXED_0.1_3_heuristics.pnml,146,3,0.7401470427139037,4,0.9794520547945206,88,5.255813953488372,14,0.9720930232558139,0.726027397260274,0.02461080586080586,1.4726027397260273,67,3
Sepsis_2000_SUBSTITUTION_0.4_1_inductive.pnml,109,3,0.5225593745369408,8,0.963302752293578,53,3.372549019607843,8,1.0,0.22018348623853212,0.025,1.3211009174311927,41,0
BPIC2012_100000_ORDERING_0.1_3_alpha.pnml,38,9,0.9986359641585718,10,0.9473684210526316,22,3.9565217391304346,14,1.0,0.21052631578947367,0.07886904761904762,1.394736842105263,0,7
BPIC2012_2000_SUBSTITUTION_2.0_1_inductive.pnml,195,4,0.6816559115981192,10,0.9897435897435898,109,3.783132530120482,11,0.9925373134328358,0.5435897435897435,0.01522035438437074,1.3743589743589744,75,0
Sepsis_2000_INSERTION_0.1_2_heuristics.pnml,112,33,0.9564574047992594,6,1.0,87,5.111111111111111,14,1.0,0.5357142857142857,0.0349060222477944,1.625,62,6
BPIC2012_4000_MIXED_2.0_3_heuristics.pnml,155,1,0.7024665512903903,4,0.9741935483870968,95,5.690476190476191,14,0.974025974025974,0.6645161290322581,0.024336283185840708,1.4903225806451612,68,3
BPIC2012_2000_INSERTION_0.4_5_inductive_inf.pnml,152,1,0.7455178428108284,9,0.9144736842105263,72,3.3636363636363638,6,0.9387755102040817,0.8947368421052632,0.017478152309612985,1.2894736842105263,62,0
RTFMS_1000_SUBSTITUTION_4.0_4_inductive.pnml,115,0,0.7382848661434506,5,0.9478260869565217,65,3.8125,9,0.9810126582278481,0.17391304347826086,0.026038233355306525,1.373913043478261,44,0
BPIC2012_10000_SUBSTITUTION_0.1_1_inductive.pnml,143,1,0.7153220528038851,9,0.958041958041958,75,3.557377049180328,8,0.9526315789473684,0.9300699300699301,0.01937984496124031,1.3286713286713288,56,0
Sepsis_2000_MIXED_0.2_3_heuristics.pnml,111,33,0.9564574047992594,6,1.0,86,5.066666666666666,14,1.0,0.5405405405405406,0.03496503496503497,1.6216216216216217,61,6
RTFMS_100000_ORDERING_1.0_3_inductive.pnml,76,0,0.8721617883411699,9,0.9736842105263158,37,3.2195121951219514,5,0.96,0.05263157894736842,0.03484320557491289,1.3157894736842106,29,0
Sepsis_10000_ABSENCE_4.0_1_heuristics.pnml,113,32,0.9684610087601622,9,1.0,84,4.916666666666667,14,1.0,0.5221238938053098,0.03300865800865801,1.6194690265486726,60,10
BPIC2012_20000_MIXED_4.0_3_alpha.pnml,228,9,0.9456603046006401,4,0.956140350877193,63,11.909090909090908,53,0.9836065573770492,0.0,0.02798165137614679,0.5350877192982456,0,1
RTFMS_1000_MIXED_2.0_4_inductive_inf.pnml,65,2,0.4021791902022728,1,0.8769230769230769,36,3.56,6,0.9880952380952381,0.18461538461538463,0.042682926829268296,1.2923076923076924,25,0
Sepsis_20000_MIXED_2.0_5_alpha.pnml,111,11,0.9182958340544896,1,0.963963963963964,21,9.666666666666666,23,1.0,0.0,0.05957943925233645,0.4594594594594595,0,0
Sepsis_40000_ORDERING_2.0_3_alpha.pnml,23,14,0.9940302114769565,7,0.9565217391304348,17,5.0,15,1.0,0.0,0.16964285714285715,1.6521739130434783,0,3
Sepsis_20000_ORDERING_0.1_5_heuristics.pnml,107,34,0.9503376699710268,8,1.0,83,5.0,14,1.0,0.5514018691588785,0.036036036036036036,1.644859813084112,57,7
BPIC2012_100000_ABSENCE_4.0_1_inductive.pnml,111,1,0.6420642892306891,6,0.963963963963964,65,3.6122448979591835,8,0.9933333333333333,0.8828828828828829,0.025879917184265012,1.3513513513513513,44,0
Sepsis_2000_ORDERING_0.4_2_heuristics.pnml,111,33,0.9564574047992594,6,1.0,86,5.066666666666666,14,1.0,0.5405405405405406,0.03496503496503497,1.6216216216216217,61,6
BPIC2012_2000_ABSENCE_2.0_3_inductive.pnml,141,1,0.7153220528038851,9,0.9716312056737588,76,3.557377049180328,7,0.9627659574468085,0.8794326241134752,0.019747899159663865,1.3333333333333333,60,0
BPIC2012_2000_INSERTION_0.1_5_inductive.pnml,137,1,0.7286561673702678,9,0.9343065693430657,67,3.4237288135593222,6,0.9325842696629214,0.9124087591240876,0.019517543859649124,1.2992700729927007,54,0
Sepsis_10000_MIXED_2.0_1_alpha.pnml,73,21,1.0,4,0.9452054794520548,16,5.875,21,1.0,0.0,0.07065217391304347,0.5342465753424658,0,0
RTFMS_1000_ABSENCE_4.0_4_heuristics.pnml,61,16,0.9182958340544896,3,1.0,36,3.533333333333333,7,1.0,0.11475409836065574,0.0472972972972973,1.3770491803278688,25,4
RTFMS_20000_ABSENCE_1.0_5_inductive.pnml,41,0,0.7424875695421236,2,0.975609756097561,26,3.5789473684210527,7,1.0,0.5853658536585366,0.07179487179487179,1.3658536585365855,14,0
RTFMS_4000_MIXED_0.1_1_inductive_inf.pnml,48,1,0.7024665512903903,2,0.8958333333333334,28,3.5714285714285716,5,0.984375,0.7916666666666666,0.05925925925925926,1.3333333333333333,17,0
RTFMS_40000_ABSENCE_1.0_5_alpha.pnml,28,31,0.9774178175281716,18,1.0,12,4.235294117647059,9,1.0,0.0,0.12566844919786097,1.6785714285714286,0,11
Sepsis_1000_ORDERING_4.0_3_heuristics.pnml,99,30,0.9268190639645772,4,1.0,75,5.157894736842105,15,1.0,0.6363636363636364,0.03916256157635468,1.606060606060606,53,4
BPIC2012_100000_INSERTION_4.0_1_alpha.pnml,1834,37,0.0,0,0.9989094874591058,243,224.5,243,1.0,0.0,0.06127183406113537,0.24482006543075246,0,0
BPIC2012_1000_SUBSTITUTION_0.2_4_heuristics.pnml,110,4,0.4689955935892812,1,0.9363636363636364,55,4.833333333333333,11,0.9271523178807947,0.7727272727272727,0.028761904761904763,1.3727272727272728,51,0
Sepsis_10000_INSERTION_4.0_1_inductive_inf.pnml,175,1,0.6098403047164004,8,0.9771428571428571,115,4.966666666666667,21,1.0,0.29714285714285715,0.020872865275142316,1.5085714285714287,52,0
Sepsis_2000_ORDERING_1.0_4_alpha.pnml,22,16,0.9182958340544896,6,0.9545454545454546,15,4.0,14,1.0,0.0,0.16666666666666666,1.4545454545454546,0,1
Sepsis_4000_MIXED_2.0_1_inductive.pnml,157,1,0.710676853856123,8,0.9745222929936306,87,3.5833333333333335,7,1.0,0.7070063694267515,0.018634622082897945,1.3630573248407643,61,0
RTFMS_2000_INSERTION_4.0_3_heuristics.pnml,121,23,0.9330252953592911,5,1.0,89,5.3023255813953485,21,1.0,0.05785123966942149,0.03305785123966942,1.5867768595041323,38,5
BPIC2012_10000_ORDERING_4.0_5_heuristics.pnml,137,1,0.7120640548905479,4,0.9708029197080292,81,5.097560975609756,16,0.975,0.6715328467153284,0.02577319587628866,1.4598540145985401,72,3
Sepsis_20000_SUBSTITUTION_0.4_5_heuristics.pnml,158,33,0.9182958340544896,8,1.0,126,6.313725490196078,19,1.0,0.5063291139240507,0.029385964912280703,1.6962025316455696,66,7
RTFMS_1000_MIXED_0.4_5_alpha.pnml,28,12,0.9910760598382222,12,0.9642857142857143,15,3.6666666666666665,6,1.0,0.0,0.11197916666666667,1.5357142857142858,0,8
RTFMS_4000_ORDERING_4.0_1_inductive.pnml,30,0,0.7219280948873623,3,0.9333333333333333,17,4.6,8,0.9523809523809523,0.5,0.09722222222222222,1.4,6,0
Sepsis_40000_ABSENCE_0.1_2_heuristics.pnml,108,36,0.9503376699710268,8,1.0,85,5.086956521739131,14,1.0,0.5462962962962963,0.03616161616161616,1.6574074074074074,58,7
RTFMS_10000_SUBSTITUTION_0.2_2_inductive.pnml,110,2,0.7444131797881748,6,0.9818181818181818,58,3.423076923076923,10,1.0,0.18181818181818182,0.025338424158278375,1.3272727272727274,44,0
Sepsis_10000_ABSENCE_4.0_4_alpha.pnml,22,11,0.9402859586706311,7,0.9545454545454546,20,4.214285714285714,14,1.0,0.0,0.1875,1.6363636363636365,0,3
RTFMS_2000_MIXED_0.2_2_inductive.pnml,60,0,0.7355085815538398,3,0.95,32,3.2758620689655173,5,1.0,0.06666666666666667,0.04513888888888889,1.3,23,0
RTFMS_4000_ABSENCE_0.2_3_alpha.pnml,29,22,1.0,19,0.9655172413793104,17,4.25,9,1.0,0.5517241379310345,0.12878787878787878,1.7586206896551724,0,13
BPIC2012_1000_INSERTION_10.0_5_heuristics.pnml,177,4,0.37123232664087563,1,0.9830508474576272,112,6.428571428571429,21,0.9814126394052045,0.7740112994350282,0.023342589378687956,1.5197740112994351,66,0
Sepsis_2000_ABSENCE_0.2_2_alpha.pnml,22,19,0.8904916402194913,7,0.9545454545454546,16,4.0,14,1.0,0.0,0.171875,1.5,0,1
BPIC2012_10000_MIXED_10.0_1_inductive.pnml,524,4,0.7067684227376467,17,0.9923664122137404,363,5.701863354037267,51,1.0,0.24045801526717558,0.008024209293244827,1.5687022900763359,143,0
RTFMS_2000_ABSENCE_0.1_5_inductive.pnml,57,1,0.7355085815538398,3,0.9298245614035088,31,3.1724137931034484,5,1.0,0.07017543859649122,0.04731457800511509,1.2982456140350878,22,0
RTFMS_20000_SUBSTITUTION_1.0_3_inductive.pnml,224,1,0.743898745288434,8,0.9821428571428571,157,5.605633802816901,37,1.0,0.10714285714285714,0.01870748299319728,1.5714285714285714,60,0
RTFMS_2000_ORDERING_0.2_5_alpha.pnml,27,12,0.954434002924965,13,1.0,15,4.0,8,1.0,0.0,0.12215909090909091,1.5925925925925926,0,11
Sepsis_2000_INSERTION_2.0_5_heuristics.pnml,143,37,0.9377342939868041,6,1.0,115,6.0,21,1.0,0.5664335664335665,0.031022845275181725,1.6713286713286712,66,6
RTFMS_4000_ABSENCE_0.4_3_inductive.pnml,46,1,0.7024665512903903,2,0.9782608695652174,29,3.5238095238095237,6,1.0,0.7608695652173914,0.06288032454361055,1.3478260869565217,17,0
BPIC2012_4000_SUBSTITUTION_0.2_2_alpha.pnml,38,15,0.9852281360342515,2,0.7631578947368421,5,4.0,11,0.7575757575757576,0.0,0.05892857142857143,0.868421052631579,0,0
BPIC2012_2000_ORDERING_10.0_1_inductive.pnml,120,0,0.6420642892306891,8,0.9583333333333334,67,3.7551020408163267,9,0.9691358024691358,0.8666666666666667,0.023608277470125328,1.35,48,0
Sepsis_2000_INSERTION_2.0_4_heuristics.pnml,140,31,0.9440870182837794,6,1.0,111,6.0,20,1.0,0.5071428571428571,0.03183673469387755,1.6714285714285715,63,6
RTFMS_10000_ORDERING_2.0_2_heuristics.pnml,73,25,0.943601631299382,4,1.0,51,3.9444444444444446,10,1.0,0.3561643835616438,0.044189852700491,1.4794520547945205,35,3
BPIC2012_20000_ABSENCE_10.0_4_alpha.pnml,38,12,0.998363672593813,11,0.9736842105263158,18,4.0,16,1.0,0.0,0.07738095238095238,1.368421052631579,0,9
RTFMS_2000_SUBSTITUTION_0.2_2_heuristics.pnml,69,29,0.9275265884316759,3,1.0,47,3.7142857142857144,10,1.0,0.18840579710144928,0.04427549194991055,1.434782608695652,27,3
BPIC2012_4000_ORDERING_4.0_3_alpha.pnml,38,8,0.9980008838722996,9,0.9210526315789473,22,4.315789473684211,14,0.9807692307692307,0.34210526315789475,0.07738095238095238,1.368421052631579,0,9
BPIC2012_20000_MIXED_4.0_5_alpha.pnml,239,5,0.9494520153879484,6,0.9414225941422594,61,8.105263157894736,45,0.9923664122137404,0.0,0.022294077603812117,0.5481171548117155,0,0
Sepsis_1000_MIXED_0.1_4_alpha.pnml,23,15,0.9182958340544896,7,0.9130434782608696,16,4.333333333333333,14,1.0,0.0,0.15625,1.5217391304347827,0,2
RTFMS_20000_ABSENCE_0.1_3_inductive.pnml,41,0,0.7424875695421236,2,0.975609756097561,26,3.5789473684210527,7,1.0,0.5853658536585366,0.07179487179487179,1.3658536585365855,14,0
BPIC2012_10000_SUBSTITUTION_0.1_5_inductive.pnml,172,3,0.7512865767183431,12,0.9593023255813954,85,3.3417721518987342,6,0.9508928571428571,0.5988372093023255,0.015555555555555555,1.302325581395349,68,0
RTFMS_2000_SUBSTITUTION_10.0_5_alpha.pnml,115,11,0.9852281360342515,4,0.9652173913043478,42,14.428571428571429,47,0.9894736842105263,0.0,0.07262996941896024,0.8260869565217391,0,1
BPIC2012_10000_MIXED_0.2_2_alpha.pnml,37,8,1.0,5,0.8378378378378378,15,3.7857142857142856,13,0.9722222222222222,0.0,0.07142857142857142,0.972972972972973,0,2
Sepsis_4000_INSERTION_10.0_5_heuristics.pnml,356,33,0.9392547207311598,10,1.0,312,11.966101694915254,56,1.0,0.6938202247191011,0.022378296495214486,1.8258426966292134,83,10
RTFMS_100000_ORDERING_0.1_4_heuristics.pnml,80,12,0.8997437586982626,5,1.0,53,3.8947368421052633,11,1.0,0.425,0.03983516483516483,1.45,40,2
BPIC2012_100000_INSERTION_0.2_3_heuristics.pnml,242,2,0.7147274731317892,6,0.987603305785124,175,7.375,25,0.9974424552429667,0.7107438016528925,0.020364583333333332,1.615702479338843,85,4
BPIC2012_20000_INSERTION_10.0_5_alpha.pnml,940,26,0.9456603046006401,4,0.9882978723404255,132,27.545454545454547,135,0.9965397923875432,0.0,0.019380364806866952,0.3074468085106383,0,0
RTFMS_10000_INSERTION_1.0_2_heuristics.pnml,125,20,0.9402859586706311,5,1.0,97,5.809523809523809,17,1.0,0.328,0.035964912280701755,1.64,35,3
BPIC2012_40000_SUBSTITUTION_10.0_2_heuristics.pnml,2521,4,0.6732994089189621,11,1.0,2379,37.753846153846155,366,1.0,0.6334787782625942,0.009134270955092191,1.9218564061880206,288,3
BPIC2012_20000_INSERTION_0.2_2_inductive.pnml,223,0,0.6420642892306891,11,0.9282511210762332,115,3.4489795918367347,6,0.9795918367346939,0.6681614349775785,0.01242393509127789,1.3183856502242153,90,0
RTFMS_2000_MIXED_4.0_5_alpha.pnml,33,4,0.863120568566631,4,0.9393939393939394,14,5.714285714285714,14,1.0,0.0,0.09615384615384616,1.0606060606060606,0,4
BPIC2012_10000_ABSENCE_0.1_4_heuristics.pnml,122,1,0.7424875695421236,4,0.9098360655737705,67,4.684210526315789,12,0.9649122807017544,0.7049180327868853,0.026785714285714284,1.401639344262295,59,3
BPIC2012_40000_ORDERING_10.0_5_heuristics.pnml,173,6,0.6987003526563343,4,0.9942196531791907,109,5.264150943396227,22,0.9922779922779923,0.6763005780346821,0.021583333333333333,1.4971098265895955,100,3
RTFMS_2000_ABSENCE_2.0_4_alpha.pnml,30,10,0.954434002924965,16,1.0,15,4.375,8,1.0,0.0,0.11722488038277512,1.6333333333333333,0,15
BPIC2012_10000_SUBSTITUTION_4.0_2_inductive.pnml,548,9,0.72847270294355,21,0.9927007299270073,367,5.2967032967032965,34,1.0,0.145985401459854,0.007255925387182339,1.5474452554744527,158,0
Sepsis_1000_INSERTION_2.0_3_alpha.pnml,35,11,1.0,5,0.8,16,4.5,15,0.926829268292683,0.0,0.0876068376068376,1.1714285714285715,0,0
RTFMS_10000_MIXED_0.2_2_inductive_inf.pnml,59,1,0.4262286569981449,1,0.7627118644067796,31,3.5217391304347827,6,0.9868421052631579,0.6271186440677966,0.04668304668304668,1.2881355932203389,22,0
Sepsis_100000_ORDERING_1.0_1_heuristics.pnml,123,36,0.9580420222262995,9,1.0,93,5.12,15,1.0,0.4959349593495935,0.031114551083591332,1.6341463414634145,68,10
RTFMS_1000_ABSENCE_2.0_2_heuristics.pnml,58,17,0.9293636260137187,3,1.0,35,3.5172413793103448,7,1.0,0.1206896551724138,0.049689440993788817,1.3793103448275863,23,4
RTFMS_40000_ABSENCE_0.1_3_inductive.pnml,62,2,0.7455178428108284,7,0.9838709677419355,31,3.212121212121212,5,0.975609756097561,0.06451612903225806,0.0430672268907563,1.3225806451612903,22,0
BPIC2012_40000_inductive.pnml,132,1,0.74959525725948,9,0.9545454545454546,67,3.5357142857142856,6,0.9310344827586207,0.9545454545454546,0.020655270655270654,1.3181818181818181,53,0
Sepsis_100000_MIXED_0.1_1_inductive.pnml,165,1,0.7051819722888516,8,0.9757575757575757,94,3.7260273972602738,8,1.0,0.7151515151515152,0.018228333866325552,1.3818181818181818,63,0
RTFMS_4000_ORDERING_0.2_4_alpha.pnml,27,18,0.9980008838722996,16,1.0,18,4.105263157894737,9,1.0,0.4444444444444444,0.13352272727272727,1.7407407407407407,0,11
BPIC2012_4000_SUBSTITUTION_2.0_2_alpha.pnml,79,7,0.9910760598382222,7,0.8734177215189873,35,4.944444444444445,17,0.9295774647887324,0.0,0.03697916666666667,0.8987341772151899,0,1
RTFMS_40000_INSERTION_0.1_1_heuristics.pnml,91,20,0.8680403986166403,3,1.0,63,4.421052631578948,11,1.0,0.31868131868131866,0.03883219954648526,1.5054945054945055,33,1
Sepsis_1000_INSERTION_1.0_1_inductive_inf.pnml,91,2,0.4394969869215134,11,0.967032967032967,42,3.4318181818181817,13,1.0,0.3516483516483517,0.02975609756097561,1.3406593406593406,33,0
BPIC2012_20000_INSERTION_0.1_4_inductive_inf.pnml,144,1,0.7219280948873623,8,0.9236111111111112,71,3.4833333333333334,6,0.9414893617021276,0.9305555555555556,0.01884522854851644,1.3055555555555556,60,0
RTFMS_2000_ORDERING_4.0_5_inductive.pnml,39,1,0.8366407419411672,2,0.9487179487179487,23,3.8666666666666667,6,0.9615384615384616,0.8205128205128205,0.07222222222222222,1.3333333333333333,12,0
Sepsis_10000_SUBSTITUTION_4.0_5_alpha.pnml,210,0,0.0,0,0.9809523809523809,34,34.0,34,0.9714285714285714,0.0,0.05636070853462158,0.3333333333333333,0,0
RTFMS_10000_SUBSTITUTION_4.0_4_alpha.pnml,201,6,0.9182958340544896,5,0.9800995024875622,74,26.833333333333332,74,0.9807692307692307,0.0,0.050518134715025906,0.7761194029850746,0,3
Sepsis_4000_SUBSTITUTION_0.4_5_heuristics.pnml,123,42,0.9656361333706098,7,1.0,93,5.3478260869565215,15,1.0,0.6747967479674797,0.03142677561282212,1.6260162601626016,63,10
RTFMS_2000_ORDERING_4.0_5_alpha.pnml,23,15,0.9402859586706311,11,1.0,15,4.142857142857143,10,1.0,0.0,0.14393939393939395,1.6521739130434783,0,9
Sepsis_10000_INSERTION_0.4_4_heuristics.pnml,136,30,0.9377342939868041,8,1.0,107,5.875,20,1.0,0.5147058823529411,0.03239038189533239,1.6838235294117647,59,7
RTFMS_4000_ABSENCE_0.2_1_heuristics.pnml,71,25,0.9568886656798212,4,1.0,49,3.7837837837837838,9,1.0,0.5070422535211268,0.044444444444444446,1.4647887323943662,33,3
Sepsis_20000_INSERTION_10.0_1_inductive.pnml,1158,2,0.7158259310602149,14,0.9965457685664939,1028,16.757575757575758,365,1.0,0.055267702936096716,0.009559509290479948,1.8411053540587219,115,0
BPIC2012_4000_SUBSTITUTION_1.0_5_inductive.pnml,190,4,0.6962122601251458,9,0.9894736842105263,112,3.875,13,1.0,0.5210526315789473,0.016017473607571896,1.3894736842105264,72,0
BPIC2012_1000_ORDERING_0.1_2_heuristics.pnml,110,4,0.4689955935892812,1,0.9363636363636364,55,4.833333333333333,11,0.9271523178807947,0.7727272727272727,0.028761904761904763,1.3727272727272728,51,0
Sepsis_20000_ORDERING_4.0_2_alpha.pnml,24,19,0.9774178175281716,12,1.0,24,4.705882352941177,15,1.0,0.0,0.1796875,1.9166666666666667,0,4
Sepsis_10000_MIXED_0.2_4_inductive.pnml,137,2,0.7382848661434506,12,0.9854014598540146,68,3.2222222222222223,5,1.0,0.20437956204379562,0.01955671447196871,1.313868613138686,54,0
RTFMS_10000_ABSENCE_10.0_1_inductive.pnml,38,1,0.5665095065529053,1,0.9736842105263158,25,3.8666666666666667,7,1.0,0.7105263157894737,0.08,1.368421052631579,13,0
BPIC2012_1000_MIXED_4.0_3_heuristics.pnml,137,1,0.4854607607459134,2,0.9927007299270073,82,5.394736842105263,14,0.9751243781094527,0.7153284671532847,0.02671451355661882,1.467153284671533,62,0
RTFMS_100000_SUBSTITUTION_1.0_2_heuristics.pnml,613,31,0.9244571409964927,5,1.0,579,23.0188679245283,184,1.0,0.0701468189233279,0.027449324324324325,1.9086460032626427,62,2
RTFMS_40000_MIXED_0.2_1_heuristics.pnml,109,21,0.8390040613676977,3,1.0,77,4.829268292682927,16,1.0,0.3944954128440367,0.03453267162944582,1.5321100917431192,42,1
RTFMS_1000_SUBSTITUTION_4.0_1_inductive.pnml,121,0,0.6987003526563343,5,0.9669421487603306,69,3.69811320754717,8,1.0,0.19834710743801653,0.024746571258199165,1.371900826446281,48,0
RTFMS_10000_ORDERING_0.2_5_heuristics.pnml,70,25,0.943601631299382,4,1.0,48,3.7777777777777777,9,1.0,0.37142857142857144,0.044580419580419584,1.457142857142857,32,3
Sepsis_4000_INSERTION_1.0_1_alpha.pnml,46,17,0.9910760598382222,9,0.8913043478260869,22,4.166666666666667,17,0.96,0.0,0.06944444444444445,1.0869565217391304,0,2
RTFMS_20000_SUBSTITUTION_1.0_2_alpha.pnml,130,16,0.9957274520849255,8,0.9769230769230769,52,11.0,58,1.0,0.046153846153846156,0.05463728191000918,0.9153846153846154,0,4
BPIC2012_2000_ORDERING_0.4_3_heuristics.pnml,110,5,0.6024308020404452,3,0.990909090909091,62,4.735294117647059,12,0.967948717948718,0.7272727272727273,0.030696576151121605,1.4181818181818182,54,0
RTFMS_2000_ABSENCE_2.0_3_alpha.pnml,30,13,0.954434002924965,17,1.0,16,4.5,9,1.0,0.0,0.11961722488038277,1.6666666666666667,0,16
Sepsis_100000_ABSENCE_10.0_2_alpha.pnml,25,14,0.9975025463691152,13,0.92,23,4.705882352941177,14,1.0,0.0,0.1597222222222222,1.84,0,7
Sepsis_1000_INSERTION_0.1_4_heuristics.pnml,99,28,0.9268190639645772,4,1.0,74,5.105263157894737,14,1.0,0.6464646464646465,0.03891625615763547,1.595959595959596,52,4
RTFMS_2000_SUBSTITUTION_0.4_1_inductive.pnml,77,0,0.6394571324851641,4,0.948051948051948,41,3.2432432432432434,4,1.0,0.15584415584415584,0.03506311360448808,1.2987012987012987,30,0
RTFMS_2000_MIXED_0.4_4_heuristics.pnml,70,29,0.9275265884316759,3,1.0,48,3.7714285714285714,9,1.0,0.17142857142857143,0.04414335664335664,1.4428571428571428,30,3
RTFMS_40000_ABSENCE_10.0_5_alpha.pnml,29,36,0.9910760598382222,21,1.0,12,4.444444444444445,10,1.0,0.0,0.12878787878787878,1.7586206896551724,0,12
Sepsis_100000_SUBSTITUTION_0.2_3_heuristics.pnml,222,39,0.9366673818775626,8,1.0,194,8.980392156862745,33,1.0,0.6261261261261262,0.029218407596785977,1.8018018018018018,65,7
BPIC2012_40000_ORDERING_4.0_5_inductive.pnml,109,0,0.7467366074830679,9,0.981651376146789,58,3.7872340425531914,13,0.9733333333333334,0.7706422018348624,0.026427061310782242,1.3761467889908257,41,0
RTFMS_2000_ABSENCE_0.1_1_alpha.pnml,27,8,0.8904916402194913,10,0.9259259259259259,11,3.769230769230769,6,0.9736842105263158,0.0,0.10795454545454546,1.4074074074074074,0,9
BPIC2012_20000_ABSENCE_0.2_5_inductive.pnml,142,1,0.6962122601251458,9,0.971830985915493,76,3.453125,6,0.973404255319149,0.9084507042253521,0.01940144478844169,1.323943661971831,60,0
BPIC2012_100000_SUBSTITUTION_0.4_5_heuristics.pnml,388,0,0.6699960320994333,5,0.9974226804123711,318,12.298245614035087,63,0.9985315712187959,0.5850515463917526,0.019488324175824176,1.7551546391752577,91,4
BPIC2012_100000_SUBSTITUTION_10.0_5_inductive.pnml,5381,3,0.7330022650766125,23,0.9992566437465156,5177,49.54205607476636,796,1.0,0.017840550083627577,0.005908316118617856,1.9453633153688905,198,0
BPIC2012_100000_INSERTION_4.0_3_inductive.pnml,2203,7,0.7502478624493756,23,0.9981842941443486,2014,20.8,274,1.0,0.04357694053563323,0.0062811395477579525,1.8747162959600545,187,0
RTFMS_2000_ABSENCE_2.0_4_heuristics.pnml,69,29,0.9275265884316759,3,1.0,47,3.7142857142857144,9,1.0,0.17391304347826086,0.04427549194991055,1.434782608695652,31,3
BPIC2012_40000_ABSENCE_4.0_2_alpha.pnml,38,12,0.998363672593813,11,0.9736842105263158,18,4.0,16,1.0,0.0,0.07738095238095238,1.368421052631579,0,9
RTFMS_10000_MIXED_4.0_2_inductive.pnml,241,4,0.7592757847892833,9,0.983402489626556,167,5.195121951219512,30,1.0,0.13278008298755187,0.01641949152542373,1.5435684647302905,71,0
Sepsis_20000_ORDERING_0.4_3_alpha.pnml,23,10,0.9852281360342515,7,0.9565217391304348,17,4.357142857142857,15,1.0,0.0,0.16517857142857142,1.608695652173913,0,4
Sepsis_1000_MIXED_0.1_1_heuristics.pnml,99,28,0.9268190639645772,4,1.0,74,5.105263157894737,14,1.0,0.6363636363636364,0.03891625615763547,1.595959595959596,52,4
BPIC2012_2000_SUBSTITUTION_4.0_2_heuristics.pnml,161,2,0.5349436990971066,3,1.0,109,6.341463414634147,16,0.992,0.7204968944099379,0.026743688489516474,1.5527950310559007,60,0
BPIC2012_100000_INSERTION_0.2_1_alpha.pnml,121,12,0.9182958340544896,1,0.9008264462809917,31,9.333333333333334,28,0.8548387096774194,0.0,0.027927927927927927,0.512396694214876,0,0
RTFMS_100000_SUBSTITUTION_1.0_4_alpha.pnml,483,10,1.0,1,0.9875776397515528,154,80.5,163,0.99375,0.0,0.08350730688935282,0.6625258799171843,0,0
Sepsis_4000_SUBSTITUTION_0.4_1_heuristics.pnml,127,42,0.9656361333706098,7,1.0,97,5.521739130434782,16,1.0,0.6614173228346457,0.03123123123123123,1.6377952755905512,63,10
RTFMS_40000_SUBSTITUTION_10.0_5_heuristics.pnml,2084,13,0.9314581888225361,26,1.0,2000,34.446280991735534,649,1.0,0.14347408829174665,0.012044642857142858,1.9419385796545106,159,5
Sepsis_1000_SUBSTITUTION_1.0_5_heuristics.pnml,102,30,0.9268190639645772,4,1.0,78,5.315789473684211,15,1.0,0.6470588235294118,0.03897024090694379,1.6176470588235294,52,4
BPIC2012_10000_ABSENCE_0.1_1_heuristics.pnml,119,2,0.7531979910695014,4,0.9159663865546218,65,4.675675675675675,11,0.9640718562874252,0.7226890756302521,0.02752142386288728,1.403361344537815,57,3
BPIC2012_100000_MIXED_0.2_2_heuristics.pnml,206,1,0.691289869405789,5,0.9757281553398058,137,6.185185185185185,19,0.9936908517350158,0.6553398058252428,0.02032051282051282,1.5388349514563107,81,4
RTFMS_40000_MIXED_1.0_4_inductive.pnml,208,1,0.7455178428108284,7,0.9807692307692307,147,5.575757575757576,28,1.0,0.11538461538461539,0.02009368836291913,1.5673076923076923,57,0
Sepsis_2000_ABSENCE_2.0_3_inductive.pnml,95,3,0.5107878229540133,9,0.9789473684210527,44,3.4545454545454546,11,1.0,0.25263157894736843,0.028455284552845527,1.3263157894736841,37,0
BPIC2012_10000_INSERTION_0.4_1_alpha.pnml,49,15,0.9910760598382222,4,0.8571428571428572,12,4.888888888888889,14,0.9722222222222222,0.0,0.061224489795918366,0.7346938775510204,0,2
Sepsis_40000_ORDERING_10.0_2_inductive.pnml,109,0,0.676941869780886,14,0.981651376146789,52,3.357142857142857,12,0.9863013698630136,0.22018348623853212,0.024745762711864405,1.3394495412844036,42,0
BPIC2012_20000_ABSENCE_4.0_4_heuristics.pnml,131,4,0.7592757847892833,4,0.9541984732824428,74,4.853658536585366,16,0.9680851063829787,0.6870229007633588,0.025824175824175823,1.4351145038167938,66,3
Sepsis_2000_SUBSTITUTION_1.0_3_inductive.pnml,139,4,0.5975977764379983,6,0.9712230215827338,74,3.4516129032258065,12,1.0,0.4028776978417266,0.020184291355857833,1.3237410071942446,57,0
Sepsis_1000_MIXED_0.2_5_inductive.pnml,96,3,0.5185697317883058,9,0.96875,40,3.3255813953488373,11,0.967741935483871,0.2916666666666667,0.02720491443615621,1.2916666666666667,36,0
BPIC2012_1000_INSERTION_10.0_2_heuristics.pnml,173,2,0.46121604051390946,2,0.9710982658959537,112,6.560975609756097,18,0.9735849056603774,0.6647398843930635,0.024482631189948263,1.5317919075144508,61,0
Sepsis_4000_ORDERING_2.0_3_inductive.pnml,95,3,0.5107878229540133,11,0.9789473684210527,42,3.4545454545454546,13,0.9841269841269842,0.25263157894736843,0.02817531305903399,1.3263157894736841,35,0
Sepsis_40000_MIXED_10.0_4_alpha.pnml,971,7,0.0,0,0.9979402677651905,107,103.5,107,1.0,0.0,0.053405572755417956,0.21318228630278063,0,0
BPIC2012_20000_MIXED_10.0_1_heuristics.pnml,695,7,0.7162583911075449,8,1.0,618,18.591549295774648,98,1.0,0.6129496402877698,0.016850393700787402,1.8474820143884891,133,3
RTFMS_10000_MIXED_2.0_1_heuristics.pnml,150,20,0.9108783787500366,5,1.0,114,6.130434782608695,25,1.0,0.32,0.030434782608695653,1.6333333333333333,49,4
RTFMS_2000_SUBSTITUTION_0.1_5_inductive.pnml,54,2,0.7642045065086203,3,0.9444444444444444,30,3.2222222222222223,5,1.0,0.07407407407407407,0.04971590909090909,1.2962962962962963,20,0
Sepsis_1000_MIXED_0.4_1_alpha.pnml,25,15,0.9798687566511528,6,0.96,15,4.25,14,0.9444444444444444,0.0,0.14285714285714285,1.44,0,1
BPIC2012_2000_MIXED_0.2_2_inductive_inf.pnml,136,0,0.676941869780886,8,0.9264705882352942,69,3.5357142857142856,6,0.9438202247191011,0.8897058823529411,0.019977553310886645,1.3088235294117647,55,0
BPIC2012_10000_INSERTION_0.1_3_inductive.pnml,141,1,0.603652249754401,7,0.950354609929078,78,3.5737704918032787,8,0.9893617021276596,0.9645390070921985,0.020008514261387826,1.3333333333333333,60,0
BPIC2012_40000_MIXED_10.0_4_heuristics.pnml,1292,1,0.530744566923854,5,1.0,1187,29.710843373493976,178,1.0,0.7616099071207431,0.013211997922437673,1.890092879256966,188,3
RTFMS_20000_ORDERING_0.1_4_inductive.pnml,51,3,0.5586293734521992,7,0.9607843137254902,23,3.5652173913043477,9,0.9705882352941176,0.0784313725490196,0.05246913580246913,1.3333333333333333,15,0
Sepsis_4000_SUBSTITUTION_10.0_5_inductive.pnml,394,5,0.6949749673676273,11,0.9898477157360406,285,6.5233644859813085,54,1.0,0.1319796954314721,0.01190609906772998,1.614213197969543,99,0
Sepsis_20000_ABSENCE_1.0_1_heuristics.pnml,108,34,0.9503376699710268,8,1.0,84,5.043478260869565,14,1.0,0.5462962962962963,0.03595959595959596,1.6481481481481481,58,7
BPIC2012_4000_SUBSTITUTION_10.0_2_inductive.pnml,551,9,0.7262781982580662,21,0.9927404718693285,369,5.2896174863387975,34,1.0,0.14519056261343014,0.007204464738711314,1.546279491833031,160,0
Sepsis_10000_INSERTION_1.0_5_inductive.pnml,211,4,0.6454495903301855,10,0.981042654028436,124,4.094117647058823,25,1.0,0.22748815165876776,0.015090543259557344,1.4218009478672986,72,0
BPIC2012_40000_MIXED_0.1_4_alpha.pnml,43,9,0.9957274520849255,4,0.813953488372093,15,3.6923076923076925,13,0.875,0.0,0.056818181818181816,0.9302325581395349,0,1
Sepsis_2000_INSERTION_0.2_1_inductive.pnml,106,1,0.6880476235340796,6,0.9811320754716981,56,3.4285714285714284,6,1.0,0.7641509433962265,0.026041666666666668,1.320754716981132,45,0
RTFMS_4000_ABSENCE_10.0_5_heuristics.pnml,71,25,0.9568886656798212,4,1.0,49,3.7837837837837838,9,1.0,0.5070422535211268,0.044444444444444446,1.4647887323943662,33,3
BPIC2012_2000_ABSENCE_0.4_2_heuristics.pnml,106,6,0.6136190195993708,3,0.9622641509433962,59,4.696969696969697,11,0.9666666666666667,0.7547169811320755,0.0316722972972973,1.4150943396226414,51,0
RTFMS_20000_ABSENCE_1.0_5_inductive_inf.pnml,48,0,0.8112781244591328,3,0.8958333333333334,28,3.375,7,0.984375,0.8541666666666666,0.05807622504537205,1.3333333333333333,17,0
RTFMS_1000_ORDERING_1.0_4_inductive.pnml,51,3,0.7918583525674836,4,0.9607843137254902,22,3.3333333333333335,5,0.90625,0.0784313725490196,0.049689440993788817,1.2549019607843137,16,0
Sepsis_20000_INSERTION_1.0_1_heuristics.pnml,227,34,0.9241335419915457,9,1.0,193,8.285714285714286,41,1.0,0.7136563876651982,0.026422764227642278,1.775330396475771,70,7
Sepsis_4000_ORDERING_0.1_3_inductive.pnml,89,4,0.5435644431995964,8,0.9775280898876404,39,3.4,10,0.9827586206896551,0.2696629213483146,0.029743589743589743,1.303370786516854,33,0
RTFMS_4000_SUBSTITUTION_0.1_1_alpha.pnml,28,8,0.9910760598382222,12,0.8928571428571429,18,3.6666666666666665,7,1.0,0.42857142857142855,0.10512820512820513,1.4642857142857142,0,9
RTFMS_4000_INSERTION_1.0_5_inductive.pnml,114,1,0.7045767128725936,5,0.9649122807017544,69,4.042553191489362,10,1.0,0.14035087719298245,0.02804709141274238,1.4210526315789473,39,0
RTFMS_40000_ABSENCE_0.4_3_heuristics.pnml,66,22,0.9081783472997051,3,1.0,45,3.7058823529411766,9,1.0,0.4090909090909091,0.04712301587301587,1.4393939393939394,30,1
BPIC2012_20000_ABSENCE_1.0_2_heuristics.pnml,129,2,0.7592757847892833,4,0.9612403100775194,73,4.7317073170731705,14,0.967391304347826,0.7131782945736435,0.025842696629213482,1.426356589147287,64,3
Sepsis_4000_MIXED_0.4_4_alpha.pnml,30,23,0.9940302114769565,7,0.7666666666666666,14,4.363636363636363,14,0.9142857142857143,0.0,0.10869565217391304,1.1666666666666667,0,0
BPIC2012_1000_SUBSTITUTION_1.0_3_alpha.pnml,40,9,0.9852281360342515,4,0.75,11,3.4285714285714284,11,0.8918918918918919,0.0,0.05799373040752351,0.925,0,0
BPIC2012_2000_SUBSTITUTION_10.0_5_heuristics.pnml,263,5,0.4820661480830931,3,0.9961977186311787,197,9.3125,35,0.9908675799086758,0.5931558935361216,0.021939491083951112,1.6653992395437263,74,0
Sepsis_100000_INSERTION_2.0_4_inductive.pnml,1188,2,0.730926377590601,14,0.9966329966329966,1062,17.242424242424242,370,1.0,0.05387205387205387,0.009646924328364772,1.8468013468013469,117,0
Sepsis_20000_INSERTION_0.2_5_alpha.pnml,49,7,0.9798687566511528,3,0.9387755102040817,21,5.25,18,0.98,0.16326530612244897,0.06944444444444445,1.0204081632653061,0,1
Sepsis_100000_ABSENCE_0.4_1_inductive.pnml,95,3,0.5107878229540133,9,0.9789473684210527,44,3.4545454545454546,11,1.0,0.25263157894736843,0.028455284552845527,1.3263157894736841,37,0
BPIC2012_40000_ORDERING_0.1_4_heuristics.pnml,128,2,0.7691928290130138,4,0.9765625,72,4.8,13,0.9672131147540983,0.7421875,0.02599431818181818,1.4296875,64,3
Sepsis_100000_SUBSTITUTION_1.0_3_alpha.pnml,518,11,0.9709505944546686,1,0.9922779922779923,63,28.4,73,0.9927536231884058,0.0,0.03356031128404669,0.26640926640926643,0,0
Sepsis_40000_SUBSTITUTION_0.4_5_inductive.pnml,270,9,0.6975195309289137,11,0.9851851851851852,165,4.534653465346534,28,1.0,0.17777777777777778,0.01290866632070576,1.474074074074074,90,0
BPIC2012_1000_SUBSTITUTION_0.1_1_inductive.pnml,133,1,0.7568336324184035,8,0.9323308270676691,64,3.4545454545454546,6,0.9186046511627907,0.9097744360902256,0.020046620046620046,1.2932330827067668,53,0
BPIC2012_20000_INSERTION_2.0_5_inductive.pnml,442,6,0.7274873474533534,16,0.9909502262443439,305,5.440559440559441,35,1.0,0.2873303167420814,0.009199828840393666,1.5565610859728507,123,0
RTFMS_2000_ORDERING_10.0_4_alpha.pnml,23,6,0.863120568566631,10,1.0,16,4.285714285714286,10,1.0,0.0,0.14772727272727273,1.6956521739130435,0,9
Sepsis_2000_INSERTION_1.0_4_heuristics.pnml,129,31,0.9440870182837794,6,1.0,100,5.531914893617022,18,1.0,0.5038759689922481,0.03221884498480243,1.6434108527131783,63,6
RTFMS_40000_SUBSTITUTION_0.2_2_heuristics.pnml,116,20,0.8879763195151349,3,1.0,91,6.166666666666667,27,1.0,0.25862068965517243,0.04081196581196581,1.646551724137931,36,1
RTFMS_20000_INSERTION_4.0_2_inductive.pnml,525,7,0.7665599404543364,10,0.9923809523809524,450,11.717647058823529,103,1.0,0.06095238095238095,0.015481613520829208,1.7866666666666666,69,0
RTFMS_10000_INSERTION_2.0_5_inductive.pnml,201,3,0.6500224216483541,6,0.9800995024875622,147,6.555555555555555,34,1.0,0.11940298507462686,0.023076923076923078,1.6119402985074627,46,0
Sepsis_40000_MIXED_10.0_5_inductive.pnml,1214,1,0.7002019050456441,14,0.9967051070840197,1083,17.575757575757574,387,1.0,0.04942339373970346,0.009463988720884093,1.8467874794069192,120,0
Sepsis_20000_ABSENCE_4.0_4_heuristics.pnml,109,34,0.9503376699710268,8,1.0,85,5.086956521739131,14,1.0,0.5412844036697247,0.03588516746411483,1.651376146788991,59,7
RTFMS_100000_SUBSTITUTION_1.0_2_inductive.pnml,648,4,0.7642045065086203,9,0.9938271604938271,576,15.333333333333334,173,1.0,0.04938271604938271,0.01611721611721612,1.8333333333333333,71,0
BPIC2012_20000_INSERTION_1.0_1_alpha.pnml,121,12,0.9182958340544896,1,0.9008264462809917,31,9.333333333333334,28,0.8548387096774194,0.0,0.027927927927927927,0.512396694214876,0,0
BPIC2012_1000_MIXED_4.0_1_heuristics.pnml,131,3,0.4059770384755711,1,0.9618320610687023,76,5.1891891891891895,14,0.9788359788359788,0.7099236641221374,0.027170787809085682,1.4427480916030535,56,0
Sepsis_1000_SUBSTITUTION_2.0_1_inductive.pnml,148,4,0.644694043811662,10,0.972972972972973,72,3.26027397260274,8,1.0,0.21621621621621623,0.018277746372715283,1.3108108108108107,58,0
Sepsis_100000_INSERTION_10.0_2_heuristics.pnml,4950,72,0.9604731760858582,41,1.0,4853,48.55339805825243,822,1.0,0.8246464646464646,0.00771833502563802,1.9686868686868686,283,7
BPIC2012_40000_INSERTION_0.1_4_alpha.pnml,49,8,0.9852281360342515,2,0.8775510204081632,10,4.857142857142857,14,0.9333333333333333,0.0,0.05813953488372093,0.6122448979591837,0,1
Sepsis_1000_ORDERING_4.0_4_inductive.pnml,94,2,0.5746356978376794,11,0.9680851063829787,41,3.3863636363636362,11,0.967741935483871,0.2553191489361702,0.028271773825809393,1.3191489361702127,34,0
BPIC2012_2000_SUBSTITUTION_0.2_1_inductive.pnml,135,0,0.7219280948873623,9,0.9407407407407408,67,3.3833333333333333,6,0.9488636363636364,0.9037037037037037,0.019891500904159132,1.3037037037037038,53,0
BPIC2012_100000_SUBSTITUTION_0.1_5_heuristics.pnml,198,1,0.7300166301457938,5,0.9848484848484849,134,6.63265306122449,22,0.9903225806451613,0.6565656565656566,0.022168192219679635,1.5656565656565657,68,4
Sepsis_100000_SUBSTITUTION_2.0_5_inductive.pnml,1244,0,0.7128132609403541,14,0.9967845659163987,1113,17.909774436090224,388,1.0,0.05144694533762058,0.009460870137022332,1.8504823151125402,120,0
Sepsis_40000_ORDERING_1.0_2_heuristics.pnml,113,37,0.9440870182837794,8,1.0,89,5.148936170212766,15,1.0,0.5221238938053098,0.03481012658227848,1.654867256637168,62,7
Sepsis_10000_INSERTION_1.0_2_inductive.pnml,218,7,0.6861549474202006,11,0.981651376146789,125,3.89247311827957,23,1.0,0.22018348623853212,0.014177168272794662,1.4036697247706422,79,0
Sepsis_40000_ORDERING_10.0_5_inductive.pnml,105,1,0.6646953053493418,12,0.9809523809523809,50,3.3846153846153846,10,0.9857142857142858,0.22857142857142856,0.025678650036683785,1.3333333333333333,41,0
BPIC2012_4000_ORDERING_0.4_4_alpha.pnml,32,6,0.9940302114769565,3,0.84375,13,4.090909090909091,13,0.9117647058823529,0.0,0.08854166666666667,1.0625,0,0
BPIC2012_20000_INSERTION_4.0_2_heuristics.pnml,566,3,0.5916727785823275,4,1.0,487,16.571428571428573,66,0.9980487804878049,0.784452296819788,0.017394108064078196,1.8109540636042403,116,3
RTFMS_20000_MIXED_4.0_4_heuristics.pnml,270,28,0.8296071030882031,2,1.0,237,12.380952380952381,66,1.0,0.1037037037037037,0.03203781512605042,1.8074074074074074,49,1
Sepsis_100000_ABSENCE_2.0_5_inductive.pnml,95,3,0.5107878229540133,9,0.9789473684210527,44,3.4545454545454546,11,1.0,0.25263157894736843,0.028455284552845527,1.3263157894736841,37,0
RTFMS_4000_INSERTION_0.4_1_inductive.pnml,93,3,0.6581912658132185,6,0.8924731182795699,45,3.148936170212766,6,1.0,0.17204301075268819,0.02849002849002849,1.2903225806451613,36,0
Sepsis_1000_SUBSTITUTION_0.2_3_alpha.pnml,26,18,0.9182958340544896,8,0.9230769230769231,17,4.5,15,0.9736842105263158,0.0,0.13194444444444445,1.4615384615384615,0,2
RTFMS_40000_ORDERING_4.0_2_inductive.pnml,70,1,0.8524051786494786,8,0.9714285714285714,34,3.2777777777777777,5,0.9565217391304348,0.05714285714285714,0.03782894736842105,1.3142857142857143,26,0
BPIC2012_4000_ABSENCE_4.0_4_alpha.pnml,37,10,0.9980008838722996,9,0.972972972972973,17,3.8947368421052633,14,0.9787234042553191,0.0,0.07532051282051282,1.2702702702702702,0,7
Sepsis_2000_ABSENCE_2.0_4_inductive.pnml,95,3,0.5107878229540133,9,0.9789473684210527,44,3.4545454545454546,11,1.0,0.25263157894736843,0.028455284552845527,1.3263157894736841,37,0
BPIC2012_1000_MIXED_2.0_4_inductive.pnml,178,5,0.667713540528142,11,0.9662921348314607,92,3.313953488372093,6,0.9957264957264957,0.8707865168539326,0.015330188679245283,1.3146067415730338,75,0
BPIC2012_100000_MIXED_0.2_4_inductive.pnml,284,3,0.7250180540934875,16,0.9859154929577465,160,3.705426356589147,11,1.0,0.5845070422535211,0.01056696883548785,1.3873239436619718,107,0
BPIC2012_20000_INSERTION_0.1_2_heuristics.pnml,137,4,0.7592757847892833,4,0.927007299270073,79,5.048780487804878,13,0.9696969696969697,0.6861313868613139,0.025515463917525773,1.4452554744525548,60,3
RTFMS_2000_SUBSTITUTION_2.0_4_alpha.pnml,37,18,0.9709505944546686,7,0.8918918918918919,17,5.6,14,0.9767441860465116,0.0,0.09267241379310345,1.162162162162162,0,2
RTFMS_4000_INSERTION_0.4_4_heuristics.pnml,83,24,0.934068055375491,4,1.0,56,3.95,9,1.0,0.4457831325301205,0.038952745849297574,1.4698795180722892,33,3
RTFMS_100000_MIXED_0.2_2_inductive.pnml,180,2,0.7531979910695014,9,0.9777777777777777,111,4.216216216216216,17,1.0,0.13333333333333333,0.01851328434143584,1.4555555555555555,60,0
RTFMS_40000_MIXED_10.0_1_heuristics.pnml,1151,7,0.8168114277045246,8,1.0,1087,31.859154929577464,328,1.0,0.3961772371850565,0.018339416058394162,1.9209383145091226,96,2
RTFMS_20000_ABSENCE_1.0_5_alpha.pnml,27,23,0.9886994082884974,16,1.0,13,4.25,9,1.0,0.25925925925925924,0.1278409090909091,1.6666666666666667,0,11
RTFMS_40000_INSERTION_1.0_2_inductive.pnml,323,4,0.7775398641607599,9,0.9876160990712074,259,8.135135135135135,50,1.0,0.08668730650154799,0.018137448885371322,1.7027863777089782,61,0
BPIC2012_2000_MIXED_10.0_1_inductive.pnml,299,6,0.691289869405789,15,0.9866220735785953,164,3.6148148148148147,9,1.0,0.3779264214046823,0.009812409812409812,1.3645484949832776,120,0
BPIC2012_2000_ORDERING_0.4_3_inductive.pnml,137,2,0.7973265101474423,11,0.9635036496350365,66,3.5172413793103448,6,0.9277777777777778,0.8832116788321168,0.01964207769532955,1.313868613138686,54,0
BPIC2012_100000_INSERTION_4.0_4_heuristics.pnml,2324,5,0.5239042914605168,7,1.0,2165,35.181102362204726,316,1.0,0.7938898450946644,0.008649971889055473,1.9066265060240963,270,4
RTFMS_10000_MIXED_2.0_1_inductive.pnml,171,0,0.7578784625383954,7,0.9766081871345029,113,4.65625,19,1.0,0.11695906432748537,0.02115702479338843,1.4970760233918128,55,0
Sepsis_40000_heuristics.pnml,107,36,0.9503376699710268,8,1.0,84,5.043478260869565,14,1.0,0.5514018691588785,0.03624078624078624,1.6542056074766356,57,7
RTFMS_20000_INSERTION_10.0_2_inductive.pnml,1111,7,0.774967267326726,11,0.9963996399639964,1031,23.543478260869566,231,1.0,0.0288028802880288,0.014233477789815818,1.891989198919892,75,0
Sepsis_20000_ABSENCE_0.1_3_alpha.pnml,22,15,0.9402859586706311,7,0.9545454545454546,18,4.0,14,1.0,0.0,0.17708333333333334,1.5454545454545454,0,2
RTFMS_2000_SUBSTITUTION_10.0_3_inductive.pnml,217,3,0.7455178428108284,7,0.9815668202764977,154,5.848484848484849,37,1.0,0.11059907834101383,0.020046620046620046,1.5852534562211982,57,0
RTFMS_4000_SUBSTITUTION_0.4_4_inductive.pnml,79,4,0.6500224216483541,4,0.9493670886075949,43,3.5,7,1.0,0.1518987341772152,0.03605442176870748,1.3417721518987342,28,0
RTFMS_4000_ABSENCE_0.2_2_inductive.pnml,59,0,0.7355085815538398,3,0.9830508474576272,35,3.310344827586207,5,1.0,0.8135593220338984,0.04710144927536232,1.3220338983050848,24,0
RTFMS_100000_heuristics.pnml,65,12,0.9366673818775626,5,0.9692307692307692,42,3.6176470588235294,8,0.9891304347826086,0.49230769230769234,0.046,1.4153846153846155,28,2
BPIC2012_1000_SUBSTITUTION_10.0_5_alpha.pnml,92,14,0.9612366047228759,5,0.9456521739130435,18,4.846153846153846,20,0.9591836734693877,0.10869565217391304,0.03279785809906292,0.532608695652174,0,2
Sepsis_100000_MIXED_0.2_5_alpha.pnml,75,7,0.9957274520849255,7,0.8933333333333333,30,6.0,17,0.9827586206896551,0.08,0.054104477611940295,0.7733333333333333,0,1
BPIC2012_10000_INSERTION_0.1_4_inductive.pnml,150,4,0.678114052360606,9,0.98,75,3.388059701492537,9,0.9693877551020408,0.8466666666666667,0.018051206483698654,1.3066666666666666,60,0
Sepsis_4000_MIXED_0.4_1_alpha.pnml,28,11,0.9975025463691152,8,0.9642857142857143,21,4.0,14,1.0,0.0,0.125,1.4285714285714286,0,3
Sepsis_2000_ORDERING_2.0_1_inductive.pnml,94,3,0.6409441847875287,9,0.9787234042553191,40,3.3488372093023258,10,0.9672131147540983,0.2553191489361702,0.027930402930402932,1.297872340425532,35,0
Sepsis_40000_MIXED_4.0_1_alpha.pnml,410,19,0.9709505944546686,2,0.9878048780487805,40,20.8,54,0.98,0.0,0.024691358024691357,0.24390243902439024,0,0
Sepsis_40000_MIXED_0.4_2_heuristics.pnml,169,34,0.9248187049730301,8,1.0,139,6.96,25,1.0,0.6153846153846154,0.029995904995904994,1.7337278106508875,64,7
Sepsis_20000_SUBSTITUTION_0.1_3_heuristics.pnml,124,34,0.9377342939868041,8,1.0,97,5.416666666666667,17,1.0,0.5080645161290323,0.03306581059390048,1.6612903225806452,60,7
Sepsis_100000_ORDERING_0.4_5_heuristics.pnml,120,36,0.9377342939868041,8,1.0,94,5.291666666666667,15,1.0,0.5083333333333333,0.0334453781512605,1.6583333333333334,68,7
BPIC2012_100000_ABSENCE_10.0_3_heuristics.pnml,137,2,0.7732266742876346,5,0.9635036496350365,77,4.7272727272727275,16,0.9693877551020408,0.7226277372262774,0.024245423057892134,1.4306569343065694,69,4
RTFMS_1000_ORDERING_10.0_2_inductive.pnml,43,2,0.7642045065086203,4,0.9534883720930233,24,3.7777777777777777,8,0.9655172413793104,0.6511627906976745,0.06444444444444444,1.3488372093023255,13,0
BPIC2012_20000_ABSENCE_0.4_3_heuristics.pnml,126,4,0.7691928290130138,4,0.9603174603174603,70,4.7,14,0.9664804469273743,0.6984126984126984,0.02637783672266431,1.4206349206349207,62,3
Sepsis_1000_ORDERING_4.0_5_inductive.pnml,94,2,0.5830194167347008,10,0.9680851063829787,42,3.4186046511627906,11,0.967741935483871,0.2553191489361702,0.028388278388278388,1.3191489361702127,35,0
BPIC2012_20000_ABSENCE_4.0_4_alpha.pnml,38,12,0.998363672593813,11,0.9736842105263158,18,4.0,16,1.0,0.0,0.07738095238095238,1.368421052631579,0,9
RTFMS_10000_SUBSTITUTION_0.4_3_alpha.pnml,33,5,0.9182958340544896,5,0.9393939393939394,15,6.166666666666667,11,0.9705882352941176,0.2727272727272727,0.085,1.0303030303030303,0,3
BPIC2012_20000_ABSENCE_0.2_3_inductive.pnml,141,1,0.7153220528038851,9,0.9716312056737588,76,3.557377049180328,6,0.9627659574468085,0.9078014184397163,0.019747899159663865,1.3333333333333333,60,0
Sepsis_20000_ABSENCE_2.0_2_alpha.pnml,22,11,0.9402859586706311,7,0.9545454545454546,20,4.214285714285714,14,1.0,0.0,0.1875,1.6363636363636365,0,3
RTFMS_100000_ORDERING_0.1_3_heuristics.pnml,83,11,0.8904916402194913,5,1.0,54,3.8974358974358974,11,1.0,0.40963855421686746,0.038314176245210725,1.4457831325301205,42,2
RTFMS_4000_INSERTION_1.0_2_inductive.pnml,117,2,0.6987003526563343,7,0.9658119658119658,65,3.69811320754717,11,1.0,0.20512820512820512,0.02545568824638592,1.3846153846153846,40,0
RTFMS_100000_ABSENCE_0.4_4_heuristics.pnml,71,12,0.9182958340544896,5,1.0,47,3.7222222222222223,9,1.0,0.4507042253521127,0.04358974358974359,1.4366197183098592,33,2
RTFMS_40000_ABSENCE_0.2_4_heuristics.pnml,69,21,0.898058793450166,3,1.0,46,3.7142857142857144,9,1.0,0.43478260869565216,0.045,1.434782608695652,32,1
BPIC2012_1000_MIXED_0.4_1_inductive.pnml,149,2,0.7930490047779772,10,0.9664429530201343,72,3.373134328358209,6,0.9432989690721649,0.8993288590604027,0.017982944011865034,1.3020134228187918,60,0
BPIC2012_4000_ORDERING_0.2_3_alpha.pnml,34,4,0.9709505944546686,5,0.8823529411764706,16,3.6666666666666665,13,0.9736842105263158,0.0,0.07916666666666666,1.1176470588235294,0,3
Sepsis_10000_INSERTION_10.0_3_inductive.pnml,662,2,0.6973409725623739,13,0.9939577039274925,546,10.512820512820513,198,1.0,0.09063444108761329,0.010767659890466907,1.7522658610271904,104,0
Sepsis_40000_MIXED_0.2_1_alpha.pnml,41,19,1.0,4,0.926829268292683,14,5.125,18,1.0,0.0,0.11148648648648649,0.8048780487804879,0,0
BPIC2012_40000_ORDERING_4.0_4_alpha.pnml,50,19,0.9740248644357521,27,0.98,54,4.972972972972973,20,1.0,0.74,0.08173076923076923,2.04,0,23
BPIC2012_40000_ORDERING_0.4_2_alpha.pnml,43,8,0.9852281360342515,16,0.9534883720930233,37,4.5,14,0.9466666666666667,0.3488372093023256,0.08223684210526316,1.744186046511628,0,10
BPIC2012_10000_ORDERING_0.1_5_alpha.pnml,37,11,1.0,8,0.9189189189189189,16,3.75,11,0.9782608695652174,0.0,0.07371794871794872,1.2432432432432432,0,4
RTFMS_100000_ABSENCE_0.2_1_inductive.pnml,61,1,0.7578784625383954,6,0.9836065573770492,31,3.1875,5,0.975,0.06557377049180328,0.04357298474945534,1.3114754098360655,22,0
Sepsis_10000_SUBSTITUTION_2.0_4_heuristics.pnml,212,27,0.9366673818775626,9,1.0,181,8.509803921568627,31,1.0,0.5754716981132075,0.02918918918918919,1.7830188679245282,64,7
Sepsis_1000_MIXED_0.4_1_inductive.pnml,106,2,0.5293608652873644,10,0.9716981132075472,47,3.3,11,0.9855072463768116,0.2641509433962264,0.024882798413270825,1.3018867924528301,40,0
RTFMS_20000_ORDERING_2.0_2_inductive.pnml,41,0,0.8997437586982626,4,0.9512195121951219,23,3.6842105263157894,8,0.9642857142857143,0.7317073170731707,0.06862745098039216,1.3658536585365855,12,0
Sepsis_40000_ABSENCE_1.0_1_heuristics.pnml,108,36,0.9503376699710268,8,1.0,85,5.086956521739131,14,1.0,0.5462962962962963,0.03616161616161616,1.6574074074074074,58,7
Sepsis_100000_ORDERING_4.0_1_heuristics.pnml,131,34,0.9470622432515328,9,1.0,97,5.153846153846154,16,1.0,0.46564885496183206,0.02925824175824176,1.6259541984732824,74,10
BPIC2012_1000_SUBSTITUTION_2.0_3_inductive.pnml,220,3,0.6646953053493418,12,0.9818181818181818,113,3.2788461538461537,5,0.9895104895104895,0.6818181818181818,0.012265202847585557,1.3,95,0
BPIC2012_2000_ABSENCE_0.4_2_inductive_inf.pnml,134,0,0.7355085815538398,9,0.9328358208955224,65,3.413793103448276,6,0.9310344827586207,0.9104477611940298,0.019917582417582416,1.2985074626865671,53,0
BPIC2012_4000_ABSENCE_4.0_2_inductive_inf.pnml,134,2,0.6226343162547098,10,0.9253731343283582,61,3.3448275862068964,5,0.9418604651162791,0.6343283582089553,0.019509981851179675,1.2835820895522387,51,0
RTFMS_10000_MIXED_0.1_1_inductive.pnml,62,1,0.7355085815538398,3,0.9516129032258065,35,3.413793103448276,5,1.0,0.6935483870967742,0.044956140350877194,1.3225806451612903,24,0
RTFMS_4000_ABSENCE_0.2_2_heuristics.pnml,73,24,0.9494520153879484,4,1.0,49,3.736842105263158,9,1.0,0.5342465753424658,0.0426731078904992,1.452054794520548,34,3
RTFMS_20000_ORDERING_0.1_3_alpha.pnml,24,25,0.9886994082884974,14,1.0,13,4.0,10,1.0,0.5833333333333334,0.13986013986013987,1.6666666666666667,0,8
RTFMS_2000_SUBSTITUTION_0.2_4_alpha.pnml,30,3,0.9774178175281716,10,0.9666666666666667,18,3.823529411764706,9,1.0,0.0,0.10044642857142858,1.5,0,9
BPIC2012_40000_ABSENCE_0.1_3_inductive_inf.pnml,119,0,0.7871265862012691,9,0.9495798319327731,61,3.5686274509803924,7,0.9240506329113924,0.9495798319327731,0.023032069970845483,1.3277310924369747,46,0
Sepsis_20000_MIXED_0.1_1_alpha.pnml,29,16,0.9886994082884974,9,0.9655172413793104,21,4.3125,16,1.0,0.0,0.125,1.4482758620689655,0,3
Sepsis_10000_MIXED_2.0_1_heuristics.pnml,167,31,0.9313043685793763,8,1.0,137,6.979591836734694,25,1.0,0.5329341317365269,0.030640373197625106,1.7305389221556886,61,7
RTFMS_100000_MIXED_4.0_2_alpha.pnml,1004,15,0.8112781244591328,1,0.9950199203187251,305,157.0,317,0.9984025559105432,0.0,0.07825,0.6235059760956175,0,0
BPIC2012_10000_INSERTION_0.1_5_alpha.pnml,39,10,0.9910760598382222,3,0.8205128205128205,9,3.888888888888889,12,0.7714285714285715,0.0,0.056818181818181816,0.8974358974358975,0,0
Sepsis_2000_ABSENCE_0.1_5_heuristics.pnml,111,33,0.9564574047992594,6,1.0,86,5.066666666666666,14,1.0,0.5405405405405406,0.03496503496503497,1.6216216216216217,61,6
RTFMS_1000_INSERTION_10.0_3_alpha.pnml,66,17,0.9709505944546686,4,0.9242424242424242,16,6.1,25,0.98,0.0,0.05387931034482758,0.7575757575757576,0,1
RTFMS_1000_ORDERING_4.0_4_alpha.pnml,25,12,0.9774178175281716,12,1.0,17,4.0,8,1.0,0.32,0.13636363636363635,1.68,0,8
BPIC2012_100000_ABSENCE_10.0_2_inductive.pnml,105,0,0.5830194167347008,5,0.9619047619047619,63,3.8372093023255816,9,0.9930555555555556,0.8761904761904762,0.028279654359780047,1.3714285714285714,42,0
RTFMS_2000_ORDERING_2.0_5_alpha.pnml,25,12,0.9709505944546686,12,1.0,15,4.133333333333334,9,1.0,0.0,0.1331168831168831,1.64,0,9
Sepsis_2000_INSERTION_0.2_5_inductive_inf.pnml,89,4,0.5435644431995964,8,0.9775280898876404,39,3.4,10,0.9827586206896551,0.2696629213483146,0.029743589743589743,1.303370786516854,33,0
RTFMS_10000_ABSENCE_10.0_1_heuristics.pnml,71,27,0.9568886656798212,4,1.0,48,3.675675675675676,10,1.0,0.38028169014084506,0.04292929292929293,1.4366197183098592,32,4
Sepsis_40000_SUBSTITUTION_2.0_1_inductive_inf.pnml,224,0,0.24229218908241482,9,0.9821428571428571,166,7.84,50,1.0,0.21428571428571427,0.021898674242424244,1.6517857142857142,48,0
BPIC2012_20000_ORDERING_10.0_1_inductive.pnml,106,0,0.5916727785823275,9,0.9811320754716981,55,3.9523809523809526,14,0.9726027397260274,0.6698113207547169,0.027157738095238096,1.3773584905660377,39,0
RTFMS_40000_MIXED_2.0_1_heuristics.pnml,297,12,0.8426578772022391,5,1.0,258,11.916666666666666,72,1.0,0.31986531986531985,0.028469561515538526,1.8013468013468013,59,1
Sepsis_20000_INSERTION_0.1_2_inductive.pnml,133,8,0.5975977764379983,9,0.9774436090225564,58,3.274193548387097,11,0.9883720930232558,0.2706766917293233,0.019944341372912802,1.2932330827067668,52,0
BPIC2012_1000_ORDERING_0.1_2_alpha.pnml,34,8,1.0,4,0.7941176470588236,11,3.9166666666666665,11,0.8857142857142857,0.0,0.07291666666666667,1.0294117647058822,0,1
BPIC2012_1000_INSERTION_0.1_4_heuristics.pnml,111,4,0.4689955935892812,1,0.9369369369369369,56,4.9,11,0.9281045751633987,0.7747747747747747,0.028759398496240603,1.3783783783783783,51,0
RTFMS_20000_ORDERING_4.0_5_heuristics.pnml,73,25,0.898058793450166,3,1.0,52,4.0,11,1.0,0.3287671232876712,0.045,1.4794520547945205,36,1
RTFMS_100000_INSERTION_2.0_1_inductive.pnml,1091,7,0.7706290693639405,11,0.9963336388634281,1010,22.838709677419356,224,1.0,0.03299725022914757,0.014038818013302803,1.8881759853345554,78,0
Sepsis_20000_MIXED_10.0_1_alpha.pnml,512,20,0.9182958340544896,0,0.9921875,47,38.333333333333336,65,0.9912280701754386,0.0,0.03732809430255403,0.22265625,0,0
Sepsis_2000_ORDERING_0.2_5_alpha.pnml,22,19,0.8904916402194913,7,0.9545454545454546,16,4.0,14,1.0,0.0,0.171875,1.5,0,1
RTFMS_40000_SUBSTITUTION_0.1_2_heuristics.pnml,90,21,0.898058793450166,3,1.0,67,4.914285714285715,15,1.0,0.3111111111111111,0.04338461538461538,1.5666666666666667,32,1
BPIC2012_100000_ORDERING_0.2_2_heuristics.pnml,142,2,0.7642045065086203,5,0.9929577464788732,82,4.822222222222222,14,0.975609756097561,0.7183098591549296,0.024077989194268266,1.443661971830986,74,4
BPIC2012_100000_ABSENCE_0.1_4_heuristics.pnml,128,2,0.7918583525674836,5,0.953125,70,4.5476190476190474,14,0.9666666666666667,0.703125,0.025231286795626577,1.40625,62,4
Sepsis_40000_ABSENCE_1.0_1_inductive.pnml,95,3,0.5107878229540133,9,0.9789473684210527,44,3.4545454545454546,11,1.0,0.25263157894736843,0.028455284552845527,1.3263157894736841,37,0
BPIC2012_2000_INSERTION_2.0_2_inductive.pnml,206,7,0.6321302781219706,10,0.9223300970873787,105,3.5454545454545454,6,0.9781021897810219,0.6262135922330098,0.013654938702282468,1.3300970873786409,81,0
Sepsis_20000_ABSENCE_0.4_4_inductive.pnml,95,3,0.5107878229540133,9,0.9789473684210527,44,3.4545454545454546,11,1.0,0.25263157894736843,0.028455284552845527,1.3263157894736841,37,0
BPIC2012_1000_ORDERING_10.0_5_inductive.pnml,166,0,0.8162554088088008,12,0.9698795180722891,87,3.3417721518987342,5,0.9587155963302753,0.9036144578313253,0.016285671597191097,1.3132530120481927,72,0
BPIC2012_10000_SUBSTITUTION_4.0_3_inductive.pnml,477,5,0.7469956238451982,18,0.9916142557651991,328,5.470967741935484,41,1.0,0.27044025157232704,0.008612329716000924,1.5639412997903563,132,0
Sepsis_1000_SUBSTITUTION_4.0_1_heuristics.pnml,124,28,0.9268190639645772,4,1.0,99,6.421052631578948,20,1.0,0.6209677419354839,0.037749546279491834,1.6774193548387097,55,4
Sepsis_4000_ORDERING_4.0_1_heuristics.pnml,116,42,0.9656361333706098,7,1.0,86,5.043478260869565,15,1.0,0.5172413793103449,0.03181662675333562,1.603448275862069,62,10
BPIC2012_40000_ABSENCE_0.2_3_heuristics.pnml,128,4,0.7592757847892833,4,0.96875,70,4.658536585365853,13,0.9615384615384616,0.78125,0.025511634426689096,1.421875,63,3
BPIC2012_1000_SUBSTITUTION_0.2_4_alpha.pnml,32,9,1.0,2,0.84375,6,3.75,11,0.8148148148148149,0.0,0.0703125,0.84375,0,0
BPIC2012_2000_MIXED_10.0_5_alpha.pnml,89,5,0.9587118829771318,10,0.8876404494382022,36,5.142857142857143,22,0.927710843373494,0.15730337078651685,0.03553082191780822,0.9325842696629213,0,4
RTFMS_10000_ORDERING_0.1_4_heuristics.pnml,67,26,0.9517626756348311,4,1.0,47,3.7714285714285714,9,1.0,0.3880597014925373,0.04666666666666667,1.462686567164179,30,3
Sepsis_4000_MIXED_2.0_1_heuristics.pnml,139,42,0.9656361333706098,7,1.0,109,6.043478260869565,18,1.0,0.6618705035971223,0.03073661897191309,1.669064748201439,64,10
Sepsis_2000_SUBSTITUTION_0.1_2_inductive.pnml,108,2,0.6646953053493418,9,0.9814814814814815,50,3.269230769230769,5,0.9857142857142858,0.2222222222222222,0.024415765608650157,1.2962962962962963,42,0
BPIC2012_2000_INSERTION_1.0_5_inductive.pnml,177,2,0.7266645172796349,12,0.9661016949152542,89,3.3214285714285716,6,0.9698275862068966,0.8192090395480226,0.015279241306638568,1.310734463276836,73,0
Sepsis_40000_INSERTION_2.0_3_inductive.pnml,573,3,0.7007495497162062,13,0.9930191972076788,457,9.086206896551724,162,1.0,0.10471204188481675,0.010927019944032336,1.7172774869109948,100,0
BPIC2012_2000_ABSENCE_1.0_1_heuristics.pnml,110,6,0.5916727785823275,3,0.9545454545454546,60,4.571428571428571,10,0.9675324675324676,0.7272727272727273,0.02979876160990712,1.4,53,0
RTFMS_1000_ABSENCE_1.0_5_heuristics.pnml,58,17,0.9293636260137187,3,1.0,35,3.5172413793103448,7,1.0,0.1206896551724138,0.049689440993788817,1.3793103448275863,23,4
Sepsis_1000_ABSENCE_0.2_5_inductive.pnml,91,3,0.5349436990971066,9,0.967032967032967,38,3.341463414634146,11,0.9661016949152542,0.26373626373626374,0.02878048780487805,1.2967032967032968,33,0
RTFMS_10000_ORDERING_1.0_4_heuristics.pnml,76,26,0.9494520153879484,4,1.0,53,3.8947368421052633,11,1.0,0.34210526315789475,0.042328042328042326,1.4736842105263157,37,3
RTFMS_40000_INSERTION_0.2_3_inductive_inf.pnml,124,1,0.5916727785823275,7,0.9112903225806451,73,4.204081632653061,16,1.0,0.1935483870967742,0.02584204413472706,1.435483870967742,41,0
Sepsis_40000_MIXED_0.1_5_inductive_inf.pnml,120,3,0.5373760853377336,10,0.9833333333333333,54,3.2982456140350878,11,1.0,0.3333333333333333,0.022058823529411766,1.3,51,0
Sepsis_20000_INSERTION_1.0_2_heuristics.pnml,220,31,0.905200296956048,8,1.0,184,8.339622641509434,34,1.0,0.6409090909090909,0.026944444444444444,1.7636363636363637,75,7
BPIC2012_1000_ORDERING_2.0_5_inductive.pnml,131,1,0.7771529943226336,9,0.9618320610687023,69,3.377049180327869,5,0.9593023255813954,0.8778625954198473,0.02068302068302068,1.3129770992366412,52,0
BPIC2012_1000_ABSENCE_1.0_4_alpha.pnml,35,9,0.9967916319816366,6,0.8857142857142857,14,3.933333333333333,12,0.95,0.0,0.07575757575757576,1.1428571428571428,0,3
Sepsis_20000_inductive.pnml,89,4,0.5435644431995964,8,0.9775280898876404,39,3.4,10,0.9827586206896551,0.2696629213483146,0.029743589743589743,1.303370786516854,33,0
RTFMS_10000_SUBSTITUTION_1.0_1_alpha.pnml,65,11,0.9182958340544896,6,0.9692307692307692,24,10.5,26,0.9827586206896551,0.13846153846153847,0.06359649122807018,0.8923076923076924,0,3
RTFMS_1000_INSERTION_4.0_4_heuristics.pnml,93,16,0.8524051786494786,3,1.0,59,4.388888888888889,11,1.0,0.7204301075268817,0.03597883597883598,1.4623655913978495,34,4
BPIC2012_40000_INSERTION_2.0_3_alpha.pnml,392,3,0.863120568566631,1,0.9744897959183674,62,19.0,59,0.9846153846153847,0.0,0.02411873840445269,0.33163265306122447,0,0
RTFMS_1000_ABSENCE_4.0_2_alpha.pnml,29,8,0.863120568566631,13,1.0,12,4.142857142857143,7,1.0,0.0,0.1111111111111111,1.5172413793103448,0,13
BPIC2012_40000_MIXED_0.4_5_heuristics.pnml,195,4,0.6646953053493418,4,1.0,129,6.076923076923077,21,0.9833887043189369,0.7076923076923077,0.021037181996086105,1.5435897435897437,81,3
RTFMS_40000_INSERTION_0.1_2_heuristics.pnml,93,16,0.8997437586982626,4,1.0,67,4.684210526315789,12,1.0,0.45161290322580644,0.04040404040404041,1.5483870967741935,32,1
Sepsis_10000_SUBSTITUTION_10.0_1_alpha.pnml,508,15,0.9182958340544896,0,0.9881889763779528,69,26.166666666666668,76,1.0,0.0,0.037450396825396824,0.297244094488189,0,0
BPIC2012_4000_SUBSTITUTION_0.4_4_inductive.pnml,186,2,0.6409441847875287,9,0.978494623655914,99,3.36046511627907,9,0.9959016393442623,0.7741935483870968,0.014789671475330344,1.3118279569892473,80,0
Sepsis_1000_INSERTION_4.0_1_inductive.pnml,169,2,0.74959525725948,11,0.9822485207100592,91,3.369047619047619,9,1.0,0.21301775147928995,0.01653497219783436,1.3372781065088757,65,0
Sepsis_40000_INSERTION_1.0_5_alpha.pnml,229,10,0.8112781244591328,1,0.9781659388646288,40,18.5,37,0.9863013698630136,0.0,0.04055555555555555,0.31877729257641924,0,0
Sepsis_40000_ORDERING_1.0_4_heuristics.pnml,115,36,0.9377342939868041,8,1.0,89,5.083333333333333,15,1.0,0.5130434782608696,0.03375,1.6434782608695653,63,7
RTFMS_10000_SUBSTITUTION_4.0_3_heuristics.pnml,302,5,0.9729661265889025,11,1.0,266,10.666666666666666,75,1.0,0.271523178807947,0.02676221117285756,1.8178807947019868,60,7
RTFMS_1000_MIXED_4.0_2_inductive_inf.pnml,85,1,0.3372900666170139,1,0.8588235294117648,48,3.6875,7,1.0,0.23529411764705882,0.03393939393939394,1.3176470588235294,33,0
Sepsis_2000_ORDERING_1.0_5_heuristics.pnml,111,33,0.9564574047992594,6,1.0,86,5.066666666666666,14,1.0,0.5405405405405406,0.03496503496503497,1.6216216216216217,61,6
BPIC2012_4000_ORDERING_0.2_1_inductive.pnml,142,0,0.7771529943226336,11,0.9647887323943662,69,3.4754098360655736,6,0.9301075268817205,0.8873239436619719,0.018902439024390243,1.3098591549295775,57,0
BPIC2012_2000_INSERTION_10.0_1_alpha.pnml,121,12,0.9182958340544896,1,0.9008264462809917,31,9.333333333333334,28,0.8548387096774194,0.0,0.027927927927927927,0.512396694214876,0,0
BPIC2012_4000_ABSENCE_0.4_3_inductive.pnml,139,1,0.7219280948873623,9,0.9712230215827338,73,3.5166666666666666,7,0.9510869565217391,0.8776978417266187,0.019793459552495698,1.3237410071942446,58,0
BPIC2012_40000_MIXED_1.0_4_heuristics.pnml,252,2,0.6572729784684465,4,0.996031746031746,189,8.283018867924529,36,1.0,0.6031746031746031,0.02169174883238194,1.6587301587301588,85,3
RTFMS_10000_MIXED_4.0_5_heuristics.pnml,172,27,0.9313043685793763,5,1.0,139,6.857142857142857,41,1.0,0.436046511627907,0.030344108446298226,1.691860465116279,52,4
Sepsis_4000_SUBSTITUTION_0.1_4_inductive_inf.pnml,98,5,0.5032583347756457,9,0.9693877551020408,44,3.3555555555555556,11,0.984375,0.24489795918367346,0.027061310782241013,1.3061224489795917,37,0
BPIC2012_40000_MIXED_10.0_4_alpha.pnml,1029,20,0.0,0,0.9980563654033042,143,153.0,163,1.0,0.0,0.07448880233690361,0.29737609329446063,0,0
BPIC2012_10000_ABSENCE_2.0_3_heuristics.pnml,129,2,0.7219280948873623,4,0.9302325581395349,71,4.725,15,0.967032967032967,0.6666666666666666,0.02556179775280899,1.4108527131782946,64,3
Sepsis_2000_ABSENCE_0.4_5_heuristics.pnml,111,33,0.9564574047992594,6,1.0,86,5.066666666666666,14,1.0,0.5405405405405406,0.03496503496503497,1.6216216216216217,61,6
RTFMS_10000_SUBSTITUTION_4.0_5_inductive.pnml,309,2,0.7276874545656657,7,0.9870550161812298,244,8.173913043478262,69,1.0,0.09061488673139159,0.01868289191123837,1.6893203883495145,61,0
Sepsis_4000_ABSENCE_0.4_3_inductive.pnml,95,3,0.5107878229540133,9,0.9789473684210527,44,3.4545454545454546,11,1.0,0.25263157894736843,0.028455284552845527,1.3263157894736841,37,0
BPIC2012_1000_MIXED_2.0_3_inductive.pnml,182,4,0.7080803256135678,13,0.967032967032967,87,3.2386363636363638,7,0.9703389830508474,0.554945054945055,0.014594928880643166,1.2967032967032968,73,0
Sepsis_1000_MIXED_2.0_4_alpha.pnml,30,17,0.9709505944546686,5,0.7666666666666666,13,4.2,14,0.9090909090909091,0.0,0.10248447204968944,1.1,0,1
RTFMS_10000_INSERTION_0.4_4_inductive.pnml,103,2,0.6593758812786992,4,0.9611650485436893,60,3.902439024390244,9,0.9859154929577465,0.5922330097087378,0.02943615257048093,1.3786407766990292,38,0
BPIC2012_100000_ORDERING_10.0_5_inductive.pnml,173,0,0.6193821946787638,21,0.9884393063583815,74,3.4358974358974357,11,0.9473684210526316,0.2774566473988439,0.01532258064516129,1.3179190751445087,68,0
RTFMS_20000_ABSENCE_4.0_5_inductive.pnml,41,0,0.7424875695421236,2,0.975609756097561,26,3.5789473684210527,7,1.0,0.5853658536585366,0.07179487179487179,1.3658536585365855,14,0
BPIC2012_20000_MIXED_0.1_4_alpha.pnml,41,12,1.0,5,0.8536585365853658,13,3.7142857142857144,13,0.9,0.0,0.06060606060606061,0.975609756097561,0,1
Sepsis_1000_SUBSTITUTION_1.0_4_heuristics.pnml,104,30,0.9268190639645772,4,1.0,80,5.421052631578948,15,1.0,0.6634615384615384,0.03885057471264368,1.625,53,4
RTFMS_1000_ABSENCE_4.0_2_heuristics.pnml,66,26,0.9366673818775626,3,1.0,42,3.5294117647058822,8,1.0,0.10606060606060606,0.04423076923076923,1.393939393939394,28,4
RTFMS_100000_INSERTION_1.0_1_alpha.pnml,465,5,0.0,0,0.9956989247311828,126,123.5,126,1.0,0.0,0.13336933045356372,0.5311827956989247,0,0
Sepsis_10000_INSERTION_2.0_5_alpha.pnml,119,7,0.9182958340544896,1,0.9831932773109243,22,16.333333333333332,26,0.9795918367346939,0.0,0.07040229885057471,0.4117647058823529,0,0
Sepsis_1000_MIXED_0.2_4_heuristics.pnml,98,28,0.9268190639645772,4,1.0,73,5.052631578947368,14,1.0,0.6428571428571429,0.038980509745127435,1.5918367346938775,52,4
RTFMS_40000_MIXED_0.2_1_inductive.pnml,138,2,0.7344461802527669,8,0.9710144927536232,80,3.7142857142857144,9,1.0,0.14492753623188406,0.02181818181818182,1.391304347826087,52,0
Sepsis_1000_SUBSTITUTION_10.0_4_inductive.pnml,230,4,0.7219280948873623,11,0.9826086956521739,131,3.84,15,1.0,0.19130434782608696,0.013416666666666667,1.4,86,0
BPIC2012_4000_MIXED_0.4_1_inductive.pnml,174,5,0.6593758812786992,11,0.9597701149425287,87,3.341463414634146,7,0.9824561403508771,0.9425287356321839,0.01558867769725147,1.3103448275862069,72,0
Sepsis_40000_SUBSTITUTION_0.4_5_inductive_inf.pnml,132,3,0.5665095065529053,9,0.9696969696969697,68,3.533333333333333,9,1.0,0.36363636363636365,0.02139423076923077,1.3484848484848484,52,0
Sepsis_40000_SUBSTITUTION_4.0_5_heuristics.pnml,951,36,0.9374561707820048,12,1.0,916,29.6,182,1.0,0.6813880126182965,0.022195532068220034,1.9432176656151419,93,7
Sepsis_2000_ORDERING_1.0_4_inductive.pnml,90,3,0.5349436990971066,9,0.9777777777777777,39,3.4146341463414633,11,0.9830508474576272,0.26666666666666666,0.0295,1.3111111111111111,33,0
Sepsis_10000_INSERTION_2.0_5_inductive_inf.pnml,261,3,0.6991413063352632,11,0.9846743295019157,173,5.044444444444444,43,1.0,0.19923371647509577,0.01450014573010784,1.524904214559387,71,0
BPIC2012_40000_ORDERING_4.0_3_heuristics.pnml,161,5,0.6800770457282799,4,0.9937888198757764,102,5.18,21,0.9958333333333333,0.6894409937888198,0.022988505747126436,1.4906832298136645,91,3
BPIC2012_10000_INSERTION_0.1_2_inductive.pnml,153,2,0.6609623351442084,9,0.9607843137254902,82,3.4571428571428573,6,0.9852941176470589,0.8431372549019608,0.01827956989247312,1.3333333333333333,61,0
Sepsis_100000_SUBSTITUTION_10.0_2_heuristics.pnml,5071,11,0.9862632103630309,63,0.9998028002366397,4973,45.77333333333333,922,1.0,0.8181818181818182,0.00749969986193649,1.9710116347860382,279,10
BPIC2012_4000_MIXED_2.0_3_inductive.pnml,247,6,0.7424875695421236,15,0.9757085020242915,122,3.3947368421052633,7,0.9723926380368099,0.5789473684210527,0.011124761124761125,1.319838056680162,103,0
BPIC2012_1000_SUBSTITUTION_1.0_2_inductive.pnml,142,0,0.6900703653284017,7,0.9507042253521126,78,3.4307692307692306,6,0.9840425531914894,0.8098591549295775,0.019644723092998955,1.323943661971831,58,0
RTFMS_100000_ABSENCE_4.0_2_inductive.pnml,65,1,0.7642045065086203,6,0.9846153846153847,36,3.1666666666666665,4,1.0,0.06153846153846154,0.041505791505791506,1.323076923076923,25,0
BPIC2012_40000_SUBSTITUTION_0.4_4_heuristics.pnml,236,10,0.691289869405789,4,1.0,171,7.444444444444445,27,0.9869451697127938,0.6949152542372882,0.020591397849462366,1.6228813559322033,82,3
RTFMS_40000_ABSENCE_2.0_1_heuristics.pnml,69,23,0.898058793450166,3,1.0,47,3.7142857142857144,10,1.0,0.42028985507246375,0.045,1.434782608695652,32,1
BPIC2012_4000_SUBSTITUTION_10.0_2_alpha.pnml,257,10,0.9852281360342515,7,0.9649805447470817,60,9.5,45,0.9583333333333334,0.0311284046692607,0.018915510718789406,0.4669260700389105,0,1
RTFMS_100000_INSERTION_1.0_5_inductive_inf.pnml,368,0,0.6121961274908337,8,0.9782608695652174,316,13.09433962264151,126,1.0,0.07608695652173914,0.02277261781905745,1.798913043478261,45,0
RTFMS_10000_INSERTION_10.0_4_inductive.pnml,617,5,0.7372413771710564,9,0.993517017828201,548,15.324675324675324,126,1.0,0.05186385737439222,0.016658804104257578,1.8314424635332254,66,0
BPIC2012_2000_ORDERING_0.1_3_inductive.pnml,138,0,0.783776947484701,11,0.9637681159420289,66,3.433333333333333,6,0.9277777777777778,0.8840579710144928,0.01930916112422227,1.3043478260869565,54,0
RTFMS_1000_ORDERING_0.1_5_alpha.pnml,27,11,0.863120568566631,10,1.0,11,3.5714285714285716,6,1.0,0.0,0.10795454545454546,1.4074074074074074,0,8
Sepsis_1000_INSERTION_0.4_2_inductive_inf.pnml,88,3,0.5524951143251111,9,0.9772727272727273,36,3.3846153846153846,11,0.9649122807017544,0.2727272727272727,0.0296875,1.2954545454545454,32,0
RTFMS_10000_ORDERING_0.2_5_inductive.pnml,36,0,0.6500224216483541,2,0.9444444444444444,20,4.166666666666667,7,0.9583333333333334,0.5555555555555556,0.07792207792207792,1.3333333333333333,10,0
Sepsis_4000_INSERTION_2.0_2_heuristics.pnml,170,39,0.9366673818775626,7,1.0,131,6.470588235294118,24,1.0,0.6764705882352942,0.026413690476190476,1.6705882352941177,73,10
Sepsis_2000_MIXED_0.2_5_inductive.pnml,99,4,0.5107878229540133,8,0.9797979797979798,43,3.3636363636363638,10,0.984375,0.32323232323232326,0.026578073089700997,1.292929292929293,39,0
Sepsis_100000_MIXED_4.0_1_alpha.pnml,997,17,0.0,0,0.9979939819458375,92,100.5,109,1.0,0.0,0.05050251256281407,0.20160481444332998,0,0
Sepsis_100000_MIXED_0.4_2_alpha.pnml,124,14,1.0,3,0.9596774193548387,23,9.5,24,0.9622641509433962,0.0,0.04453781512605042,0.4274193548387097,0,0
RTFMS_100000_ORDERING_0.4_2_heuristics.pnml,77,11,0.9090221560878149,5,1.0,51,3.891891891891892,10,1.0,0.4155844155844156,0.04148148148148148,1.4545454545454546,38,2
Sepsis_20000_ABSENCE_0.1_1_inductive_inf.pnml,95,3,0.5107878229540133,9,0.9789473684210527,44,3.4545454545454546,11,1.0,0.25263157894736843,0.028455284552845527,1.3263157894736841,37,0
RTFMS_20000_ABSENCE_0.2_3_heuristics.pnml,63,30,0.8960382325345574,2,1.0,45,3.75,9,1.0,0.3333333333333333,0.049456521739130434,1.4444444444444444,28,1
Sepsis_4000_SUBSTITUTION_4.0_5_alpha.pnml,101,6,1.0,3,0.9603960396039604,24,7.5,20,1.0,0.0,0.061855670103092786,0.4752475247524752,0,0
BPIC2012_40000_ORDERING_10.0_5_alpha.pnml,39,4,1.0,16,0.9487179487179487,39,5.166666666666667,22,1.0,0.0,0.10416666666666667,1.9230769230769231,0,10
RTFMS_2000_ABSENCE_2.0_4_inductive.pnml,59,2,0.7355085815538398,3,0.9830508474576272,35,3.310344827586207,5,1.0,0.06779661016949153,0.04710144927536232,1.3220338983050848,24,0
Sepsis_10000_MIXED_2.0_2_inductive.pnml,249,4,0.714015280437867,12,0.9839357429718876,150,4.137254901960785,26,1.0,0.17670682730923695,0.013071418139331093,1.4377510040160641,88,0
BPIC2012_1000_SUBSTITUTION_0.4_3_alpha.pnml,39,12,0.9975025463691152,7,0.8717948717948718,13,3.6470588235294117,11,0.9069767441860466,0.0,0.06360946745562131,1.1025641025641026,0,4
Sepsis_10000_INSERTION_0.1_3_inductive.pnml,94,2,0.74959525725948,6,0.9787234042553191,49,3.5714285714285716,8,0.9841269841269842,0.5531914893617021,0.029871977240398292,1.3404255319148937,34,0
RTFMS_40000_ABSENCE_0.4_3_alpha.pnml,28,31,0.9774178175281716,18,1.0,12,4.235294117647059,9,1.0,0.0,0.12566844919786097,1.6785714285714286,0,11
Sepsis_40000_ABSENCE_0.2_1_inductive_inf.pnml,90,3,0.5266170655714281,9,0.9777777777777777,42,3.4761904761904763,11,1.0,0.26666666666666666,0.030165912518853696,1.3333333333333333,34,0
Sepsis_100000_ABSENCE_0.1_4_alpha.pnml,22,15,0.9402859586706311,7,0.9545454545454546,18,4.0,14,1.0,0.0,0.17708333333333334,1.5454545454545454,0,2
RTFMS_40000_ORDERING_0.4_3_alpha.pnml,22,27,0.9852281360342515,13,1.0,13,4.428571428571429,11,1.0,0.0,0.16115702479338842,1.7727272727272727,0,5
Sepsis_2000_INSERTION_2.0_5_inductive_inf.pnml,127,3,0.45079138835466503,7,0.9685039370078741,65,3.547169811320755,7,0.9880952380952381,0.31496062992125984,0.02181818181818182,1.3228346456692914,50,0
Sepsis_1000_ABSENCE_1.0_3_heuristics.pnml,98,28,0.9268190639645772,4,1.0,73,5.052631578947368,14,1.0,0.6428571428571429,0.038980509745127435,1.5918367346938775,52,4
BPIC2012_2000_ORDERING_0.2_1_heuristics.pnml,108,5,0.6024308020404452,3,0.9907407407407407,60,4.617647058823529,11,0.9671052631578947,0.7407407407407407,0.030707070707070707,1.4074074074074074,52,0
RTFMS_4000_MIXED_0.1_2_inductive.pnml,62,2,0.783776947484701,4,0.9516129032258065,30,3.2333333333333334,5,0.975,0.06451612903225806,0.042735042735042736,1.2903225806451613,23,0
Sepsis_100000_MIXED_0.4_3_inductive_inf.pnml,105,1,0.5524951143251111,6,0.9619047619047619,65,4.512820512820513,15,1.0,0.5047619047619047,0.03189726594863297,1.4666666666666666,31,0
BPIC2012_1000_INSERTION_0.1_3_inductive.pnml,136,1,0.7424875695421236,8,0.9338235294117647,66,3.43859649122807,6,0.9318181818181819,0.9117647058823529,0.019642857142857142,1.2941176470588236,55,0
Sepsis_40000_MIXED_10.0_4_inductive.pnml,1191,1,0.7093502365779696,14,0.9966414777497901,1064,17.674418604651162,368,1.0,0.05037783375314862,0.009739225815582762,1.848866498740554,117,0
Sepsis_20000_ORDERING_0.1_1_alpha.pnml,22,12,0.9402859586706311,6,0.9545454545454546,17,3.857142857142857,14,1.0,0.0,0.171875,1.5,0,2
BPIC2012_4000_MIXED_2.0_3_alpha.pnml,50,5,0.9182958340544896,1,0.84,12,5.666666666666667,14,0.9090909090909091,0.0,0.0625,0.66,0,0
RTFMS_4000_SUBSTITUTION_2.0_5_inductive.pnml,138,1,0.714015280437867,5,0.9855072463768116,86,4.470588235294118,25,1.0,0.17391304347826086,0.02447980416156671,1.4492753623188406,48,0
Sepsis_40000_SUBSTITUTION_10.0_2_inductive.pnml,2096,2,0.6870408064059199,14,0.9980916030534351,1966,31.16030534351145,749,1.0,0.030534351145038167,0.009411576756271644,1.911259541984733,121,0
RTFMS_4000_MIXED_4.0_2_alpha.pnml,60,10,0.9456603046006401,7,0.9666666666666667,26,6.454545454545454,21,1.0,0.15,0.06209150326797386,0.95,0,4
Sepsis_100000_ORDERING_10.0_3_heuristics.pnml,132,34,0.9470622432515328,9,1.0,98,5.1923076923076925,16,1.0,0.4621212121212121,0.029211956521739132,1.628787878787879,75,10
RTFMS_4000_ABSENCE_2.0_5_inductive_inf.pnml,52,0,0.6500224216483541,3,0.9038461538461539,29,3.375,4,0.9852941176470589,0.07692307692307693,0.05222734254992319,1.3076923076923077,19,0
RTFMS_20000_INSERTION_1.0_4_heuristics.pnml,179,27,0.8926230133850986,4,1.0,153,8.380952380952381,32,1.0,0.6703910614525139,0.03501118568232662,1.7486033519553073,47,1
RTFMS_20000_SUBSTITUTION_0.4_3_alpha.pnml,48,11,0.9910760598382222,6,0.9375,22,6.777777777777778,19,1.0,0.125,0.08536585365853659,1.0208333333333333,0,2
BPIC2012_40000_ABSENCE_0.1_1_inductive.pnml,140,2,0.7153220528038851,9,0.9714285714285714,75,3.5245901639344264,6,0.9623655913978495,0.9071428571428571,0.019770408163265307,1.3285714285714285,59,0
Sepsis_100000_MIXED_10.0_3_inductive.pnml,2577,2,0.709825885194168,14,0.9984478075281334,2448,37.656716417910445,955,1.0,0.023282887077997673,0.009311762146918081,1.9270469538222739,124,0
BPIC2012_20000_ABSENCE_0.2_5_alpha.pnml,37,9,0.9980008838722996,9,0.972972972972973,17,3.8421052631578947,13,1.0,0.0,0.07371794871794872,1.2432432432432432,0,7
BPIC2012_10000_ABSENCE_2.0_1_heuristics.pnml,129,1,0.7320666900931938,4,0.937984496124031,74,4.9743589743589745,16,0.967741935483871,0.7131782945736435,0.026495726495726495,1.441860465116279,65,3
RTFMS_2000_INSERTION_2.0_1_inductive_inf.pnml,81,0,0.5328350630342233,2,0.8888888888888888,47,3.6363636363636362,9,1.0,0.691358024691358,0.03580901856763926,1.3333333333333333,30,0
Sepsis_1000_SUBSTITUTION_0.1_3_inductive.pnml,94,4,0.5266170655714281,9,0.9680851063829787,39,3.357142857142857,11,0.9672131147540983,0.2553191489361702,0.027930402930402932,1.297872340425532,34,0
RTFMS_2000_ABSENCE_0.2_3_heuristics.pnml,66,29,0.9275265884316759,3,1.0,44,3.5428571428571427,8,1.0,0.18181818181818182,0.04471153846153846,1.4090909090909092,28,3
BPIC2012_40000_INSERTION_1.0_2_inductive.pnml,463,7,0.7444131797881748,18,0.9913606911447084,316,5.243589743589744,25,1.0,0.2570194384449244,0.008560497369679579,1.5464362850971922,131,0
RTFMS_40000_MIXED_0.1_4_heuristics.pnml,79,22,0.8879763195151349,3,1.0,55,4.111111111111111,12,1.0,0.379746835443038,0.04245283018867924,1.481012658227848,34,1
RTFMS_20000_SUBSTITUTION_0.1_4_inductive.pnml,89,1,0.7219280948873623,4,0.9550561797752809,53,3.65,8,1.0,0.4044943820224719,0.03344298245614035,1.3707865168539326,34,0
RTFMS_10000_MIXED_2.0_3_heuristics.pnml,143,16,0.9321115676166747,6,1.0,111,6.043478260869565,28,1.0,0.36363636363636365,0.032506887052341595,1.6503496503496504,47,3
RTFMS_1000_MIXED_1.0_2_inductive.pnml,69,0,0.7219280948873623,3,0.927536231884058,33,3.3333333333333335,5,0.9659090909090909,0.11594202898550725,0.03832752613240418,1.2753623188405796,27,0
Sepsis_2000_INSERTION_1.0_4_alpha.pnml,41,23,0.9949848281859701,14,0.9512195121951219,30,4.25,15,1.0,0.0,0.09242424242424242,1.4878048780487805,0,4
BPIC2012_40000_SUBSTITUTION_1.0_2_heuristics.pnml,390,4,0.6226343162547098,4,1.0,321,12.172413793103448,45,1.0,0.6256410256410256,0.019486800182066454,1.7564102564102564,93,3
Sepsis_40000_SUBSTITUTION_0.4_5_heuristics.pnml,205,42,0.9357110512652843,8,1.0,175,7.851851851851852,33,1.0,0.6926829268292682,0.028035217794253938,1.7707317073170732,68,7
BPIC2012_4000_INSERTION_2.0_2_alpha.pnml,69,9,0.8112781244591328,0,0.855072463768116,10,7.5,17,0.8055555555555556,0.0,0.041474654377880185,0.5217391304347826,0,0
BPIC2012_1000_INSERTION_10.0_4_alpha.pnml,91,17,0.9852281360342515,6,0.9120879120879121,18,4.571428571428571,17,0.96,0.0,0.028409090909090908,0.5494505494505495,0,4
Sepsis_4000_MIXED_0.1_3_alpha.pnml,22,15,0.9402859586706311,7,0.9545454545454546,18,4.0,14,1.0,0.0,0.17708333333333334,1.5454545454545454,0,2
BPIC2012_40000_MIXED_0.1_3_alpha.pnml,54,13,0.9828586897127056,15,0.9814814814814815,28,4.5,14,0.9861111111111112,0.0,0.057233704292527825,1.3333333333333333,0,6
RTFMS_1000_SUBSTITUTION_0.4_1_heuristics.pnml,56,17,0.9293636260137187,3,1.0,33,3.3793103448275863,6,1.0,0.125,0.05006587615283267,1.3571428571428572,19,4
RTFMS_2000_SUBSTITUTION_0.4_1_alpha.pnml,30,3,0.964078764808229,10,0.9666666666666667,18,3.5,6,1.0,0.0,0.09333333333333334,1.4,0,9
RTFMS_20000_MIXED_10.0_1_inductive.pnml,655,7,0.774967267326726,11,0.9938931297709923,575,13.630434782608695,157,1.0,0.04885496183206107,0.014349797414624735,1.816793893129771,77,0
RTFMS_4000_MIXED_1.0_1_alpha.pnml,36,15,1.0,15,0.9166666666666666,29,5.0,11,0.9827586206896551,0.3611111111111111,0.09698996655518395,1.6111111111111112,0,5
Sepsis_1000_ABSENCE_10.0_2_inductive.pnml,97,3,0.4959690720618337,9,0.9690721649484536,45,3.369565217391304,11,1.0,0.24742268041237114,0.027705627705627706,1.3195876288659794,38,0
BPIC2012_10000_ORDERING_1.0_2_heuristics.pnml,133,1,0.7219280948873623,4,0.9699248120300752,78,5.025,14,0.9740932642487047,0.7218045112781954,0.026322967812329515,1.4511278195488722,69,3
RTFMS_20000_MIXED_0.1_1_alpha.pnml,29,12,0.998363672593813,14,0.9310344827586207,22,4.0,9,1.0,0.2413793103448276,0.11538461538461539,1.6551724137931034,0,7
RTFMS_100000_ORDERING_0.1_2_inductive.pnml,74,1,0.8904916402194913,9,0.972972972972973,34,3.1794871794871793,6,0.9375,0.05405405405405406,0.035164835164835165,1.2972972972972974,27,0
RTFMS_2000_ABSENCE_0.2_4_inductive.pnml,57,1,0.7355085815538398,3,0.9298245614035088,31,3.1724137931034484,5,1.0,0.07017543859649122,0.04731457800511509,1.2982456140350878,22,0
BPIC2012_20000_INSERTION_10.0_2_inductive.pnml,1261,6,0.7449522736671061,23,0.9968279143536876,1066,11.724137931034482,130,1.0,0.0761300555114988,0.006380563124432334,1.7827121332275973,181,0
RTFMS_2000_SUBSTITUTION_4.0_1_inductive_inf.pnml,83,0,0.4262286569981449,1,0.8433734939759037,57,5.739130434782608,14,1.0,0.4578313253012048,0.04838709677419355,1.5180722891566265,22,0
RTFMS_20000_SUBSTITUTION_0.2_4_inductive.pnml,103,0,0.693127415328288,4,0.9611650485436893,62,3.9069767441860463,9,1.0,0.3883495145631068,0.030252100840336135,1.3980582524271845,38,0
Sepsis_20000_ORDERING_4.0_4_heuristics.pnml,126,33,0.9526092095121206,9,1.0,93,5.0588235294117645,15,1.0,0.48412698412698413,0.030061892130857647,1.619047619047619,70,10
RTFMS_2000_MIXED_4.0_2_inductive.pnml,119,2,0.7219280948873623,6,0.9663865546218487,67,3.5636363636363635,7,1.0,0.16806722689075632,0.024545454545454544,1.361344537815126,45,0
RTFMS_2000_ORDERING_0.1_4_alpha.pnml,28,14,0.9182958340544896,13,0.9285714285714286,12,4.0,7,1.0,0.0,0.11229946524064172,1.5,0,11
RTFMS_2000_ABSENCE_0.4_3_alpha.pnml,29,12,0.954434002924965,15,0.9655172413793104,14,4.1875,8,1.0,0.0,0.11616161616161616,1.5862068965517242,0,13
RTFMS_4000_ORDERING_0.4_2_alpha.pnml,25,24,0.9910760598382222,16,1.0,18,4.222222222222222,10,1.0,0.44,0.1461038961038961,1.8,0,8
Sepsis_100000_ABSENCE_10.0_2_heuristics.pnml,116,36,0.9684610087601622,9,1.0,89,5.125,14,1.0,0.5258620689655172,0.03315972222222222,1.646551724137931,63,10
RTFMS_20000_SUBSTITUTION_4.0_5_heuristics.pnml,486,27,0.9238422284571814,7,1.0,447,16.372881355932204,135,1.0,0.11316872427983539,0.024399399399399398,1.8724279835390947,68,3
RTFMS_10000_ORDERING_10.0_5_heuristics.pnml,79,25,0.9418285354475157,4,1.0,54,3.8974358974358974,11,1.0,0.35443037974683544,0.04061624649859944,1.4683544303797469,39,3
Sepsis_4000_SUBSTITUTION_4.0_3_inductive.pnml,275,3,0.7143881566559658,11,0.9854545454545455,169,4.336448598130841,18,1.0,0.17454545454545456,0.012304663467454164,1.4545454545454546,94,0
Sepsis_1000_SUBSTITUTION_4.0_1_inductive.pnml,159,2,0.6868088934028035,8,0.9748427672955975,90,3.6619718309859155,8,1.0,0.5471698113207547,0.018607033117104814,1.371069182389937,61,0
BPIC2012_2000_ABSENCE_4.0_5_heuristics.pnml,109,5,0.6024308020404452,3,0.9541284403669725,61,4.705882352941177,12,0.9675324675324676,0.7339449541284404,0.03070175438596491,1.4128440366972477,53,0
Sepsis_2000_INSERTION_0.2_2_heuristics.pnml,113,31,0.9564574047992594,6,1.0,87,5.111111111111111,14,1.0,0.5398230088495575,0.03465909090909091,1.6194690265486726,62,6
Sepsis_20000_INSERTION_2.0_5_heuristics.pnml,348,26,0.9182958340544896,11,1.0,309,11.733333333333333,56,1.0,0.6149425287356322,0.023923444976076555,1.839080459770115,78,7
Sepsis_2000_MIXED_10.0_1_inductive.pnml,239,7,0.7014714598838974,11,0.9832635983263598,137,3.98,23,1.0,0.200836820083682,0.013205188310673542,1.4142259414225942,88,0
BPIC2012_40000_SUBSTITUTION_1.0_3_alpha.pnml,231,11,0.9957274520849255,3,0.9696969696969697,63,10.153846153846153,52,0.9833333333333333,0.0,0.03003003003003003,0.5194805194805194,0,1
Sepsis_20000_INSERTION_0.2_4_heuristics.pnml,136,32,0.9377342939868041,8,1.0,108,5.916666666666667,20,1.0,0.5147058823529411,0.03253182461103253,1.6911764705882353,59,7
BPIC2012_2000_INSERTION_1.0_1_inductive.pnml,199,0,0.7003691487575896,13,0.9798994974874372,101,3.3263157894736843,5,0.9847328244274809,0.5879396984924623,0.013705796191671898,1.3165829145728642,84,0
Sepsis_100000_MIXED_0.1_5_inductive.pnml,160,3,0.6652735227649414,9,0.975,83,3.44,9,1.0,0.3875,0.01761026991441738,1.3375,61,0
RTFMS_1000_ORDERING_4.0_4_inductive_inf.pnml,45,2,0.5032583347756457,1,0.8888888888888888,26,3.5,5,0.9827586206896551,0.08888888888888889,0.06092436974789916,1.288888888888889,16,0
RTFMS_1000_MIXED_2.0_4_alpha.pnml,30,11,0.9980008838722996,12,0.9666666666666667,19,3.8947368421052633,9,0.9574468085106383,0.0,0.10444444444444445,1.5666666666666667,0,7
Sepsis_4000_ORDERING_4.0_3_inductive.pnml,95,3,0.5107878229540133,11,0.9789473684210527,42,3.4545454545454546,13,0.9841269841269842,0.25263157894736843,0.02817531305903399,1.3263157894736841,35,0
BPIC2012_4000_INSERTION_4.0_5_alpha.pnml,110,17,0.9709505944546686,3,0.8909090909090909,19,6.0,27,0.8253968253968254,0.07272727272727272,0.02498017446471055,0.5727272727272728,0,0
BPIC2012_100000_MIXED_1.0_2_inductive.pnml,549,8,0.7607859931846075,20,0.9927140255009107,387,5.536723163841808,45,1.0,0.23497267759562843,0.007598998554250855,1.570127504553734,152,0
RTFMS_2000_ORDERING_1.0_2_heuristics.pnml,70,29,0.9275265884316759,3,1.0,48,3.7714285714285714,9,1.0,0.17142857142857143,0.04414335664335664,1.4428571428571428,32,3
BPIC2012_10000_ABSENCE_4.0_5_alpha.pnml,38,11,0.9927744539878083,10,0.9736842105263158,18,4.0,16,1.0,0.0,0.07589285714285714,1.3421052631578947,0,9
Sepsis_1000_MIXED_0.1_4_inductive.pnml,92,4,0.5746356978376794,9,0.967391304347826,40,3.2954545454545454,11,0.9833333333333333,0.2608695652173913,0.028694404591104734,1.3043478260869565,34,0
Sepsis_100000_INSERTION_0.2_4_alpha.pnml,116,3,0.0,0,0.9827586206896551,22,23.5,25,1.0,0.0,0.10307017543859649,0.4051724137931034,0,0
RTFMS_100000_INSERTION_10.0_5_inductive_inf.pnml,4600,2,0.30540057087920036,2,0.9991304347826087,4537,165.63636363636363,1068,1.0,0.008695652173913044,0.019239226033421285,1.9782608695652173,59,0
RTFMS_20000_ABSENCE_0.4_4_heuristics.pnml,63,30,0.8960382325345574,2,1.0,45,3.75,9,1.0,0.3333333333333333,0.049456521739130434,1.4444444444444444,28,1
Sepsis_10000_ORDERING_2.0_2_inductive_inf.pnml,84,2,0.49418293484978865,9,0.9761904761904762,39,3.5675675675675675,11,0.9821428571428571,0.2857142857142857,0.03220241518113859,1.3333333333333333,30,0
BPIC2012_100000_MIXED_0.1_2_heuristics.pnml,163,0,0.7467366074830679,5,0.9754601226993865,100,5.382978723404255,16,0.983402489626556,0.6625766871165644,0.022693032015065912,1.478527607361963,69,4
Sepsis_40000_inductive.pnml,89,4,0.5435644431995964,8,0.9775280898876404,39,3.4,10,0.9827586206896551,0.2696629213483146,0.029743589743589743,1.303370786516854,33,0
BPIC2012_2000_SUBSTITUTION_4.0_2_alpha.pnml,79,7,0.9910760598382222,7,0.8734177215189873,35,4.944444444444445,17,0.9295774647887324,0.0,0.03697916666666667,0.8987341772151899,0,1
RTFMS_20000_MIXED_10.0_1_heuristics.pnml,631,15,0.8832225588099292,8,1.0,582,19.682539682539684,170,1.0,0.27892234548335976,0.021640921014281552,1.8827258320126783,78,3
RTFMS_10000_ORDERING_4.0_5_inductive.pnml,35,0,0.863120568566631,3,0.9428571428571428,20,4.0,8,0.9583333333333334,0.6857142857142857,0.08163265306122448,1.3714285714285714,9,0
BPIC2012_1000_SUBSTITUTION_2.0_3_inductive_inf.pnml,144,2,0.5858732928619205,7,0.9444444444444444,80,3.453125,7,0.9947368421052631,0.7708333333333334,0.019277597402597404,1.3194444444444444,58,0
Sepsis_1000_INSERTION_1.0_1_heuristics.pnml,104,28,0.9268190639645772,4,1.0,79,5.368421052631579,16,1.0,0.6346153846153846,0.038620689655172416,1.6153846153846154,53,4
Sepsis_1000_ABSENCE_10.0_1_inductive.pnml,97,3,0.4959690720618337,9,0.9690721649484536,45,3.369565217391304,11,1.0,0.24742268041237114,0.027705627705627706,1.3195876288659794,38,0
Sepsis_20000_INSERTION_0.1_2_alpha.pnml,28,8,1.0,2,0.9285714285714286,12,5.666666666666667,16,0.9655172413793104,0.0,0.15104166666666666,1.0357142857142858,0,0
Sepsis_40000_MIXED_0.2_4_inductive.pnml,182,6,0.693127415328288,10,0.978021978021978,94,3.441860465116279,13,1.0,0.21978021978021978,0.015561224489795918,1.3406593406593406,75,0
BPIC2012_1000_SUBSTITUTION_1.0_3_heuristics.pnml,120,2,0.4305518670104394,1,0.975,64,4.823529411764706,11,0.9520958083832335,0.7333333333333333,0.02718984044285249,1.3916666666666666,54,0
RTFMS_20000_SUBSTITUTION_0.2_1_inductive.pnml,87,2,0.6722948170756379,3,0.9540229885057472,53,4.176470588235294,8,1.0,0.42528735632183906,0.03753026634382567,1.4252873563218391,29,0
Sepsis_1000_SUBSTITUTION_0.2_1_alpha.pnml,24,15,0.9182958340544896,7,0.9166666666666666,16,4.333333333333333,14,1.0,0.0,0.14705882352941177,1.4583333333333333,0,2
Sepsis_4000_INSERTION_10.0_5_inductive.pnml,391,1,0.6695920597928519,11,0.989769820971867,293,7.216494845360825,85,1.0,0.1329923273657289,0.012942122186495177,1.6470588235294117,85,0
Sepsis_100000_INSERTION_0.4_4_heuristics.pnml,330,33,0.9182958340544896,9,1.0,294,11.719298245614034,47,1.0,0.693939393939394,0.025090939153439153,1.8393939393939394,73,7
Sepsis_4000_ABSENCE_2.0_5_alpha.pnml,22,15,0.9402859586706311,7,0.9545454545454546,18,4.0,14,1.0,0.0,0.17708333333333334,1.5454545454545454,0,2
BPIC2012_40000_MIXED_0.2_1_alpha.pnml,54,11,1.0,3,0.8703703703703703,20,4.428571428571429,14,0.9361702127659575,0.0,0.049682875264270614,0.8703703703703703,0,4
RTFMS_40000_INSERTION_10.0_1_alpha.pnml,1867,11,1.0,1,0.9978575254418853,451,229.0,459,0.9989047097480832,0.0,0.06125872249060655,0.48901981788966253,0,1
BPIC2012_2000_MIXED_4.0_2_heuristics.pnml,134,7,0.5617526078313282,3,0.9925373134328358,81,5.394736842105263,15,0.9848484848484849,0.6940298507462687,0.02806122448979592,1.4776119402985075,58,0
RTFMS_4000_SUBSTITUTION_4.0_2_inductive.pnml,205,3,0.7281342378690551,7,0.9804878048780488,145,5.65625,36,1.0,0.11707317073170732,0.020499108734402853,1.5707317073170732,55,0
RTFMS_100000_MIXED_4.0_5_alpha.pnml,931,78,0.9852281360342515,2,0.99140708915145,242,81.28571428571429,309,0.9946714031971581,0.0,0.04352195423623995,0.6047261009667024,0,1
Sepsis_10000_ORDERING_0.2_2_heuristics.pnml,108,32,0.9503376699710268,8,1.0,83,5.0,14,1.0,0.5462962962962963,0.03575757575757576,1.6388888888888888,58,7
RTFMS_100000_ORDERING_1.0_4_alpha.pnml,22,11,0.8453509366224364,10,1.0,14,4.909090909090909,11,0.9736842105263158,0.2727272727272727,0.15702479338842976,1.7272727272727273,0,6
BPIC2012_10000_MIXED_0.1_5_inductive_inf.pnml,123,1,0.7871265862012691,8,0.9512195121951219,60,3.4901960784313726,6,0.9125,0.9512195121951219,0.02178649237472767,1.3008130081300813,48,0
Sepsis_20000_ORDERING_0.1_3_inductive_inf.pnml,89,4,0.5435644431995964,8,0.9775280898876404,39,3.4,10,0.9827586206896551,0.2696629213483146,0.029743589743589743,1.303370786516854,33,0
BPIC2012_4000_MIXED_0.4_1_alpha.pnml,38,4,0.9709505944546686,2,0.8421052631578947,11,3.6,11,0.9333333333333333,0.0,0.0625,0.7894736842105263,0,0
BPIC2012_4000_SUBSTITUTION_2.0_5_inductive_inf.pnml,125,0,0.4537163391869448,2,0.904,76,4.428571428571429,14,0.9886363636363636,0.704,0.02623732856290996,1.408,41,0
RTFMS_100000_MIXED_4.0_2_inductive.pnml,1162,6,0.7424875695421236,10,0.9965576592082617,1076,23.726315789473684,300,1.0,0.03442340791738382,0.013455995093529592,1.8881239242685026,86,0
RTFMS_40000_INSERTION_4.0_4_alpha.pnml,769,24,0.9709505944546686,2,0.9973992197659298,197,75.8,196,1.0,0.0,0.06094771241830065,0.4850455136540962,0,2
BPIC2012_10000_MIXED_0.1_3_heuristics.pnml,131,1,0.7219280948873623,4,0.8931297709923665,73,4.8,13,0.9675675675675676,0.6793893129770993,0.025412087912087912,1.4122137404580153,61,3
Sepsis_40000_SUBSTITUTION_4.0_4_heuristics.pnml,920,24,0.9394532068181356,14,1.0,877,25.47945205479452,154,1.0,0.6793478260869565,0.02004783501432794,1.9315217391304347,99,7
Sepsis_10000_INSERTION_0.2_1_inductive.pnml,141,1,0.743898745288434,9,0.9787234042553191,75,3.2816901408450705,6,1.0,0.6879432624113475,0.019423558897243107,1.3191489361702127,58,0
RTFMS_1000_INSERTION_10.0_4_inductive.pnml,175,1,0.7586638628883695,9,0.9771428571428571,107,4.164383561643835,15,1.0,0.16,0.01888195063931014,1.4514285714285715,58,0
BPIC2012_40000_ABSENCE_1.0_4_inductive.pnml,121,0,0.6267511370265895,6,0.9669421487603306,69,3.627450980392157,8,0.9814814814814815,0.8925619834710744,0.023478260869565216,1.3388429752066116,50,0
RTFMS_20000_ORDERING_4.0_2_heuristics.pnml,72,31,0.898058793450166,2,1.0,51,3.942857142857143,10,1.0,0.2916666666666667,0.0451063829787234,1.4722222222222223,35,1
BPIC2012_40000_ORDERING_4.0_4_inductive.pnml,122,0,0.74959525725948,10,0.9836065573770492,65,3.5357142857142856,9,0.975609756097561,0.8360655737704918,0.02277777777777778,1.3442622950819672,47,0
BPIC2012_20000_SUBSTITUTION_10.0_1_alpha.pnml,1058,6,0.0,0,0.998109640831758,173,170.0,173,1.0,0.0,0.08049242424242424,0.32136105860113423,0,0
Sepsis_10000_INSERTION_10.0_2_alpha.pnml,491,16,0.9182958340544896,1,0.9959266802443992,65,39.0,64,0.9913793103448276,0.0,0.03961748633879782,0.23625254582484725,0,0
RTFMS_40000_ABSENCE_2.0_1_inductive.pnml,63,2,0.7219280948873623,7,0.9841269841269842,33,3.2,5,1.0,0.06349206349206349,0.04285714285714286,1.3333333333333333,23,0
RTFMS_20000_ABSENCE_4.0_4_inductive.pnml,41,0,0.7424875695421236,2,0.975609756097561,26,3.5789473684210527,7,1.0,0.5853658536585366,0.07179487179487179,1.3658536585365855,14,0
BPIC2012_100000_SUBSTITUTION_2.0_2_heuristics.pnml,1366,6,0.6332905746550958,7,1.0,1257,27.851063829787233,190,1.0,0.6412884333821376,0.012118622580736038,1.889458272327965,194,4
RTFMS_20000_MIXED_4.0_5_inductive.pnml,316,4,0.7642045065086203,9,0.9873417721518988,244,7.135802469135802,64,1.0,0.08860759493670886,0.016437668611581656,1.6582278481012658,70,0
RTFMS_1000_SUBSTITUTION_2.0_3_inductive.pnml,94,1,0.6292492238560345,3,0.9787234042553191,52,3.736842105263158,8,1.0,0.2553191489361702,0.030882352941176472,1.3404255319148937,39,0
RTFMS_2000_MIXED_0.4_2_heuristics.pnml,69,29,0.9275265884316759,3,1.0,47,3.7142857142857144,9,1.0,0.17391304347826086,0.04427549194991055,1.434782608695652,29,3
RTFMS_10000_SUBSTITUTION_1.0_1_heuristics.pnml,126,23,0.9262122127346664,4,1.0,99,6.0,26,1.0,0.2222222222222222,0.03697120511908994,1.6507936507936507,39,2
Sepsis_4000_INSERTION_1.0_3_heuristics.pnml,149,39,0.9366673818775626,7,1.0,110,5.647058823529412,19,1.0,0.7449664429530202,0.026924788607031597,1.6241610738255035,70,10
BPIC2012_10000_MIXED_0.4_5_inductive.pnml,181,2,0.7172524777375697,11,0.9834254143646409,98,3.4302325581395348,9,0.9917355371900827,0.7569060773480663,0.015492957746478873,1.3370165745856353,74,0
BPIC2012_10000_SUBSTITUTION_0.4_1_heuristics.pnml,149,0,0.7219280948873623,4,0.9664429530201343,94,5.8,21,0.9776785714285714,0.6778523489932886,0.026107226107226107,1.5033557046979866,61,3
Sepsis_100000_ABSENCE_2.0_3_inductive.pnml,95,3,0.5107878229540133,9,0.9789473684210527,44,3.4545454545454546,11,1.0,0.25263157894736843,0.028455284552845527,1.3263157894736841,37,0
BPIC2012_40000_MIXED_4.0_5_inductive.pnml,765,6,0.7390632767373162,22,0.9947712418300654,563,6.689320388349515,52,1.0,0.12549019607843137,0.006359170861952999,1.6313725490196078,185,0
RTFMS_1000_ABSENCE_0.1_5_inductive.pnml,50,2,0.6665783579949205,2,0.92,26,3.217391304347826,5,0.96875,0.08,0.05333333333333334,1.28,18,0
Sepsis_40000_INSERTION_1.0_4_alpha.pnml,217,5,0.0,0,0.9815668202764977,29,21.333333333333332,32,1.0,0.0,0.04984423676012461,0.29493087557603687,0,0
RTFMS_20000_MIXED_0.2_1_heuristics.pnml,84,28,0.8524051786494786,2,1.0,59,4.277777777777778,11,1.0,0.27380952380952384,0.04061078622482131,1.4880952380952381,33,1
Sepsis_4000_MIXED_10.0_4_heuristics.pnml,231,33,0.9526092095121206,9,1.0,194,9.019607843137255,33,1.0,0.6536796536796536,0.02631578947368421,1.774891774891775,76,10
RTFMS_4000_MIXED_4.0_1_heuristics.pnml,147,27,0.941423108186979,6,1.0,115,5.547169811320755,23,1.0,0.5986394557823129,0.030155155155155156,1.6394557823129252,53,4
Sepsis_100000_MIXED_0.2_5_inductive_inf.pnml,124,3,0.6098403047164004,10,0.967741935483871,58,3.2666666666666666,10,0.9876543209876543,0.3225806451612903,0.021525378687217645,1.3064516129032258,50,0
Sepsis_20000_ABSENCE_2.0_4_heuristics.pnml,109,34,0.9503376699710268,8,1.0,85,5.086956521739131,14,1.0,0.5412844036697247,0.03588516746411483,1.651376146788991,59,7
RTFMS_1000_SUBSTITUTION_1.0_5_inductive_inf.pnml,62,2,0.4394969869215134,1,0.935483870967742,35,3.909090909090909,7,0.975609756097561,0.12903225806451613,0.04659090909090909,1.3225806451612903,22,0
BPIC2012_100000_ABSENCE_10.0_2_heuristics.pnml,137,2,0.7732266742876346,5,0.9635036496350365,77,4.7272727272727275,16,0.9693877551020408,0.7226277372262774,0.024245423057892134,1.4306569343065694,69,4
RTFMS_4000_ORDERING_0.2_1_alpha.pnml,25,16,0.9886994082884974,13,1.0,16,4.125,9,0.9523809523809523,0.48,0.13636363636363635,1.68,0,8
RTFMS_2000_MIXED_0.4_4_inductive.pnml,79,0,0.7320666900931938,4,0.9620253164556962,41,3.2051282051282053,5,1.0,0.1518987341772152,0.0339095744680851,1.2911392405063291,33,0
BPIC2012_2000_MIXED_0.4_5_alpha.pnml,38,8,0.9940302114769565,3,0.8421052631578947,9,3.5454545454545454,11,0.8285714285714285,0.0,0.058922558922558925,0.9210526315789473,0,1
RTFMS_40000_MIXED_1.0_4_heuristics.pnml,179,20,0.8296071030882031,3,1.0,145,8.0,38,1.0,0.18435754189944134,0.03241921768707483,1.7039106145251397,48,1
BPIC2012_2000_ABSENCE_1.0_1_alpha.pnml,36,8,0.9975025463691152,7,0.9166666666666666,16,3.823529411764706,11,0.9523809523809523,0.0,0.07291666666666667,1.1666666666666667,0,5
BPIC2012_10000_ORDERING_0.4_2_heuristics.pnml,132,1,0.7320666900931938,4,0.9545454545454546,77,5.0256410256410255,14,0.968421052631579,0.696969696969697,0.026192445547284258,1.4393939393939394,68,3
RTFMS_40000_MIXED_10.0_5_inductive.pnml,1069,5,0.7732266742876346,10,0.9962581852198317,993,23.65909090909091,291,1.0,0.026192703461178673,0.014852794264558971,1.891487371375117,76,0
RTFMS_100000_ABSENCE_4.0_1_heuristics.pnml,74,19,0.9418285354475157,5,1.0,51,3.7435897435897436,10,1.0,0.4594594594594595,0.0425531914893617,1.4594594594594594,35,2
RTFMS_20000_ORDERING_0.1_1_heuristics.pnml,67,29,0.8849636363831528,2,1.0,47,3.8181818181818183,10,1.0,0.31343283582089554,0.04699612403100775,1.4477611940298507,31,1
BPIC2012_20000_INSERTION_0.4_3_alpha.pnml,71,15,0.9957274520849255,5,0.8450704225352113,17,4.384615384615385,19,0.8979591836734694,0.0,0.037121212121212124,0.6901408450704225,0,0
Sepsis_40000_ORDERING_10.0_2_alpha.pnml,23,2,0.9402859586706311,6,1.0,22,4.714285714285714,16,1.0,0.0,0.1875,1.826086956521739,0,4
Sepsis_100000_INSERTION_2.0_2_inductive.pnml,1144,2,0.718609966948486,13,0.9965034965034965,1028,18.132231404958677,341,1.0,0.05244755244755245,0.010437282761744405,1.8531468531468531,109,0
RTFMS_2000_SUBSTITUTION_2.0_1_alpha.pnml,36,7,0.9709505944546686,4,0.8888888888888888,14,7.0,13,0.9411764705882353,0.0,0.08374384236453201,0.9444444444444444,0,2
Sepsis_20000_MIXED_0.4_4_heuristics.pnml,136,30,0.9426831892554922,9,1.0,108,5.72,17,1.0,0.49264705882352944,0.03180555555555555,1.6838235294117647,63,7
Sepsis_4000_ORDERING_10.0_2_inductive.pnml,91,2,0.46121604051390946,11,0.978021978021978,41,3.5609756097560976,13,0.9836065573770492,0.26373626373626374,0.02975609756097561,1.3406593406593406,33,0
RTFMS_20000_inductive.pnml,50,0,0.8112781244591328,3,0.96,29,3.4166666666666665,4,1.0,0.74,0.055,1.32,18,0
RTFMS_20000_ORDERING_4.0_5_alpha.pnml,22,12,0.9182958340544896,10,1.0,14,4.5,11,0.972972972972973,0.4090909090909091,0.15289256198347106,1.6818181818181819,0,5
BPIC2012_10000_INSERTION_2.0_2_inductive_inf.pnml,174,1,0.5032583347756457,6,0.896551724137931,113,5.185185185185185,17,0.9923076923076923,0.6149425287356322,0.020967741935483872,1.4942528735632183,53,0
RTFMS_40000_SUBSTITUTION_2.0_4_heuristics.pnml,466,17,0.8944518845341283,5,1.0,435,20.488888888888887,136,1.0,0.07939914163090128,0.031754032258064516,1.8927038626609443,54,1
RTFMS_10000_INSERTION_10.0_5_heuristics.pnml,598,23,0.8184033299219706,4,1.0,548,21.054545454545455,140,1.0,0.5568561872909699,0.023014440433212997,1.8762541806020068,73,3
Sepsis_40000_SUBSTITUTION_4.0_2_alpha.pnml,785,12,0.8112781244591328,0,0.9949044585987261,98,47.5,98,1.0,0.0,0.03985507246376811,0.23821656050955414,0,0
BPIC2012_100000_ORDERING_4.0_1_heuristics.pnml,175,1,0.676941869780886,5,0.9942857142857143,109,5.017857142857143,21,1.0,0.6914285714285714,0.02072,1.48,100,4
RTFMS_40000_INSERTION_0.4_4_heuristics.pnml,157,18,0.8812908992306927,4,1.0,129,7.55,24,1.0,0.6942675159235668,0.03609913793103448,1.7070063694267517,43,1
RTFMS_20000_INSERTION_10.0_2_alpha.pnml,969,12,1.0,2,0.9979360165118679,235,81.66666666666667,244,0.9979296066252588,0.0,0.05010373443983403,0.4984520123839009,0,1
Sepsis_100000_INSERTION_4.0_1_inductive.pnml,2109,0,0.668127333843614,15,0.9981033665244191,1982,32.65079365079365,734,1.0,0.030346135609293504,0.009687320161135623,1.9155998103366525,111,0
Sepsis_20000_ABSENCE_2.0_3_inductive.pnml,95,3,0.5107878229540133,9,0.9789473684210527,44,3.4545454545454546,11,1.0,0.25263157894736843,0.028455284552845527,1.3263157894736841,37,0
BPIC2012_40000_ORDERING_2.0_3_heuristics.pnml,149,3,0.7131467486384921,4,1.0,93,5.173913043478261,18,0.990990990990991,0.7046979865771812,0.024699599465954607,1.4899328859060403,82,3
BPIC2012_1000_ORDERING_0.2_5_inductive.pnml,133,1,0.7568336324184035,8,0.9323308270676691,64,3.4545454545454546,6,0.9186046511627907,0.9097744360902256,0.020046620046620046,1.2932330827067668,53,0
Sepsis_1000_MIXED_0.1_4_heuristics.pnml,98,28,0.9268190639645772,4,1.0,73,5.052631578947368,14,1.0,0.6428571428571429,0.038980509745127435,1.5918367346938775,52,4
RTFMS_2000_ORDERING_10.0_1_alpha.pnml,22,5,0.954434002924965,9,1.0,18,4.0,9,1.0,0.0,0.15702479338842976,1.7272727272727273,0,7
RTFMS_20000_MIXED_10.0_1_alpha.pnml,517,29,0.9980008838722996,9,0.9903288201160542,188,20.157894736842106,171,0.994269340974212,0.0,0.03135106000718649,0.6750483558994197,0,4
RTFMS_4000_MIXED_4.0_1_inductive.pnml,163,2,0.7578784625383954,7,0.9754601226993865,104,4.40625,17,1.0,0.12269938650306748,0.021238938053097345,1.4723926380368098,55,0
BPIC2012_10000_SUBSTITUTION_1.0_1_alpha.pnml,91,10,0.9366673818775626,7,0.8791208791208791,32,5.352941176470588,22,0.9722222222222222,0.0,0.03550295857988166,0.7912087912087912,0,3
BPIC2012_1000_ABSENCE_0.4_5_alpha.pnml,34,8,0.9957274520849255,4,0.8529411764705882,13,3.8461538461538463,11,0.9166666666666666,0.0,0.075,1.0588235294117647,0,1
BPIC2012_10000_MIXED_1.0_5_inductive.pnml,265,6,0.7401470427139037,15,0.9849056603773585,140,3.37984496124031,8,0.9943502824858758,0.5169811320754717,0.010607695073714491,1.3358490566037735,109,0
Sepsis_2000_ABSENCE_0.2_3_inductive.pnml,95,3,0.5107878229540133,9,0.9789473684210527,44,3.4545454545454546,11,1.0,0.25263157894736843,0.028455284552845527,1.3263157894736841,37,0
BPIC2012_40000_ABSENCE_1.0_3_inductive.pnml,141,0,0.678114052360606,9,0.9716312056737588,79,3.417910447761194,6,0.9946808510638298,0.9078014184397163,0.019747899159663865,1.3333333333333333,60,0
BPIC2012_20000_MIXED_2.0_2_heuristics.pnml,272,5,0.6699960320994333,4,0.9852941176470589,202,8.24561403508772,33,0.9977678571428571,0.6323529411764706,0.01987401295359773,1.6470588235294117,95,3
RTFMS_2000_inductive_inf.pnml,54,1,0.7642045065086203,3,0.9444444444444444,29,3.2222222222222223,5,1.0,0.07407407407407407,0.04971590909090909,1.2962962962962963,20,0
Sepsis_4000_ABSENCE_10.0_4_heuristics.pnml,116,41,0.9709505944546686,7,1.0,87,5.2,14,1.0,0.6810344827586207,0.03263888888888889,1.6206896551724137,63,10
Sepsis_2000_INSERTION_0.2_4_alpha.pnml,29,17,0.9886994082884974,9,0.9310344827586207,19,4.1875,14,0.9767441860465116,0.0,0.11944444444444445,1.4827586206896552,0,2
Sepsis_20000_ORDERING_4.0_4_inductive.pnml,53,1,0.7424875695421236,2,0.9622641509433962,32,4.105263157894737,7,0.9722222222222222,0.8679245283018868,0.05572755417956656,1.3584905660377358,17,0
RTFMS_1000_ABSENCE_1.0_4_heuristics.pnml,58,17,0.9293636260137187,3,1.0,35,3.5172413793103448,7,1.0,0.1206896551724138,0.049689440993788817,1.3793103448275863,23,4
Sepsis_100000_ABSENCE_0.4_3_alpha.pnml,22,15,0.9402859586706311,7,0.9545454545454546,18,4.0,14,1.0,0.0,0.17708333333333334,1.5454545454545454,0,2
BPIC2012_20000_MIXED_0.1_3_inductive.pnml,185,5,0.6904285855304169,13,0.9837837837837837,93,3.25,7,0.9917355371900827,0.5945945945945946,0.01455026455026455,1.308108108108108,76,0
Sepsis_4000_ORDERING_4.0_4_alpha.pnml,22,9,0.9402859586706311,6,0.9545454545454546,19,4.285714285714286,15,1.0,0.0,0.1875,1.6363636363636365,0,2
BPIC2012_4000_INSERTION_0.2_5_heuristics.pnml,125,3,0.7424875695421236,4,0.928,67,4.7368421052631575,11,0.96,0.712,0.026088252832438878,1.4,59,3
Sepsis_4000_ORDERING_0.2_2_heuristics.pnml,117,42,0.9656361333706098,7,1.0,87,5.086956521739131,14,1.0,0.6752136752136753,0.03175675675675676,1.606837606837607,63,10
Sepsis_100000_MIXED_4.0_1_heuristics.pnml,1166,23,0.9447388286467892,16,1.0,1115,29.3,211,1.0,0.8207547169811321,0.017568156355035478,1.9365351629502572,112,10
Sepsis_1000_INSERTION_2.0_4_inductive.pnml,132,6,0.7219280948873623,9,0.9696969696969697,66,3.533333333333333,12,0.9775280898876404,0.18181818181818182,0.02139423076923077,1.3484848484848484,49,0
Sepsis_2000_ORDERING_2.0_2_alpha.pnml,24,24,0.74959525725948,9,0.9583333333333334,16,4.142857142857143,15,1.0,0.0,0.14453125,1.5416666666666667,0,4
BPIC2012_100000_ABSENCE_4.0_2_alpha.pnml,38,12,0.998363672593813,11,0.9736842105263158,18,4.0,16,1.0,0.0,0.07738095238095238,1.368421052631579,0,9
BPIC2012_4000_MIXED_4.0_1_heuristics.pnml,192,1,0.6420642892306891,4,0.9739583333333334,125,6.244897959183674,21,0.9897959183673469,0.71875,0.02157006603081438,1.53125,85,3
Sepsis_40000_SUBSTITUTION_0.2_3_inductive_inf.pnml,135,2,0.4537163391869448,12,0.9703703703703703,65,3.4285714285714284,13,1.0,0.35555555555555557,0.020242914979757085,1.3333333333333333,54,0
BPIC2012_1000_MIXED_1.0_2_alpha.pnml,38,8,0.9852281360342515,5,0.868421052631579,16,3.857142857142857,13,0.9473684210526316,0.0,0.06785714285714285,1.0,0,1
Sepsis_10000_ORDERING_4.0_5_heuristics.pnml,125,32,0.9580420222262995,9,1.0,93,5.12,15,1.0,0.488,0.03070175438596491,1.624,70,10
Sepsis_40000_SUBSTITUTION_1.0_2_inductive.pnml,405,2,0.6674742199595056,11,0.9901234567901235,293,6.532110091743119,79,1.0,0.1382716049382716,0.011499118165784833,1.6098765432098765,102,0
RTFMS_100000_ABSENCE_2.0_4_inductive_inf.pnml,70,1,0.8582307926411411,6,0.9571428571428572,35,3.051282051282051,4,0.9666666666666667,0.05714285714285714,0.03722084367245657,1.2857142857142858,27,0
Sepsis_100000_inductive.pnml,89,4,0.5435644431995964,8,0.9775280898876404,39,3.4,10,0.9827586206896551,0.2696629213483146,0.029743589743589743,1.303370786516854,33,0
RTFMS_40000_INSERTION_10.0_1_inductive.pnml,1999,6,0.7412466905234424,9,0.9979989994997499,1926,48.641975308641975,456,1.0,0.018009004502251125,0.015697674418604653,1.9449724862431215,71,0
Sepsis_100000_SUBSTITUTION_2.0_4_inductive.pnml,1169,3,0.6722948170756379,13,0.9965782720273738,1049,18.789915966386555,381,1.0,0.05132591958939264,0.01032794070008956,1.8545765611633875,108,0
RTFMS_40000_SUBSTITUTION_0.2_1_inductive.pnml,155,1,0.7516499461153355,7,0.9741935483870968,94,4.061538461538461,14,1.0,0.15483870967741936,0.02092760180995475,1.4322580645161291,56,0
BPIC2012_10000_MIXED_2.0_3_inductive.pnml,272,0,0.7111806626974717,12,0.9852941176470589,163,4.017699115044247,15,1.0,0.5404411764705882,0.01171756420375205,1.4191176470588236,102,0
BPIC2012_4000_ORDERING_4.0_3_inductive_inf.pnml,112,0,0.6751914401458716,5,0.9017857142857143,60,3.6444444444444444,9,0.9662162162162162,0.7767857142857143,0.02494101786316144,1.3214285714285714,44,0
BPIC2012_10000_ABSENCE_0.1_1_alpha.pnml,36,8,0.9975025463691152,7,0.9166666666666666,16,3.823529411764706,11,0.9523809523809523,0.0,0.07291666666666667,1.1666666666666667,0,5
RTFMS_4000_ORDERING_0.2_4_inductive.pnml,41,1,0.7871265862012691,3,0.9512195121951219,22,3.6470588235294117,6,0.962962962962963,0.6097560975609756,0.0661764705882353,1.3170731707317074,12,0
Sepsis_10000_SUBSTITUTION_2.0_5_heuristics.pnml,215,30,0.9470622432515328,9,1.0,185,8.538461538461538,37,1.0,0.6883720930232559,0.029228666869116307,1.7906976744186047,65,7
RTFMS_4000_alpha.pnml,28,25,0.9910760598382222,16,0.9285714285714286,13,4.0,7,1.0,0.5714285714285714,0.12032085561497326,1.6071428571428572,0,11
RTFMS_20000_ABSENCE_0.1_5_alpha.pnml,27,20,0.9709505944546686,15,1.0,13,4.266666666666667,9,1.0,0.25925925925925924,0.125,1.6296296296296295,0,11
RTFMS_4000_SUBSTITUTION_0.1_4_inductive_inf.pnml,55,1,0.6665783579949205,2,0.9636363636363636,34,3.6956521739130435,5,0.9864864864864865,0.7818181818181819,0.05285714285714286,1.3454545454545455,20,0
RTFMS_1000_ORDERING_10.0_4_alpha.pnml,22,10,0.9886994082884974,10,1.0,16,4.0,9,1.0,0.0,0.15702479338842976,1.7272727272727273,0,7
RTFMS_40000_MIXED_0.2_5_inductive.pnml,135,1,0.739480936716638,9,0.9703703703703703,73,3.4029850746268657,7,1.0,0.17777777777777778,0.020938794293603312,1.348148148148148,55,0
Sepsis_100000_ORDERING_10.0_5_heuristics.pnml,131,34,0.9470622432515328,9,1.0,97,5.153846153846154,15,1.0,0.46564885496183206,0.02925824175824176,1.6259541984732824,74,10
RTFMS_40000_INSERTION_0.2_5_alpha.pnml,59,16,0.9957274520849255,7,0.9661016949152542,21,4.923076923076923,16,1.0,0.0,0.05759803921568627,0.7966101694915254,0,3
RTFMS_1000_ABSENCE_2.0_4_inductive_inf.pnml,45,2,0.5032583347756457,1,0.8888888888888888,26,3.5,5,0.9827586206896551,0.08888888888888889,0.06092436974789916,1.288888888888889,16,0
BPIC2012_20000_ORDERING_1.0_1_heuristics.pnml,133,3,0.74959525725948,4,0.9849624060150376,77,4.857142857142857,15,0.9791666666666666,0.6616541353383458,0.025806451612903226,1.443609022556391,68,3
RTFMS_40000_INSERTION_0.4_3_inductive.pnml,191,2,0.7088356733321961,7,0.9790575916230366,133,5.387096774193548,27,1.0,0.1256544502617801,0.02099290780141844,1.549738219895288,52,0
RTFMS_20000_INSERTION_2.0_5_inductive.pnml,319,5,0.761587786957669,9,0.987460815047022,251,7.636363636363637,61,1.0,0.0877742946708464,0.017245817245817245,1.6802507836990597,64,0
BPIC2012_20000_ABSENCE_4.0_4_inductive_inf.pnml,90,0,0.512709142030877,4,0.9,50,3.7714285714285714,9,0.9666666666666667,0.8666666666666667,0.031512605042016806,1.3333333333333333,32,0
RTFMS_10000_ABSENCE_2.0_4_heuristics.pnml,67,26,0.9517626756348311,4,1.0,47,3.7714285714285714,9,1.0,0.3880597014925373,0.04666666666666667,1.462686567164179,30,3
RTFMS_1000_SUBSTITUTION_10.0_4_inductive.pnml,120,1,0.5916727785823275,3,0.9666666666666667,83,5.771428571428571,19,1.0,0.225,0.034444444444444444,1.55,32,0
Sepsis_20000_INSERTION_4.0_4_inductive.pnml,579,1,0.7184663880382771,13,0.9930915371329879,467,9.224137931034482,155,1.0,0.09671848013816926,0.01104031151820877,1.7236614853195165,100,0
BPIC2012_1000_SUBSTITUTION_4.0_1_inductive_inf.pnml,148,3,0.6981245731396178,11,0.972972972972973,70,3.3043478260869565,7,0.9583333333333334,0.3108108108108108,0.017927170868347338,1.2972972972972974,58,0
Sepsis_40000_MIXED_10.0_4_heuristics.pnml,1138,28,0.954434002924965,17,1.0,1092,28.75,198,1.0,0.7214411247803163,0.01791713325867861,1.9402460456942003,111,10
BPIC2012_40000_MIXED_1.0_4_inductive.pnml,427,8,0.7430297192616624,22,0.990632318501171,248,3.9351351351351354,19,1.0,0.1873536299765808,0.007385560376346707,1.4192037470725996,160,0
Sepsis_1000_MIXED_4.0_1_alpha.pnml,32,19,1.0,4,0.90625,13,4.6,16,1.0,0.0,0.1259259259259259,1.0625,0,0
RTFMS_4000_SUBSTITUTION_0.1_5_alpha.pnml,33,23,0.9895875212220556,22,0.9393939393939394,20,4.16,7,1.0,0.5454545454545454,0.11706349206349206,1.7878787878787878,0,17
Sepsis_4000_MIXED_10.0_1_inductive.pnml,287,8,0.7101234912653349,11,0.9860627177700348,183,4.776699029126213,32,1.0,0.1672473867595819,0.012697850224427121,1.4982578397212543,89,0
Sepsis_20000_INSERTION_0.4_1_inductive_inf.pnml,53,1,0.0,0,0.9056603773584906,34,4.866666666666666,9,0.9864864864864865,0.8301886792452831,0.0625,1.3962264150943395,18,0
RTFMS_20000_ORDERING_10.0_5_alpha.pnml,22,4,0.7219280948873623,9,1.0,16,5.2,11,1.0,0.0,0.15702479338842976,1.7272727272727273,0,9
Sepsis_10000_MIXED_10.0_5_inductive.pnml,449,5,0.6823348859052099,12,0.9910913140311804,329,6.879310344827586,102,1.0,0.12472160356347439,0.01088314005352364,1.6302895322939865,104,0
Sepsis_10000_ABSENCE_10.0_5_inductive.pnml,95,3,0.5107878229540133,9,0.9789473684210527,44,3.4545454545454546,11,1.0,0.25263157894736843,0.028455284552845527,1.3263157894736841,37,0
Sepsis_20000_ABSENCE_10.0_5_inductive.pnml,95,3,0.5107878229540133,9,0.9789473684210527,44,3.4545454545454546,11,1.0,0.25263157894736843,0.028455284552845527,1.3263157894736841,37,0
BPIC2012_20000_INSERTION_10.0_2_inductive_inf.pnml,666,1,0.6819353204567525,10,0.975975975975976,577,13.319148936170214,122,1.0,0.0960960960960961,0.013207505567437655,1.7987987987987988,80,0
BPIC2012_4000_ORDERING_0.2_3_inductive.pnml,138,1,0.7973265101474423,11,0.9637681159420289,68,3.5517241379310347,6,0.9285714285714286,0.8840579710144928,0.019612068965517242,1.318840579710145,55,0
RTFMS_100000_INSERTION_2.0_1_alpha.pnml,943,9,0.9182958340544896,0,0.9957582184517497,239,158.0,239,0.9978858350951374,0.0,0.08386524822695035,0.5015906680805938,0,0
BPIC2012_2000_ABSENCE_2.0_5_alpha.pnml,37,9,0.9980008838722996,9,0.972972972972973,17,3.8421052631578947,13,1.0,0.0,0.07371794871794872,1.2432432432432432,0,7
BPIC2012_10000_INSERTION_0.1_3_heuristics.pnml,123,2,0.7642045065086203,4,0.926829268292683,67,4.916666666666667,13,0.9482758620689655,0.7317073170731707,0.02693498452012384,1.4146341463414633,58,3
BPIC2012_100000_MIXED_0.1_4_alpha.pnml,60,7,0.9456603046006401,5,0.8166666666666667,17,5.090909090909091,16,0.8723404255319149,0.0,0.047,0.7833333333333333,0,0
Sepsis_2000_ORDERING_1.0_5_inductive.pnml,93,2,0.5830194167347008,10,0.978494623655914,43,3.488372093023256,11,0.9838709677419355,0.25806451612903225,0.029080675422138838,1.3333333333333333,35,0
BPIC2012_40000_ABSENCE_0.4_5_heuristics.pnml,130,3,0.7592757847892833,4,0.9538461538461538,73,4.7317073170731705,14,0.9621621621621621,0.7692307692307693,0.025349410797478763,1.4230769230769231,64,3
BPIC2012_20000_ORDERING_1.0_5_inductive.pnml,119,0,0.7717094696953632,8,0.9831932773109243,66,3.5849056603773586,8,0.975,0.9159663865546218,0.02364066193853428,1.3445378151260505,47,0
Sepsis_4000_ABSENCE_10.0_3_inductive_inf.pnml,76,2,0.4394969869215134,7,0.9473684210526316,38,3.6363636363636362,9,0.9803921568627451,0.3157894736842105,0.03622159090909091,1.3421052631578947,28,0
BPIC2012_40000_ABSENCE_10.0_1_alpha.pnml,38,12,0.998363672593813,11,0.9736842105263158,18,4.0,16,1.0,0.0,0.07738095238095238,1.368421052631579,0,9
BPIC2012_100000_ORDERING_0.4_4_heuristics.pnml,146,1,0.7642045065086203,5,0.9726027397260274,85,4.911111111111111,15,0.9714285714285714,0.6712328767123288,0.02339572192513369,1.4383561643835616,77,4
RTFMS_4000_SUBSTITUTION_1.0_1_heuristics.pnml,93,24,0.9494520153879484,4,1.0,69,4.7894736842105265,15,1.0,0.3870967741935484,0.0409652076318743,1.5698924731182795,36,3
Sepsis_20000_INSERTION_2.0_2_alpha.pnml,209,2,0.0,0,0.9904306220095693,27,28.0,29,1.0,0.0,0.06763285024154589,0.2679425837320574,0,0
BPIC2012_1000_INSERTION_0.4_5_inductive_inf.pnml,129,0,0.714015280437867,7,0.9224806201550387,64,3.5686274509803924,6,0.9285714285714286,0.9147286821705426,0.02097902097902098,1.302325581395349,51,0
RTFMS_2000_MIXED_10.0_5_alpha.pnml,49,5,0.863120568566631,5,0.9591836734693877,22,8.142857142857142,22,1.0,0.0,0.08673469387755102,1.0408163265306123,0,4
Sepsis_100000_INSERTION_10.0_3_alpha.pnml,4577,14,0.9182958340544896,1,0.9991260651081495,417,283.3333333333333,430,0.9976470588235294,0.0,0.023234200743494422,0.1857111645182434,0,0
Sepsis_2000_MIXED_0.4_2_heuristics.pnml,113,33,0.9564574047992594,6,1.0,88,5.155555555555556,14,1.0,0.5398230088495575,0.03484848484848485,1.6283185840707965,61,6
RTFMS_100000_INSERTION_1.0_4_heuristics.pnml,613,19,0.8366407419411672,6,1.0,563,19.933333333333334,133,1.0,0.5938009787928222,0.022065025688214095,1.8776508972267536,77,2
BPIC2012_40000_ORDERING_2.0_2_alpha.pnml,48,5,0.9672947789468944,26,0.9791666666666666,44,5.03030303030303,20,0.9894736842105263,0.3125,0.08246527777777778,1.9791666666666667,0,19
RTFMS_20000_SUBSTITUTION_2.0_1_inductive.pnml,330,3,0.7219280948873623,7,0.9878787878787879,264,8.628571428571428,68,1.0,0.09696969696969697,0.0183133472367049,1.7030303030303031,64,0
RTFMS_100000_ORDERING_0.4_5_heuristics.pnml,83,11,0.8904916402194913,5,1.0,54,3.8974358974358974,11,1.0,0.40963855421686746,0.038314176245210725,1.4457831325301205,42,2
RTFMS_4000_ABSENCE_0.2_1_inductive_inf.pnml,45,0,0.7219280948873623,2,0.8888888888888888,27,3.55,5,0.9833333333333333,0.8444444444444444,0.06302521008403361,1.3333333333333333,16,0
Sepsis_100000_ABSENCE_10.0_4_inductive.pnml,96,4,0.5665095065529053,8,0.9791666666666666,44,3.3777777777777778,10,1.0,0.25,0.027937915742793792,1.3125,38,0
Sepsis_2000_SUBSTITUTION_1.0_1_heuristics.pnml,125,34,0.9503376699710268,6,1.0,99,5.521739130434782,16,1.0,0.52,0.03329023917259211,1.648,62,6
BPIC2012_1000_INSERTION_0.2_5_heuristics.pnml,113,5,0.4586858162005403,1,0.9380530973451328,56,4.806451612903226,11,0.9290322580645162,0.7787610619469026,0.02795815295815296,1.3716814159292035,52,0
RTFMS_20000_MIXED_0.4_5_inductive.pnml,112,1,0.714015280437867,5,0.9642857142857143,63,3.5686274509803924,7,1.0,0.2767857142857143,0.02610786671246994,1.3571428571428572,44,0
RTFMS_10000_INSERTION_0.4_5_inductive_inf.pnml,92,0,0.5435644431995964,2,0.8695652173913043,58,4.5,10,1.0,0.5760869565217391,0.036830357142857144,1.434782608695652,30,0
RTFMS_40000_INSERTION_0.4_4_inductive.pnml,180,4,0.7076690004167968,6,0.9777777777777777,127,5.508771929824562,21,1.0,0.2111111111111111,0.0227125243348475,1.5555555555555556,49,0
RTFMS_2000_MIXED_0.2_2_alpha.pnml,30,5,0.954434002924965,12,1.0,16,3.875,7,0.9777777777777777,0.0,0.10416666666666667,1.5,0,11
RTFMS_4000_INSERTION_4.0_3_alpha.pnml,98,24,0.9852281360342515,9,0.9795918367346939,29,7.071428571428571,37,1.0,0.10204081632653061,0.04375,0.7857142857142857,0,3
BPIC2012_10000_INSERTION_2.0_5_alpha.pnml,127,20,0.9709505944546686,3,0.905511811023622,22,6.9,32,0.8472222222222222,0.06299212598425197,0.024291497975708502,0.5669291338582677,0,0
RTFMS_2000_INSERTION_10.0_1_inductive.pnml,209,4,0.743898745288434,8,0.9808612440191388,142,5.183098591549296,24,1.0,0.15311004784688995,0.018790849673202614,1.5406698564593302,60,0
Sepsis_20000_inductive_inf.pnml,89,4,0.5435644431995964,8,0.9775280898876404,39,3.4,10,0.9827586206896551,0.2696629213483146,0.029743589743589743,1.303370786516854,33,0
Sepsis_20000_ABSENCE_2.0_2_heuristics.pnml,109,34,0.9503376699710268,8,1.0,85,5.086956521739131,14,1.0,0.5412844036697247,0.03588516746411483,1.651376146788991,59,7
BPIC2012_40000_ORDERING_0.4_2_inductive.pnml,153,1,0.8212809417449863,11,0.9869281045751634,83,3.230769230769231,5,0.98,0.934640522875817,0.0175561797752809,1.3071895424836601,64,0
BPIC2012_2000_ORDERING_4.0_4_inductive.pnml,129,1,0.7973265101474423,10,0.9612403100775194,65,3.4482758620689653,5,0.9470588235294117,0.875968992248062,0.020987654320987655,1.317829457364341,50,0
BPIC2012_4000_SUBSTITUTION_0.2_2_inductive.pnml,142,1,0.7335379291086666,7,0.9507042253521126,75,3.3088235294117645,6,0.9838709677419355,0.8098591549295775,0.019310631229235882,1.3098591549295775,57,0
Sepsis_4000_INSERTION_0.1_3_alpha.pnml,26,10,0.9709505944546686,7,0.9615384615384616,20,4.133333333333334,15,0.9743589743589743,0.0,0.14661654135338345,1.5,0,2
BPIC2012_10000_ABSENCE_0.2_5_heuristics.pnml,122,1,0.7424875695421236,4,0.9098360655737705,67,4.684210526315789,12,0.9649122807017544,0.7049180327868853,0.026785714285714284,1.401639344262295,59,3
Sepsis_1000_SUBSTITUTION_10.0_4_inductive_inf.pnml,117,1,0.5435644431995964,7,0.9829059829059829,68,3.9583333333333335,10,1.0,0.3076923076923077,0.02603174603174603,1.4017094017094016,42,0
RTFMS_10000_MIXED_0.2_4_inductive_inf.pnml,53,0,0.4689955935892812,1,0.7924528301886793,30,3.75,6,0.9857142857142858,0.6226415094339622,0.05417956656346749,1.320754716981132,18,0
BPIC2012_20000_SUBSTITUTION_1.0_2_alpha.pnml,147,13,0.9852281360342515,7,0.9251700680272109,60,6.476190476190476,33,0.9568965517241379,0.0,0.02767175572519084,0.7891156462585034,0,1
RTFMS_2000_ORDERING_0.2_5_heuristics.pnml,69,29,0.9275265884316759,3,1.0,47,3.7142857142857144,9,1.0,0.17391304347826086,0.04427549194991055,1.434782608695652,31,3
RTFMS_10000_MIXED_2.0_4_heuristics.pnml,139,18,0.9321115676166747,6,1.0,104,5.695652173913044,24,1.0,0.6546762589928058,0.03076923076923077,1.6115107913669064,52,5
BPIC2012_1000_SUBSTITUTION_0.4_5_heuristics.pnml,113,4,0.4689955935892812,1,0.9380530973451328,58,5.033333333333333,11,0.9299363057324841,0.7787610619469026,0.028754578754578753,1.3893805309734513,51,0
BPIC2012_10000_ORDERING_0.2_3_alpha.pnml,33,5,0.9852281360342515,4,0.8787878787878788,15,3.7142857142857144,14,0.972972972972973,0.0,0.08564814814814815,1.121212121212121,0,2
RTFMS_10000_SUBSTITUTION_0.1_2_inductive.pnml,91,4,0.7024665512903903,5,0.967032967032967,47,3.3095238095238093,7,0.9745762711864406,0.17582417582417584,0.02952952952952953,1.2967032967032968,37,0
BPIC2012_4000_ORDERING_1.0_1_inductive.pnml,139,0,0.7578784625383954,10,0.9640287769784173,75,3.5,6,0.9731182795698925,0.8848920863309353,0.020008605851979347,1.3381294964028776,58,0
BPIC2012_100000_MIXED_0.1_2_alpha.pnml,58,10,0.9182958340544896,1,0.7758620689655172,9,9.0,16,0.65,0.0,0.041666666666666664,0.6896551724137931,0,0
Sepsis_10000_INSERTION_1.0_5_heuristics.pnml,171,29,0.941423108186979,10,1.0,140,6.716981132075472,26,1.0,0.5789473684210527,0.02928373565492679,1.7309941520467835,65,7
BPIC2012_4000_ABSENCE_10.0_1_alpha.pnml,37,12,0.9980008838722996,9,0.972972972972973,17,4.0,16,1.0,0.0,0.07852564102564102,1.3243243243243243,0,7
BPIC2012_40000_INSERTION_2.0_1_alpha.pnml,404,17,0.0,0,0.995049504950495,70,61.5,70,1.0,0.0,0.07649253731343283,0.30445544554455445,0,0
Sepsis_2000_SUBSTITUTION_1.0_3_heuristics.pnml,123,33,0.9182958340544896,5,1.0,99,5.6,17,1.0,0.5203252032520326,0.03502747252747253,1.6585365853658536,62,3
Sepsis_4000_INSERTION_0.4_4_heuristics.pnml,132,40,0.954434002924965,7,1.0,98,5.416666666666667,17,1.0,0.6439393939393939,0.029500964984835953,1.621212121212121,65,10
RTFMS_40000_ABSENCE_10.0_2_alpha.pnml,28,33,0.9774178175281716,19,1.0,12,4.352941176470588,10,1.0,0.0,0.12834224598930483,1.7142857142857142,0,11
RTFMS_10000_INSERTION_1.0_2_alpha.pnml,67,8,0.9852281360342515,5,0.9552238805970149,21,7.142857142857143,17,0.9782608695652174,0.13432835820895522,0.048728813559322036,0.6865671641791045,0,2
RTFMS_20000_ABSENCE_10.0_3_alpha.pnml,28,25,0.9886994082884974,18,1.0,13,4.5,10,0.9791666666666666,0.25,0.12834224598930483,1.7142857142857142,0,12
BPIC2012_20000_MIXED_2.0_3_alpha.pnml,139,10,0.954434002924965,3,0.9280575539568345,40,10.125,35,0.9493670886075949,0.0,0.03769083969465649,0.5683453237410072,0,0
Sepsis_10000_ORDERING_2.0_1_alpha.pnml,28,16,1.0,18,0.9642857142857143,27,4.681818181818182,15,1.0,0.0,0.14583333333333334,2.0,0,9
RTFMS_20000_ORDERING_2.0_5_heuristics.pnml,73,25,0.898058793450166,3,1.0,52,4.0,11,1.0,0.3287671232876712,0.045,1.4794520547945205,36,1
Sepsis_4000_SUBSTITUTION_0.2_2_alpha.pnml,28,13,0.9402859586706311,8,0.9642857142857143,18,4.285714285714286,14,0.95,0.2857142857142857,0.11695906432748537,1.4285714285714286,0,3
RTFMS_1000_MIXED_0.4_4_heuristics.pnml,58,17,0.9293636260137187,3,1.0,35,3.5172413793103448,6,1.0,0.1206896551724138,0.049689440993788817,1.3793103448275863,22,4
Sepsis_40000_SUBSTITUTION_0.2_3_heuristics.pnml,154,36,0.9377342939868041,8,1.0,128,6.708333333333333,21,1.0,0.6558441558441559,0.032052821128451384,1.7337662337662338,60,7
Sepsis_40000_MIXED_10.0_1_heuristics.pnml,1166,23,0.9447388286467892,16,1.0,1115,29.3,211,1.0,0.8207547169811321,0.017568156355035478,1.9365351629502572,112,10
BPIC2012_20000_ABSENCE_0.4_3_inductive.pnml,135,1,0.6373874992221911,8,0.9703703703703703,75,3.467741935483871,6,0.9944444444444445,0.9037037037037037,0.020708697653014266,1.3333333333333333,57,0
Sepsis_100000_ORDERING_2.0_4_inductive_inf.pnml,72,1,0.41381685030363374,10,0.9861111111111112,35,3.4444444444444446,12,1.0,0.3333333333333333,0.03807303807303807,1.3611111111111112,25,0
Sepsis_10000_MIXED_2.0_1_inductive.pnml,239,7,0.7014714598838974,11,0.9832635983263598,137,3.98,23,1.0,0.200836820083682,0.013205188310673542,1.4142259414225942,88,0
Sepsis_20000_alpha.pnml,22,15,0.9402859586706311,7,0.9545454545454546,18,4.0,14,1.0,0.0,0.17708333333333334,1.5454545454545454,0,2
BPIC2012_10000_ABSENCE_2.0_5_heuristics.pnml,127,0,0.7320666900931938,4,0.9212598425196851,72,4.846153846153846,15,0.9668508287292817,0.7086614173228346,0.026369463869463868,1.4251968503937007,63,3
Sepsis_4000_ORDERING_2.0_3_alpha.pnml,23,10,0.9852281360342515,7,0.9565217391304348,17,4.357142857142857,15,1.0,0.0,0.16517857142857142,1.608695652173913,0,4
Sepsis_10000_ORDERING_0.4_3_alpha.pnml,22,17,0.9182958340544896,6,0.9545454545454546,15,4.166666666666667,15,1.0,0.0,0.171875,1.5,0,1
RTFMS_100000_ORDERING_10.0_1_alpha.pnml,24,2,0.7219280948873623,11,1.0,16,5.8,11,1.0,0.0,0.15034965034965034,1.7916666666666667,0,10
BPIC2012_40000_ABSENCE_0.1_3_alpha.pnml,37,9,0.9980008838722996,9,0.972972972972973,17,3.8421052631578947,13,1.0,0.0,0.07371794871794872,1.2432432432432432,0,7
BPIC2012_10000_ORDERING_10.0_4_heuristics.pnml,151,4,0.7553754125614287,4,0.9867549668874173,92,5.217391304347826,17,0.9776785714285714,0.6887417218543046,0.024117140396210164,1.4834437086092715,83,3
BPIC2012_2000_ABSENCE_1.0_1_inductive_inf.pnml,120,1,0.7219280948873623,8,0.925,58,3.48,7,0.9230769230769231,0.9,0.022285714285714287,1.3,45,0
Sepsis_20000_ABSENCE_2.0_4_alpha.pnml,22,11,0.9402859586706311,7,0.9545454545454546,20,4.214285714285714,14,1.0,0.0,0.1875,1.6363636363636365,0,3
RTFMS_10000_SUBSTITUTION_2.0_3_inductive_inf.pnml,169,1,0.6152538910563409,4,0.9289940828402367,121,6.304347826086956,37,1.0,0.14201183431952663,0.02642998027613412,1.5857988165680474,41,0
RTFMS_20000_ABSENCE_0.2_1_inductive_inf.pnml,48,0,0.8112781244591328,3,0.8958333333333334,28,3.375,7,0.984375,0.8541666666666666,0.05807622504537205,1.3333333333333333,17,0
Sepsis_100000_SUBSTITUTION_4.0_3_heuristics.pnml,2212,28,0.9568886656798212,32,1.0,2131,30.216216216216218,405,1.0,0.7843580470162749,0.010277885337042932,1.9439421338155516,203,10
BPIC2012_10000_ORDERING_1.0_2_inductive_inf.pnml,118,1,0.8497511372532974,9,0.9576271186440678,65,3.413793103448276,7,0.9683544303797469,0.8898305084745762,0.02351190476190476,1.3389830508474576,46,0
Sepsis_100000_SUBSTITUTION_2.0_3_heuristics.pnml,1183,26,0.9097361225311662,14,1.0,1130,29.675,224,1.0,0.7743026204564666,0.017547892720306515,1.9357565511411665,113,7
Sepsis_2000_SUBSTITUTION_4.0_1_alpha.pnml,60,16,1.0,4,0.95,21,6.75,22,1.0,0.0,0.09821428571428571,0.7333333333333333,0,0
RTFMS_40000_MIXED_4.0_2_heuristics.pnml,511,8,0.8554508105601306,6,1.0,471,20.04,140,1.0,0.2720156555772994,0.027426160337552744,1.8825831702544031,60,1
Sepsis_40000_MIXED_0.2_5_inductive_inf.pnml,119,4,0.5787946246321198,9,0.9747899159663865,54,3.2241379310344827,10,1.0,0.33613445378151263,0.022202998846597464,1.2941176470588236,50,0
Sepsis_2000_MIXED_10.0_5_alpha.pnml,75,7,0.9957274520849255,7,0.8933333333333333,30,6.0,17,0.9827586206896551,0.08,0.054104477611940295,0.7733333333333333,0,1
RTFMS_1000_ABSENCE_4.0_4_alpha.pnml,30,8,0.954434002924965,15,1.0,14,4.25,7,1.0,0.0,0.11483253588516747,1.6,0,14
BPIC2012_40000_ABSENCE_10.0_1_inductive.pnml,111,1,0.6420642892306891,6,0.963963963963964,65,3.6122448979591835,8,0.9933333333333333,0.8828828828828829,0.025879917184265012,1.3513513513513513,44,0
RTFMS_2000_SUBSTITUTION_0.2_2_inductive_inf.pnml,63,2,0.7088356733321961,3,0.9365079365079365,35,3.225806451612903,5,1.0,0.06349206349206349,0.0431578947368421,1.3015873015873016,23,0
RTFMS_4000_INSERTION_10.0_1_inductive.pnml,314,2,0.7372413771710564,9,0.9872611464968153,242,7.454545454545454,50,1.0,0.11464968152866242,0.01697660856605974,1.6687898089171975,65,0
BPIC2012_10000_SUBSTITUTION_0.1_5_heuristics.pnml,127,1,0.7642045065086203,4,0.9133858267716536,71,5.111111111111111,11,0.9502762430939227,0.7401574803149606,0.026759314015375516,1.4251968503937007,57,3
BPIC2012_20000_ABSENCE_2.0_5_alpha.pnml,38,11,0.9927744539878083,10,0.9736842105263158,18,4.0,16,1.0,0.0,0.07589285714285714,1.3421052631578947,0,9
Sepsis_40000_SUBSTITUTION_4.0_3_alpha.pnml,827,28,0.9182958340544896,1,0.9951632406287787,81,32.666666666666664,106,1.0,0.0,0.028857837181044958,0.22974607013301088,0,0
BPIC2012_100000_ABSENCE_10.0_2_alpha.pnml,38,12,0.998363672593813,11,0.9736842105263158,18,4.0,16,1.0,0.0,0.07738095238095238,1.368421052631579,0,9
BPIC2012_10000_INSERTION_0.1_4_alpha.pnml,35,6,0.9910760598382222,2,0.8571428571428572,9,3.7777777777777777,11,0.9259259259259259,0.0,0.06887755102040816,0.7714285714285715,0,0
RTFMS_100000_INSERTION_0.2_5_alpha.pnml,114,6,0.9852281360342515,2,0.9736842105263158,42,12.428571428571429,38,0.975,0.0,0.07339449541284404,0.7017543859649122,0,0
BPIC2012_10000_INSERTION_1.0_2_alpha.pnml,79,5,0.9709505944546686,1,0.810126582278481,14,7.4,18,0.7727272727272727,0.0,0.03492063492063492,0.5569620253164557,0,0
RTFMS_40000_MIXED_4.0_2_alpha.pnml,419,12,0.954434002924965,2,0.9856801909307876,147,36.375,141,1.0,0.0,0.0678743961352657,0.6706443914081146,0,0
RTFMS_4000_SUBSTITUTION_0.1_1_heuristics.pnml,69,25,0.9568886656798212,4,1.0,47,3.675675675675676,9,1.0,0.5217391304347826,0.044722719141323794,1.4492753623188406,29,3
Sepsis_1000_MIXED_0.2_4_alpha.pnml,23,15,0.9182958340544896,7,0.9130434782608696,16,4.333333333333333,14,1.0,0.0,0.15625,1.5217391304347827,0,2
BPIC2012_40000_ORDERING_0.1_1_heuristics.pnml,127,3,0.7691928290130138,4,0.984251968503937,72,4.775,13,0.967032967032967,0.7480314960629921,0.026149425287356323,1.4330708661417322,63,3
RTFMS_2000_ORDERING_4.0_2_alpha.pnml,23,17,0.7793498372920851,9,1.0,12,3.6923076923076925,9,1.0,0.0,0.12878787878787878,1.4782608695652173,0,5
RTFMS_100000_ABSENCE_4.0_1_inductive_inf.pnml,71,1,0.8390040613676977,6,0.9577464788732395,37,3.048780487804878,4,0.9891304347826086,0.056338028169014086,0.037096774193548385,1.295774647887324,28,0
Sepsis_4000_MIXED_0.1_2_heuristics.pnml,117,42,0.9656361333706098,7,1.0,87,5.086956521739131,14,1.0,0.6752136752136753,0.03175675675675676,1.606837606837607,63,10
BPIC2012_10000_MIXED_0.4_4_alpha.pnml,43,9,0.9957274520849255,4,0.813953488372093,15,3.6923076923076925,13,0.875,0.0,0.056818181818181816,0.9302325581395349,0,1
Sepsis_10000_MIXED_0.4_5_alpha.pnml,32,17,0.9182958340544896,7,0.8125,18,4.416666666666667,14,0.9459459459459459,0.0,0.10571428571428572,1.15625,0,2
RTFMS_4000_MIXED_0.4_2_heuristics.pnml,79,23,0.9418285354475157,4,1.0,53,3.8974358974358974,10,1.0,0.45569620253164556,0.04061624649859944,1.4683544303797469,35,3
Sepsis_4000_ABSENCE_4.0_2_inductive_inf.pnml,76,2,0.4394969869215134,7,0.9473684210526316,38,3.6363636363636362,9,0.9803921568627451,0.3157894736842105,0.03622159090909091,1.3421052631578947,28,0
BPIC2012_10000_INSERTION_0.2_4_alpha.pnml,37,10,1.0,1,0.7837837837837838,6,4.333333333333333,11,0.9565217391304348,0.0,0.071875,0.6216216216216216,0,0
RTFMS_4000_ABSENCE_0.2_3_heuristics.pnml,70,25,0.9568886656798212,4,1.0,48,3.72972972972973,9,1.0,0.5142857142857142,0.044580419580419584,1.457142857142857,32,3
Sepsis_10000_SUBSTITUTION_0.1_2_inductive.pnml,119,5,0.5373760853377336,11,0.9831932773109243,53,3.3333333333333335,13,1.0,0.2689075630252101,0.022388059701492536,1.3109243697478992,47,0
RTFMS_20000_ABSENCE_1.0_4_heuristics.pnml,63,30,0.8960382325345574,2,1.0,45,3.75,9,1.0,0.3333333333333333,0.049456521739130434,1.4444444444444444,28,1
BPIC2012_1000_SUBSTITUTION_0.1_4_alpha.pnml,33,9,1.0,2,0.7878787878787878,6,3.75,11,0.7586206896551724,0.0,0.06712962962962964,0.8787878787878788,0,0
Sepsis_1000_ORDERING_4.0_4_heuristics.pnml,106,24,0.9097361225311662,5,1.0,77,5.15,14,1.0,0.6415094339622641,0.03634408602150538,1.5943396226415094,58,4
BPIC2012_4000_ABSENCE_2.0_4_alpha.pnml,36,10,0.9975025463691152,8,0.9166666666666666,16,4.0588235294117645,14,0.9555555555555556,0.0,0.078125,1.25,0,5
RTFMS_40000_ABSENCE_1.0_5_heuristics.pnml,66,22,0.9081783472997051,3,1.0,45,3.7058823529411766,9,1.0,0.4090909090909091,0.04712301587301587,1.4393939393939394,30,1
Sepsis_40000_INSERTION_0.4_2_heuristics.pnml,202,34,0.9117517586347537,8,1.0,169,7.884615384615385,31,1.0,0.6485148514851485,0.02792197577473651,1.7574257425742574,72,7
Sepsis_20000_INSERTION_1.0_3_alpha.pnml,106,6,0.9182958340544896,0,0.9622641509433962,18,14.333333333333334,22,0.9761904761904762,0.0,0.06796116504854369,0.39622641509433965,0,0
BPIC2012_4000_ORDERING_10.0_4_inductive.pnml,123,0,0.74959525725948,9,0.959349593495935,67,3.5,6,0.9695121951219512,0.8699186991869918,0.022465753424657533,1.3333333333333333,48,0
Sepsis_1000_MIXED_1.0_1_heuristics.pnml,101,28,0.9268190639645772,4,1.0,76,5.2105263157894735,14,1.0,0.6435643564356436,0.03879310344827586,1.603960396039604,52,4
Sepsis_10000_ORDERING_0.4_5_inductive.pnml,93,2,0.5830194167347008,10,0.978494623655914,43,3.488372093023256,11,0.9838709677419355,0.25806451612903225,0.029080675422138838,1.3333333333333333,35,0
BPIC2012_20000_SUBSTITUTION_4.0_5_heuristics.pnml,616,4,0.6098403047164004,4,1.0,544,19.233333333333334,95,1.0,0.6347402597402597,0.018666798471068932,1.8392857142857142,117,3
Sepsis_1000_ORDERING_4.0_3_inductive.pnml,94,3,0.5185697317883058,10,0.9680851063829787,39,3.3255813953488373,12,0.9672131147540983,0.2553191489361702,0.02781577747378021,1.297872340425532,34,0
Sepsis_1000_SUBSTITUTION_10.0_3_inductive.pnml,196,3,0.7372413771710564,9,0.9795918367346939,123,4.3896103896103895,19,1.0,0.5663265306122449,0.017486338797814208,1.469387755102041,65,0
RTFMS_20000_MIXED_0.4_4_alpha.pnml,38,10,0.9967916319816366,8,0.8947368421052632,18,4.533333333333333,13,1.0,0.15789473684210525,0.08035714285714286,1.1842105263157894,0,6
Sepsis_40000_ABSENCE_0.1_2_alpha.pnml,22,14,0.9402859586706311,7,0.9545454545454546,19,4.071428571428571,14,1.0,0.0,0.18229166666666666,1.5909090909090908,0,2
BPIC2012_100000_ORDERING_10.0_3_alpha.pnml,37,17,0.9494520153879484,15,0.9459459459459459,30,5.526315789473684,23,1.0,0.0,0.11057692307692307,1.864864864864865,0,10
RTFMS_10000_ABSENCE_10.0_1_alpha.pnml,32,12,0.9980008838722996,21,1.0,20,4.7368421052631575,10,1.0,0.53125,0.12554112554112554,1.8125,0,18
RTFMS_2000_MIXED_1.0_5_heuristics.pnml,73,29,0.9275265884316759,3,1.0,51,3.942857142857143,9,1.0,0.6712328767123288,0.04378068739770868,1.4657534246575343,33,3
BPIC2012_100000_SUBSTITUTION_0.2_3_heuristics.pnml,257,2,0.6840384356390417,5,0.9844357976653697,191,8.036363636363637,31,1.0,0.5836575875486382,0.020653453689167975,1.6381322957198443,83,4
RTFMS_100000_ABSENCE_0.4_1_inductive.pnml,61,1,0.7578784625383954,6,0.9836065573770492,31,3.1875,5,0.975,0.06557377049180328,0.04357298474945534,1.3114754098360655,22,0
Sepsis_40000_SUBSTITUTION_1.0_2_alpha.pnml,217,21,0.9852281360342515,1,0.9723502304147466,52,13.857142857142858,32,0.9887640449438202,0.0,0.041981132075471696,0.41013824884792627,0,0
BPIC2012_40000_ORDERING_2.0_4_heuristics.pnml,149,6,0.7642045065086203,4,0.9731543624161074,90,5.177777777777778,16,0.9726027397260274,0.6711409395973155,0.024023694602896006,1.4697986577181208,81,3
Sepsis_100000_ORDERING_2.0_4_inductive.pnml,91,2,0.4537163391869448,12,0.978021978021978,40,3.5238095238095237,14,0.9836065573770492,0.26373626373626374,0.029640427599611274,1.3406593406593406,32,0
Sepsis_100000_MIXED_0.1_1_alpha.pnml,46,19,1.0,4,0.9347826086956522,14,5.125,18,1.0,0.0,0.09821428571428571,0.717391304347826,0,0
RTFMS_2000_ABSENCE_0.1_1_heuristics.pnml,66,29,0.9275265884316759,3,1.0,44,3.5428571428571427,8,1.0,0.18181818181818182,0.04471153846153846,1.4090909090909092,28,3
RTFMS_10000_SUBSTITUTION_4.0_3_alpha.pnml,212,7,0.9957274520849255,8,0.9858490566037735,80,14.384615384615385,73,0.9940119760479041,0.05188679245283019,0.04133663366336634,0.7877358490566038,0,3
Sepsis_2000_MIXED_2.0_2_heuristics.pnml,133,32,0.9377342939868041,6,1.0,103,5.541666666666667,16,1.0,0.6616541353383458,0.031214203894616266,1.6390977443609023,68,6
Sepsis_40000_SUBSTITUTION_4.0_4_inductive.pnml,974,4,0.6756073580863722,13,0.9958932238193019,856,15.661016949152541,295,1.0,0.061601642710472276,0.010462095475437586,1.8275154004106777,107,0
RTFMS_40000_ORDERING_0.1_4_inductive.pnml,47,0,0.8453509366224364,5,0.9574468085106383,26,3.6363636363636362,7,0.96875,0.6808510638297872,0.05925925925925926,1.3617021276595744,15,0
BPIC2012_4000_ABSENCE_0.2_5_alpha.pnml,34,9,0.9957274520849255,4,0.8529411764705882,13,3.923076923076923,12,0.9189189189189189,0.0,0.07708333333333334,1.088235294117647,0,1
Sepsis_20000_MIXED_0.2_4_inductive.pnml,156,4,0.7012065844539666,10,0.9743589743589743,77,3.2151898734177213,7,1.0,0.20512820512820512,0.017323369565217392,1.3076923076923077,65,0
RTFMS_20000_ABSENCE_0.4_5_heuristics.pnml,63,30,0.8960382325345574,2,1.0,45,3.75,9,1.0,0.3333333333333333,0.049456521739130434,1.4444444444444444,28,1
RTFMS_4000_INSERTION_1.0_1_inductive.pnml,117,2,0.7568336324184035,7,0.9658119658119658,69,3.6363636363636362,8,1.0,0.13675213675213677,0.02545568824638592,1.3846153846153846,44,0
BPIC2012_1000_SUBSTITUTION_10.0_2_heuristics.pnml,183,8,0.3650551896402848,1,0.9890710382513661,125,6.72093023255814,20,0.9929577464788732,0.6939890710382514,0.02397838568051334,1.5519125683060109,66,0
Sepsis_10000_SUBSTITUTION_2.0_4_inductive_inf.pnml,249,4,0.7126368350739762,11,0.9839357429718876,167,5.011494252873563,26,1.0,0.1927710843373494,0.015163607342378291,1.5261044176706828,68,0
RTFMS_10000_ABSENCE_2.0_3_alpha.pnml,33,13,0.9940302114769565,23,1.0,22,4.636363636363637,9,1.0,0.5757575757575758,0.128099173553719,1.878787878787879,0,19
Sepsis_40000_SUBSTITUTION_2.0_5_heuristics.pnml,538,35,0.887417927068569,8,1.0,496,18.203389830508474,95,1.0,0.6895910780669146,0.02289835474419653,1.8884758364312269,87,7
RTFMS_10000_ABSENCE_2.0_3_inductive.pnml,41,1,0.5435644431995964,1,0.975609756097561,27,3.875,7,1.0,0.7317073170731707,0.07407407407407407,1.3658536585365855,15,0
Sepsis_2000_SUBSTITUTION_0.2_2_alpha.pnml,27,19,0.863120568566631,8,0.8888888888888888,17,4.071428571428571,14,0.9230769230769231,0.2962962962962963,0.12037037037037036,1.4444444444444444,0,1
Sepsis_20000_ORDERING_0.1_5_alpha.pnml,22,15,0.9402859586706311,7,0.9545454545454546,18,4.0,14,1.0,0.0,0.17708333333333334,1.5454545454545454,0,2
BPIC2012_10000_SUBSTITUTION_0.2_1_inductive_inf.pnml,131,0,0.6631968402398287,8,0.9770992366412213,72,3.5517241379310347,6,0.9772727272727273,0.8778625954198473,0.021568627450980392,1.3435114503816794,50,0
BPIC2012_40000_SUBSTITUTION_0.4_2_inductive_inf.pnml,142,1,0.6193821946787638,3,0.9366197183098591,103,6.0,19,0.990909090909091,0.5492957746478874,0.029372496662216287,1.5492957746478873,37,0
Sepsis_1000_INSERTION_1.0_2_heuristics.pnml,105,24,0.8997437586982626,4,1.0,79,5.368421052631579,14,1.0,0.6571428571428571,0.03833938294010889,1.6095238095238096,54,3
RTFMS_20000_MIXED_0.1_4_alpha.pnml,29,23,0.9819407868640977,14,0.9655172413793104,19,4.0,11,0.9787234042553191,0.20689655172413793,0.11190476190476191,1.6206896551724137,0,5
BPIC2012_100000_ORDERING_2.0_5_alpha.pnml,44,11,0.9967916319816366,25,0.9090909090909091,42,5.2,19,0.9888888888888889,0.18181818181818182,0.09375,2.0454545454545454,0,15
RTFMS_10000_ORDERING_0.1_4_alpha.pnml,30,10,0.998363672593813,19,1.0,21,4.380952380952381,9,1.0,0.4666666666666667,0.13157894736842105,1.8333333333333333,0,15
RTFMS_2000_INSERTION_0.2_3_alpha.pnml,29,7,0.8904916402194913,10,0.9310344827586207,12,3.769230769230769,6,0.9743589743589743,0.0,0.09375,1.3448275862068966,0,9
RTFMS_100000_MIXED_10.0_4_heuristics.pnml,2553,26,0.8242209207918307,20,1.0,2448,42.03333333333333,673,1.0,0.4755189972581277,0.011058194445684292,1.9408538973756364,175,2
BPIC2012_1000_MIXED_1.0_5_heuristics.pnml,118,4,0.4305518670104394,1,0.9491525423728814,63,4.823529411764706,12,0.9575757575757575,0.7711864406779662,0.027947154471544715,1.3983050847457628,54,0
Sepsis_1000_INSERTION_1.0_1_inductive.pnml,112,2,0.5916727785823275,11,0.9732142857142857,53,3.3035714285714284,10,1.0,0.2857142857142857,0.02397149335924846,1.3214285714285714,41,0
RTFMS_20000_MIXED_2.0_1_heuristics.pnml,188,28,0.8296071030882031,2,1.0,155,8.476190476190476,41,1.0,0.5691489361702128,0.03245192307692308,1.7234042553191489,50,1
BPIC2012_10000_SUBSTITUTION_0.4_1_alpha.pnml,61,29,1.0,7,0.819672131147541,11,4.666666666666667,21,0.8627450980392157,0.0,0.040865384615384616,0.8360655737704918,0,2
Sepsis_10000_SUBSTITUTION_0.4_4_alpha.pnml,37,14,1.0,4,0.8648648648648649,16,5.625,17,0.9473684210526316,0.0,0.10215053763440861,1.027027027027027,0,0
Sepsis_1000_MIXED_0.2_4_inductive.pnml,92,4,0.5746356978376794,9,0.967391304347826,40,3.2954545454545454,11,0.9833333333333333,0.2608695652173913,0.028694404591104734,1.3043478260869565,34,0
Sepsis_10000_SUBSTITUTION_2.0_4_inductive.pnml,288,5,0.7062740891876007,11,0.9861111111111112,183,4.730769230769231,29,1.0,0.16666666666666666,0.012546685340802988,1.4930555555555556,93,0
Sepsis_100000_ABSENCE_4.0_3_inductive.pnml,96,4,0.5665095065529053,8,0.9791666666666666,44,3.3777777777777778,10,1.0,0.25,0.027937915742793792,1.3125,38,0
Sepsis_1000_ABSENCE_2.0_5_inductive.pnml,91,3,0.5107878229540133,9,0.967032967032967,42,3.340909090909091,11,1.0,0.26373626373626374,0.029411764705882353,1.3186813186813187,34,0
RTFMS_4000_ORDERING_0.1_5_inductive.pnml,43,1,0.7642045065086203,3,0.9534883720930233,23,3.5555555555555554,6,0.9642857142857143,0.627906976744186,0.06222222222222222,1.302325581395349,13,0
RTFMS_4000_MIXED_10.0_5_heuristics.pnml,176,27,0.941423108186979,6,1.0,144,6.6415094339622645,41,1.0,0.44886363636363635,0.02966269841269841,1.6988636363636365,55,4
BPIC2012_2000_INSERTION_1.0_2_heuristics.pnml,120,6,0.5916727785823275,3,0.9416666666666667,70,5.114285714285714,12,0.9712643678160919,0.7166666666666667,0.02975376196990424,1.45,51,0
RTFMS_2000_SUBSTITUTION_10.0_2_inductive.pnml,237,3,0.7698205808588191,8,0.9831223628691983,174,6.028169014084507,49,1.0,0.10126582278481013,0.01898101898101898,1.6033755274261603,60,0
RTFMS_2000_ORDERING_10.0_1_inductive.pnml,30,0,0.7219280948873623,3,0.9333333333333333,17,4.6,8,0.9523809523809523,0.5,0.09722222222222222,1.4,6,0
RTFMS_2000_SUBSTITUTION_2.0_1_inductive.pnml,127,1,0.7355085815538398,6,0.9685039370078741,72,3.6206896551724137,8,1.0,0.1889763779527559,0.023349436392914653,1.3700787401574803,51,0
BPIC2012_10000_SUBSTITUTION_1.0_1_heuristics.pnml,181,1,0.7120640548905479,4,0.9779005524861879,123,7.146341463414634,24,0.9790209790209791,0.6795580110497238,0.024912891986062717,1.580110497237569,61,3
Sepsis_2000_SUBSTITUTION_2.0_1_alpha.pnml,44,22,0.9940302114769565,6,0.8863636363636364,20,5.0,20,1.0,0.0,0.10512820512820513,0.9318181818181818,0,0
BPIC2012_2000_MIXED_2.0_2_inductive_inf.pnml,142,0,0.7219280948873623,8,0.9295774647887324,75,3.533333333333333,6,0.9574468085106383,0.7887323943661971,0.01951827242524917,1.323943661971831,57,0
Sepsis_4000_SUBSTITUTION_2.0_1_heuristics.pnml,172,42,0.9470622432515328,7,1.0,136,6.576923076923077,22,1.0,0.6686046511627907,0.027089927387823495,1.691860465116279,74,9
Sepsis_2000_MIXED_0.2_5_heuristics.pnml,111,33,0.9564574047992594,6,1.0,86,5.066666666666666,14,1.0,0.5405405405405406,0.03496503496503497,1.6216216216216217,61,6
BPIC2012_2000_ORDERING_0.1_3_alpha.pnml,34,6,1.0,5,0.8823529411764706,15,3.9285714285714284,12,0.9473684210526316,0.0,0.07916666666666666,1.1176470588235294,0,2
RTFMS_40000_ORDERING_0.2_2_inductive.pnml,44,0,0.8812908992306927,4,0.9545454545454546,25,3.7,8,0.9666666666666667,0.75,0.0641025641025641,1.3636363636363635,14,0
Sepsis_100000_SUBSTITUTION_1.0_3_inductive_inf.pnml,222,1,0.4288109647301171,10,0.9774774774774775,158,6.842105263157895,58,1.0,0.23423423423423423,0.020361990950226245,1.6216216216216217,52,0
BPIC2012_100000_MIXED_0.1_4_heuristics.pnml,161,2,0.7467366074830679,5,0.9875776397515528,102,5.531914893617022,16,0.9917695473251029,0.6832298136645962,0.023945605045329128,1.5093167701863355,67,4
BPIC2012_20000_MIXED_0.2_1_alpha.pnml,48,8,0.9940302114769565,2,0.8541666666666666,14,4.2727272727272725,14,0.9,0.0,0.05263157894736842,0.8333333333333334,0,1
RTFMS_40000_ORDERING_4.0_1_inductive.pnml,62,0,0.7088356733321961,9,0.967741935483871,30,3.4838709677419355,8,0.9761904761904762,0.06451612903225806,0.0438871473354232,1.3548387096774193,21,0
RTFMS_40000_SUBSTITUTION_4.0_1_heuristics.pnml,938,8,0.944591181931659,14,1.0,894,27.27536231884058,282,1.0,0.17164179104477612,0.02205595632676935,1.929637526652452,83,2
BPIC2012_2000_MIXED_0.2_2_inductive.pnml,149,0,0.7516499461153355,9,0.9395973154362416,74,3.4,6,0.9432989690721649,0.8926174496644296,0.01807004470938897,1.3020134228187918,61,0
RTFMS_20000_SUBSTITUTION_10.0_5_inductive_inf.pnml,1041,3,0.4566836315394428,3,0.9961575408261287,985,38.65384615384615,311,1.0,0.0345821325648415,0.021340810822381096,1.9154658981748318,52,0
BPIC2012_2000_ORDERING_10.0_1_alpha.pnml,45,8,0.9629004147713269,21,0.9777777777777777,33,4.483870967741935,15,1.0,0.37777777777777777,0.07738095238095238,1.7333333333333334,0,14
BPIC2012_4000_INSERTION_0.2_4_alpha.pnml,33,6,0.9910760598382222,2,0.8484848484848485,9,3.7777777777777777,11,0.9259259259259259,0.0,0.07417582417582418,0.8181818181818182,0,0
Sepsis_100000_SUBSTITUTION_2.0_5_heuristics.pnml,1156,27,0.9500796252338518,15,1.0,1124,36.06153846153846,219,1.0,0.6444636678200693,0.022632263226322634,1.957612456747405,94,7
BPIC2012_100000_INSERTION_1.0_3_heuristics.pnml,673,0,0.6024308020404452,5,1.0,589,18.441176470588236,85,1.0,0.7771173848439822,0.016261021065413654,1.8306092124814264,128,4
RTFMS_2000_MIXED_1.0_1_inductive.pnml,61,0,0.7355085815538398,3,0.9344262295081968,36,3.4482758620689653,6,1.0,0.6065573770491803,0.04691075514874142,1.3442622950819672,21,0
Sepsis_20000_INSERTION_0.1_4_heuristics.pnml,125,32,0.9377342939868041,8,1.0,97,5.458333333333333,18,1.0,0.512,0.03301587301587302,1.664,59,7
RTFMS_40000_MIXED_0.4_2_inductive.pnml,154,5,0.7281342378690551,8,0.974025974025974,93,4.125,15,1.0,0.15584415584415584,0.0211307824100514,1.4415584415584415,51,0
Sepsis_1000_SUBSTITUTION_0.2_1_heuristics.pnml,99,28,0.9268190639645772,4,1.0,74,5.105263157894737,14,1.0,0.6464646464646465,0.03891625615763547,1.595959595959596,52,4
BPIC2012_100000_ORDERING_10.0_5_heuristics.pnml,184,5,0.6429383500409614,4,1.0,120,5.454545454545454,24,1.0,0.657608695652174,0.02108843537414966,1.516304347826087,110,3
RTFMS_40000_SUBSTITUTION_1.0_2_inductive.pnml,332,1,0.739480936716638,7,0.9879518072289156,270,9.164179104477611,77,1.0,0.07228915662650602,0.01934131331575032,1.7228915662650603,59,0
BPIC2012_1000_INSERTION_1.0_2_heuristics.pnml,119,4,0.4488644887230294,1,0.9327731092436975,63,5.0625,13,0.9401197604790419,0.7394957983193278,0.027945113788487283,1.403361344537815,52,0
RTFMS_10000_MIXED_4.0_1_alpha.pnml,112,4,0.863120568566631,5,0.9821428571428571,45,14.0,41,1.0,0.07142857142857142,0.06054421768707483,0.7946428571428571,0,4
RTFMS_4000_SUBSTITUTION_0.1_4_alpha.pnml,33,9,1.0,18,0.9696969696969697,25,4.038461538461538,10,1.0,0.48484848484848486,0.11090225563909774,1.7878787878787878,0,13
Sepsis_10000_MIXED_10.0_4_inductive_inf.pnml,226,1,0.41381685030363374,6,0.9911504424778761,173,8.25,35,1.0,0.19469026548672566,0.023476523476523476,1.663716814159292,44,0
Sepsis_100000_ORDERING_0.2_3_alpha.pnml,24,12,0.9852281360342515,8,0.9583333333333334,16,4.357142857142857,15,0.9736842105263158,0.0,0.1484375,1.5833333333333333,0,5
BPIC2012_2000_ABSENCE_0.2_5_heuristics.pnml,105,6,0.6136190195993708,3,0.9619047619047619,58,4.636363636363637,10,0.9662162162162162,0.7619047619047619,0.031678082191780824,1.4095238095238096,50,0
BPIC2012_2000_INSERTION_1.0_3_alpha.pnml,41,14,0.863120568566631,2,0.8048780487804879,7,5.0,17,0.90625,0.0,0.06722689075630252,0.7804878048780488,0,0
RTFMS_1000_SUBSTITUTION_10.0_1_alpha.pnml,64,10,0.863120568566631,5,0.96875,24,8.714285714285714,25,1.0,0.0,0.06892230576441102,0.859375,0,3
RTFMS_2000_INSERTION_0.1_5_inductive_inf.pnml,62,0,0.7219280948873623,3,0.9516129032258065,32,3.2333333333333334,5,1.0,0.12903225806451613,0.043243243243243246,1.2903225806451613,24,0
Sepsis_20000_INSERTION_4.0_4_heuristics.pnml,509,34,0.8935711016541907,8,1.0,468,17.517241379310345,78,1.0,0.6954813359528488,0.023435972629521018,1.8840864440078586,79,7
RTFMS_1000_INSERTION_0.4_5_alpha.pnml,28,12,0.9402859586706311,8,0.8571428571428572,11,3.2857142857142856,5,0.8888888888888888,0.0,0.09230769230769231,1.2857142857142858,0,5
Sepsis_1000_SUBSTITUTION_1.0_4_alpha.pnml,28,13,0.9798687566511528,6,0.8214285714285714,19,4.333333333333333,15,0.9473684210526316,0.0,0.1292517006802721,1.3571428571428572,0,0
Sepsis_10000_ABSENCE_4.0_5_inductive.pnml,95,3,0.5107878229540133,9,0.9789473684210527,44,3.4545454545454546,11,1.0,0.25263157894736843,0.028455284552845527,1.3263157894736841,37,0
BPIC2012_1000_INSERTION_0.4_5_inductive.pnml,139,0,0.7355085815538398,8,0.9280575539568345,68,3.4482758620689653,6,0.9333333333333333,0.920863309352518,0.019255455712451863,1.2949640287769784,56,0
BPIC2012_10000_ORDERING_10.0_4_inductive_inf.pnml,150,0,0.7531979910695014,14,0.94,72,3.27027027027027,8,0.9642857142857143,0.29333333333333333,0.017676767676767676,1.3066666666666666,59,0
BPIC2012_1000_INSERTION_0.2_4_heuristics.pnml,111,4,0.4689955935892812,1,0.9369369369369369,56,4.9,11,0.9281045751633987,0.7747747747747747,0.028759398496240603,1.3783783783783783,51,0
Sepsis_1000_SUBSTITUTION_10.0_5_heuristics.pnml,178,39,0.9244571409964927,5,1.0,144,6.679245283018868,23,1.0,0.7303370786516854,0.02785463936543073,1.696629213483146,74,4
Sepsis_100000_SUBSTITUTION_0.2_3_inductive.pnml,299,6,0.6684725699243226,10,0.9866220735785953,192,4.893203883495145,33,1.0,0.17391304347826086,0.012314458493677845,1.4983277591973243,94,0
Sepsis_2000_SUBSTITUTION_1.0_1_inductive.pnml,144,4,0.5969995167604552,10,0.9722222222222222,70,3.3333333333333335,9,1.0,0.2222222222222222,0.018943170488534396,1.3194444444444444,56,0
BPIC2012_4000_MIXED_0.1_2_alpha.pnml,36,7,0.9852281360342515,4,0.8888888888888888,15,3.857142857142857,11,0.9473684210526316,0.0,0.07307692307692308,1.0555555555555556,0,0
BPIC2012_4000_SUBSTITUTION_0.1_4_alpha.pnml,34,10,1.0,2,0.7647058823529411,6,3.875,12,0.7666666666666666,0.0,0.06666666666666667,0.8823529411764706,0,0
BPIC2012_2000_SUBSTITUTION_2.0_5_alpha.pnml,58,4,0.8812908992306927,2,0.8275862068965517,16,4.2,14,0.9459459459459459,0.0,0.04625,0.6379310344827587,0,1
BPIC2012_1000_ABSENCE_2.0_2_alpha.pnml,34,8,0.9957274520849255,5,0.8529411764705882,13,4.0,12,0.9189189189189189,0.0,0.07708333333333334,1.088235294117647,0,1
RTFMS_40000_MIXED_4.0_2_inductive.pnml,560,7,0.7686913027030167,10,0.9928571428571429,482,11.932584269662922,130,1.0,0.05714285714285714,0.01478792172142035,1.7892857142857144,76,0
RTFMS_1000_SUBSTITUTION_0.2_1_alpha.pnml,29,8,0.9709505944546686,9,0.8620689655172413,12,3.466666666666667,5,1.0,0.0,0.09375,1.3448275862068966,0,8
BPIC2012_20000_ORDERING_0.2_1_heuristics.pnml,127,2,0.7691928290130138,4,0.9763779527559056,72,4.75,13,0.9668508287292817,0.6929133858267716,0.026369463869463868,1.4251968503937007,63,3
Sepsis_4000_ORDERING_4.0_2_alpha.pnml,28,34,0.9927744539878083,22,0.9642857142857143,22,5.1,15,1.0,0.0,0.1484375,2.0357142857142856,0,10
BPIC2012_1000_MIXED_10.0_4_alpha.pnml,60,7,0.9456603046006401,5,0.8166666666666667,17,5.090909090909091,16,0.8723404255319149,0.0,0.047,0.7833333333333333,0,0
Sepsis_1000_ABSENCE_0.1_3_heuristics.pnml,98,28,0.9268190639645772,4,1.0,73,5.052631578947368,14,1.0,0.6428571428571429,0.038980509745127435,1.5918367346938775,52,4
RTFMS_100000_SUBSTITUTION_1.0_4_heuristics.pnml,574,14,0.8960382325345574,6,1.0,539,23.625,171,1.0,0.06794425087108014,0.02896899019347999,1.9041811846689896,59,2
BPIC2012_100000_SUBSTITUTION_10.0_5_alpha.pnml,5014,11,0.0,0,0.9996011168727563,680,685.5,691,1.0,0.0,0.06838587390263368,0.2734343837255684,0,0
BPIC2012_40000_ORDERING_2.0_1_inductive.pnml,85,0,0.7219280948873623,4,0.9764705882352941,49,4.266666666666667,10,0.9661016949152542,0.8823529411764706,0.03575757575757576,1.388235294117647,30,0
Sepsis_4000_SUBSTITUTION_1.0_1_inductive.pnml,172,2,0.7012065844539666,9,0.9767441860465116,95,3.569620253164557,8,1.0,0.5813953488372093,0.016927083333333332,1.3604651162790697,68,0
Sepsis_2000_ABSENCE_1.0_3_heuristics.pnml,111,31,0.9564574047992594,7,1.0,86,5.111111111111111,14,1.0,0.5405405405405406,0.03515928515928516,1.6306306306306306,61,6
Sepsis_1000_ABSENCE_10.0_5_alpha.pnml,23,15,0.9182958340544896,7,0.9130434782608696,16,4.333333333333333,14,1.0,0.0,0.15625,1.5217391304347827,0,2
Sepsis_2000_ABSENCE_1.0_3_alpha.pnml,22,19,0.8904916402194913,7,0.9545454545454546,16,4.0,14,1.0,0.0,0.171875,1.5,0,1
BPIC2012_10000_ORDERING_4.0_4_alpha.pnml,39,8,0.9988455359952018,12,0.9743589743589743,30,4.4,15,1.0,0.0,0.09027777777777778,1.6666666666666667,0,8
Sepsis_40000_MIXED_0.1_1_inductive.pnml,127,4,0.7540340561971326,7,0.9763779527559056,70,3.5166666666666666,7,1.0,0.7952755905511811,0.02267932489451477,1.3543307086614174,51,0
Sepsis_40000_ABSENCE_0.2_5_alpha.pnml,22,15,0.9402859586706311,7,0.9545454545454546,18,4.0,14,1.0,0.0,0.17708333333333334,1.5454545454545454,0,2
BPIC2012_4000_INSERTION_0.4_1_inductive.pnml,183,1,0.6840384356390417,13,0.9781420765027322,90,3.2954545454545454,5,0.9833333333333333,0.5628415300546448,0.014756517461878997,1.3114754098360655,75,0
Sepsis_100000_ORDERING_10.0_1_heuristics.pnml,132,34,0.9470622432515328,9,1.0,98,5.1923076923076925,16,1.0,0.4621212121212121,0.029211956521739132,1.628787878787879,75,10
Sepsis_4000_MIXED_1.0_3_heuristics.pnml,126,42,0.9656361333706098,7,1.0,96,5.478260869565218,16,1.0,0.6746031746031746,0.03127846948071667,1.6349206349206349,63,10
Sepsis_4000_ORDERING_0.4_5_alpha.pnml,22,15,0.9402859586706311,7,0.9545454545454546,18,4.0,14,1.0,0.0,0.17708333333333334,1.5454545454545454,0,2
Sepsis_4000_ORDERING_10.0_4_alpha.pnml,24,6,0.9402859586706311,8,0.9583333333333334,21,4.785714285714286,15,1.0,0.0,0.1640625,1.75,0,5
BPIC2012_4000_ORDERING_10.0_4_alpha.pnml,39,8,0.9988455359952018,12,0.9743589743589743,30,4.4,15,1.0,0.0,0.09027777777777778,1.6666666666666667,0,8
BPIC2012_20000_heuristics.pnml,121,4,0.8003922080453356,4,0.9338842975206612,65,4.756756756756757,11,0.9470588235294117,0.7272727272727273,0.026949904882688648,1.4049586776859504,58,3
RTFMS_2000_ABSENCE_2.0_2_alpha.pnml,29,10,0.863120568566631,14,1.0,13,4.285714285714286,8,1.0,0.0,0.11363636363636363,1.5517241379310345,0,14
RTFMS_100000_MIXED_0.2_5_alpha.pnml,46,6,0.9709505944546686,2,0.9565217391304348,21,10.0,23,1.0,0.0,0.13690476190476192,1.0,0,1
BPIC2012_4000_INSERTION_0.4_4_heuristics.pnml,133,5,0.7219280948873623,4,0.9699248120300752,73,4.875,11,0.9682539682539683,0.706766917293233,0.025403225806451612,1.4210526315789473,62,3
RTFMS_20000_ABSENCE_0.4_4_inductive.pnml,41,0,0.7424875695421236,2,0.975609756097561,26,3.5789473684210527,7,1.0,0.5853658536585366,0.07179487179487179,1.3658536585365855,14,0
BPIC2012_4000_ABSENCE_4.0_2_inductive.pnml,147,1,0.739480936716638,9,0.9727891156462585,81,3.4776119402985075,6,0.9744897959183674,0.8843537414965986,0.01898488957768307,1.3333333333333333,64,0
Sepsis_1000_MIXED_1.0_3_inductive.pnml,100,4,0.5435644431995964,9,0.96,44,3.25,11,0.9846153846153847,0.24,0.026379870129870128,1.3,38,0
BPIC2012_20000_SUBSTITUTION_4.0_2_inductive_inf.pnml,298,0,0.3372900666170139,1,0.9664429530201343,259,17.0,95,1.0,0.19463087248322147,0.03345771144278607,1.8053691275167785,34,0
Sepsis_2000_ABSENCE_2.0_1_alpha.pnml,22,18,0.8904916402194913,7,0.9545454545454546,17,4.076923076923077,14,1.0,0.0,0.17708333333333334,1.5454545454545454,0,1
Sepsis_40000_SUBSTITUTION_0.4_5_alpha.pnml,101,6,1.0,3,0.9603960396039604,24,7.5,20,1.0,0.0,0.061855670103092786,0.4752475247524752,0,0
BPIC2012_2000_ORDERING_0.1_2_alpha.pnml,34,8,1.0,4,0.7941176470588236,11,3.9166666666666665,11,0.8857142857142857,0.0,0.07291666666666667,1.0294117647058822,0,1
Sepsis_1000_ABSENCE_0.2_5_heuristics.pnml,98,28,0.9268190639645772,4,1.0,73,5.052631578947368,14,1.0,0.6428571428571429,0.038980509745127435,1.5918367346938775,52,4
RTFMS_2000_SUBSTITUTION_4.0_5_alpha.pnml,53,2,0.9182958340544896,5,0.9622641509433962,24,9.333333333333334,21,0.9807692307692307,0.0,0.08074534161490683,0.9811320754716981,0,4
BPIC2012_20000_ORDERING_0.4_4_inductive.pnml,139,1,0.7771529943226336,11,0.9856115107913669,74,3.5737704918032787,6,0.956989247311828,0.9280575539568345,0.01989730423620026,1.3381294964028776,57,0
BPIC2012_1000_MIXED_0.2_2_inductive.pnml,139,0,0.7355085815538398,8,0.9280575539568345,68,3.4482758620689653,6,0.9333333333333333,0.8920863309352518,0.019255455712451863,1.2949640287769784,56,0
RTFMS_2000_SUBSTITUTION_2.0_5_inductive.pnml,115,2,0.6880476235340796,5,0.9826086956521739,64,3.7142857142857144,13,1.0,0.20869565217391303,0.025440313111545987,1.3565217391304347,46,0
RTFMS_2000_MIXED_1.0_5_inductive.pnml,49,0,0.5032583347756457,1,0.8979591836734694,29,3.9444444444444446,7,0.9848484848484849,0.7755102040816326,0.06066176470588235,1.346938775510204,18,0
BPIC2012_4000_ORDERING_4.0_3_heuristics.pnml,133,1,0.7219280948873623,4,0.9774436090225564,76,4.95,14,0.9685863874345549,0.6917293233082706,0.02567204301075269,1.4360902255639099,68,3
BPIC2012_1000_INSERTION_1.0_2_inductive.pnml,147,1,0.7642045065086203,9,0.9591836734693877,74,3.492063492063492,6,0.9432989690721649,0.8231292517006803,0.018682588597842834,1.3197278911564625,56,0
RTFMS_10000_ABSENCE_4.0_1_inductive.pnml,41,1,0.5435644431995964,1,0.975609756097561,27,3.875,7,1.0,0.7317073170731707,0.07407407407407407,1.3658536585365855,15,0
RTFMS_20000_INSERTION_2.0_2_inductive_inf.pnml,196,0,0.5363596511250623,9,0.9642857142857143,146,7.224489795918367,50,1.0,0.14285714285714285,0.024623803009575923,1.653061224489796,40,0
Sepsis_1000_INSERTION_0.4_2_alpha.pnml,24,13,0.9182958340544896,7,0.875,18,4.5,14,1.0,0.0,0.15546218487394958,1.5416666666666667,0,2
RTFMS_1000_INSERTION_10.0_4_heuristics.pnml,129,17,0.8212809417449863,3,1.0,95,6.0,17,1.0,0.6434108527131783,0.034068466096115864,1.6046511627906976,38,2
RTFMS_10000_MIXED_0.1_3_inductive.pnml,45,0,0.7219280948873623,2,0.9333333333333333,27,3.55,6,1.0,0.5111111111111111,0.06302521008403361,1.3333333333333333,15,0
BPIC2012_20000_ORDERING_1.0_1_alpha.pnml,45,8,0.9629004147713269,21,0.9777777777777777,33,4.483870967741935,15,1.0,0.37777777777777777,0.07738095238095238,1.7333333333333334,0,14
RTFMS_20000_MIXED_0.2_2_inductive.pnml,113,2,0.7147274731317892,7,0.9646017699115044,60,3.3214285714285716,6,1.0,0.17699115044247787,0.024509803921568627,1.3274336283185841,46,0
Sepsis_2000_MIXED_4.0_5_heuristics.pnml,132,36,0.9456603046006401,6,1.0,107,6.090909090909091,17,1.0,0.6212121212121212,0.03397612488521579,1.6818181818181819,65,6
RTFMS_2000_MIXED_0.1_4_inductive.pnml,65,1,0.6962122601251458,3,0.9384615384615385,35,3.1875,5,1.0,0.12307692307692308,0.04142011834319527,1.2923076923076924,26,0
BPIC2012_1000_INSERTION_0.1_1_inductive.pnml,136,1,0.7424875695421236,8,0.9264705882352942,66,3.43859649122807,6,0.9318181818181819,0.9191176470588235,0.019642857142857142,1.2941176470588236,55,0
BPIC2012_40000_INSERTION_2.0_3_heuristics.pnml,576,11,0.6329208984823799,4,1.0,496,15.478260869565217,68,1.0,0.796875,0.01656851822377845,1.8072916666666667,129,3
Sepsis_100000_MIXED_0.4_2_inductive.pnml,297,5,0.7024665512903903,12,0.9865319865319865,193,4.876190476190477,40,1.0,0.16161616161616163,0.012430632630410655,1.5084175084175084,92,0
BPIC2012_4000_INSERTION_0.4_2_heuristics.pnml,134,3,0.7219280948873623,4,0.9253731343283582,75,4.925,13,0.9685863874345549,0.6865671641791045,0.025398936170212764,1.4253731343283582,60,3
BPIC2012_2000_alpha.pnml,34,8,1.0,4,0.7941176470588236,11,3.9166666666666665,11,0.8857142857142857,0.0,0.07291666666666667,1.0294117647058822,0,1
BPIC2012_20000_ORDERING_0.2_4_heuristics.pnml,128,3,0.7691928290130138,4,0.96875,72,4.775,13,0.967032967032967,0.6875,0.026217228464419477,1.421875,64,3
BPIC2012_4000_SUBSTITUTION_2.0_5_inductive.pnml,258,4,0.7070040649747601,12,0.9844961240310077,156,3.944954128440367,15,1.0,0.6317829457364341,0.012165775401069518,1.4108527131782946,99,0
Sepsis_20000_ABSENCE_4.0_1_alpha.pnml,23,14,0.9402859586706311,8,0.9565217391304348,19,4.214285714285714,14,1.0,0.0,0.16517857142857142,1.608695652173913,0,3
Sepsis_4000_ABSENCE_4.0_2_inductive.pnml,95,3,0.5107878229540133,9,0.9789473684210527,44,3.4545454545454546,11,1.0,0.25263157894736843,0.028455284552845527,1.3263157894736841,37,0
BPIC2012_4000_INSERTION_0.4_2_alpha.pnml,42,8,0.9910760598382222,2,0.8333333333333334,9,3.888888888888889,13,0.8181818181818181,0.0,0.05555555555555555,0.7857142857142857,0,0
BPIC2012_2000_ABSENCE_0.2_2_heuristics.pnml,106,6,0.6136190195993708,3,0.9622641509433962,59,4.696969696969697,11,0.9666666666666667,0.7547169811320755,0.0316722972972973,1.4150943396226414,51,0
RTFMS_2000_heuristics.pnml,63,29,0.9456603046006401,3,0.9682539682539683,42,3.606060606060606,8,0.9887640449438202,0.19047619047619047,0.04684210526315789,1.4126984126984128,26,3
BPIC2012_20000_ORDERING_0.1_1_inductive.pnml,75,0,0.6665783579949205,3,0.9733333333333334,43,4.608695652173913,12,0.9423076923076923,0.8666666666666667,0.04081632653061224,1.3866666666666667,24,0
BPIC2012_100000_ABSENCE_0.1_4_alpha.pnml,36,10,0.9975025463691152,8,0.9166666666666666,16,4.0588235294117645,14,0.9555555555555556,0.0,0.078125,1.25,0,5
BPIC2012_2000_ABSENCE_0.4_3_inductive.pnml,139,1,0.7153220528038851,9,0.9712230215827338,71,3.4262295081967213,6,0.9505494505494505,0.8776978417266187,0.019469405220367993,1.3093525179856116,57,0
BPIC2012_100000_ORDERING_4.0_1_alpha.pnml,54,15,0.954434002924965,27,0.962962962962963,44,6.25,21,1.0,0.7037037037037037,0.07152777777777777,1.9074074074074074,0,28
RTFMS_2000_ORDERING_0.2_3_heuristics.pnml,67,29,0.9275265884316759,3,1.0,45,3.6,8,1.0,0.1791044776119403,0.04455909943714822,1.4179104477611941,29,3
RTFMS_20000_INSERTION_0.4_2_inductive_inf.pnml,107,0,0.5225593745369408,2,0.8691588785046729,71,5.0,15,1.0,0.5233644859813084,0.0341991341991342,1.4766355140186915,33,0
BPIC2012_100000_ORDERING_0.2_1_heuristics.pnml,135,1,0.7732266742876346,5,0.9851851851851852,77,4.681818181818182,15,0.9792746113989638,0.6666666666666666,0.02470558115719406,1.4296296296296296,68,4
Sepsis_10000_INSERTION_1.0_3_alpha.pnml,65,8,0.0,0,0.9384615384615385,11,15.0,19,0.9375,0.0,0.08602150537634409,0.49230769230769234,0,0
RTFMS_10000_ABSENCE_0.1_4_inductive.pnml,40,1,0.5435644431995964,1,0.975,26,3.75,6,1.0,0.725,0.07417582417582418,1.35,14,0
Sepsis_4000_ORDERING_4.0_4_inductive.pnml,101,4,0.6420642892306891,10,0.9801980198019802,45,3.306122448979592,10,0.9848484848484849,0.2376237623762376,0.02619047619047619,1.306930693069307,39,0
Sepsis_100000_ORDERING_1.0_4_inductive_inf.pnml,73,1,0.5813214987637028,10,0.9589041095890412,34,3.4166666666666665,11,0.9795918367346939,0.3287671232876712,0.03695324283559578,1.3424657534246576,24,0
Sepsis_10000_ABSENCE_10.0_3_alpha.pnml,22,15,0.9402859586706311,7,0.9545454545454546,18,4.0,14,1.0,0.0,0.17708333333333334,1.5454545454545454,0,2
Sepsis_10000_ABSENCE_0.2_1_alpha.pnml,22,15,0.9402859586706311,7,0.9545454545454546,18,4.0,14,1.0,0.0,0.17708333333333334,1.5454545454545454,0,2
RTFMS_2000_MIXED_10.0_1_inductive.pnml,169,1,0.7642045065086203,7,0.9763313609467456,113,4.698412698412699,19,1.0,0.11834319526627218,0.021598639455782314,1.5029585798816567,54,0
BPIC2012_10000_ABSENCE_0.4_2_inductive.pnml,145,2,0.7516499461153355,9,0.9724137931034482,76,3.4,6,0.9526315789473684,0.9103448275862069,0.018722901064249113,1.3103448275862069,61,0
RTFMS_4000_ORDERING_1.0_4_alpha.pnml,25,20,0.9774178175281716,15,1.0,19,4.352941176470588,10,1.0,0.8,0.1461038961038961,1.8,0,9
RTFMS_10000_SUBSTITUTION_0.1_1_inductive.pnml,54,1,0.5746356978376794,2,0.9259259259259259,32,3.8181818181818183,7,1.0,0.4074074074074074,0.055639097744360905,1.3703703703703705,17,0
BPIC2012_2000_MIXED_2.0_2_inductive.pnml,191,2,0.7526269564427315,14,0.9790575916230366,95,3.3863636363636362,5,0.9603174603174603,0.8272251308900523,0.014240506329113924,1.3193717277486912,79,0
BPIC2012_100000_INSERTION_10.0_5_inductive.pnml,4925,6,0.7410162706298391,23,0.9991878172588833,4732,47.33658536585366,692,1.0,0.01949238578680203,0.006202647465157088,1.9435532994923859,185,0
BPIC2012_40000_SUBSTITUTION_4.0_4_alpha.pnml,844,7,0.0,0,0.9976303317535545,138,141.5,145,1.0,0.0,0.08402612826603326,0.3353080568720379,0,0
BPIC2012_100000_SUBSTITUTION_2.0_2_inductive.pnml,1454,6,0.7330022650766125,23,0.9972489683631361,1245,12.841121495327103,166,1.0,0.06602475928473177,0.00598772219168041,1.7977991746905089,195,0
Sepsis_4000_INSERTION_4.0_2_inductive.pnml,255,4,0.6880476235340796,11,0.9843137254901961,155,4.387755102040816,32,1.0,0.20392156862745098,0.013285714285714286,1.4588235294117646,84,0
BPIC2012_2000_SUBSTITUTION_1.0_3_inductive_inf.pnml,124,1,0.5363596511250623,4,0.935483870967742,71,3.7346938775510203,7,0.9819277108433735,0.7338709677419355,0.023347398030942334,1.3387096774193548,49,0
Sepsis_100000_ORDERING_1.0_2_alpha.pnml,24,19,0.9774178175281716,12,1.0,24,4.705882352941177,15,1.0,0.0,0.1796875,1.9166666666666667,0,4
BPIC2012_100000_INSERTION_0.2_1_inductive.pnml,341,6,0.7247964757272867,15,0.9882697947214076,209,4.143884892086331,21,1.0,0.4662756598240469,0.009596553074813944,1.436950146627566,118,0
RTFMS_40000_ORDERING_10.0_5_heuristics.pnml,87,23,0.9522656254366642,5,1.0,60,4.0,11,1.0,0.41379310344827586,0.038011695906432746,1.4942528735632183,45,3
RTFMS_1000_ABSENCE_0.1_5_heuristics.pnml,55,17,0.9293636260137187,3,1.0,32,3.310344827586207,5,1.0,0.12727272727272726,0.050271739130434784,1.3454545454545455,20,4
Sepsis_100000_INSERTION_0.2_4_inductive.pnml,286,6,0.7219280948873623,12,0.986013986013986,182,4.704761904761905,36,1.0,0.16783216783216784,0.012611975483262611,1.4965034965034965,87,0
RTFMS_4000_ORDERING_2.0_5_inductive.pnml,37,0,0.863120568566631,2,0.9459459459459459,22,4.0,7,0.96,0.8108108108108109,0.07763975155279502,1.3513513513513513,11,0
RTFMS_20000_ABSENCE_10.0_1_inductive.pnml,41,0,0.7424875695421236,2,0.975609756097561,26,3.5789473684210527,7,1.0,0.5853658536585366,0.07179487179487179,1.3658536585365855,14,0
BPIC2012_20000_ABSENCE_2.0_2_heuristics.pnml,129,2,0.7592757847892833,4,0.9612403100775194,73,4.7317073170731705,14,0.967391304347826,0.7131782945736435,0.025842696629213482,1.426356589147287,64,3
BPIC2012_20000_INSERTION_0.1_4_inductive.pnml,231,5,0.6534358224760193,14,0.9783549783549783,118,3.230088495575221,6,0.9966666666666667,0.9653679653679653,0.011609907120743035,1.2987012987012987,103,0
Sepsis_40000_SUBSTITUTION_4.0_5_alpha.pnml,814,22,0.9182958340544896,0,0.995085995085995,102,62.333333333333336,102,0.9946236559139785,0.0,0.03822441430332922,0.2285012285012285,0,0
Sepsis_4000_ORDERING_4.0_1_inductive.pnml,96,2,0.5665095065529053,11,0.9791666666666666,44,3.466666666666667,12,0.984375,0.25,0.028082492321193506,1.3333333333333333,36,0
RTFMS_1000_MIXED_4.0_2_inductive.pnml,101,2,0.6235702082127974,4,0.9603960396039604,56,3.466666666666667,7,1.0,0.19801980198019803,0.027986633249791143,1.3267326732673268,41,0
RTFMS_40000_INSERTION_10.0_5_alpha.pnml,1818,11,0.9182958340544896,3,0.9966996699669967,454,151.0,450,0.9988876529477196,0.0,0.049586321014892444,0.4944994499449945,0,0
BPIC2012_10000_ABSENCE_10.0_2_alpha.pnml,38,12,0.998363672593813,11,0.9736842105263158,18,4.0,16,1.0,0.0,0.07738095238095238,1.368421052631579,0,9
Sepsis_40000_MIXED_10.0_2_alpha.pnml,940,29,0.9182958340544896,0,0.9957446808510638,88,68.66666666666667,115,0.9951219512195122,0.0,0.03646389185343294,0.21808510638297873,0,0
RTFMS_4000_ORDERING_0.2_4_heuristics.pnml,71,25,0.9568886656798212,4,1.0,49,3.7837837837837838,9,1.0,0.5070422535211268,0.044444444444444446,1.4647887323943662,33,3
BPIC2012_100000_ORDERING_10.0_5_alpha.pnml,38,1,0.8739810481273578,13,0.9736842105263158,34,6.117647058823529,24,1.0,0.0,0.10714285714285714,1.894736842105263,0,12
BPIC2012_2000_ORDERING_0.4_1_alpha.pnml,34,10,1.0,6,0.8235294117647058,13,4.25,13,0.9459459459459459,0.20588235294117646,0.07708333333333334,1.088235294117647,0,3
Sepsis_20000_ABSENCE_0.4_5_heuristics.pnml,107,34,0.9503376699710268,8,1.0,83,5.0,14,1.0,0.5514018691588785,0.036036036036036036,1.644859813084112,57,7
RTFMS_100000_SUBSTITUTION_0.2_2_alpha.pnml,127,13,1.0,3,0.9763779527559056,48,14.875,58,0.9908256880733946,0.0,0.07506887052341597,0.8582677165354331,0,1
BPIC2012_100000_INSERTION_2.0_5_alpha.pnml,940,26,0.9456603046006401,4,0.9882978723404255,132,27.545454545454547,135,0.9965397923875432,0.0,0.019380364806866952,0.3074468085106383,0,0
Sepsis_10000_ORDERING_4.0_5_inductive.pnml,92,3,0.5266170655714281,10,0.9782608695652174,41,3.4761904761904763,12,0.9836065573770492,0.2608695652173913,0.029172644667623145,1.326086956521739,34,0
Sepsis_20000_INSERTION_0.4_4_heuristics.pnml,156,32,0.9248187049730301,8,1.0,125,6.4,21,1.0,0.5128205128205128,0.030206677265500796,1.705128205128205,63,7
RTFMS_20000_INSERTION_4.0_5_alpha.pnml,394,22,1.0,4,0.9873096446700508,128,25.2,120,1.0,0.015228426395939087,0.0506872852233677,0.5989847715736041,0,1
BPIC2012_4000_ABSENCE_2.0_4_heuristics.pnml,126,3,0.7320666900931938,4,0.9523809523809523,69,4.743589743589744,14,0.9662921348314607,0.6984126984126984,0.026230474506336577,1.4126984126984128,62,3
Sepsis_100000_MIXED_2.0_5_alpha.pnml,511,2,0.8112781244591328,1,0.9921722113502935,68,34.5,67,0.9927007299270073,0.0,0.03377712031558185,0.26810176125244617,0,0
BPIC2012_2000_SUBSTITUTION_4.0_3_alpha.pnml,72,11,0.9895875212220556,8,0.9166666666666666,38,4.24,17,0.9324324324324325,0.0,0.04327485380116959,1.0277777777777777,0,4
BPIC2012_20000_INSERTION_4.0_5_heuristics.pnml,578,5,0.5801954953637369,4,1.0,499,16.43076923076923,76,1.0,0.7076124567474048,0.017096110512393455,1.8114186851211074,117,3
RTFMS_4000_ABSENCE_1.0_3_heuristics.pnml,71,25,0.9568886656798212,4,1.0,49,3.7837837837837838,9,1.0,0.5070422535211268,0.044444444444444446,1.4647887323943662,33,3
RTFMS_100000_SUBSTITUTION_0.4_4_inductive_inf.pnml,256,0,0.5225593745369408,7,0.953125,201,9.058823529411764,65,1.0,0.125,0.0229594523433386,1.703125,46,0
Sepsis_20000_INSERTION_4.0_4_alpha.pnml,389,6,0.9709505944546686,0,0.9845758354755784,50,21.8,50,0.9904761904761905,0.0,0.03409090909090909,0.2699228791773779,0,0
RTFMS_10000_INSERTION_0.2_4_inductive.pnml,86,1,0.6997722217733069,4,0.9534883720930233,48,3.6216216216216215,7,0.9827586206896551,0.5930232558139535,0.03356481481481482,1.3488372093023255,32,0
Sepsis_100000_MIXED_4.0_4_inductive.pnml,1191,1,0.7093502365779696,14,0.9966414777497901,1064,17.674418604651162,368,1.0,0.05037783375314862,0.009739225815582762,1.848866498740554,117,0
Sepsis_4000_ORDERING_4.0_4_heuristics.pnml,121,40,0.9503376699710268,6,1.0,92,5.260869565217392,15,1.0,0.6446280991735537,0.03202614379084967,1.6198347107438016,68,8
RTFMS_20000_ORDERING_4.0_2_inductive.pnml,70,0,0.8524051786494786,8,0.9714285714285714,34,3.2777777777777777,5,0.9565217391304348,0.05714285714285714,0.03782894736842105,1.3142857142857143,26,0
Sepsis_4000_ABSENCE_1.0_5_alpha.pnml,22,15,0.9402859586706311,7,0.9545454545454546,18,4.0,14,1.0,0.0,0.17708333333333334,1.5454545454545454,0,2
BPIC2012_4000_MIXED_4.0_5_inductive_inf.pnml,147,0,0.5725804656237687,7,0.8775510204081632,86,4.0,11,1.0,0.7210884353741497,0.021037581699346407,1.401360544217687,51,0
RTFMS_100000_ABSENCE_10.0_4_heuristics.pnml,78,18,0.934068055375491,5,1.0,53,3.8,10,1.0,0.4358974358974359,0.04071428571428572,1.4615384615384615,38,2
RTFMS_1000_ABSENCE_0.2_5_inductive.pnml,50,2,0.6665783579949205,2,0.92,26,3.217391304347826,5,0.96875,0.08,0.05333333333333334,1.28,18,0
Sepsis_10000_SUBSTITUTION_0.2_3_inductive.pnml,131,4,0.6161661934005355,6,0.9694656488549618,70,3.457627118644068,11,1.0,0.366412213740458,0.02148148148148148,1.3282442748091603,52,0
RTFMS_2000_INSERTION_0.1_5_inductive.pnml,62,0,0.7219280948873623,3,0.9516129032258065,32,3.2333333333333334,5,1.0,0.12903225806451613,0.043243243243243246,1.2903225806451613,24,0
RTFMS_20000_ABSENCE_4.0_5_alpha.pnml,27,23,0.9886994082884974,16,1.0,13,4.25,9,1.0,0.25925925925925924,0.1278409090909091,1.6666666666666667,0,11
RTFMS_10000_INSERTION_0.4_1_inductive.pnml,117,2,0.7568336324184035,7,0.9658119658119658,69,3.6363636363636362,8,1.0,0.13675213675213677,0.02545568824638592,1.3846153846153846,44,0
BPIC2012_4000_MIXED_0.4_3_alpha.pnml,45,12,0.998363672593813,11,0.9333333333333333,20,4.095238095238095,13,0.9285714285714286,0.0,0.06222222222222222,1.2444444444444445,0,5
RTFMS_2000_ABSENCE_0.4_4_alpha.pnml,29,9,0.9709505944546686,14,0.9310344827586207,13,4.2,7,0.9777777777777777,0.0,0.11363636363636363,1.5517241379310345,0,12
BPIC2012_1000_ORDERING_0.2_5_heuristics.pnml,110,4,0.4689955935892812,1,0.9363636363636364,55,4.833333333333333,11,0.9271523178807947,0.7727272727272727,0.028761904761904763,1.3727272727272728,51,0
RTFMS_40000_ORDERING_1.0_4_inductive.pnml,65,1,0.7990485210442682,9,0.9692307692307692,30,3.3333333333333335,6,0.9534883720930233,0.06153846153846154,0.04079696394686907,1.323076923076923,22,0
Sepsis_1000_MIXED_1.0_5_heuristics.pnml,100,28,0.9268190639645772,4,1.0,75,5.157894736842105,14,1.0,0.64,0.03885381253035454,1.6,53,4
Sepsis_4000_INSERTION_2.0_1_alpha.pnml,68,18,1.0,6,0.8823529411764706,21,5.083333333333333,18,0.9583333333333334,0.0,0.05,0.7058823529411765,0,0
Sepsis_10000_SUBSTITUTION_2.0_5_inductive.pnml,295,7,0.6821560732869937,11,0.9864406779661017,186,4.761904761904762,32,1.0,0.17627118644067796,0.012239902080783354,1.4915254237288136,96,0
RTFMS_4000_ABSENCE_0.4_5_alpha.pnml,30,20,0.9910760598382222,19,1.0,16,4.444444444444445,9,1.0,0.5333333333333333,0.12440191387559808,1.7333333333333334,0,15
RTFMS_4000_ABSENCE_1.0_2_heuristics.pnml,72,24,0.9494520153879484,4,1.0,50,3.789473684210526,9,1.0,0.5138888888888888,0.04431438127090301,1.4722222222222223,34,2
BPIC2012_1000_MIXED_0.1_3_inductive.pnml,136,1,0.7424875695421236,8,0.9264705882352942,66,3.43859649122807,6,0.9318181818181819,0.8897058823529411,0.019642857142857142,1.2941176470588236,54,0
RTFMS_2000_SUBSTITUTION_4.0_5_inductive.pnml,138,1,0.714015280437867,5,0.9855072463768116,86,4.470588235294118,25,1.0,0.17391304347826086,0.02447980416156671,1.4492753623188406,48,0
Sepsis_40000_ORDERING_0.4_1_heuristics.pnml,110,37,0.9440870182837794,8,1.0,86,5.0212765957446805,15,1.0,0.5363636363636364,0.03502321981424149,1.6454545454545455,59,7
RTFMS_4000_ORDERING_2.0_4_alpha.pnml,22,19,0.9774178175281716,13,1.0,19,4.235294117647059,11,1.0,0.3181818181818182,0.16942148760330578,1.8636363636363635,0,8
BPIC2012_2000_MIXED_1.0_2_inductive_inf.pnml,120,1,0.7219280948873623,8,0.9333333333333333,61,3.54,6,0.9430379746835443,0.8833333333333333,0.02270767461914343,1.3166666666666667,44,0
BPIC2012_40000_SUBSTITUTION_1.0_2_inductive.pnml,548,9,0.72847270294355,21,0.9927007299270073,367,5.2967032967032965,34,1.0,0.145985401459854,0.007255925387182339,1.5474452554744527,158,0
Sepsis_40000_MIXED_0.2_4_heuristics.pnml,136,32,0.9426831892554922,9,1.0,109,5.76,17,1.0,0.49264705882352944,0.03194444444444444,1.6911764705882353,63,7
Sepsis_20000_ABSENCE_0.1_3_inductive.pnml,95,3,0.5107878229540133,9,0.9789473684210527,44,3.4545454545454546,11,1.0,0.25263157894736843,0.028455284552845527,1.3263157894736841,37,0
BPIC2012_100000_MIXED_0.2_2_inductive.pnml,278,3,0.6873150928309273,13,0.9856115107913669,159,3.8,14,1.0,0.33093525179856115,0.010941043083900226,1.3884892086330936,105,0
Sepsis_1000_MIXED_0.2_1_inductive.pnml,102,2,0.5435644431995964,9,0.9705882352941176,45,3.2708333333333335,10,0.9848484848484849,0.27450980392156865,0.025730994152046785,1.2941176470588236,39,0
Sepsis_40000_inductive_inf.pnml,89,4,0.5435644431995964,8,0.9775280898876404,39,3.4,10,0.9827586206896551,0.2696629213483146,0.029743589743589743,1.303370786516854,33,0
RTFMS_40000_INSERTION_0.2_5_heuristics.pnml,115,21,0.8582307926411411,3,1.0,86,5.487179487179487,16,1.0,0.33043478260869563,0.036688051323175624,1.5913043478260869,34,1
RTFMS_4000_SUBSTITUTION_0.1_5_inductive.pnml,47,1,0.7024665512903903,2,0.8936170212765957,27,3.4761904761904763,5,0.9838709677419355,0.7872340425531915,0.05938697318007663,1.3191489361702127,16,0
RTFMS_40000_INSERTION_0.2_3_alpha.pnml,57,17,1.0,5,0.9649122807017544,16,5.5,22,0.9777777777777777,0.0,0.05739795918367347,0.7894736842105263,0,1
BPIC2012_1000_ORDERING_1.0_5_inductive.pnml,129,1,0.783776947484701,9,0.9612403100775194,68,3.4,6,0.9588235294117647,0.875968992248062,0.021102284011916585,1.317829457364341,51,0
Sepsis_20000_INSERTION_1.0_2_inductive.pnml,279,4,0.6821560732869937,13,0.985663082437276,173,4.533333333333333,43,1.0,0.1863799283154122,0.01241113387155079,1.4767025089605734,88,0
BPIC2012_20000_MIXED_2.0_3_heuristics.pnml,287,10,0.6565402813869459,4,0.9965156794425087,220,8.559322033898304,35,1.0,0.7491289198606271,0.019639934533551555,1.6724738675958188,103,3
RTFMS_10000_MIXED_2.0_1_alpha.pnml,76,36,0.9182958340544896,18,0.9736842105263158,45,5.904761904761905,25,1.0,0.19736842105263158,0.06153846153846154,1.1578947368421053,0,5
RTFMS_20000_INSERTION_2.0_3_heuristics.pnml,276,30,0.8865408928220899,3,1.0,244,11.782608695652174,55,1.0,0.14492753623188406,0.031238309016086794,1.815217391304348,51,1
Sepsis_2000_SUBSTITUTION_4.0_4_alpha.pnml,58,16,0.9798687566511528,5,0.8793103448275862,21,5.166666666666667,19,1.0,0.0,0.06582633053221289,0.8103448275862069,0,0
Sepsis_2000_ORDERING_2.0_1_alpha.pnml,22,16,0.9182958340544896,6,0.9545454545454546,15,4.0,14,1.0,0.0,0.16666666666666666,1.4545454545454546,0,1
RTFMS_4000_ORDERING_10.0_1_inductive.pnml,61,0,0.7355085815538398,9,0.9672131147540983,28,3.5172413793103448,9,0.9512195121951219,0.06557377049180328,0.04418103448275862,1.3442622950819672,20,0
BPIC2012_20000_SUBSTITUTION_4.0_2_inductive.pnml,816,9,0.7315775585475262,22,0.9950980392156863,612,7.209756097560976,62,1.0,0.11764705882352941,0.006341660481590394,1.6544117647058822,184,0
RTFMS_2000_ABSENCE_0.1_2_alpha.pnml,27,17,0.7793498372920851,12,0.9259259259259259,10,4.0,8,1.0,0.0,0.11079545454545454,1.4444444444444444,0,9
Sepsis_4000_MIXED_0.1_3_heuristics.pnml,117,42,0.9656361333706098,7,1.0,87,5.086956521739131,14,1.0,0.6752136752136753,0.03175675675675676,1.606837606837607,63,10
Sepsis_4000_SUBSTITUTION_10.0_4_alpha.pnml,200,11,0.9182958340544896,2,0.98,47,15.166666666666666,33,1.0,0.0,0.05357142857142857,0.42,0,0
Sepsis_1000_MIXED_10.0_5_alpha.pnml,43,8,0.9957274520849255,6,0.8837209302325582,24,5.076923076923077,17,1.0,0.13953488372093023,0.09126984126984126,1.069767441860465,0,2
Sepsis_2000_MIXED_1.0_4_alpha.pnml,30,24,0.9182958340544896,6,0.7333333333333334,12,4.444444444444445,14,0.8484848484848485,0.0,0.10248447204968944,1.1,0,0
Sepsis_40000_ORDERING_0.4_3_inductive.pnml,95,3,0.5107878229540133,11,0.9789473684210527,42,3.4545454545454546,13,0.9841269841269842,0.25263157894736843,0.02817531305903399,1.3263157894736841,35,0
Sepsis_100000_ABSENCE_0.2_5_alpha.pnml,22,15,0.9402859586706311,7,0.9545454545454546,18,4.0,14,1.0,0.0,0.17708333333333334,1.5454545454545454,0,2
RTFMS_20000_INSERTION_0.2_3_heuristics.pnml,87,29,0.863120568566631,2,1.0,64,4.628571428571429,13,1.0,0.2413793103448276,0.04192938209331652,1.528735632183908,30,1
RTFMS_100000_ORDERING_1.0_3_alpha.pnml,23,13,0.8904916402194913,12,1.0,15,4.769230769230769,11,1.0,0.0,0.1553030303030303,1.7826086956521738,0,9
RTFMS_40000_ABSENCE_0.1_2_heuristics.pnml,66,22,0.9081783472997051,3,1.0,45,3.7058823529411766,9,1.0,0.4090909090909091,0.04712301587301587,1.4393939393939394,30,1
BPIC2012_2000_MIXED_4.0_4_inductive_inf.pnml,149,1,0.5491087450260073,7,0.9395973154362416,81,3.5555555555555554,7,0.98989898989899,0.7986577181208053,0.01887871853546911,1.3288590604026846,58,0
BPIC2012_20000_ABSENCE_10.0_5_alpha.pnml,38,12,0.998363672593813,11,0.9736842105263158,18,4.0,16,1.0,0.0,0.07738095238095238,1.368421052631579,0,9
Sepsis_2000_SUBSTITUTION_0.4_3_heuristics.pnml,122,33,0.9440870182837794,6,1.0,94,5.23404255319149,16,1.0,0.5327868852459017,0.03251231527093596,1.6229508196721312,65,6
Sepsis_10000_INSERTION_0.1_1_inductive.pnml,117,2,0.5851569902762294,9,0.9743589743589743,55,3.245614035087719,8,1.0,0.29914529914529914,0.022686567164179106,1.2991452991452992,45,0
Sepsis_1000_ABSENCE_0.2_5_inductive_inf.pnml,91,3,0.5349436990971066,9,0.967032967032967,38,3.341463414634146,11,0.9661016949152542,0.26373626373626374,0.02878048780487805,1.2967032967032968,33,0
RTFMS_20000_ORDERING_0.1_4_heuristics.pnml,66,29,0.8849636363831528,2,1.0,46,3.757575757575758,9,1.0,0.3181818181818182,0.04712301587301587,1.4393939393939394,30,1
BPIC2012_20000_SUBSTITUTION_1.0_2_heuristics.pnml,268,7,0.6429383500409614,4,1.0,199,8.290909090909091,33,0.9886621315192744,0.6529850746268657,0.019631410256410256,1.6455223880597014,84,3
Sepsis_100000_INSERTION_4.0_4_alpha.pnml,1882,17,0.0,0,0.9989373007438895,173,181.5,190,1.0,0.0,0.04827127659574468,0.19287991498405951,0,0
Sepsis_2000_ORDERING_2.0_2_heuristics.pnml,115,34,0.9503376699710268,6,1.0,89,5.086956521739131,15,1.0,0.5217391304347826,0.03376906318082789,1.617391304347826,64,6
Sepsis_2000_ORDERING_0.1_3_heuristics.pnml,110,31,0.9564574047992594,6,1.0,84,4.977777777777778,14,1.0,0.5363636363636364,0.03482880755608028,1.6090909090909091,60,6
BPIC2012_1000_SUBSTITUTION_0.2_3_heuristics.pnml,111,4,0.4689955935892812,1,0.9369369369369369,56,4.9,11,0.9281045751633987,0.7747747747747747,0.028759398496240603,1.3783783783783783,51,0
Sepsis_100000_ABSENCE_0.4_1_heuristics.pnml,108,36,0.9503376699710268,8,1.0,85,5.086956521739131,14,1.0,0.5462962962962963,0.03616161616161616,1.6574074074074074,58,7
RTFMS_100000_INSERTION_10.0_1_alpha.pnml,4550,22,0.0,0,0.9995604395604396,1095,1106.0,1117,1.0,0.0,0.12159190853122251,0.48615384615384616,0,0
BPIC2012_10000_SUBSTITUTION_0.2_1_inductive.pnml,173,3,0.6944460704939805,10,0.9884393063583815,93,3.52,7,0.9652173913043478,0.42196531791907516,0.01610644257703081,1.329479768786127,66,0
RTFMS_10000_inductive_inf.pnml,47,0,0.7024665512903903,2,0.8936170212765957,28,3.4761904761904763,4,0.9838709677419355,0.851063829787234,0.05938697318007663,1.3191489361702127,17,0
BPIC2012_40000_ORDERING_10.0_2_heuristics.pnml,182,10,0.676941869780886,4,1.0,118,5.285714285714286,24,0.9963503649635036,0.7142857142857143,0.020757575757575756,1.5054945054945055,107,3
RTFMS_2000_SUBSTITUTION_2.0_4_inductive_inf.pnml,76,1,0.41381685030363374,1,0.8157894736842105,46,4.708333333333333,9,0.9907407407407407,0.5263157894736842,0.044298605414273995,1.4210526315789473,24,0
BPIC2012_4000_MIXED_0.1_2_heuristics.pnml,126,2,0.7320666900931938,4,0.9682539682539683,69,4.6923076923076925,11,0.9661016949152542,0.7063492063492064,0.026083112290008842,1.4047619047619047,60,3
BPIC2012_4000_ORDERING_2.0_5_inductive.pnml,143,0,0.7642045065086203,10,0.965034965034965,73,3.4603174603174605,5,0.9521276595744681,0.8881118881118881,0.018966908797417272,1.3146853146853146,59,0
BPIC2012_40000_ABSENCE_0.2_3_alpha.pnml,38,9,0.9927744539878083,10,0.9736842105263158,18,3.9,14,1.0,0.0,0.07291666666666667,1.2894736842105263,0,9
BPIC2012_20000_ABSENCE_1.0_1_inductive.pnml,121,1,0.7062740891876007,7,0.9669421487603306,67,3.5961538461538463,7,0.9691358024691358,0.8925619834710744,0.023289246693502012,1.3388429752066116,49,0
BPIC2012_100000_MIXED_4.0_3_inductive.pnml,1373,5,0.7424875695421236,23,0.9970866715222141,1171,12.421052631578947,160,1.0,0.06991988346686089,0.006175998394541441,1.7931536780772033,188,0
RTFMS_40000_ABSENCE_4.0_1_alpha.pnml,28,33,0.9774178175281716,19,1.0,12,4.352941176470588,10,1.0,0.0,0.12834224598930483,1.7142857142857142,0,11
BPIC2012_20000_INSERTION_4.0_1_alpha.pnml,404,17,0.0,0,0.995049504950495,70,61.5,70,1.0,0.0,0.07649253731343283,0.30445544554455445,0,0
BPIC2012_1000_MIXED_4.0_2_alpha.pnml,42,11,0.9940302114769565,2,0.7619047619047619,11,4.0,14,0.868421052631579,0.0,0.059375,0.9047619047619048,0,1
BPIC2012_4000_INSERTION_1.0_3_inductive.pnml,219,1,0.7181384220154764,15,0.9817351598173516,117,3.4150943396226414,6,0.9931972789115646,0.589041095890411,0.012800417972831766,1.3424657534246576,90,0
Sepsis_1000_ORDERING_0.4_3_heuristics.pnml,98,28,0.9268190639645772,4,1.0,73,5.052631578947368,14,1.0,0.6428571428571429,0.038980509745127435,1.5918367346938775,52,4
Sepsis_20000_ABSENCE_0.4_5_alpha.pnml,22,15,0.9402859586706311,7,0.9545454545454546,18,4.0,14,1.0,0.0,0.17708333333333334,1.5454545454545454,0,2
BPIC2012_1000_ABSENCE_0.1_2_heuristics.pnml,111,4,0.4488644887230294,1,0.9459459459459459,57,4.6875,11,0.9477124183006536,0.7657657657657657,0.028759398496240603,1.3783783783783783,52,0
BPIC2012_10000_INSERTION_1.0_3_inductive.pnml,327,8,0.7553754125614287,21,0.9877675840978594,177,3.453416149068323,8,1.0,0.20795107033639143,0.008765695332859511,1.3577981651376148,132,0
Sepsis_1000_ORDERING_1.0_3_alpha.pnml,22,14,0.9456603046006401,6,0.9090909090909091,15,4.363636363636363,14,1.0,0.0,0.171875,1.5,0,1
BPIC2012_4000_ORDERING_4.0_3_inductive.pnml,107,1,0.7553754125614287,7,0.9532710280373832,58,3.652173913043478,8,0.9652777777777778,0.8504672897196262,0.026373626373626374,1.3457943925233644,40,0
Sepsis_40000_ORDERING_4.0_1_heuristics.pnml,124,36,0.9580420222262995,9,1.0,94,5.16,15,1.0,0.49193548387096775,0.03105875152998776,1.6370967741935485,69,10
Sepsis_10000_ABSENCE_1.0_3_heuristics.pnml,107,32,0.9503376699710268,8,1.0,82,4.956521739130435,14,1.0,0.5514018691588785,0.03583128583128583,1.6355140186915889,57,7
BPIC2012_2000_ORDERING_10.0_4_alpha.pnml,38,20,0.9940302114769565,9,0.9736842105263158,31,4.636363636363637,14,1.0,0.0,0.09226190476190477,1.631578947368421,0,8
Sepsis_40000_ORDERING_1.0_2_alpha.pnml,25,27,0.9774178175281716,15,0.96,21,4.882352941176471,15,1.0,0.0,0.16666666666666666,1.92,0,6
Sepsis_10000_MIXED_10.0_3_inductive_inf.pnml,243,0,0.25387844029816153,5,0.9917695473251029,187,8.936170212765957,39,1.0,0.18106995884773663,0.022783389450056115,1.6707818930041152,46,0
Sepsis_100000_ORDERING_0.1_4_inductive.pnml,93,2,0.5746356978376794,11,0.978494623655914,42,3.4545454545454546,12,0.9838709677419355,0.25806451612903225,0.028944911297852476,1.3333333333333333,34,0
RTFMS_10000_ABSENCE_0.2_1_alpha.pnml,32,13,1.0,21,1.0,20,4.6,9,1.0,0.5625,0.12554112554112554,1.8125,0,18
RTFMS_40000_SUBSTITUTION_0.2_1_alpha.pnml,54,10,0.954434002924965,6,0.962962962962963,22,7.375,20,1.0,0.0,0.07446808510638298,0.9074074074074074,0,3
RTFMS_20000_MIXED_0.2_4_inductive.pnml,113,2,0.7676515870125797,7,0.9734513274336283,59,3.2241379310344827,5,1.0,0.17699115044247787,0.024010382868267358,1.3097345132743363,48,0
Sepsis_100000_ORDERING_1.0_2_inductive.pnml,90,1,0.38431154412649704,12,0.9777777777777777,41,3.65,14,0.9836065573770492,0.26666666666666666,0.030363364858138377,1.3555555555555556,32,0
Sepsis_40000_INSERTION_0.2_1_inductive.pnml,207,3,0.739165817569305,11,0.9855072463768116,118,3.8351648351648353,17,1.0,0.1932367149758454,0.01482314455121652,1.4009661835748792,73,0
BPIC2012_100000_ABSENCE_0.2_3_alpha.pnml,38,10,0.9927744539878083,10,0.9736842105263158,18,3.95,15,1.0,0.0,0.0744047619047619,1.3157894736842106,0,9
RTFMS_2000_MIXED_0.4_2_inductive.pnml,70,0,0.6962122601251458,3,0.9285714285714286,36,3.3125,5,0.9888888888888889,0.11428571428571428,0.03826530612244898,1.2857142857142858,28,0
Sepsis_100000_ABSENCE_4.0_5_inductive.pnml,96,4,0.5665095065529053,8,0.9791666666666666,44,3.3777777777777778,10,1.0,0.25,0.027937915742793792,1.3125,38,0
BPIC2012_20000_ORDERING_0.2_1_inductive_inf.pnml,119,1,0.6500224216483541,9,0.957983193277311,64,3.5555555555555554,8,0.98125,0.8907563025210085,0.023474178403755867,1.3445378151260505,47,0
RTFMS_100000_ABSENCE_4.0_2_heuristics.pnml,74,19,0.9418285354475157,5,1.0,51,3.7435897435897436,10,1.0,0.4594594594594595,0.0425531914893617,1.4594594594594594,35,2
Sepsis_40000_ORDERING_4.0_5_alpha.pnml,22,13,0.8904916402194913,7,0.9545454545454546,21,4.6923076923076925,15,1.0,0.0,0.203125,1.7727272727272727,0,3
BPIC2012_2000_heuristics.pnml,104,6,0.6373874992221911,3,0.9519230769230769,56,4.774193548387097,10,0.9452054794520548,0.7692307692307693,0.031684027777777776,1.4038461538461537,49,0
BPIC2012_100000_ABSENCE_0.4_4_heuristics.pnml,133,2,0.782444129406689,5,0.9548872180451128,74,4.674418604651163,16,0.9682539682539683,0.6917293233082706,0.024725274725274724,1.4210526315789473,66,4
RTFMS_1000_SUBSTITUTION_10.0_3_inductive.pnml,147,2,0.6840384356390417,5,0.9727891156462585,92,4.4363636363636365,16,1.0,0.16326530612244897,0.023311546840958607,1.4557823129251701,51,0
Sepsis_2000_SUBSTITUTION_2.0_2_heuristics.pnml,143,34,0.964078764808229,9,1.0,114,5.518518518518518,19,1.0,0.6013986013986014,0.029339250493096648,1.6643356643356644,67,7
RTFMS_20000_ORDERING_4.0_2_alpha.pnml,21,8,0.9852281360342515,9,1.0,17,4.285714285714286,10,1.0,0.0,0.16818181818181818,1.7619047619047619,0,5
RTFMS_1000_INSERTION_0.4_5_inductive.pnml,64,2,0.691289869405789,3,0.953125,32,3.3703703703703702,5,0.9512195121951219,0.125,0.04149797570850203,1.28125,24,0
Sepsis_2000_ABSENCE_1.0_1_inductive.pnml,95,3,0.5107878229540133,9,0.9789473684210527,44,3.4545454545454546,11,1.0,0.25263157894736843,0.028455284552845527,1.3263157894736841,37,0
RTFMS_4000_INSERTION_1.0_1_alpha.pnml,43,9,1.0,11,0.9069767441860466,24,4.277777777777778,10,0.9807692307692307,0.20930232558139536,0.06403940886699508,1.2093023255813953,0,8
Sepsis_4000_INSERTION_0.2_3_inductive.pnml,91,3,0.7120640548905479,6,0.967032967032967,47,3.5365853658536586,8,0.9836065573770492,0.5604395604395604,0.03080808080808081,1.3406593406593406,33,0
Sepsis_4000_SUBSTITUTION_0.4_5_inductive.pnml,106,4,0.7367680100024783,7,0.9716981132075472,54,3.30188679245283,9,1.0,0.4528301886792453,0.025839793281653745,1.320754716981132,40,0
RTFMS_4000_INSERTION_1.0_2_alpha.pnml,41,8,0.9182958340544896,5,0.9512195121951219,15,6.166666666666667,12,0.9714285714285714,0.21951219512195122,0.06628787878787878,0.8536585365853658,0,2
Sepsis_1000_MIXED_0.1_2_inductive.pnml,91,3,0.5349436990971066,9,0.967032967032967,38,3.341463414634146,11,0.9661016949152542,0.26373626373626374,0.02878048780487805,1.2967032967032968,33,0
RTFMS_40000_ABSENCE_4.0_3_inductive_inf.pnml,56,1,0.74959525725948,3,0.9464285714285714,30,3.1785714285714284,5,0.9861111111111112,0.07142857142857142,0.04743083003952569,1.2857142857142858,21,0
RTFMS_1000_INSERTION_0.2_1_inductive.pnml,50,2,0.6840384356390417,2,0.94,26,3.3181818181818183,5,0.96875,0.08,0.05333333333333334,1.28,17,0
RTFMS_100000_INSERTION_0.4_2_alpha.pnml,209,9,1.0,2,0.9808612440191388,55,20.833333333333332,58,1.0,0.0,0.05784313725490196,0.5645933014354066,0,2
BPIC2012_20000_INSERTION_1.0_1_inductive.pnml,341,6,0.7247964757272867,15,0.9882697947214076,209,4.143884892086331,21,1.0,0.4662756598240469,0.009596553074813944,1.436950146627566,118,0
BPIC2012_10000_ABSENCE_0.1_4_inductive.pnml,140,2,0.7153220528038851,9,0.9571428571428572,73,3.459016393442623,6,0.9510869565217391,0.9285714285714286,0.019446205876136123,1.3142857142857143,58,0
BPIC2012_2000_INSERTION_0.4_5_heuristics.pnml,108,6,0.6136190195993708,3,0.9444444444444444,59,4.7272727272727275,10,0.9605263157894737,0.75,0.030707070707070707,1.4074074074074074,50,0
RTFMS_2000_SUBSTITUTION_0.2_4_heuristics.pnml,69,29,0.9275265884316759,3,1.0,47,3.7142857142857144,9,1.0,0.17391304347826086,0.04427549194991055,1.434782608695652,28,3
Sepsis_20000_INSERTION_1.0_5_heuristics.pnml,226,31,0.9299429352091801,10,1.0,193,8.436363636363636,37,1.0,0.6106194690265486,0.027083333333333334,1.7831858407079646,69,7
BPIC2012_40000_ABSENCE_10.0_1_heuristics.pnml,135,4,0.8023534428291901,5,0.9703703703703703,78,4.644444444444445,16,0.9690721649484536,0.7703703703703704,0.024519716885743174,1.4370370370370371,67,4
RTFMS_100000_INSERTION_10.0_3_inductive_inf.pnml,4626,6,0.6145715612236267,10,0.9991353220925205,4541,116.22784810126582,1120,1.0,0.009511456982274102,0.014958111395206464,1.9753566796368354,65,0
Sepsis_2000_ABSENCE_0.1_4_inductive.pnml,89,4,0.5266170655714281,9,0.9775280898876404,41,3.4285714285714284,11,1.0,0.2696629213483146,0.030256410256410255,1.3258426966292134,33,0
Sepsis_4000_ORDERING_4.0_1_alpha.pnml,27,23,0.998363672593813,18,0.962962962962963,24,4.666666666666667,15,1.0,0.0,0.15056818181818182,1.962962962962963,0,7
Sepsis_10000_MIXED_4.0_3_inductive.pnml,301,3,0.6897501750585195,11,0.9867109634551495,199,5.009708737864078,42,1.0,0.15946843853820597,0.012508229098090849,1.5149501661129567,93,0
RTFMS_10000_ORDERING_0.4_4_heuristics.pnml,72,25,0.943601631299382,4,1.0,50,3.888888888888889,10,1.0,0.3611111111111111,0.04431438127090301,1.4722222222222223,34,3
BPIC2012_1000_SUBSTITUTION_1.0_4_alpha.pnml,39,13,0.9940302114769565,4,0.8717948717948718,9,3.909090909090909,12,0.8571428571428572,0.0,0.0603448275862069,0.8974358974358975,0,0
Sepsis_2000_MIXED_1.0_5_inductive.pnml,109,3,0.6800770457282799,6,0.981651376146789,59,3.44,6,1.0,0.7706422018348624,0.02536997885835095,1.3211009174311927,46,0
Sepsis_10000_INSERTION_2.0_5_heuristics.pnml,226,29,0.9299429352091801,10,1.0,192,8.4,37,1.0,0.6106194690265486,0.027016129032258064,1.7787610619469028,69,7
RTFMS_20000_ORDERING_2.0_3_alpha.pnml,21,16,0.9798687566511528,10,1.0,14,4.5,11,0.9722222222222222,0.3333333333333333,0.16363636363636364,1.7142857142857142,0,5
Sepsis_20000_SUBSTITUTION_0.1_4_inductive_inf.pnml,115,3,0.44506485705083865,10,0.9652173913043478,54,3.3703703703703702,12,1.0,0.2782608695652174,0.02350030921459493,1.3217391304347825,46,0
RTFMS_20000_INSERTION_2.0_3_inductive.pnml,318,8,0.7858895831387682,10,0.9874213836477987,250,7.283950617283951,50,1.0,0.07547169811320754,0.01675907258064516,1.6729559748427674,64,0
RTFMS_2000_SUBSTITUTION_1.0_2_inductive.pnml,98,2,0.6593758812786992,4,0.9795918367346939,53,3.707317073170732,10,1.0,0.20408163265306123,0.02956989247311828,1.346938775510204,39,0
Sepsis_100000_ABSENCE_10.0_4_alpha.pnml,25,11,0.9910760598382222,13,0.96,24,4.611111111111111,14,1.0,0.0,0.16319444444444445,1.88,0,7
BPIC2012_1000_INSERTION_0.2_1_heuristics.pnml,110,4,0.4689955935892812,1,0.9363636363636364,55,4.833333333333333,11,0.9271523178807947,0.7727272727272727,0.028761904761904763,1.3727272727272728,51,0
BPIC2012_20000_INSERTION_4.0_2_inductive.pnml,734,6,0.7482932859824888,23,0.9945504087193461,535,6.427184466019417,49,1.0,0.12534059945504086,0.006421048087714754,1.6212534059945505,180,0
BPIC2012_10000_ABSENCE_1.0_1_inductive_inf.pnml,116,0,0.7219280948873623,8,0.9482758620689655,58,3.48,7,0.9342105263157895,0.9482758620689655,0.023284313725490197,1.3103448275862069,44,0
RTFMS_40000_INSERTION_1.0_3_heuristics.pnml,280,15,0.8786744932173093,5,1.0,245,11.617021276595745,55,1.0,0.5928571428571429,0.030248684839789576,1.8071428571428572,54,1
BPIC2012_2000_ORDERING_0.4_1_inductive.pnml,142,0,0.7771529943226336,11,0.9647887323943662,69,3.4754098360655736,6,0.9301075268817205,0.8873239436619719,0.018902439024390243,1.3098591549295775,57,0
Sepsis_40000_INSERTION_0.4_2_alpha.pnml,94,8,0.7219280948873623,1,0.9468085106382979,17,9.2,19,1.0,0.0,0.058333333333333334,0.44680851063829785,0,0
Sepsis_40000_ABSENCE_0.1_4_heuristics.pnml,107,36,0.9503376699710268,8,1.0,84,5.043478260869565,14,1.0,0.5514018691588785,0.03624078624078624,1.6542056074766356,57,7
Sepsis_40000_ORDERING_2.0_3_inductive.pnml,98,1,0.48890859144051524,14,0.9795918367346939,44,3.4893617021276597,15,0.9848484848484849,0.24489795918367346,0.027591973244147156,1.346938775510204,35,0
RTFMS_40000_ABSENCE_0.1_3_heuristics.pnml,69,21,0.898058793450166,3,1.0,46,3.7142857142857144,9,1.0,0.391304347826087,0.045,1.434782608695652,32,1
RTFMS_10000_MIXED_2.0_4_alpha.pnml,59,7,0.9910760598382222,6,0.9661016949152542,24,7.222222222222222,24,1.0,0.15254237288135594,0.0661764705882353,0.9152542372881356,0,3
Sepsis_10000_ORDERING_0.2_2_alpha.pnml,25,13,0.8960382325345574,9,0.96,20,4.125,14,1.0,0.48,0.1388888888888889,1.6,0,6
RTFMS_4000_ABSENCE_10.0_5_inductive_inf.pnml,39,1,0.5916727785823275,1,0.8974358974358975,18,3.357142857142857,5,0.875,0.10256410256410256,0.06521739130434782,1.2307692307692308,11,0
RTFMS_40000_MIXED_4.0_1_inductive.pnml,556,7,0.7572182549240017,10,0.9928057553956835,478,12.114942528735632,122,1.0,0.05755395683453238,0.015007232401157184,1.79136690647482,74,0
BPIC2012_20000_MIXED_0.1_4_heuristics.pnml,134,2,0.7401470427139037,4,0.9626865671641791,78,4.790697674418604,13,0.984375,0.6865671641791045,0.02553191489361702,1.4328358208955223,63,3
Sepsis_1000_SUBSTITUTION_0.2_4_inductive.pnml,86,2,0.5813214987637028,7,0.9651162790697675,42,3.5833333333333335,8,0.9649122807017544,0.6162790697674418,0.03166666666666667,1.3255813953488371,31,0
RTFMS_1000_SUBSTITUTION_0.2_2_heuristics.pnml,56,16,0.9402859586706311,3,0.9642857142857143,32,3.4642857142857144,6,0.9868421052631579,0.125,0.05006587615283267,1.3571428571428572,19,4
RTFMS_100000_MIXED_4.0_3_inductive.pnml,1075,4,0.7642045065086203,10,0.9962790697674418,994,23.22222222222222,270,1.0,0.03348837209302326,0.014427860696517412,1.8883720930232557,78,0
RTFMS_4000_SUBSTITUTION_0.2_1_inductive.pnml,60,1,0.676941869780886,3,0.9333333333333333,34,3.4285714285714284,7,1.0,0.5,0.04700352526439483,1.3333333333333333,21,0
RTFMS_20000_INSERTION_0.2_1_heuristics.pnml,89,28,0.8524051786494786,2,1.0,64,4.555555555555555,11,1.0,0.25842696629213485,0.04032258064516129,1.5168539325842696,32,1
BPIC2012_10000_MIXED_4.0_3_heuristics.pnml,287,5,0.6226343162547098,4,0.9965156794425087,218,8.60344827586207,35,1.0,0.7491289198606271,0.01955810147299509,1.6655052264808363,103,3
RTFMS_20000_INSERTION_1.0_2_inductive.pnml,185,0,0.6751914401458716,5,0.9783783783783784,141,7.377777777777778,28,1.0,0.15675675675675677,0.02794010226442659,1.654054054054054,38,0
BPIC2012_4000_SUBSTITUTION_0.1_1_inductive.pnml,136,1,0.7219280948873623,9,0.9411764705882353,69,3.4166666666666665,6,0.949438202247191,0.9044117647058824,0.019866071428571427,1.3088235294117647,54,0
RTFMS_1000_ORDERING_0.2_3_heuristics.pnml,56,17,0.9293636260137187,3,1.0,33,3.3793103448275863,6,1.0,0.125,0.05006587615283267,1.3571428571428572,21,4
BPIC2012_4000_MIXED_2.0_4_heuristics.pnml,152,2,0.6840384356390417,4,0.9802631578947368,94,5.431818181818182,14,0.9911504424778761,0.6842105263157895,0.024829707756537023,1.486842105263158,66,3
Sepsis_100000_ORDERING_10.0_5_inductive.pnml,96,0,0.5586293734521992,13,0.9791666666666666,45,3.5217391304347827,13,0.9846153846153847,0.25,0.028409090909090908,1.3541666666666667,35,0
Sepsis_100000_MIXED_0.2_5_inductive.pnml,240,5,0.7062740891876007,12,0.9833333333333333,137,3.8461538461538463,19,1.0,0.18333333333333332,0.01282051282051282,1.4,88,0
Sepsis_4000_MIXED_1.0_2_inductive_inf.pnml,139,4,0.6981245731396178,10,0.9568345323741008,71,3.246376811594203,5,0.989010989010989,0.2302158273381295,0.019369944657300978,1.3093525179856116,53,0
Sepsis_4000_MIXED_2.0_3_alpha.pnml,38,16,1.0,4,0.868421052631579,14,5.25,17,0.9705882352941176,0.0,0.10303030303030303,0.8947368421052632,0,0
RTFMS_100000_ABSENCE_1.0_5_alpha.pnml,26,24,0.9852281360342515,15,0.9615384615384616,10,4.357142857142857,9,0.9523809523809523,0.0,0.12727272727272726,1.6153846153846154,0,11
BPIC2012_100000_ORDERING_0.2_1_alpha.pnml,45,8,0.9629004147713269,21,0.9777777777777777,33,4.483870967741935,15,1.0,0.37777777777777777,0.07738095238095238,1.7333333333333334,0,14
Sepsis_1000_SUBSTITUTION_10.0_5_alpha.pnml,69,11,1.0,3,0.9130434782608696,18,6.75,19,0.9767441860465116,0.0,0.0671875,0.6231884057971014,0,0
Sepsis_4000_inductive.pnml,89,4,0.5435644431995964,8,0.9775280898876404,39,3.4,10,0.9827586206896551,0.2696629213483146,0.029743589743589743,1.303370786516854,33,0
Sepsis_10000_ORDERING_0.4_5_alpha.pnml,22,18,0.9709505944546686,10,0.9090909090909091,19,4.466666666666667,14,1.0,0.0,0.203125,1.7727272727272727,0,3
Sepsis_20000_ORDERING_2.0_3_inductive.pnml,94,1,0.3650551896402848,13,0.9787234042553191,41,3.5348837209302326,15,0.9841269841269842,0.2553191489361702,0.028636363636363637,1.3404255319148937,33,0
RTFMS_100000_INSERTION_10.0_3_alpha.pnml,4495,28,0.0,0,0.9995550611790879,1171,1157.0,1171,1.0,0.0,0.12875584242154461,0.5147942157953281,0,0
BPIC2012_2000_ORDERING_0.2_2_alpha.pnml,33,8,1.0,4,0.8181818181818181,12,4.0,12,0.8857142857142857,0.0,0.08101851851851852,1.0606060606060606,0,1
RTFMS_1000_MIXED_0.2_1_alpha.pnml,27,6,0.8904916402194913,9,0.962962962962963,10,3.6153846153846154,5,0.972972972972973,0.0,0.10511363636363637,1.3703703703703705,0,9
BPIC2012_20000_SUBSTITUTION_4.0_3_heuristics.pnml,582,1,0.5725804656237687,4,1.0,508,18.338983050847457,74,1.0,0.6357388316151202,0.01865881032547699,1.8281786941580755,119,3
BPIC2012_1000_SUBSTITUTION_1.0_2_heuristics.pnml,114,3,0.4394969869215134,1,0.9473684210526316,61,4.787878787878788,11,0.9622641509433962,0.7631578947368421,0.028752260397830017,1.394736842105263,51,0
RTFMS_20000_MIXED_0.4_4_heuristics.pnml,94,27,0.8418521897563207,2,1.0,67,4.648648648648648,13,1.0,0.26595744680851063,0.03869047619047619,1.5212765957446808,37,1
Sepsis_2000_ABSENCE_1.0_4_heuristics.pnml,111,33,0.9564574047992594,6,1.0,86,5.066666666666666,14,1.0,0.5405405405405406,0.03496503496503497,1.6216216216216217,61,6
BPIC2012_2000_INSERTION_0.2_1_inductive.pnml,139,1,0.7153220528038851,9,0.9424460431654677,70,3.4262295081967213,6,0.9505494505494505,0.9280575539568345,0.019469405220367993,1.3093525179856116,55,0
RTFMS_40000_ORDERING_0.2_2_alpha.pnml,23,28,0.9852281360342515,13,1.0,11,4.142857142857143,10,0.9736842105263158,0.0,0.14393939393939395,1.6521739130434783,0,5
RTFMS_10000_MIXED_4.0_5_inductive.pnml,201,2,0.7698205808588191,8,0.9800995024875622,138,5.014084507042254,32,1.0,0.11940298507462686,0.019178082191780823,1.5323383084577114,61,0
RTFMS_40000_SUBSTITUTION_10.0_2_inductive_inf.pnml,2043,2,0.3138129641688651,2,0.9980420949583945,1981,75.47169811320755,648,1.0,0.021536955457660302,0.020020070245860513,1.9530102790014685,58,0
RTFMS_40000_INSERTION_10.0_5_inductive.pnml,1975,8,0.74959525725948,11,0.9979746835443037,1888,39.61224489795919,439,1.0,0.020253164556962026,0.013062280185567857,1.9331645569620253,84,0
RTFMS_40000_MIXED_0.1_4_inductive.pnml,114,3,0.7607859931846075,8,0.9736842105263158,59,3.23728813559322,5,1.0,0.17543859649122806,0.023817084788821847,1.3157894736842106,48,0
Sepsis_100000_SUBSTITUTION_1.0_2_alpha.pnml,491,2,0.8112781244591328,0,0.9918533604887984,62,32.0,62,1.0,0.0,0.04269125683060109,0.2545824847250509,0,0
RTFMS_10000_MIXED_0.4_1_heuristics.pnml,88,24,0.9182958340544896,4,1.0,61,4.256410256410256,11,1.0,0.3181818181818182,0.0385739333722969,1.5,35,3
RTFMS_1000_MIXED_0.1_2_inductive.pnml,48,1,0.6840384356390417,2,0.9375,25,3.3181818181818183,5,1.0,0.08333333333333333,0.056261343012704176,1.2916666666666667,17,0
RTFMS_2000_MIXED_1.0_1_heuristics.pnml,73,29,0.9275265884316759,3,1.0,51,3.942857142857143,11,1.0,0.1643835616438356,0.04378068739770868,1.4657534246575343,30,3
Sepsis_10000_ORDERING_4.0_3_inductive.pnml,94,1,0.3650551896402848,13,0.9787234042553191,41,3.5348837209302326,15,0.9841269841269842,0.2553191489361702,0.028636363636363637,1.3404255319148937,33,0
Sepsis_4000_MIXED_0.4_1_heuristics.pnml,121,42,0.9656361333706098,7,1.0,91,5.260869565217392,16,1.0,0.6776859504132231,0.03153153153153153,1.6198347107438016,63,10
BPIC2012_10000_SUBSTITUTION_10.0_3_alpha.pnml,503,1,0.8112781244591328,1,0.9900596421471173,90,45.5,88,0.9944444444444445,0.0,0.045090180360721446,0.35785288270377735,0,0
Sepsis_4000_INSERTION_0.1_3_inductive_inf.pnml,101,4,0.4959690720618337,9,0.9702970297029703,45,3.369565217391304,11,0.9848484848484849,0.27722772277227725,0.02631578947368421,1.306930693069307,38,0
BPIC2012_20000_MIXED_1.0_5_alpha.pnml,89,5,0.9587118829771318,10,0.8876404494382022,36,5.142857142857143,22,0.927710843373494,0.15730337078651685,0.03553082191780822,0.9325842696629213,0,4
Sepsis_100000_ORDERING_0.2_2_inductive_inf.pnml,86,2,0.4770713062193297,11,0.9767441860465116,39,3.58974358974359,13,0.9827586206896551,0.27906976744186046,0.031642116748499725,1.3488372093023255,30,0
BPIC2012_100000_INSERTION_10.0_2_heuristics.pnml,5302,23,0.6362295610302483,13,1.0,5079,52.17085427135678,765,1.0,0.7772538664654848,0.005866188891966159,1.941531497548095,466,4
Sepsis_10000_ABSENCE_4.0_4_heuristics.pnml,114,32,0.9684610087601622,9,1.0,85,4.958333333333333,14,1.0,0.5175438596491229,0.032941595441595445,1.6228070175438596,61,10
BPIC2012_20000_ORDERING_0.2_3_inductive.pnml,161,0,0.8577435372751958,13,0.9875776397515528,77,3.408450704225352,6,0.9238095238095239,0.937888198757764,0.0165406427221172,1.3043478260869565,67,0
BPIC2012_4000_ORDERING_0.2_3_heuristics.pnml,127,2,0.7320666900931938,4,0.9685039370078741,70,4.743589743589744,13,0.9664804469273743,0.6929133858267716,0.02607808857808858,1.4094488188976377,63,3
BPIC2012_10000_MIXED_1.0_1_alpha.pnml,61,9,0.9967916319816366,4,0.8360655737704918,21,4.6,15,0.9074074074074074,0.0,0.04326923076923077,0.8852459016393442,0,4
RTFMS_20000_ORDERING_0.1_3_inductive.pnml,51,3,0.5586293734521992,7,0.9607843137254902,23,3.5652173913043477,9,0.9705882352941176,0.0784313725490196,0.05246913580246913,1.3333333333333333,15,0
RTFMS_20000_MIXED_2.0_4_inductive_inf.pnml,162,0,0.43275015878875406,8,0.9382716049382716,113,6.266666666666667,29,1.0,0.14814814814814814,0.02600282201169119,1.5925925925925926,38,0
BPIC2012_2000_INSERTION_0.2_5_inductive.pnml,140,1,0.7153220528038851,9,0.9285714285714286,69,3.4098360655737703,6,0.945054945054945,0.9214285714285714,0.019133725820016823,1.3,56,0
RTFMS_10000_INSERTION_0.2_3_inductive.pnml,93,2,0.730926377590601,5,0.8924731182795699,48,3.3181818181818183,5,0.9836065573770492,0.12903225806451613,0.02944015444015444,1.3118279569892473,35,0
BPIC2012_10000_ABSENCE_10.0_1_alpha.pnml,38,12,0.998363672593813,11,0.9736842105263158,18,4.0,16,1.0,0.0,0.07738095238095238,1.368421052631579,0,9
Sepsis_100000_ABSENCE_4.0_3_inductive_inf.pnml,72,3,0.6252624052234231,7,0.9722222222222222,34,3.5625,9,0.9791666666666666,0.3333333333333333,0.03776553894571204,1.3333333333333333,24,0
Sepsis_20000_MIXED_0.1_4_heuristics.pnml,118,34,0.9377342939868041,8,1.0,91,5.166666666666667,15,1.0,0.5254237288135594,0.033390705679862305,1.6440677966101696,59,7
Sepsis_100000_ORDERING_2.0_4_alpha.pnml,24,2,0.9182958340544896,6,0.9583333333333334,21,4.833333333333333,15,0.975,0.0,0.15625,1.6666666666666667,0,5
RTFMS_10000_INSERTION_2.0_4_inductive.pnml,216,2,0.74959525725948,8,0.9814814814814815,152,5.485714285714286,29,1.0,0.12962962962962962,0.01908526256352343,1.5648148148148149,59,0
RTFMS_1000_SUBSTITUTION_0.4_5_alpha.pnml,29,13,0.9774178175281716,12,0.8620689655172413,12,3.764705882352941,5,0.9534883720930233,0.0,0.1053921568627451,1.4827586206896552,0,10
Sepsis_4000_ORDERING_1.0_4_alpha.pnml,24,10,0.9709505944546686,8,0.9583333333333334,20,4.133333333333334,14,1.0,0.0,0.1484375,1.5833333333333333,0,4
BPIC2012_4000_SUBSTITUTION_0.1_1_alpha.pnml,35,10,0.9612366047228759,4,0.8285714285714285,11,3.6153846153846154,11,0.9428571428571428,0.0,0.07,1.0,0,1
BPIC2012_100000_ORDERING_4.0_4_alpha.pnml,49,20,1.0,25,0.9795918367346939,52,5.7,22,1.0,0.5918367346938775,0.08583333333333333,2.1020408163265305,0,23
RTFMS_2000_MIXED_0.2_2_heuristics.pnml,68,29,0.9275265884316759,3,1.0,46,3.657142857142857,9,1.0,0.17647058823529413,0.044413919413919416,1.4264705882352942,29,3
BPIC2012_10000_ABSENCE_1.0_1_alpha.pnml,36,9,0.9975025463691152,8,0.9166666666666666,16,4.0,13,0.9545454545454546,0.0,0.0763888888888889,1.2222222222222223,0,5
RTFMS_40000_SUBSTITUTION_4.0_3_heuristics.pnml,901,11,0.9456603046006401,14,1.0,859,27.393939393939394,274,1.0,0.22641509433962265,0.023058767370319297,1.9300776914539401,77,2
RTFMS_1000_SUBSTITUTION_4.0_3_inductive.pnml,111,2,0.7045767128725936,5,0.9819819819819819,62,3.7872340425531914,12,1.0,0.21621621621621623,0.02676056338028169,1.3693693693693694,45,0
BPIC2012_1000_ORDERING_0.1_3_alpha.pnml,35,8,0.9967916319816366,6,0.8857142857142857,14,3.8,11,0.9487179487179487,0.0,0.07386363636363637,1.1142857142857143,0,2
BPIC2012_1000_ORDERING_0.1_3_heuristics.pnml,111,3,0.4586858162005403,1,0.972972972972973,57,4.774193548387097,11,0.934640522875817,0.7657657657657657,0.028759398496240603,1.3783783783783783,52,0
BPIC2012_40000_INSERTION_10.0_5_alpha.pnml,1836,27,0.9182958340544896,2,0.9972766884531591,217,77.33333333333333,236,1.0,0.0,0.031181768558951967,0.24891067538126363,0,0
Sepsis_20000_INSERTION_0.1_4_alpha.pnml,41,23,0.9949848281859701,14,0.9512195121951219,30,4.25,15,1.0,0.0,0.09242424242424242,1.4878048780487805,0,4
RTFMS_2000_ABSENCE_0.4_2_inductive.pnml,58,2,0.7355085815538398,3,0.9827586206896551,33,3.2413793103448274,5,1.0,0.06896551724137931,0.04720496894409938,1.3103448275862069,23,0
BPIC2012_1000_MIXED_0.2_1_heuristics.pnml,111,4,0.4689955935892812,1,0.9369369369369369,56,4.9,11,0.9281045751633987,0.7747747747747747,0.028759398496240603,1.3783783783783783,51,0
BPIC2012_10000_ORDERING_0.4_2_inductive.pnml,117,2,0.8314743880097293,9,0.9829059829059829,65,3.4035087719298245,6,0.9743589743589743,0.9145299145299145,0.02355072463768116,1.3333333333333333,44,0
BPIC2012_1000_MIXED_1.0_1_inductive.pnml,166,6,0.7062740891876007,11,0.9698795180722891,80,3.2564102564102564,6,0.9672897196261683,0.6506024096385542,0.015922619047619047,1.2891566265060241,68,0
RTFMS_100000_SUBSTITUTION_0.2_3_inductive.pnml,224,1,0.743898745288434,8,0.9821428571428571,157,5.605633802816901,37,1.0,0.10714285714285714,0.01870748299319728,1.5714285714285714,60,0
RTFMS_4000_MIXED_0.4_1_inductive.pnml,49,1,0.7024665512903903,2,0.9387755102040817,29,3.6666666666666665,7,1.0,0.5918367346938775,0.05913978494623656,1.346938775510204,16,0
BPIC2012_1000_INSERTION_1.0_1_alpha.pnml,41,11,0.9927744539878083,9,0.8780487804878049,17,3.75,12,0.9787234042553191,0.0,0.06456043956043957,1.146341463414634,0,4
BPIC2012_4000_MIXED_4.0_1_inductive.pnml,277,5,0.7219280948873623,16,0.9855595667870036,152,3.5538461538461537,9,1.0,0.516245487364621,0.010504668741662962,1.364620938628159,113,0
BPIC2012_10000_ABSENCE_0.2_5_inductive_inf.pnml,121,1,0.6987003526563343,8,0.9504132231404958,63,3.509433962264151,6,0.95,0.9504132231404959,0.022675736961451247,1.322314049586777,48,0
Sepsis_2000_SUBSTITUTION_1.0_4_inductive.pnml,121,4,0.6360156177392154,7,0.9669421487603306,67,3.4642857142857144,8,1.0,0.743801652892562,0.023289246693502012,1.3388429752066116,48,0
RTFMS_10000_SUBSTITUTION_0.1_3_heuristics.pnml,73,25,0.943601631299382,4,1.0,51,3.9444444444444446,10,1.0,0.3835616438356164,0.044189852700491,1.4794520547945205,30,3
RTFMS_2000_MIXED_2.0_1_alpha.pnml,35,14,1.0,12,0.9142857142857143,25,4.75,10,0.9807692307692307,0.0,0.09420289855072464,1.4857142857142858,0,3
Sepsis_4000_MIXED_0.1_1_inductive.pnml,106,4,0.5435644431995964,9,0.9811320754716981,48,3.375,10,0.9855072463768116,0.2641509433962264,0.025,1.3018867924528301,41,0
RTFMS_40000_MIXED_10.0_5_alpha.pnml,931,76,1.0,3,0.9924812030075187,245,71.875,309,0.9964601769911504,0.0,0.04367656153370439,0.60687432867884,0,1
Sepsis_10000_ORDERING_0.1_5_heuristics.pnml,107,32,0.9503376699710268,8,1.0,82,4.956521739130435,14,1.0,0.5514018691588785,0.03583128583128583,1.6355140186915889,57,7
RTFMS_2000_SUBSTITUTION_2.0_4_heuristics.pnml,101,27,0.9011701959974223,3,1.0,70,4.536585365853658,14,1.0,0.06930693069306931,0.03525345622119816,1.5148514851485149,40,3
RTFMS_1000_ABSENCE_10.0_2_inductive.pnml,53,4,0.6500224216483541,2,0.9811320754716981,32,3.4166666666666665,6,1.0,0.07547169811320754,0.05303030303030303,1.320754716981132,21,0
BPIC2012_4000_INSERTION_4.0_2_alpha.pnml,108,5,1.0,2,0.8240740740740741,20,8.666666666666666,23,0.7666666666666666,0.0,0.026041666666666668,0.5555555555555556,0,0
RTFMS_40000_SUBSTITUTION_10.0_4_heuristics.pnml,2154,14,0.8559596826463529,14,1.0,2069,39.88785046728972,661,1.0,0.1467038068709378,0.01275278328503889,1.9410399257195914,153,3
BPIC2012_4000_MIXED_1.0_3_alpha.pnml,54,13,0.9828586897127056,15,0.9814814814814815,28,4.5,14,0.9861111111111112,0.0,0.057233704292527825,1.3333333333333333,0,6
BPIC2012_100000_ABSENCE_0.1_4_inductive.pnml,144,2,0.6962122601251458,9,0.9722222222222222,79,3.515625,6,0.9739583333333334,0.9097222222222222,0.019358741681790685,1.3333333333333333,62,0
RTFMS_20000_MIXED_0.2_1_inductive.pnml,66,3,0.676941869780886,4,0.9393939393939394,39,4.0,8,1.0,0.24242424242424243,0.047522750252780584,1.4242424242424243,19,0
Sepsis_2000_MIXED_1.0_2_alpha.pnml,32,8,0.9927744539878083,10,0.90625,28,4.25,15,0.9807692307692307,0.40625,0.11255411255411256,1.625,0,2
Sepsis_1000_SUBSTITUTION_2.0_4_alpha.pnml,30,11,0.9940302114769565,5,0.8666666666666667,20,4.545454545454546,15,1.0,0.0,0.144,1.2,0,0
BPIC2012_4000_ABSENCE_0.1_3_alpha.pnml,34,8,0.9957274520849255,5,0.8529411764705882,13,4.0,12,0.9189189189189189,0.0,0.07708333333333334,1.088235294117647,0,1
RTFMS_40000_MIXED_0.4_2_heuristics.pnml,124,23,0.8721617883411699,3,1.0,94,5.7073170731707314,21,1.0,0.31451612903225806,0.03546099290780142,1.6129032258064515,42,1
RTFMS_10000_INSERTION_2.0_3_alpha.pnml,114,22,0.9852281360342515,9,0.9824561403508771,34,7.785714285714286,41,1.0,0.08771929824561403,0.041346153846153845,0.7543859649122807,0,3
RTFMS_40000_MIXED_0.4_4_alpha.pnml,46,10,0.954434002924965,6,0.9565217391304348,19,6.875,19,1.0,0.0,0.08241758241758242,0.9782608695652174,0,4
BPIC2012_1000_INSERTION_0.4_4_heuristics.pnml,111,4,0.4689955935892812,1,0.9369369369369369,56,4.9,11,0.9281045751633987,0.7747747747747747,0.028759398496240603,1.3783783783783783,51,0
BPIC2012_4000_ORDERING_0.4_4_heuristics.pnml,128,2,0.7320666900931938,4,0.96875,71,4.794871794871795,13,0.9668508287292817,0.6875,0.026073177758571018,1.4140625,64,3
BPIC2012_4000_INSERTION_0.4_4_alpha.pnml,35,10,1.0,1,0.7714285714285715,6,4.333333333333333,11,0.9565217391304348,0.0,0.07666666666666666,0.6571428571428571,0,0
RTFMS_100000_MIXED_10.0_5_alpha.pnml,2312,100,0.8112781244591328,0,0.9982698961937716,646,348.5,740,1.0,0.0,0.1004042153890573,0.601643598615917,0,0
BPIC2012_2000_ABSENCE_10.0_4_alpha.pnml,37,12,0.9980008838722996,9,0.972972972972973,17,4.0,16,0.9795918367346939,0.0,0.07852564102564102,1.3243243243243243,0,7
RTFMS_100000_ABSENCE_0.4_4_alpha.pnml,26,24,0.9852281360342515,15,0.9615384615384616,10,4.357142857142857,9,0.9523809523809523,0.0,0.12727272727272726,1.6153846153846154,0,11
BPIC2012_10000_INSERTION_1.0_4_alpha.pnml,91,17,0.9852281360342515,6,0.9120879120879121,18,4.571428571428571,17,0.96,0.0,0.028409090909090908,0.5494505494505495,0,4
RTFMS_10000_MIXED_0.2_4_heuristics.pnml,73,27,0.943601631299382,4,1.0,52,3.9444444444444446,11,1.0,0.3561643835616438,0.044189852700491,1.4794520547945205,31,3
RTFMS_2000_INSERTION_1.0_2_heuristics.pnml,79,27,0.863120568566631,2,1.0,53,4.057142857142857,9,1.0,0.1518987341772152,0.04095441595441596,1.4556962025316456,30,2
RTFMS_100000_SUBSTITUTION_4.0_2_alpha.pnml,1936,30,0.0,0,0.9989669421487604,645,660.0,675,1.0,0.0,0.17063081695966908,0.6818181818181818,0,0
BPIC2012_40000_MIXED_0.4_3_inductive.pnml,248,2,0.7255826757048172,13,0.9838709677419355,145,3.834862385321101,12,1.0,0.5362903225806451,0.012422360248447204,1.403225806451613,96,0
RTFMS_10000_MIXED_4.0_2_heuristics.pnml,201,36,0.9248187049730301,4,1.0,166,7.8,40,1.0,0.4925373134328358,0.02851021753460778,1.7213930348258706,58,4
BPIC2012_40000_MIXED_4.0_5_heuristics.pnml,604,0,0.5547781633412736,4,1.0,526,18.06451612903226,72,1.0,0.5894039735099338,0.017672151127361365,1.8245033112582782,130,3
RTFMS_100000_MIXED_4.0_5_inductive.pnml,1069,5,0.7732266742876346,10,0.9962581852198317,993,23.65909090909091,291,1.0,0.026192703461178673,0.014852794264558971,1.891487371375117,76,0
BPIC2012_2000_ORDERING_0.4_4_heuristics.pnml,111,5,0.6024308020404452,3,0.990990990990991,63,4.794117647058823,12,0.9683544303797469,0.7207207207207207,0.030691530691530692,1.4234234234234233,55,0
RTFMS_20000_INSERTION_0.4_2_alpha.pnml,58,12,1.0,5,0.9482758620689655,20,6.25,16,1.0,0.10344827586206896,0.06022408963585434,0.7413793103448276,0,0
Sepsis_2000_SUBSTITUTION_1.0_3_alpha.pnml,36,19,0.9798687566511528,7,0.8055555555555556,18,4.416666666666667,17,0.925,0.0,0.08928571428571429,1.1111111111111112,0,0
BPIC2012_40000_ORDERING_4.0_5_alpha.pnml,41,4,0.9990102708804813,20,0.926829268292683,42,5.111111111111111,19,1.0,0.4878048780487805,0.09926470588235294,1.975609756097561,0,11
BPIC2012_2000_SUBSTITUTION_0.1_1_alpha.pnml,34,8,1.0,4,0.7941176470588236,11,3.9166666666666665,11,0.8857142857142857,0.0,0.07291666666666667,1.0294117647058822,0,1
BPIC2012_1000_MIXED_4.0_2_inductive.pnml,197,2,0.7663350359691776,14,0.9796954314720813,100,3.3404255319148937,5,0.9692307692307692,0.8324873096446701,0.013835674755214985,1.3197969543147208,83,0
Sepsis_1000_MIXED_0.4_3_inductive.pnml,92,4,0.5746356978376794,9,0.967391304347826,40,3.2954545454545454,11,0.9833333333333333,0.2608695652173913,0.028694404591104734,1.3043478260869565,34,0
RTFMS_10000_INSERTION_0.1_1_heuristics.pnml,72,21,0.9494520153879484,5,0.9583333333333334,49,3.736842105263158,8,1.0,0.5,0.043209876543209874,1.4583333333333333,30,3
Sepsis_40000_INSERTION_0.2_1_alpha.pnml,68,18,1.0,6,0.8823529411764706,21,5.083333333333333,18,0.9583333333333334,0.0,0.05,0.7058823529411765,0,0
Sepsis_1000_MIXED_0.4_1_heuristics.pnml,100,28,0.9268190639645772,4,1.0,75,5.157894736842105,14,1.0,0.64,0.03885381253035454,1.6,52,4
Sepsis_10000_MIXED_1.0_4_heuristics.pnml,140,28,0.9426831892554922,9,1.0,111,5.84,19,1.0,0.5,0.031517094017094016,1.6857142857142857,64,7
RTFMS_100000_SUBSTITUTION_0.2_5_alpha.pnml,114,13,0.9182958340544896,3,0.9649122807017544,42,16.5,48,0.9893617021276596,0.0,0.08623853211009175,0.8245614035087719,0,0
Sepsis_2000_ABSENCE_2.0_3_heuristics.pnml,111,31,0.9564574047992594,7,1.0,86,5.111111111111111,14,1.0,0.5405405405405406,0.03515928515928516,1.6306306306306306,61,6
BPIC2012_4000_SUBSTITUTION_2.0_2_heuristics.pnml,176,3,0.6751914401458716,4,0.9886363636363636,118,6.288888888888889,17,0.9889705882352942,0.7045454545454546,0.023780381185521945,1.5454545454545454,68,3
RTFMS_20000_MIXED_1.0_3_alpha.pnml,68,3,0.9852281360342515,4,0.9558823529411765,30,10.0,28,1.0,0.0,0.08333333333333333,0.9117647058823529,0,2
RTFMS_100000_MIXED_0.1_5_inductive_inf.pnml,118,0,0.6840384356390417,7,0.8983050847457628,65,3.5272727272727273,9,1.0,0.2033898305084746,0.0243531202435312,1.3559322033898304,45,0
Sepsis_1000_MIXED_10.0_3_heuristics.pnml,128,32,0.9097361225311662,4,1.0,102,6.3,20,1.0,0.6484375,0.035583638177585634,1.671875,54,4
RTFMS_2000_ORDERING_10.0_4_inductive.pnml,37,0,0.863120568566631,4,0.9459459459459459,19,4.0,7,0.92,0.5945945945945946,0.0744047619047619,1.3513513513513513,9,0
RTFMS_20000_INSERTION_10.0_4_alpha.pnml,944,36,0.9852281360342515,3,0.9936440677966102,248,67.28571428571429,244,1.0,0.0,0.04113361762615494,0.4904661016949153,0,2
RTFMS_4000_ORDERING_2.0_3_alpha.pnml,25,12,0.9910760598382222,15,1.0,21,4.444444444444445,11,1.0,0.48,0.1525974025974026,1.88,0,12
Sepsis_2000_INSERTION_10.0_3_heuristics.pnml,230,39,0.9348490242345944,7,1.0,194,8.105263157894736,36,1.0,0.7130434782608696,0.02558257345491388,1.7565217391304349,84,6
BPIC2012_20000_ABSENCE_1.0_1_alpha.pnml,37,12,0.9980008838722996,9,0.972972972972973,17,4.0,16,1.0,0.0,0.07852564102564102,1.3243243243243243,0,7
RTFMS_40000_INSERTION_0.2_2_heuristics.pnml,114,17,0.8904916402194913,4,1.0,87,5.589743589743589,16,1.0,0.3333333333333333,0.03820598006644518,1.6140350877192982,34,1
RTFMS_20000_SUBSTITUTION_0.1_2_inductive_inf.pnml,69,1,0.41381685030363374,2,0.9420289855072463,39,4.166666666666667,8,0.9787234042553191,0.4492753623188406,0.04351851851851852,1.3623188405797102,24,0
RTFMS_20000_MIXED_2.0_1_inductive_inf.pnml,171,0,0.2761954276479391,7,0.9239766081871346,122,7.0,34,1.0,0.16374269005847952,0.02633587786259542,1.6140350877192982,38,0
BPIC2012_10000_INSERTION_0.1_2_heuristics.pnml,127,2,0.7531979910695014,4,0.905511811023622,71,5.0,13,0.9558011049723757,0.7007874015748031,0.026759314015375516,1.4251968503937007,57,3
RTFMS_4000_INSERTION_4.0_3_inductive_inf.pnml,77,1,0.0,0,0.8961038961038961,58,8.714285714285714,28,0.9838709677419355,0.35064935064935066,0.06666666666666667,1.6103896103896105,14,0
Sepsis_1000_MIXED_10.0_3_inductive.pnml,172,9,0.596510991708588,10,0.9767441860465116,87,3.6315789473684212,13,1.0,0.23255813953488372,0.016822429906542057,1.3604651162790697,64,0
BPIC2012_40000_SUBSTITUTION_4.0_3_inductive.pnml,1128,6,0.739480936716638,22,0.9964539007092199,932,10.497512437810945,108,1.0,0.0851063829787234,0.006432099486600334,1.7570921985815602,181,0
Sepsis_10000_MIXED_0.2_1_inductive_inf.pnml,109,4,0.5293608652873644,9,0.9724770642201834,50,3.34,10,0.9859154929577465,0.29357798165137616,0.024365133836650652,1.3027522935779816,44,0
RTFMS_1000_SUBSTITUTION_4.0_1_heuristics.pnml,92,7,0.9418285354475157,6,1.0,62,4.461538461538462,13,1.0,0.34782608695652173,0.038314176245210725,1.5217391304347827,33,5
BPIC2012_1000_ORDERING_4.0_5_heuristics.pnml,126,4,0.4305518670104394,1,0.9761904761904762,69,5.176470588235294,13,0.9553072625698324,0.7222222222222222,0.027178864257515943,1.4206349206349207,65,0
RTFMS_40000_ABSENCE_2.0_1_alpha.pnml,28,33,0.9774178175281716,19,1.0,12,4.352941176470588,10,1.0,0.0,0.12834224598930483,1.7142857142857142,0,11
Sepsis_2000_INSERTION_2.0_4_inductive.pnml,147,8,0.6252624052234231,9,0.9727891156462585,78,3.78125,16,1.0,0.21768707482993196,0.02031063321385902,1.3877551020408163,51,0
BPIC2012_100000_ABSENCE_4.0_1_heuristics.pnml,134,1,0.782444129406689,5,0.9626865671641791,76,4.744186046511628,16,0.96875,0.7164179104477612,0.024844720496894408,1.4328358208955223,67,4
Sepsis_40000_ORDERING_2.0_2_inductive_inf.pnml,73,3,0.5916727785823275,8,0.9726027397260274,37,3.4857142857142858,9,1.0,0.3287671232876712,0.037347560975609755,1.3424657534246576,25,0
BPIC2012_100000_MIXED_2.0_3_alpha.pnml,550,26,0.9852281360342515,1,0.9872727272727273,107,28.857142857142858,98,0.9948453608247423,0.0,0.035596330275229356,0.3527272727272727,0,0
BPIC2012_20000_ABSENCE_0.2_4_inductive.pnml,142,1,0.7153220528038851,9,0.971830985915493,75,3.5245901639344264,6,0.9521276595744681,0.9084507042253521,0.01940144478844169,1.323943661971831,60,0
RTFMS_100000_SUBSTITUTION_2.0_2_inductive.pnml,1146,4,0.7448423974714385,9,0.9965095986038395,1069,26.235294117647058,333,1.0,0.031413612565445025,0.015049866515430263,1.8987783595113439,78,0
Sepsis_100000_ABSENCE_0.1_4_inductive.pnml,95,3,0.5107878229540133,9,0.9789473684210527,44,3.4545454545454546,11,1.0,0.25263157894736843,0.028455284552845527,1.3263157894736841,37,0
RTFMS_1000_MIXED_0.2_4_alpha.pnml,25,11,1.0,9,0.88,13,3.5,5,0.9722222222222222,0.0,0.11538461538461539,1.44,0,6
RTFMS_2000_ORDERING_0.2_3_alpha.pnml,27,7,0.9980008838722996,13,0.962962962962963,18,3.8421052631578947,7,1.0,0.2222222222222222,0.125,1.6296296296296295,0,11
RTFMS_20000_INSERTION_10.0_2_heuristics.pnml,1090,42,0.74959525725948,1,1.0,1041,38.214285714285715,244,1.0,0.5045871559633027,0.022371079213184476,1.9302752293577983,80,1
RTFMS_40000_INSERTION_10.0_2_alpha.pnml,1917,2,1.0,2,0.9968701095461658,470,235.75,468,0.9968152866242038,0.0,0.04926778242677824,0.49139280125195617,0,0
Sepsis_1000_ABSENCE_0.4_4_inductive_inf.pnml,91,4,0.5107878229540133,9,0.967032967032967,42,3.340909090909091,11,1.0,0.26373626373626374,0.029411764705882353,1.3186813186813187,34,0
RTFMS_10000_MIXED_0.2_2_alpha.pnml,31,9,1.0,12,0.9032258064516129,25,4.15,9,0.9803921568627451,0.5806451612903226,0.10625,1.6451612903225807,0,10
BPIC2012_2000_ORDERING_0.2_4_heuristics.pnml,105,5,0.6252624052234231,3,0.9904761904761905,58,4.71875,10,0.9527027027027027,0.7619047619047619,0.031678082191780824,1.4095238095238096,50,0
RTFMS_2000_ORDERING_0.1_4_inductive.pnml,55,3,0.8256265261578954,4,0.9636363636363636,27,3.185185185185185,5,0.9714285714285714,0.07272727272727272,0.04704301075268817,1.2727272727272727,19,0
Sepsis_40000_ABSENCE_0.2_1_heuristics.pnml,108,36,0.9503376699710268,8,1.0,85,5.086956521739131,14,1.0,0.5462962962962963,0.03616161616161616,1.6574074074074074,58,7
RTFMS_20000_INSERTION_0.2_3_inductive.pnml,93,3,0.6292492238560345,5,0.956989247311828,56,4.052631578947368,7,1.0,0.2903225806451613,0.03381147540983607,1.4193548387096775,30,0
Sepsis_10000_INSERTION_0.2_1_alpha.pnml,36,35,0.9910760598382222,15,0.8611111111111112,22,4.444444444444445,17,0.9411764705882353,0.0,0.09272727272727273,1.4166666666666667,0,2
RTFMS_1000_ABSENCE_10.0_4_alpha.pnml,30,8,0.954434002924965,15,1.0,14,4.25,7,1.0,0.0,0.11483253588516747,1.6,0,14
Sepsis_1000_ABSENCE_0.2_4_heuristics.pnml,98,28,0.9268190639645772,4,1.0,73,5.052631578947368,14,1.0,0.6428571428571429,0.038980509745127435,1.5918367346938775,52,4
RTFMS_2000_MIXED_1.0_3_inductive.pnml,76,1,0.6394571324851641,5,0.9473684210526316,41,3.2972972972972974,5,1.0,0.15789473684210525,0.035842293906810034,1.3157894736842106,30,0
BPIC2012_100000_INSERTION_1.0_4_heuristics.pnml,715,4,0.6500224216483541,5,1.0,637,20.424242424242426,90,1.0,0.6083916083916084,0.017091256717651923,1.8503496503496504,118,4
Sepsis_20000_ABSENCE_10.0_3_inductive.pnml,95,3,0.5107878229540133,9,0.9789473684210527,44,3.4545454545454546,11,1.0,0.25263157894736843,0.028455284552845527,1.3263157894736841,37,0
BPIC2012_10000_ORDERING_10.0_3_heuristics.pnml,147,4,0.7219280948873623,4,0.9795918367346939,93,5.2444444444444445,18,0.990909090909091,0.7074829931972789,0.025310630464795213,1.4965986394557824,81,3
Sepsis_1000_INSERTION_1.0_2_alpha.pnml,27,11,0.9709505944546686,5,0.8148148148148149,16,4.4,14,0.9696969696969697,0.0,0.13095238095238096,1.2222222222222223,0,1
BPIC2012_1000_INSERTION_0.1_1_heuristics.pnml,110,4,0.4689955935892812,1,0.9363636363636364,55,4.833333333333333,11,0.9271523178807947,0.7727272727272727,0.028761904761904763,1.3727272727272728,51,0
Sepsis_100000_SUBSTITUTION_1.0_5_inductive.pnml,722,2,0.7088356733321961,13,0.9944598337950139,599,10.838709677419354,194,1.0,0.08310249307479224,0.010209003215434083,1.7590027700831026,112,0
Sepsis_4000_ABSENCE_0.1_4_alpha.pnml,22,15,0.9402859586706311,7,0.9545454545454546,18,4.0,14,1.0,0.0,0.17708333333333334,1.5454545454545454,0,2
RTFMS_40000_MIXED_2.0_1_inductive_inf.pnml,263,1,0.6699960320994333,8,0.973384030418251,209,8.491228070175438,62,1.0,0.10646387832699619,0.02206461780929866,1.703422053231939,47,0
RTFMS_2000_ABSENCE_0.2_3_inductive.pnml,58,1,0.7355085815538398,3,0.9310344827586207,33,3.2413793103448274,5,1.0,0.06896551724137931,0.04720496894409938,1.3103448275862069,23,0
Sepsis_40000_SUBSTITUTION_0.1_5_alpha.pnml,35,15,1.0,5,0.8857142857142857,19,4.8,15,1.0,0.0,0.12,1.0285714285714285,0,0
BPIC2012_4000_ABSENCE_2.0_2_inductive.pnml,144,1,0.7578784625383954,9,0.9722222222222222,76,3.453125,7,0.9526315789473684,0.8819444444444444,0.01904570970328789,1.3194444444444444,61,0
Sepsis_1000_MIXED_10.0_3_alpha.pnml,49,14,1.0,5,0.8775510204081632,17,5.2,18,0.9761904761904762,0.0,0.07142857142857142,0.8571428571428571,0,0
Sepsis_100000_heuristics.pnml,107,36,0.9503376699710268,8,1.0,84,5.043478260869565,14,1.0,0.5514018691588785,0.03624078624078624,1.6542056074766356,57,7
BPIC2012_4000_MIXED_0.4_5_alpha.pnml,41,8,0.9940302114769565,3,0.8048780487804879,10,3.727272727272727,12,0.8378378378378378,0.0,0.05606060606060606,0.9024390243902439,0,1
RTFMS_10000_INSERTION_4.0_1_alpha.pnml,189,10,0.0,0,0.9894179894179894,58,53.0,58,1.0,0.0,0.14171122994652408,0.5608465608465608,0,0
BPIC2012_40000_MIXED_0.4_5_inductive.pnml,299,7,0.7302987278735849,18,0.9866220735785953,163,3.535211267605634,11,1.0,0.38127090301003347,0.009705966314587497,1.3645484949832776,120,0
Sepsis_1000_MIXED_10.0_2_inductive.pnml,206,7,0.7537153483720095,11,0.9805825242718447,113,3.5670103092783507,11,1.0,0.1941747572815534,0.014271255060728745,1.3689320388349515,84,0
Sepsis_40000_ABSENCE_0.2_1_inductive.pnml,95,3,0.5107878229540133,9,0.9789473684210527,44,3.4545454545454546,11,1.0,0.25263157894736843,0.028455284552845527,1.3263157894736841,37,0
Sepsis_20000_ABSENCE_0.4_1_inductive.pnml,95,3,0.5107878229540133,9,0.9789473684210527,44,3.4545454545454546,11,1.0,0.25263157894736843,0.028455284552845527,1.3263157894736841,37,0
RTFMS_20000_INSERTION_2.0_5_alpha.pnml,200,20,1.0,4,0.98,77,18.25,70,0.9925925925925926,0.03,0.05798969072164949,0.675,0,1
Sepsis_40000_ABSENCE_10.0_5_inductive.pnml,96,4,0.5665095065529053,8,0.9791666666666666,44,3.3777777777777778,10,1.0,0.25,0.027937915742793792,1.3125,38,0
RTFMS_40000_ABSENCE_4.0_3_heuristics.pnml,69,23,0.898058793450166,3,1.0,47,3.7142857142857144,10,1.0,0.42028985507246375,0.045,1.434782608695652,32,1
Sepsis_100000_SUBSTITUTION_4.0_3_inductive.pnml,2141,3,0.6972053304032745,14,0.9981317141522653,2008,31.36842105263158,902,1.0,0.029892573563755253,0.009323021989032811,1.912190565156469,123,0
Sepsis_4000_INSERTION_4.0_2_alpha.pnml,94,8,0.7219280948873623,1,0.9468085106382979,17,9.2,19,1.0,0.0,0.058333333333333334,0.44680851063829785,0,0
Sepsis_20000_ABSENCE_0.4_5_inductive.pnml,95,3,0.5107878229540133,9,0.9789473684210527,44,3.4545454545454546,11,1.0,0.25263157894736843,0.028455284552845527,1.3263157894736841,37,0
Sepsis_4000_MIXED_0.1_5_inductive.pnml,99,4,0.5107878229540133,8,0.9797979797979798,43,3.3636363636363638,10,0.984375,0.32323232323232326,0.026578073089700997,1.292929292929293,39,0
BPIC2012_10000_MIXED_2.0_2_alpha.pnml,85,16,0.8812908992306927,3,0.8235294117647058,16,5.4,19,0.8703703703703703,0.0,0.033169533169533166,0.6352941176470588,0,0
BPIC2012_20000_ABSENCE_2.0_5_inductive.pnml,107,1,0.6665783579949205,6,0.9626168224299065,61,3.630434782608696,8,0.9791666666666666,0.8785046728971962,0.026607538802660754,1.3457943925233644,41,0
RTFMS_20000_ABSENCE_0.1_4_inductive.pnml,41,0,0.7424875695421236,2,0.975609756097561,26,3.5789473684210527,7,1.0,0.5853658536585366,0.07179487179487179,1.3658536585365855,14,0
BPIC2012_100000_MIXED_4.0_5_inductive.pnml,1371,4,0.7315775585475262,22,0.9970824215900802,1171,12.62439024390244,141,1.0,0.0700218818380744,0.006246698898955836,1.7943107221006565,187,0
Sepsis_2000_SUBSTITUTION_0.1_4_alpha.pnml,24,16,0.9402859586706311,7,0.9166666666666666,19,4.0,14,1.0,0.0,0.16203703703703703,1.4583333333333333,0,0
BPIC2012_1000_INSERTION_0.2_4_inductive.pnml,136,0,0.74959525725948,8,0.9338235294117647,66,3.4642857142857144,7,0.9204545454545454,0.9117647058823529,0.019642857142857142,1.2941176470588236,54,0
Sepsis_10000_ABSENCE_0.4_3_alpha.pnml,22,15,0.9402859586706311,7,0.9545454545454546,18,4.0,14,1.0,0.0,0.17708333333333334,1.5454545454545454,0,2
RTFMS_4000_ORDERING_2.0_3_heuristics.pnml,80,25,0.9418285354475157,4,1.0,55,3.948717948717949,11,1.0,0.475,0.040521978021978024,1.475,40,3
Sepsis_20000_SUBSTITUTION_10.0_2_alpha.pnml,970,9,0.8112781244591328,0,0.9958762886597938,115,56.75,115,1.0,0.0,0.038607376766632194,0.2309278350515464,0,0
Sepsis_4000_ABSENCE_4.0_2_alpha.pnml,22,14,0.9402859586706311,7,0.9545454545454546,19,4.071428571428571,14,1.0,0.0,0.18229166666666666,1.5909090909090908,0,2
Sepsis_1000_ABSENCE_0.2_2_alpha.pnml,23,15,0.9182958340544896,7,0.9130434782608696,16,4.333333333333333,14,1.0,0.0,0.15625,1.5217391304347827,0,2
RTFMS_10000_SUBSTITUTION_2.0_3_inductive.pnml,211,2,0.6873150928309273,6,0.981042654028436,151,6.166666666666667,37,1.0,0.11374407582938388,0.021164021164021163,1.5924170616113744,54,0
RTFMS_2000_SUBSTITUTION_0.2_1_alpha.pnml,26,8,0.8453509366224364,7,0.8076923076923077,10,3.3636363636363638,6,1.0,0.0,0.09171597633136094,1.1923076923076923,0,6
Sepsis_40000_ABSENCE_10.0_3_alpha.pnml,22,10,0.9402859586706311,7,0.9545454545454546,21,4.357142857142857,14,1.0,0.0,0.19270833333333334,1.6818181818181819,0,2
Sepsis_40000_MIXED_0.4_3_heuristics.pnml,157,35,0.9313043685793763,8,1.0,129,6.653061224489796,22,1.0,0.5095541401273885,0.03110651974288338,1.7261146496815287,62,7
Sepsis_4000_INSERTION_2.0_2_inductive.pnml,204,4,0.7347813522127804,11,0.9803921568627451,115,3.739130434782609,15,1.0,0.5735294117647058,0.014848896789710343,1.392156862745098,76,0
RTFMS_10000_ABSENCE_4.0_4_alpha.pnml,33,13,0.9940302114769565,23,1.0,22,4.636363636363637,9,1.0,0.5757575757575758,0.128099173553719,1.878787878787879,0,19
BPIC2012_40000_ABSENCE_0.4_1_alpha.pnml,36,10,0.9975025463691152,8,0.9166666666666666,16,4.0588235294117645,14,0.9555555555555556,0.0,0.078125,1.25,0,5
Sepsis_2000_SUBSTITUTION_0.1_2_alpha.pnml,27,19,0.863120568566631,8,0.8888888888888888,17,4.071428571428571,14,0.9230769230769231,0.2962962962962963,0.12037037037037036,1.4444444444444444,0,1
Sepsis_100000_SUBSTITUTION_0.2_3_inductive_inf.pnml,111,0,0.49418293484978865,2,0.9459459459459459,70,4.648648648648648,14,1.0,0.7387387387387387,0.03108003108003108,1.4414414414414414,40,0
BPIC2012_20000_ABSENCE_0.2_3_heuristics.pnml,123,5,0.7793498372920851,4,0.959349593495935,68,4.717948717948718,13,0.9657142857142857,0.7154471544715447,0.027089783281733747,1.4227642276422765,60,3
RTFMS_2000_ABSENCE_2.0_2_heuristics.pnml,69,29,0.9275265884316759,3,1.0,47,3.7142857142857144,9,1.0,0.17391304347826086,0.04427549194991055,1.434782608695652,31,3
BPIC2012_4000_MIXED_1.0_3_heuristics.pnml,145,2,0.7120640548905479,4,0.9724137931034482,86,5.390243902439025,14,0.971830985915493,0.6689655172413793,0.0249765478424015,1.4689655172413794,66,3
BPIC2012_20000_ORDERING_1.0_3_inductive.pnml,133,1,0.7706290693639405,10,0.9849624060150376,72,3.4838709677419355,9,0.9775280898876404,0.924812030075188,0.02086263478668542,1.3383458646616542,54,0
BPIC2012_10000_SUBSTITUTION_1.0_5_heuristics.pnml,193,1,0.6751914401458716,4,0.9689119170984456,132,7.0,22,0.9901315789473685,0.6528497409326425,0.023565891472868215,1.5751295336787565,66,3
BPIC2012_2000_INSERTION_2.0_1_inductive.pnml,205,3,0.6819353204567525,12,0.9804878048780488,110,3.5106382978723403,9,0.9927536231884058,0.7804878048780488,0.013863773357444244,1.3463414634146342,83,0
Sepsis_1000_ORDERING_0.1_4_alpha.pnml,23,15,0.9182958340544896,7,0.9130434782608696,16,4.333333333333333,14,1.0,0.0,0.15625,1.5217391304347827,0,2
BPIC2012_4000_ABSENCE_2.0_1_alpha.pnml,36,9,0.9975025463691152,8,0.9166666666666666,16,4.0,13,0.9545454545454546,0.0,0.0763888888888889,1.2222222222222223,0,5
BPIC2012_20000_SUBSTITUTION_10.0_1_heuristics.pnml,1329,4,0.5516699920020824,5,1.0,1221,29.488372093023255,194,0.9992035045798486,0.6275395033860045,0.01271392405063291,1.889390519187359,193,3
BPIC2012_10000_ORDERING_2.0_5_alpha.pnml,38,12,0.998363672593813,14,0.8947368421052632,27,4.619047619047619,16,0.9508196721311475,0.0,0.09077380952380952,1.605263157894737,0,6
Sepsis_20000_ABSENCE_10.0_5_alpha.pnml,23,12,0.9402859586706311,8,0.9565217391304348,19,4.285714285714286,14,1.0,0.0,0.16517857142857142,1.608695652173913,0,4
Sepsis_20000_ABSENCE_4.0_1_inductive.pnml,95,3,0.5107878229540133,9,0.9789473684210527,44,3.4545454545454546,11,1.0,0.25263157894736843,0.028455284552845527,1.3263157894736841,37,0
BPIC2012_2000_ABSENCE_4.0_2_inductive.pnml,144,1,0.7578784625383954,9,0.9722222222222222,76,3.453125,7,0.9526315789473684,0.8819444444444444,0.01904570970328789,1.3194444444444444,61,0
RTFMS_2000_ABSENCE_0.4_4_heuristics.pnml,67,29,0.9275265884316759,3,1.0,45,3.6,8,1.0,0.1791044776119403,0.04455909943714822,1.4179104477611941,29,3
Sepsis_1000_ORDERING_0.4_2_inductive_inf.pnml,89,2,0.4770713062193297,9,0.9662921348314607,38,3.41025641025641,11,0.9655172413793104,0.2696629213483146,0.02959183673469388,1.303370786516854,32,0
RTFMS_2000_INSERTION_1.0_5_inductive.pnml,90,2,0.6690158350565576,4,0.9555555555555556,52,3.6,8,1.0,0.17777777777777778,0.03242955874534822,1.3555555555555556,34,0
Sepsis_40000_ABSENCE_0.1_5_inductive_inf.pnml,95,3,0.5107878229540133,9,0.9789473684210527,44,3.4545454545454546,11,1.0,0.25263157894736843,0.028455284552845527,1.3263157894736841,37,0
Sepsis_20000_ORDERING_4.0_4_inductive_inf.pnml,62,0,0.6500224216483541,5,0.967741935483871,34,4.083333333333333,12,0.9767441860465116,0.8870967741935484,0.047149122807017545,1.3870967741935485,21,0
Sepsis_4000_ABSENCE_0.2_5_inductive.pnml,89,4,0.5266170655714281,9,0.9775280898876404,41,3.4285714285714284,11,1.0,0.2696629213483146,0.030256410256410255,1.3258426966292134,33,0
Sepsis_10000_MIXED_0.2_5_alpha.pnml,24,15,0.9456603046006401,6,0.9166666666666666,17,4.454545454545454,14,1.0,0.0,0.1736842105263158,1.375,0,2
BPIC2012_20000_ABSENCE_2.0_2_inductive.pnml,153,1,0.7162583911075449,9,0.9738562091503268,85,3.4507042253521125,6,0.9852941176470589,0.9150326797385621,0.01827956989247312,1.3333333333333333,68,0
BPIC2012_40000_MIXED_10.0_4_inductive.pnml,1392,1,0.7420183225388828,23,0.9971264367816092,1188,12.280373831775702,147,1.0,0.06896551724137931,0.006028439137439704,1.7902298850574712,195,0
Sepsis_1000_MIXED_0.2_5_inductive_inf.pnml,96,3,0.5185697317883058,9,0.96875,40,3.3255813953488373,11,0.967741935483871,0.2916666666666667,0.02720491443615621,1.2916666666666667,36,0
RTFMS_40000_INSERTION_10.0_2_inductive.pnml,2069,6,0.7578784625383954,11,0.9980666988883519,1984,42.4375,465,1.0,0.017399710004833254,0.013406887328652625,1.9381343644272595,81,0
RTFMS_4000_inductive.pnml,55,1,0.7642045065086203,3,0.9090909090909091,31,3.2962962962962963,5,0.9861111111111112,0.8727272727272727,0.049586776859504134,1.309090909090909,21,0
RTFMS_40000_SUBSTITUTION_2.0_5_heuristics.pnml,474,12,0.8426578772022391,5,1.0,435,19.291666666666668,135,1.0,0.11392405063291139,0.028190005073566716,1.8755274261603376,62,1
RTFMS_20000_ABSENCE_0.4_5_inductive.pnml,41,0,0.7424875695421236,2,0.975609756097561,26,3.5789473684210527,7,1.0,0.5853658536585366,0.07179487179487179,1.3658536585365855,14,0
Sepsis_10000_ORDERING_0.4_4_heuristics.pnml,110,31,0.9440870182837794,8,1.0,83,4.9361702127659575,14,1.0,0.5363636363636364,0.034636222910216716,1.6272727272727272,59,7
BPIC2012_2000_INSERTION_0.4_1_inductive_inf.pnml,142,0,0.6962122601251458,9,0.9436619718309859,72,3.390625,6,0.9623655913978495,0.9295774647887324,0.019088669950738917,1.3098591549295775,58,0
Sepsis_100000_ABSENCE_0.4_4_alpha.pnml,22,11,0.9402859586706311,7,0.9545454545454546,20,4.214285714285714,14,1.0,0.0,0.1875,1.6363636363636365,0,3
BPIC2012_20000_ORDERING_0.1_5_heuristics.pnml,125,4,0.7793498372920851,4,0.968,70,4.794871794871795,12,0.9662921348314607,0.704,0.02692075015124017,1.424,62,3
RTFMS_4000_INSERTION_0.1_1_inductive.pnml,66,2,0.7990485210442682,4,0.9090909090909091,33,3.121212121212121,5,0.9761904761904762,0.12121212121212122,0.039473684210526314,1.2727272727272727,25,0
RTFMS_10000_MIXED_0.1_1_heuristics.pnml,71,25,0.943601631299382,4,1.0,49,3.8333333333333335,10,1.0,0.36619718309859156,0.044444444444444446,1.4647887323943662,31,3
RTFMS_100000_inductive_inf.pnml,67,2,0.8879763195151349,7,0.9701492537313433,30,3.111111111111111,5,0.9534883720930233,0.05970149253731343,0.03853046594982079,1.2835820895522387,24,0
BPIC2012_2000_SUBSTITUTION_10.0_4_inductive.pnml,344,6,0.7424875695421236,15,0.9883720930232558,216,4.466165413533835,23,1.0,0.49709302325581395,0.010121538155010958,1.4767441860465116,113,0
Sepsis_4000_inductive_inf.pnml,89,4,0.5435644431995964,8,0.9775280898876404,39,3.4,10,0.9827586206896551,0.2696629213483146,0.029743589743589743,1.303370786516854,33,0
BPIC2012_2000_ABSENCE_0.2_2_alpha.pnml,34,8,0.9957274520849255,5,0.8529411764705882,13,4.0,12,0.9189189189189189,0.0,0.07708333333333334,1.088235294117647,0,1
RTFMS_4000_ABSENCE_10.0_5_inductive.pnml,46,1,0.7024665512903903,2,0.9782608695652174,29,3.5238095238095237,6,1.0,0.7608695652173914,0.06288032454361055,1.3478260869565217,17,0
RTFMS_4000_MIXED_2.0_2_inductive.pnml,120,2,0.7424875695421236,7,0.9666666666666667,66,3.543859649122807,7,1.0,0.16666666666666666,0.024296296296296295,1.3666666666666667,45,0
Sepsis_40000_ABSENCE_0.1_4_inductive.pnml,95,3,0.5107878229540133,9,0.9789473684210527,44,3.4545454545454546,11,1.0,0.25263157894736843,0.028455284552845527,1.3263157894736841,37,0
RTFMS_1000_SUBSTITUTION_0.1_3_inductive_inf.pnml,50,3,0.6840384356390417,2,0.96,26,3.3181818181818183,5,0.953125,0.08,0.05333333333333334,1.28,17,0
Sepsis_100000_SUBSTITUTION_4.0_1_alpha.pnml,1878,20,0.8112781244591328,0,0.9978700745473909,184,97.5,200,1.0,0.0,0.0344,0.20607028753993611,0,0
BPIC2012_20000_MIXED_0.1_3_alpha.pnml,47,11,0.9876925088958034,12,0.9361702127659575,24,4.217391304347826,13,0.9523809523809523,0.0,0.06350806451612903,1.3404255319148937,0,4
Sepsis_2000_INSERTION_1.0_5_inductive.pnml,112,4,0.5993142373098092,6,0.9642857142857143,58,3.5833333333333335,7,0.9866666666666667,0.49107142857142855,0.025278058645096056,1.3392857142857142,42,0
RTFMS_10000_ABSENCE_1.0_3_heuristics.pnml,70,25,0.943601631299382,4,1.0,48,3.7777777777777777,9,1.0,0.37142857142857144,0.044580419580419584,1.457142857142857,32,3
RTFMS_1000_MIXED_2.0_4_inductive.pnml,76,2,0.6722948170756379,3,0.9605263157894737,39,3.323529411764706,5,0.9795918367346939,0.15789473684210525,0.035507246376811595,1.2894736842105263,30,0
Sepsis_20000_SUBSTITUTION_4.0_5_alpha.pnml,408,16,0.9182958340544896,0,0.9901960784313726,59,35.666666666666664,59,0.9905660377358491,0.0,0.043621399176954734,0.25980392156862747,0,0
BPIC2012_4000_ORDERING_4.0_2_heuristics.pnml,140,3,0.7024665512903903,4,0.9928571428571429,81,5.023809523809524,14,0.9753694581280788,0.7142857142857143,0.025006159152500616,1.45,74,3
BPIC2012_40000_ABSENCE_1.0_3_alpha.pnml,38,10,0.9927744539878083,10,0.9736842105263158,18,3.95,15,1.0,0.0,0.0744047619047619,1.3157894736842106,0,9
BPIC2012_100000_SUBSTITUTION_1.0_2_inductive.pnml,922,7,0.7386650272701814,23,0.9956616052060737,716,8.009478672985782,77,1.0,0.10412147505422993,0.006170440575802038,1.6876355748373102,190,0
RTFMS_1000_MIXED_10.0_1_alpha.pnml,49,22,0.9182958340544896,10,0.9591836734693877,26,4.933333333333334,16,1.0,0.0,0.07179487179487179,1.1428571428571428,0,4
RTFMS_20000_heuristics.pnml,57,30,0.9182958340544896,2,0.9649122807017544,40,3.6333333333333333,8,0.9876543209876543,0.3684210526315789,0.052597402597402594,1.4210526315789473,23,1
BPIC2012_1000_INSERTION_0.4_1_alpha.pnml,37,15,1.0,7,0.8918918918918919,13,3.8125,12,0.95,0.0,0.06993006993006994,1.0810810810810811,0,3
BPIC2012_40000_INSERTION_10.0_5_heuristics.pnml,2169,2,0.7076690004167968,11,1.0,2049,37.10526315789474,304,1.0,0.7920700783771323,0.010582144851037914,1.9225449515905948,241,3
BPIC2012_100000_ORDERING_0.1_3_inductive.pnml,130,0,0.7771529943226336,9,0.9846153846153847,71,3.4098360655737703,5,0.9767441860465116,0.9230769230769231,0.021073266356285224,1.323076923076923,52,0
RTFMS_2000_MIXED_10.0_4_heuristics.pnml,145,28,0.9248187049730301,5,1.0,109,5.56,24,1.0,0.6482758620689655,0.02927927927927928,1.6137931034482758,56,5
BPIC2012_2000_INSERTION_0.1_3_alpha.pnml,31,6,0.9910760598382222,3,0.7741935483870968,10,4.333333333333333,11,0.9285714285714286,0.0,0.08333333333333333,0.9032258064516129,0,1
RTFMS_40000_ORDERING_0.4_3_heuristics.pnml,75,22,0.8879763195151349,3,1.0,51,3.888888888888889,11,1.0,0.38666666666666666,0.04277864992150707,1.4533333333333334,37,1
BPIC2012_20000_INSERTION_1.0_2_heuristics.pnml,244,5,0.6800770457282799,5,0.9877049180327869,178,8.3,27,0.9875,0.6926229508196722,0.021600604816934873,1.639344262295082,82,3
BPIC2012_1000_ABSENCE_1.0_4_inductive_inf.pnml,126,1,0.7300166301457938,7,0.9285714285714286,62,3.5918367346938775,6,0.9146341463414634,0.9047619047619048,0.021437908496732026,1.3015873015873016,50,0
BPIC2012_100000_INSERTION_10.0_2_alpha.pnml,4666,35,0.0,0,0.9995713673381912,571,588.5,606,1.0,0.0,0.06308962264150944,0.25225032147449633,0,0
RTFMS_20000_ORDERING_1.0_5_heuristics.pnml,73,25,0.898058793450166,3,1.0,52,4.0,11,1.0,0.3287671232876712,0.045,1.4794520547945205,36,1
BPIC2012_10000_INSERTION_2.0_4_inductive.pnml,341,3,0.6919278850058868,14,0.9882697947214076,218,4.693548387096774,21,1.0,0.3841642228739003,0.010478547854785478,1.4897360703812317,106,0
BPIC2012_10000_INSERTION_0.2_4_inductive.pnml,229,4,0.6568871346605054,14,0.9781659388646288,117,3.2410714285714284,6,0.9966442953020134,0.9650655021834061,0.011741528762805358,1.3013100436681222,102,0
Sepsis_40000_ABSENCE_1.0_3_alpha.pnml,22,15,0.9402859586706311,7,0.9545454545454546,18,4.0,14,1.0,0.0,0.17708333333333334,1.5454545454545454,0,2
RTFMS_10000_ORDERING_0.4_5_inductive.pnml,36,0,0.6500224216483541,2,0.9444444444444444,20,4.166666666666667,7,0.9583333333333334,0.5555555555555556,0.07792207792207792,1.3333333333333333,10,0
RTFMS_1000_SUBSTITUTION_10.0_1_inductive.pnml,151,1,0.691289869405789,5,0.9735099337748344,98,4.703703703703703,18,1.0,0.15894039735099338,0.0237892948173322,1.4834437086092715,49,0
Sepsis_100000_ORDERING_4.0_5_alpha.pnml,21,4,0.9709505944546686,4,0.9523809523809523,19,5.1,15,1.0,0.0,0.225,1.7142857142857142,0,2
RTFMS_10000_ABSENCE_0.2_1_inductive.pnml,49,1,0.6840384356390417,2,0.9795918367346939,31,3.5454545454545454,6,1.0,0.7755102040816326,0.05913978494623656,1.346938775510204,19,0
RTFMS_100000_ABSENCE_2.0_3_inductive.pnml,65,1,0.7642045065086203,6,0.9846153846153847,36,3.1666666666666665,4,1.0,0.06153846153846154,0.041505791505791506,1.323076923076923,25,0
RTFMS_40000_inductive_inf.pnml,63,2,0.833764907210665,7,0.9682539682539683,29,3.176470588235294,5,0.975609756097561,0.06349206349206349,0.04158215010141988,1.3015873015873016,22,0
RTFMS_20000_SUBSTITUTION_1.0_3_heuristics.pnml,184,22,0.8485481782946158,3,1.0,154,8.8,44,1.0,0.22282608695652173,0.03463203463203463,1.7391304347826086,46,1
BPIC2012_4000_MIXED_0.4_3_heuristics.pnml,136,2,0.7120640548905479,4,0.9411764705882353,76,4.878048780487805,13,0.9689119170984456,0.6764705882352942,0.02477535301668806,1.4191176470588236,64,3
BPIC2012_40000_ABSENCE_0.1_3_heuristics.pnml,128,4,0.7592757847892833,4,0.96875,70,4.658536585365853,13,0.9615384615384616,0.78125,0.025511634426689096,1.421875,63,3
Sepsis_1000_SUBSTITUTION_2.0_4_inductive_inf.pnml,105,1,0.3424637724817959,8,0.9333333333333333,51,3.404255319148936,10,1.0,0.3047619047619048,0.02570789865871833,1.3142857142857143,42,0
BPIC2012_10000_ABSENCE_4.0_5_inductive_inf.pnml,93,1,0.6394571324851641,5,0.9032258064516129,50,3.72972972972973,9,0.9516129032258065,0.8709677419354839,0.030214424951267055,1.3333333333333333,33,0
RTFMS_1000_ORDERING_2.0_1_inductive.pnml,43,1,0.8112781244591328,2,0.9534883720930233,24,3.75,5,0.9285714285714286,0.8372093023255814,0.06334841628959276,1.302325581395349,14,0
RTFMS_2000_MIXED_1.0_3_heuristics.pnml,73,29,0.9275265884316759,3,1.0,51,3.942857142857143,12,1.0,0.1643835616438356,0.04378068739770868,1.4657534246575343,32,3
RTFMS_1000_MIXED_0.2_1_heuristics.pnml,55,17,0.9293636260137187,3,1.0,32,3.310344827586207,5,1.0,0.12727272727272726,0.050271739130434784,1.3454545454545455,20,4
BPIC2012_4000_INSERTION_0.2_5_inductive.pnml,153,0,0.7455178428108284,9,0.9150326797385621,74,3.393939393939394,6,0.9393939393939394,0.8954248366013072,0.01746031746031746,1.2941176470588236,63,0
Sepsis_40000_ABSENCE_0.2_3_inductive_inf.pnml,95,3,0.5107878229540133,9,0.9789473684210527,44,3.4545454545454546,11,1.0,0.25263157894736843,0.028455284552845527,1.3263157894736841,37,0
Sepsis_20000_ORDERING_2.0_5_alpha.pnml,23,10,0.863120568566631,8,0.9565217391304348,22,4.785714285714286,15,1.0,0.0,0.1875,1.826086956521739,0,4
BPIC2012_40000_MIXED_4.0_4_heuristics.pnml,614,3,0.5801954953637369,4,1.0,534,17.53846153846154,82,1.0,0.6596091205211726,0.017086578103527258,1.8224755700325732,124,3
RTFMS_4000_ABSENCE_0.4_3_heuristics.pnml,70,25,0.9568886656798212,4,1.0,48,3.72972972972973,9,1.0,0.5142857142857142,0.044580419580419584,1.457142857142857,32,3
BPIC2012_10000_ABSENCE_10.0_2_heuristics.pnml,129,1,0.7320666900931938,4,0.937984496124031,74,4.9743589743589745,16,0.967741935483871,0.7131782945736435,0.026495726495726495,1.441860465116279,65,3
RTFMS_40000_ABSENCE_1.0_3_heuristics.pnml,72,22,0.8879763195151349,3,1.0,48,3.7222222222222223,10,1.0,0.4444444444444444,0.04306020066889632,1.4305555555555556,34,1
BPIC2012_2000_ORDERING_0.4_4_inductive.pnml,131,1,0.7642045065086203,10,0.9618320610687023,63,3.5555555555555554,7,0.9244186046511628,0.8778625954198473,0.02057416267942584,1.3129770992366412,51,0
RTFMS_4000_ORDERING_0.4_2_heuristics.pnml,72,25,0.9568886656798212,4,1.0,50,3.8378378378378377,10,1.0,0.5,0.04431438127090301,1.4722222222222223,34,3
RTFMS_100000_MIXED_0.4_4_heuristics.pnml,184,10,0.8453509366224364,5,1.0,147,7.818181818181818,38,1.0,0.20652173913043478,0.03058823529411765,1.6956521739130435,51,2
Sepsis_2000_SUBSTITUTION_4.0_1_inductive.pnml,206,1,0.6840384356390417,10,0.9805825242718447,117,3.8636363636363638,20,1.0,0.21359223300970873,0.014925373134328358,1.3980582524271845,77,0
RTFMS_2000_alpha.pnml,27,12,0.8112781244591328,10,0.8518518518518519,9,3.8333333333333335,6,0.9459459459459459,0.0,0.10511363636363637,1.3703703703703705,0,9
Sepsis_2000_ABSENCE_1.0_4_alpha.pnml,22,19,0.8904916402194913,7,0.9545454545454546,16,4.0,14,1.0,0.0,0.171875,1.5,0,1
RTFMS_4000_INSERTION_0.4_4_inductive_inf.pnml,69,1,0.5787946246321198,2,0.855072463768116,41,3.586206896551724,6,1.0,0.6811594202898551,0.04181818181818182,1.3333333333333333,24,0
RTFMS_20000_ABSENCE_0.1_5_inductive.pnml,44,0,0.7219280948873623,2,0.9772727272727273,28,3.6,7,1.0,0.6136363636363636,0.06696428571428571,1.3636363636363635,16,0
RTFMS_2000_SUBSTITUTION_2.0_4_inductive.pnml,124,0,0.74959525725948,6,0.9516129032258065,71,3.6607142857142856,9,0.9941176470588236,0.16129032258064516,0.02390998593530239,1.3709677419354838,49,0
Sepsis_100000_SUBSTITUTION_2.0_4_alpha.pnml,966,5,0.9709505944546686,0,0.9937888198757764,107,44.4,107,0.9954128440366973,0.0,0.028326403326403328,0.22567287784679088,0,0
Sepsis_40000_ORDERING_4.0_5_inductive.pnml,91,2,0.4537163391869448,12,0.978021978021978,40,3.5238095238095237,14,0.9836065573770492,0.26373626373626374,0.029640427599611274,1.3406593406593406,32,0
RTFMS_10000_ABSENCE_4.0_4_inductive_inf.pnml,37,0,0.5916727785823275,1,0.8648648648648649,23,3.9285714285714284,7,0.98,0.8108108108108109,0.08012820512820513,1.3513513513513513,12,0
BPIC2012_10000_ABSENCE_10.0_2_inductive.pnml,118,0,0.6343095546405662,6,0.9661016949152542,71,3.78,9,0.9938271604938271,0.8898305084745762,0.025116279069767444,1.3728813559322033,50,0
BPIC2012_40000_SUBSTITUTION_10.0_5_heuristics.pnml,2440,5,0.5349436990971066,8,1.0,2290,38.34146341463415,410,1.0,0.6524590163934426,0.0090418886039324,1.915983606557377,277,3
RTFMS_2000_SUBSTITUTION_0.2_1_inductive.pnml,77,1,0.6892019851173655,4,0.948051948051948,41,3.210526315789474,5,1.0,0.15584415584415584,0.03506311360448808,1.2987012987012987,32,0
RTFMS_4000_ORDERING_2.0_5_alpha.pnml,24,18,0.9910760598382222,14,1.0,18,4.111111111111111,10,1.0,0.625,0.15034965034965034,1.7916666666666667,0,10
BPIC2012_10000_INSERTION_0.1_5_inductive.pnml,157,0,0.7276874545656657,9,0.9235668789808917,78,3.36231884057971,6,0.9509803921568627,0.8980891719745223,0.017137096774193547,1.2993630573248407,64,0
RTFMS_2000_INSERTION_1.0_2_alpha.pnml,30,8,1.0,4,0.8666666666666667,11,4.625,9,0.9393939393939394,0.0,0.0873015873015873,1.1,0,2
Sepsis_100000_ABSENCE_0.2_5_inductive.pnml,95,3,0.5107878229540133,9,0.9789473684210527,44,3.4545454545454546,11,1.0,0.25263157894736843,0.028455284552845527,1.3263157894736841,37,0
Sepsis_1000_MIXED_10.0_2_inductive_inf.pnml,97,1,0.30337483608641397,5,0.979381443298969,55,4.0,9,1.0,0.32989690721649484,0.03087557603686636,1.3814432989690721,34,0
RTFMS_100000_MIXED_10.0_5_inductive.pnml,2476,3,0.7382848661434506,10,0.9983844911147012,2389,50.833333333333336,707,1.0,0.01615508885298869,0.013212719298245613,1.9466882067851372,90,0
Sepsis_2000_INSERTION_4.0_3_alpha.pnml,56,7,0.0,0,0.9285714285714286,10,13.5,17,0.9310344827586207,0.0,0.09119496855345911,0.5178571428571429,0,0
Sepsis_10000_INSERTION_10.0_3_alpha.pnml,464,1,0.0,0,0.9956896551724138,53,52.5,53,1.0,0.0,0.056818181818181816,0.22629310344827586,0,0
Sepsis_4000_ABSENCE_2.0_5_inductive.pnml,95,3,0.5107878229540133,9,0.9789473684210527,44,3.4545454545454546,11,1.0,0.25263157894736843,0.028455284552845527,1.3263157894736841,37,0
RTFMS_2000_SUBSTITUTION_0.1_5_inductive_inf.pnml,54,2,0.7642045065086203,3,0.9444444444444444,30,3.2222222222222223,5,1.0,0.07407407407407407,0.04971590909090909,1.2962962962962963,20,0
RTFMS_100000_INSERTION_0.2_2_alpha.pnml,114,2,1.0,1,0.9649122807017544,33,18.0,34,0.9722222222222222,0.0,0.06605504587155964,0.631578947368421,0,0
BPIC2012_20000_INSERTION_2.0_4_heuristics.pnml,375,3,0.6360156177392154,4,0.9973333333333333,307,12.125,38,1.0,0.632,0.020246153846153848,1.7546666666666666,85,3
BPIC2012_40000_INSERTION_0.2_5_inductive.pnml,228,4,0.6761627418829198,13,0.9824561403508771,130,3.742574257425743,9,1.0,0.5964912280701754,0.013128375571250519,1.3859649122807018,87,0
Sepsis_1000_MIXED_0.2_5_heuristics.pnml,98,28,0.9268190639645772,4,1.0,73,5.052631578947368,14,1.0,0.6428571428571429,0.038980509745127435,1.5918367346938775,52,4
RTFMS_4000_ORDERING_2.0_4_inductive.pnml,32,0,0.6840384356390417,3,0.9375,18,4.363636363636363,7,0.9545454545454546,0.53125,0.08906882591093117,1.375,7,0
BPIC2012_4000_ABSENCE_0.1_3_inductive.pnml,140,2,0.7153220528038851,9,0.9714285714285714,73,3.459016393442623,6,0.9510869565217391,0.8785714285714286,0.019446205876136123,1.3142857142857143,58,0
BPIC2012_4000_SUBSTITUTION_0.4_4_alpha.pnml,39,15,0.954434002924965,2,0.8205128205128205,6,4.0,13,0.8928571428571429,0.0,0.0625,0.717948717948718,0,1
Sepsis_2000_INSERTION_0.1_2_inductive.pnml,89,4,0.5435644431995964,8,0.9775280898876404,39,3.4,10,0.9827586206896551,0.2696629213483146,0.029743589743589743,1.303370786516854,33,0
Sepsis_1000_MIXED_4.0_3_inductive.pnml,130,3,0.6807937753703206,6,0.9692307692307692,71,3.377049180327869,8,1.0,0.7538461538461538,0.0215,1.323076923076923,54,0
RTFMS_40000_MIXED_10.0_5_heuristics.pnml,1052,22,0.877437311089633,7,1.0,1004,32.53125,308,1.0,0.4781368821292776,0.02147771779400868,1.9287072243346008,81,2
RTFMS_1000_ABSENCE_0.1_5_inductive_inf.pnml,47,2,0.7024665512903903,2,0.9361702127659575,24,3.2857142857142856,5,0.9666666666666667,0.0851063829787234,0.05639097744360902,1.2765957446808511,16,0
RTFMS_20000_SUBSTITUTION_0.2_1_alpha.pnml,36,12,0.9852281360342515,5,0.9444444444444444,15,6.0,14,1.0,0.16666666666666666,0.08866995073891626,1.0,0,1
BPIC2012_40000_SUBSTITUTION_4.0_4_heuristics.pnml,1083,11,0.635489638182683,5,1.0,990,25.580246913580247,162,1.0,0.6343490304709142,0.014181929521794801,1.8818097876269622,169,3
Sepsis_2000_SUBSTITUTION_4.0_2_alpha.pnml,67,18,0.9980008838722996,9,0.8507462686567164,33,5.421052631578948,16,1.0,0.0,0.06315789473684211,1.0746268656716418,0,0
Sepsis_20000_ABSENCE_2.0_4_inductive_inf.pnml,80,1,0.41381685030363374,8,0.9375,40,3.5833333333333335,10,1.0,0.3,0.034526854219948847,1.35,29,0
BPIC2012_40000_SUBSTITUTION_1.0_5_alpha.pnml,254,2,0.9182958340544896,5,0.9488188976377953,51,10.083333333333334,42,0.9814814814814815,0.0,0.022131147540983605,0.4251968503937008,0,0
RTFMS_10000_INSERTION_2.0_4_inductive_inf.pnml,139,0,0.5435644431995964,8,0.9496402877697842,90,4.958333333333333,25,1.0,0.2014388489208633,0.02577319587628866,1.5107913669064748,41,0
Sepsis_40000_SUBSTITUTION_10.0_1_alpha.pnml,1878,20,0.8112781244591328,0,0.9978700745473909,184,97.5,200,1.0,0.0,0.0344,0.20607028753993611,0,0
Sepsis_1000_MIXED_0.1_2_alpha.pnml,23,15,0.9182958340544896,7,0.9130434782608696,16,4.333333333333333,14,1.0,0.0,0.15625,1.5217391304347827,0,2
BPIC2012_10000_SUBSTITUTION_0.2_1_alpha.pnml,51,23,0.9612366047228759,6,0.8235294117647058,11,4.153846153846154,15,0.9148936170212766,0.0,0.04757085020242915,0.9215686274509803,0,2
BPIC2012_2000_SUBSTITUTION_10.0_3_heuristics.pnml,248,1,0.5363596511250623,3,0.9879032258064516,189,8.755102040816327,31,1.0,0.6008064516129032,0.023369256948383436,1.6612903225806452,81,0
Sepsis_40000_INSERTION_0.4_1_inductive_inf.pnml,120,0,0.5225593745369408,5,0.95,65,3.5686274509803924,8,1.0,0.8833333333333333,0.023703703703703703,1.3333333333333333,53,0
Sepsis_2000_ORDERING_0.1_3_inductive.pnml,89,4,0.5435644431995964,8,0.9775280898876404,39,3.4,10,0.9827586206896551,0.2696629213483146,0.029743589743589743,1.303370786516854,33,0
Sepsis_1000_ORDERING_1.0_3_heuristics.pnml,98,28,0.9268190639645772,4,1.0,73,5.052631578947368,14,1.0,0.6428571428571429,0.038980509745127435,1.5918367346938775,52,4
BPIC2012_40000_MIXED_4.0_4_alpha.pnml,436,24,0.863120568566631,3,0.981651376146789,63,22.428571428571427,82,0.9933333333333333,0.0,0.029069767441860465,0.3440366972477064,0,0
BPIC2012_4000_MIXED_4.0_3_inductive_inf.pnml,159,2,0.35335933502142136,7,0.8867924528301887,91,4.033333333333333,12,1.0,0.7232704402515723,0.019070735090152564,1.3836477987421383,58,0
RTFMS_40000_ORDERING_10.0_5_alpha.pnml,21,1,0.7219280948873623,8,1.0,16,5.2,11,1.0,0.0,0.16818181818181818,1.7619047619047619,0,8
BPIC2012_1000_SUBSTITUTION_1.0_3_inductive.pnml,166,3,0.6550239908788728,9,0.9578313253012049,82,3.25974025974026,5,0.9766355140186916,0.6867469879518072,0.01605642256902761,1.2891566265060241,68,0
RTFMS_100000_INSERTION_1.0_1_inductive.pnml,604,6,0.7618624463753667,10,0.9933774834437086,528,13.395348837209303,116,1.0,0.059602649006622516,0.015203313043719947,1.8112582781456954,73,0
RTFMS_10000_SUBSTITUTION_1.0_1_inductive.pnml,160,0,0.7219280948873623,6,0.975,103,4.533333333333333,18,1.0,0.15,0.02194940476190476,1.475,54,0
RTFMS_20000_SUBSTITUTION_0.1_2_inductive.pnml,110,2,0.7444131797881748,6,0.9818181818181818,58,3.423076923076923,10,1.0,0.18181818181818182,0.025338424158278375,1.3272727272727274,44,0
Sepsis_10000_MIXED_10.0_5_heuristics.pnml,384,34,0.9182958340544896,9,1.0,339,12.666666666666666,60,1.0,0.6536458333333334,0.022223625228865458,1.8333333333333333,87,10
BPIC2012_40000_INSERTION_10.0_2_heuristics.pnml,2211,6,0.5404508712940566,7,1.0,2074,37.78761061946903,302,1.0,0.7734056987788331,0.009838786154575629,1.9145183175033922,250,3
BPIC2012_100000_MIXED_0.2_5_inductive_inf.pnml,150,0,0.6193821946787638,6,0.88,90,4.461538461538462,12,0.9719626168224299,0.7,0.021620529399878765,1.4266666666666667,50,0
BPIC2012_40000_MIXED_10.0_3_heuristics.pnml,1312,1,0.6840384356390417,9,1.0,1202,25.434343434343436,171,1.0,0.7835365853658537,0.011850999568531568,1.8841463414634145,207,4
RTFMS_40000_INSERTION_0.1_1_inductive.pnml,109,4,0.6800770457282799,8,0.963302752293578,63,3.72,8,1.0,0.14678899082568808,0.027259684361549498,1.3944954128440368,38,0
BPIC2012_10000_MIXED_4.0_3_alpha.pnml,139,10,0.954434002924965,3,0.9280575539568345,40,10.125,35,0.9493670886075949,0.0,0.03769083969465649,0.5683453237410072,0,0
RTFMS_4000_MIXED_2.0_3_alpha.pnml,35,8,0.9910760598382222,5,0.9142857142857143,21,5.666666666666667,16,1.0,0.17142857142857143,0.10459183673469388,1.1714285714285715,0,1
BPIC2012_2000_MIXED_2.0_2_heuristics.pnml,123,8,0.5713549744279549,3,0.991869918699187,69,4.891891891891892,13,0.9715909090909091,0.7154471544715447,0.0280970625798212,1.4308943089430894,56,0
BPIC2012_4000_SUBSTITUTION_0.2_1_inductive.pnml,143,0,0.7088356733321961,9,0.9370629370629371,73,3.467741935483871,6,0.9521276595744681,0.8881118881118881,0.019066937119675456,1.3146853146853146,57,0
Sepsis_2000_SUBSTITUTION_0.4_1_alpha.pnml,31,15,0.863120568566631,7,0.967741935483871,17,4.214285714285714,15,0.926829268292683,0.25806451612903225,0.10353535353535354,1.3225806451612903,0,1
RTFMS_4000_ABSENCE_10.0_2_inductive.pnml,46,1,0.7024665512903903,2,0.9782608695652174,29,3.5238095238095237,6,1.0,0.7608695652173914,0.06288032454361055,1.3478260869565217,17,0
RTFMS_2000_SUBSTITUTION_10.0_2_heuristics.pnml,204,19,0.9503376699710268,7,1.0,179,9.0,58,1.0,0.25980392156862747,0.03402946112250606,1.7892156862745099,51,3
Sepsis_40000_ABSENCE_0.1_2_inductive.pnml,95,3,0.5107878229540133,9,0.9789473684210527,44,3.4545454545454546,11,1.0,0.25263157894736843,0.028455284552845527,1.3263157894736841,37,0
Sepsis_20000_ORDERING_4.0_3_inductive.pnml,98,1,0.48890859144051524,14,0.9795918367346939,44,3.4893617021276597,15,0.9848484848484849,0.24489795918367346,0.027591973244147156,1.346938775510204,35,0
RTFMS_4000_SUBSTITUTION_0.2_2_heuristics.pnml,73,25,0.9568886656798212,4,1.0,51,3.891891891891892,10,1.0,0.5068493150684932,0.044189852700491,1.4794520547945205,30,3
RTFMS_4000_ABSENCE_1.0_3_inductive_inf.pnml,42,0,0.7424875695421236,2,0.8809523809523809,25,3.526315789473684,6,0.9821428571428571,0.8333333333333334,0.0673076923076923,1.3333333333333333,14,0
BPIC2012_4000_ORDERING_0.4_5_heuristics.pnml,125,3,0.7424875695421236,4,0.968,69,4.815789473684211,12,0.9661016949152542,0.704,0.02676950998185118,1.416,62,3
BPIC2012_4000_SUBSTITUTION_0.1_2_inductive.pnml,139,1,0.739480936716638,7,0.9424460431654677,71,3.253731343283582,6,0.9777777777777777,0.8201438848920863,0.0193631669535284,1.2949640287769784,57,0
BPIC2012_10000_ABSENCE_0.4_2_alpha.pnml,35,8,0.9967916319816366,7,0.8857142857142857,14,4.0,12,0.95,0.0,0.07575757575757576,1.1428571428571428,0,3
RTFMS_40000_MIXED_2.0_1_inductive.pnml,332,4,0.7691928290130138,9,0.9879518072289156,261,7.65,61,1.0,0.08433734939759036,0.016666666666666666,1.680722891566265,68,0
Sepsis_100000_SUBSTITUTION_2.0_3_inductive.pnml,1230,1,0.712453444966878,14,0.9967479674796748,1104,18.4375,424,1.0,0.04878048780487805,0.009829343303382983,1.8552845528455284,115,0
Sepsis_10000_ABSENCE_0.4_3_heuristics.pnml,107,32,0.9503376699710268,8,1.0,82,4.956521739130435,14,1.0,0.5514018691588785,0.03583128583128583,1.6355140186915889,57,7
BPIC2012_2000_MIXED_4.0_4_inductive.pnml,239,1,0.7111806626974717,15,0.9832635983263598,124,3.398230088495575,8,0.9874213836477987,0.6861924686192469,0.01162280701754386,1.3305439330543933,99,0
Sepsis_40000_ABSENCE_2.0_3_inductive.pnml,95,3,0.5107878229540133,9,0.9789473684210527,44,3.4545454545454546,11,1.0,0.25263157894736843,0.028455284552845527,1.3263157894736841,37,0
RTFMS_40000_ORDERING_0.1_1_heuristics.pnml,72,21,0.898058793450166,3,1.0,49,3.8857142857142857,10,1.0,0.375,0.04468085106382979,1.4583333333333333,35,1
RTFMS_20000_MIXED_0.1_4_inductive.pnml,63,2,0.7355085815538398,3,0.9523809523809523,35,3.4827586206896552,6,1.0,0.47619047619047616,0.04487179487179487,1.3333333333333333,23,0
BPIC2012_2000_ABSENCE_2.0_4_alpha.pnml,35,9,0.9967916319816366,7,0.8857142857142857,14,4.066666666666666,13,0.9512195121951219,0.0,0.07765151515151515,1.1714285714285715,0,3
Sepsis_1000_ABSENCE_0.1_4_alpha.pnml,23,15,0.9182958340544896,7,0.9130434782608696,16,4.333333333333333,14,1.0,0.0,0.15625,1.5217391304347827,0,2
RTFMS_1000_MIXED_0.1_2_heuristics.pnml,52,19,0.9509560484549725,3,0.9615384615384616,31,3.4444444444444446,6,0.9859154929577465,0.1346153846153846,0.05378787878787879,1.3653846153846154,18,4
Sepsis_4000_MIXED_0.4_3_heuristics.pnml,122,42,0.9656361333706098,7,1.0,92,5.304347826086956,15,1.0,0.6721311475409836,0.031478537360890305,1.6229508196721312,63,10
BPIC2012_1000_ABSENCE_2.0_5_heuristics.pnml,112,3,0.4394969869215134,1,0.9553571428571429,59,4.666666666666667,12,0.9548387096774194,0.7589285714285714,0.0287569573283859,1.3839285714285714,53,0
BPIC2012_100000_INSERTION_1.0_4_inductive.pnml,875,11,0.739480936716638,22,0.9954285714285714,676,7.980099502487562,79,1.0,0.10971428571428571,0.0064825550753662906,1.6868571428571428,178,0
BPIC2012_10000_ORDERING_1.0_3_inductive_inf.pnml,119,2,0.7642045065086203,8,0.957983193277311,64,3.4814814814814814,6,0.9683544303797469,0.8907563025210085,0.02318075117370892,1.3277310924369747,47,0
RTFMS_20000_INSERTION_0.2_1_inductive.pnml,83,3,0.6722948170756379,4,0.9518072289156626,51,4.0588235294117645,8,1.0,0.2891566265060241,0.03831168831168831,1.4216867469879517,25,0
BPIC2012_20000_INSERTION_10.0_2_heuristics.pnml,1163,0,0.5731393980555146,6,1.0,1065,27.40740740740741,152,1.0,0.7876182287188306,0.013774035440492648,1.884780739466896,170,3
RTFMS_1000_MIXED_0.4_5_inductive.pnml,54,2,0.6500224216483541,2,0.9444444444444444,27,3.2083333333333335,5,0.9705882352941176,0.14814814814814814,0.048295454545454544,1.2592592592592593,19,0
Sepsis_20000_ABSENCE_0.4_4_inductive_inf.pnml,89,3,0.5266170655714281,9,0.9775280898876404,41,3.4285714285714284,11,1.0,0.2696629213483146,0.030256410256410255,1.3258426966292134,34,0
BPIC2012_40000_MIXED_4.0_3_inductive.pnml,785,4,0.739480936716638,24,0.9949044585987261,594,7.124378109452737,67,1.0,0.11719745222929936,0.006530431812245062,1.6560509554140128,182,0
BPIC2012_4000_ORDERING_1.0_1_heuristics.pnml,127,1,0.7320666900931938,4,0.9763779527559056,71,4.769230769230769,13,0.9666666666666667,0.6929133858267716,0.026223776223776224,1.4173228346456692,63,3
BPIC2012_20000_ABSENCE_10.0_4_heuristics.pnml,132,3,0.7592757847892833,4,0.9621212121212122,76,4.926829268292683,16,0.9685863874345549,0.7121212121212122,0.02595108695652174,1.446969696969697,67,3
RTFMS_2000_SUBSTITUTION_1.0_2_heuristics.pnml,84,28,0.9182958340544896,3,1.0,60,4.388888888888889,11,1.0,0.15476190476190477,0.04126055880441845,1.5119047619047619,34,3
BPIC2012_10000_MIXED_4.0_3_inductive.pnml,314,0,0.6609623351442084,10,0.9872611464968153,207,5.0476190476190474,24,1.0,0.4267515923566879,0.012000607625702568,1.5095541401273886,95,0
Sepsis_20000_INSERTION_1.0_1_inductive.pnml,300,3,0.7325138475458122,13,0.9866666666666667,193,4.642857142857143,48,1.0,0.17333333333333334,0.011928217689972842,1.4933333333333334,95,0
BPIC2012_1000_ABSENCE_10.0_2_inductive.pnml,139,0,0.7219280948873623,8,0.9712230215827338,74,3.5166666666666666,7,0.9619565217391304,0.8776978417266187,0.019913419913419914,1.3237410071942446,59,0
BPIC2012_40000_ORDERING_4.0_2_heuristics.pnml,165,5,0.7292739418449411,5,0.9939393939393939,101,4.87037037037037,21,0.987603305785124,0.7151515151515152,0.021287825475017595,1.4666666666666666,91,3
BPIC2012_100000_MIXED_10.0_1_heuristics.pnml,2865,11,0.5560554487221581,11,1.0,2695,39.884892086330936,427,1.0,0.7727748691099476,0.008026277372262774,1.919022687609075,316,4
RTFMS_2000_INSERTION_0.2_2_inductive.pnml,73,1,0.6840384356390417,4,0.9589041095890412,36,3.303030303030303,5,0.9787234042553191,0.2191780821917808,0.03643410852713178,1.2876712328767124,30,0
Sepsis_20000_INSERTION_0.1_5_inductive.pnml,112,4,0.5993142373098092,6,0.9642857142857143,58,3.5833333333333335,7,0.9866666666666667,0.49107142857142855,0.025278058645096056,1.3392857142857142,42,0
RTFMS_1000_inductive.pnml,47,2,0.7024665512903903,2,0.9361702127659575,24,3.2857142857142856,5,0.9666666666666667,0.0851063829787234,0.05639097744360902,1.2765957446808511,16,0
Sepsis_4000_alpha.pnml,22,15,0.9402859586706311,7,0.9545454545454546,18,4.0,14,1.0,0.0,0.17708333333333334,1.5454545454545454,0,2
RTFMS_1000_SUBSTITUTION_1.0_4_heuristics.pnml,65,16,0.9182958340544896,3,1.0,40,3.8,9,1.0,0.1076923076923077,0.046747967479674794,1.4153846153846155,22,4
Sepsis_2000_SUBSTITUTION_4.0_2_heuristics.pnml,170,34,0.9357110512652843,8,1.0,136,6.296296296296297,21,1.0,0.5764705882352941,0.027037247116657212,1.6823529411764706,71,7
BPIC2012_20000_ABSENCE_0.4_4_inductive.pnml,144,2,0.6962122601251458,9,0.9722222222222222,79,3.515625,6,0.9739583333333334,0.9097222222222222,0.019358741681790685,1.3333333333333333,62,0
BPIC2012_1000_ABSENCE_0.2_3_heuristics.pnml,111,4,0.4689955935892812,1,0.9369369369369369,56,4.9,12,0.9281045751633987,0.7657657657657657,0.028759398496240603,1.3783783783783783,52,0
Sepsis_1000_heuristics.pnml,98,28,0.9268190639645772,4,1.0,73,5.052631578947368,14,1.0,0.6428571428571429,0.038980509745127435,1.5918367346938775,52,4
RTFMS_40000_SUBSTITUTION_4.0_2_heuristics.pnml,915,23,0.8698926856041562,5,1.0,874,32.945454545454545,284,1.0,0.04480874316939891,0.02522857142857143,1.9300546448087432,71,1
BPIC2012_2000_SUBSTITUTION_4.0_5_inductive_inf.pnml,131,1,0.4394969869215134,2,0.9083969465648855,79,4.409090909090909,14,0.9891304347826086,0.7022900763358778,0.024932249322493227,1.4045801526717556,45,0
RTFMS_2000_SUBSTITUTION_4.0_2_heuristics.pnml,124,30,0.9402859586706311,4,1.0,100,5.904761904761905,27,1.0,0.2661290322580645,0.037386569872958256,1.6612903225806452,41,3
Sepsis_10000_ABSENCE_0.2_1_inductive_inf.pnml,95,3,0.5107878229540133,9,0.9789473684210527,44,3.4545454545454546,11,1.0,0.25263157894736843,0.028455284552845527,1.3263157894736841,37,0
BPIC2012_40000_MIXED_1.0_4_alpha.pnml,128,18,1.0,4,0.90625,29,8.2,36,0.9589041095890412,0.0,0.03802083333333333,0.5703125,0,0
Sepsis_2000_SUBSTITUTION_2.0_1_inductive_inf.pnml,134,1,0.5975977764379983,9,0.9701492537313433,70,3.4838709677419355,8,1.0,0.26865671641791045,0.020964360587002098,1.3432835820895523,50,0
Sepsis_10000_MIXED_0.2_2_inductive.pnml,105,3,0.6500224216483541,5,0.9619047619047619,60,3.4583333333333335,7,1.0,0.819047619047619,0.026923076923076925,1.3333333333333333,43,0
Sepsis_10000_MIXED_2.0_4_inductive_inf.pnml,179,5,0.6840384356390417,10,0.9776536312849162,105,3.896103896103896,17,1.0,0.24581005586592178,0.017241379310344827,1.4078212290502794,61,0
BPIC2012_10000_INSERTION_10.0_5_inductive.pnml,822,8,0.7378773101576344,22,0.9951338199513382,629,7.624365482233503,77,1.0,0.11678832116788321,0.006622006622006622,1.6739659367396593,175,0
Sepsis_2000_ABSENCE_1.0_4_inductive.pnml,95,3,0.5107878229540133,9,0.9789473684210527,44,3.4545454545454546,11,1.0,0.25263157894736843,0.028455284552845527,1.3263157894736841,37,0
BPIC2012_100000_ORDERING_0.4_4_alpha.pnml,39,8,0.9988455359952018,12,0.9743589743589743,30,4.4,15,1.0,0.0,0.09027777777777778,1.6666666666666667,0,8
RTFMS_100000_INSERTION_2.0_2_inductive.pnml,1111,7,0.774967267326726,11,0.9963996399639964,1031,23.543478260869566,231,1.0,0.0288028802880288,0.014233477789815818,1.891989198919892,75,0
Sepsis_40000_ABSENCE_0.1_3_inductive.pnml,95,3,0.5107878229540133,9,0.9789473684210527,44,3.4545454545454546,11,1.0,0.25263157894736843,0.028455284552845527,1.3263157894736841,37,0
BPIC2012_4000_INSERTION_0.4_1_heuristics.pnml,131,2,0.7320666900931938,4,0.9694656488549618,74,4.948717948717949,12,0.9625668449197861,0.6870229007633588,0.026059085841694536,1.4274809160305344,60,3
BPIC2012_1000_MIXED_10.0_5_inductive_inf.pnml,136,1,0.5095157180881823,3,0.8455882352941176,77,3.7358490566037736,8,0.989010989010989,0.4852941176470588,0.021543560606060608,1.338235294117647,52,0
BPIC2012_4000_MIXED_1.0_2_inductive.pnml,191,2,0.7526269564427315,14,0.9790575916230366,95,3.3863636363636362,5,0.9603174603174603,0.8272251308900523,0.014240506329113924,1.3193717277486912,79,0
BPIC2012_40000_SUBSTITUTION_0.1_4_heuristics.pnml,147,6,0.7732266742876346,4,0.9863945578231292,90,5.318181818181818,15,0.9726027397260274,0.7346938775510204,0.024829931972789116,1.489795918367347,65,3
RTFMS_20000_SUBSTITUTION_4.0_3_heuristics.pnml,480,3,0.9456603046006401,10,1.0,446,17.527272727272727,137,1.0,0.225,0.027667622475748888,1.8895833333333334,63,2
Sepsis_1000_ORDERING_4.0_3_alpha.pnml,23,12,0.9182958340544896,6,0.9565217391304348,15,4.25,15,1.0,0.0,0.15625,1.5217391304347827,0,2
RTFMS_20000_SUBSTITUTION_0.2_1_heuristics.pnml,87,28,0.8739810481273578,2,1.0,65,4.823529411764706,15,1.0,0.2413793103448276,0.043548387096774194,1.5517241379310345,32,1
BPIC2012_4000_ORDERING_0.4_5_alpha.pnml,36,10,0.9910760598382222,7,0.9166666666666666,15,3.7777777777777777,12,0.9772727272727273,0.0,0.0763888888888889,1.2222222222222223,0,3
Sepsis_4000_MIXED_0.4_2_inductive.pnml,118,3,0.676941869780886,6,0.9661016949152542,66,3.357142857142857,7,1.0,0.8305084745762712,0.02355072463768116,1.3220338983050848,50,0
RTFMS_20000_MIXED_0.4_1_alpha.pnml,45,26,0.9852281360342515,12,0.9555555555555556,23,5.214285714285714,16,0.9811320754716981,0.13333333333333333,0.07571428571428572,1.1777777777777778,0,3
Sepsis_4000_ABSENCE_0.1_1_alpha.pnml,22,15,0.9402859586706311,7,0.9545454545454546,18,4.0,14,1.0,0.0,0.17708333333333334,1.5454545454545454,0,2
Sepsis_40000_ORDERING_0.4_4_inductive.pnml,101,4,0.6420642892306891,10,0.9801980198019802,45,3.306122448979592,10,0.9848484848484849,0.2376237623762376,0.02619047619047619,1.306930693069307,39,0
RTFMS_40000_ORDERING_0.2_2_heuristics.pnml,71,21,0.898058793450166,3,1.0,48,3.8285714285714287,10,1.0,0.4225352112676056,0.044782608695652176,1.4507042253521127,34,1
BPIC2012_4000_MIXED_2.0_4_alpha.pnml,54,6,0.9456603046006401,5,0.7962962962962963,16,4.818181818181818,14,0.8636363636363636,0.0,0.05,0.8148148148148148,0,0
BPIC2012_4000_SUBSTITUTION_0.4_4_heuristics.pnml,134,3,0.7219280948873623,4,0.9402985074626866,75,4.95,13,0.9685863874345549,0.7089552238805971,0.025398936170212764,1.4253731343283582,61,3
RTFMS_20000_ABSENCE_10.0_3_heuristics.pnml,64,30,0.8960382325345574,2,1.0,46,3.8125,10,1.0,0.328125,0.049310710498409335,1.453125,29,1
BPIC2012_20000_ORDERING_2.0_4_inductive_inf.pnml,105,0,0.6665783579949205,7,0.9238095238095239,58,3.652173913043478,10,0.9859154929577465,0.819047619047619,0.027057926829268292,1.3523809523809525,40,0
Sepsis_20000_MIXED_10.0_5_inductive.pnml,714,4,0.7016443140299524,13,0.9943977591036415,592,10.991735537190083,192,1.0,0.0784313725490196,0.010419427511264246,1.7619047619047619,108,0
RTFMS_4000_ABSENCE_1.0_1_heuristics.pnml,71,25,0.9568886656798212,4,1.0,49,3.7837837837837838,9,1.0,0.5070422535211268,0.044444444444444446,1.4647887323943662,33,3
BPIC2012_1000_ORDERING_0.1_2_inductive.pnml,133,1,0.7568336324184035,8,0.9323308270676691,64,3.4545454545454546,6,0.9186046511627907,0.9097744360902256,0.020046620046620046,1.2932330827067668,53,0
BPIC2012_40000_ORDERING_0.1_5_alpha.pnml,33,9,0.9967916319816366,6,0.8787878787878788,18,4.066666666666666,13,0.975609756097561,0.0,0.09490740740740741,1.2424242424242424,0,3
Sepsis_1000_MIXED_0.4_2_heuristics.pnml,98,28,0.9268190639645772,4,1.0,73,5.052631578947368,14,1.0,0.6428571428571429,0.038980509745127435,1.5918367346938775,52,4
Sepsis_4000_ABSENCE_10.0_4_inductive.pnml,95,3,0.5107878229540133,9,0.9789473684210527,44,3.4545454545454546,11,1.0,0.25263157894736843,0.028455284552845527,1.3263157894736841,37,0
RTFMS_20000_INSERTION_4.0_4_inductive.pnml,527,5,0.7424875695421236,9,0.9924098671726755,459,13.18421052631579,104,1.0,0.06072106261859583,0.016987865810135616,1.8064516129032258,65,0
RTFMS_10000_MIXED_1.0_2_inductive.pnml,127,3,0.7424875695421236,7,0.9685039370078741,74,3.789473684210526,11,1.0,0.15748031496062992,0.024119241192411923,1.4015748031496063,46,0
RTFMS_20000_SUBSTITUTION_0.2_4_heuristics.pnml,93,28,0.8524051786494786,2,1.0,68,4.777777777777778,15,1.0,0.22580645161290322,0.040123456790123455,1.5376344086021505,36,1
BPIC2012_10000_MIXED_0.4_1_inductive.pnml,227,5,0.7033693386668108,15,0.9823788546255506,117,3.290909090909091,6,0.9865771812080537,0.7797356828193832,0.01195634729577917,1.3127753303964758,95,0
RTFMS_4000_MIXED_0.1_1_alpha.pnml,28,20,0.9910760598382222,13,0.9642857142857143,15,3.7222222222222223,7,1.0,0.35714285714285715,0.11197916666666667,1.5357142857142858,0,9
BPIC2012_1000_ORDERING_10.0_5_heuristics.pnml,128,5,0.5032583347756457,1,0.96875,72,5.138888888888889,14,0.9672131147540983,0.7109375,0.027175527175527174,1.4296875,66,0
Sepsis_20000_MIXED_1.0_5_heuristics.pnml,171,32,0.9248187049730301,8,1.0,140,7.0,24,1.0,0.5263157894736842,0.029850746268656716,1.7309941520467835,66,7
BPIC2012_4000_INSERTION_0.4_3_heuristics.pnml,133,3,0.7320666900931938,4,0.9473684210526316,74,5.0,15,0.9631578947368421,0.706766917293233,0.025537634408602152,1.4285714285714286,61,3
Sepsis_2000_SUBSTITUTION_10.0_4_alpha.pnml,115,15,0.9910760598382222,5,0.9565217391304348,28,8.11111111111111,23,1.0,0.0,0.053636363636363635,0.5130434782608696,0,0
RTFMS_20000_ABSENCE_10.0_4_alpha.pnml,27,22,0.9709505944546686,16,1.0,13,4.4,10,0.9777777777777777,0.25925925925925924,0.1278409090909091,1.6666666666666667,0,11
Sepsis_4000_SUBSTITUTION_1.0_5_heuristics.pnml,131,42,0.9656361333706098,7,1.0,101,5.695652173913044,16,1.0,0.6793893129770993,0.03105232892466935,1.6488549618320612,63,10
RTFMS_20000_SUBSTITUTION_2.0_5_inductive.pnml,309,2,0.7276874545656657,7,0.9870550161812298,244,8.173913043478262,69,1.0,0.09061488673139159,0.01868289191123837,1.6893203883495145,61,0
Sepsis_2000_MIXED_1.0_4_inductive_inf.pnml,98,1,0.5032583347756457,8,0.9387755102040817,49,3.4444444444444446,9,1.0,0.2857142857142857,0.02781343602909713,1.3265306122448979,39,0
BPIC2012_40000_ABSENCE_0.4_1_inductive.pnml,138,0,0.631263018091612,8,0.9710144927536232,77,3.4761904761904763,6,0.9945652173913043,0.9057971014492754,0.020282186948853614,1.3333333333333333,59,0
RTFMS_1000_ORDERING_0.1_4_inductive.pnml,52,3,0.8112781244591328,3,0.9423076923076923,26,3.2083333333333335,5,0.9393939393939394,0.07692307692307693,0.05,1.2692307692307692,18,0
BPIC2012_40000_INSERTION_1.0_2_inductive_inf.pnml,214,1,0.6500224216483541,6,0.9252336448598131,153,6.2,29,1.0,0.49065420560747663,0.020731707317073172,1.588785046728972,52,0
BPIC2012_1000_MIXED_2.0_3_heuristics.pnml,125,2,0.4220005168831531,1,0.992,70,5.057142857142857,13,0.9606741573033708,0.712,0.027334152334152335,1.424,57,0
BPIC2012_2000_ABSENCE_1.0_4_heuristics.pnml,109,5,0.6024308020404452,3,0.9541284403669725,61,4.705882352941177,12,0.9675324675324676,0.7339449541284404,0.03070175438596491,1.4128440366972477,53,0
RTFMS_1000_ABSENCE_0.4_1_inductive.pnml,51,1,0.6665783579949205,2,0.9215686274509804,27,3.3043478260869565,5,0.9696969696969697,0.0784313725490196,0.0532258064516129,1.2941176470588236,19,0
RTFMS_10000_INSERTION_1.0_5_heuristics.pnml,131,25,0.9262122127346664,4,1.0,103,6.146341463414634,20,1.0,0.2748091603053435,0.03564356435643564,1.6488549618320612,35,3
BPIC2012_1000_MIXED_10.0_5_inductive.pnml,270,6,0.7339749614986164,15,0.9851851851851852,142,3.3740458015267176,8,0.9944444444444445,0.5185185185185185,0.01038961038961039,1.3333333333333333,112,0
BPIC2012_20000_ORDERING_0.2_4_inductive.pnml,117,0,0.8366407419411672,9,0.9829059829059829,57,3.688888888888889,6,0.9090909090909091,0.9145299145299145,0.023109243697478993,1.3162393162393162,43,0
RTFMS_1000_INSERTION_0.1_3_alpha.pnml,29,6,0.863120568566631,9,0.8620689655172413,10,3.5,5,0.9743589743589743,0.0,0.09558823529411764,1.3448275862068966,0,8
Sepsis_40000_INSERTION_0.2_4_alpha.pnml,59,7,0.7219280948873623,1,0.9152542372881356,15,7.6,16,1.0,0.0,0.07954545454545454,0.5932203389830508,0,0
RTFMS_20000_ABSENCE_0.1_2_alpha.pnml,27,20,0.9709505944546686,15,1.0,13,4.266666666666667,9,1.0,0.25925925925925924,0.125,1.6296296296296295,0,11
RTFMS_20000_ORDERING_4.0_3_inductive.pnml,39,0,0.7871265862012691,5,0.9487179487179487,21,3.8823529411764706,7,0.962962962962963,0.5128205128205128,0.07219251336898395,1.3846153846153846,10,0
RTFMS_100000_ORDERING_0.4_2_inductive.pnml,71,0,0.8524051786494786,8,0.971830985915493,35,3.3333333333333335,5,0.9574468085106383,0.056338028169014086,0.03766025641025641,1.323943661971831,27,0
BPIC2012_2000_INSERTION_2.0_5_alpha.pnml,51,9,1.0,2,0.7254901960784313,8,4.375,13,0.6923076923076923,0.0,0.041666666666666664,0.7647058823529411,0,0
Sepsis_2000_INSERTION_0.2_2_inductive.pnml,102,2,0.7045767128725936,7,0.9803921568627451,51,3.404255319148936,5,0.9850746268656716,0.7352941176470589,0.026587301587301587,1.3137254901960784,42,0
Sepsis_40000_ABSENCE_10.0_3_inductive_inf.pnml,72,3,0.6840384356390417,7,0.9444444444444444,35,3.515151515151515,8,0.9583333333333334,0.3333333333333333,0.03776553894571204,1.3333333333333333,25,0
RTFMS_4000_SUBSTITUTION_0.4_5_alpha.pnml,40,6,0.9932338197397066,22,0.95,36,4.387096774193548,9,1.0,0.475,0.09375,1.875,0,14
BPIC2012_40000_INSERTION_0.2_2_heuristics.pnml,172,2,0.7467366074830679,5,0.9883720930232558,113,6.0,17,0.9773584905660377,0.7093023255813954,0.023526278409090908,1.5406976744186047,66,3
BPIC2012_40000_SUBSTITUTION_1.0_5_inductive_inf.pnml,215,1,0.6121961274908337,4,0.9441860465116279,158,7.018867924528302,52,1.0,0.4232558139534884,0.022745098039215685,1.6186046511627907,46,0
RTFMS_4000_heuristics.pnml,65,25,0.9709505944546686,4,0.9692307692307692,44,3.6857142857142855,8,0.9893617021276596,0.5538461538461539,0.047,1.4461538461538461,28,3
Sepsis_10000_ABSENCE_0.2_4_heuristics.pnml,107,32,0.9503376699710268,8,1.0,82,4.956521739130435,14,1.0,0.5514018691588785,0.03583128583128583,1.6355140186915889,57,7
RTFMS_20000_SUBSTITUTION_0.1_3_alpha.pnml,29,9,0.9709505944546686,5,0.8275862068965517,13,4.3,9,0.9705882352941176,0.20689655172413793,0.09444444444444444,1.1724137931034482,0,1
Sepsis_1000_ORDERING_2.0_2_heuristics.pnml,99,28,0.9268190639645772,4,1.0,74,5.105263157894737,14,1.0,0.6363636363636364,0.03891625615763547,1.595959595959596,53,4
RTFMS_100000_MIXED_0.2_1_inductive.pnml,177,0,0.7812812090702046,8,0.9774011299435028,116,4.521739130434782,19,1.0,0.11299435028248588,0.02008520998174072,1.4915254237288136,58,0
BPIC2012_10000_ABSENCE_0.2_5_inductive.pnml,137,2,0.7219280948873623,9,0.9562043795620438,71,3.45,6,0.95,0.927007299270073,0.01984126984126984,1.313868613138686,56,0
Sepsis_100000_MIXED_4.0_4_heuristics.pnml,1138,28,0.954434002924965,17,1.0,1092,28.75,198,1.0,0.7214411247803163,0.01791713325867861,1.9402460456942003,111,10
RTFMS_40000_INSERTION_10.0_1_heuristics.pnml,2020,14,0.821812730503485,8,1.0,1956,54.027027027027025,461,1.0,0.4910891089108911,0.0176287637075368,1.952970297029703,100,2
Sepsis_4000_MIXED_0.4_3_inductive.pnml,112,3,0.6572729784684465,6,0.9642857142857143,61,3.358490566037736,7,1.0,0.7232142857142857,0.024732620320855617,1.3214285714285714,46,0
BPIC2012_2000_ORDERING_1.0_2_inductive.pnml,139,1,0.783776947484701,11,0.9640287769784173,69,3.533333333333333,6,0.9402173913043478,0.8848920863309353,0.019582801191996593,1.3237410071942446,56,0
BPIC2012_20000_MIXED_4.0_5_heuristics.pnml,386,4,0.6226343162547098,4,1.0,317,12.03448275862069,45,1.0,0.5932642487046632,0.019489866421004146,1.7538860103626943,107,3
Sepsis_10000_MIXED_1.0_4_alpha.pnml,45,17,0.9940302114769565,6,0.9111111111111111,20,5.090909090909091,16,1.0,0.0,0.08974358974358974,0.9333333333333333,0,0
RTFMS_40000_ORDERING_1.0_2_alpha.pnml,23,21,0.9612366047228759,12,1.0,13,4.461538461538462,10,0.9487179487179487,0.0,0.14772727272727273,1.6956521739130435,0,6
BPIC2012_2000_SUBSTITUTION_10.0_5_alpha.pnml,154,7,0.9967916319816366,6,0.9415584415584416,35,6.466666666666667,28,0.927710843373494,0.0,0.024354460093896715,0.538961038961039,0,2
Sepsis_100000_MIXED_0.1_5_alpha.pnml,43,14,0.9957274520849255,7,0.8837209302325582,24,5.076923076923077,17,1.0,0.13953488372093023,0.09126984126984126,1.069767441860465,0,2
BPIC2012_100000_ORDERING_0.4_4_inductive.pnml,121,1,0.7568336324184035,9,0.9834710743801653,67,3.5272727272727273,6,0.9753086419753086,0.9173553719008265,0.02295918367346939,1.3388429752066116,47,0
Sepsis_100000_ABSENCE_0.1_4_heuristics.pnml,107,36,0.9503376699710268,8,1.0,84,5.043478260869565,14,1.0,0.5514018691588785,0.03624078624078624,1.6542056074766356,57,7
RTFMS_20000_ORDERING_2.0_5_inductive_inf.pnml,48,0,0.7219280948873623,4,0.9583333333333334,25,3.7,7,0.96875,0.5833333333333334,0.05714285714285714,1.3333333333333333,16,0
RTFMS_20000_SUBSTITUTION_0.4_1_alpha.pnml,54,10,0.9852281360342515,6,0.962962962962963,22,8.142857142857142,20,1.0,0.1111111111111111,0.07446808510638298,0.9074074074074074,0,2
Sepsis_40000_ORDERING_10.0_4_heuristics.pnml,128,35,0.9526092095121206,9,1.0,96,5.176470588235294,16,1.0,0.4765625,0.03010659752232786,1.6328125,72,10
BPIC2012_10000_ORDERING_0.2_1_inductive.pnml,140,1,0.783776947484701,11,0.9857142857142858,69,3.5,6,0.9347826086956522,0.9285714285714286,0.01925088930738648,1.3142857142857143,56,0
Sepsis_100000_ORDERING_2.0_5_alpha.pnml,21,10,0.9798687566511528,6,0.9523809523809523,20,4.916666666666667,15,1.0,0.0,0.2375,1.8095238095238095,0,2
BPIC2012_4000_SUBSTITUTION_0.4_1_alpha.pnml,46,22,0.9612366047228759,6,0.8478260869565217,10,3.923076923076923,14,0.9523809523809523,0.0,0.051470588235294115,0.9130434782608695,0,2
BPIC2012_1000_ABSENCE_0.2_5_inductive.pnml,134,1,0.7424875695421236,8,0.9402985074626866,66,3.4210526315789473,6,0.9367816091954023,0.9029850746268657,0.02002301495972382,1.2985074626865671,54,0
RTFMS_20000_MIXED_0.4_4_inductive.pnml,125,3,0.7540340561971326,7,0.968,70,3.5,10,1.0,0.16,0.0231860338243317,1.36,49,0
Sepsis_1000_ABSENCE_0.2_3_heuristics.pnml,98,28,0.9268190639645772,4,1.0,73,5.052631578947368,14,1.0,0.6428571428571429,0.038980509745127435,1.5918367346938775,52,4
RTFMS_100000_INSERTION_1.0_1_heuristics.pnml,551,13,0.8672816222000259,5,1.0,515,24.044444444444444,125,1.0,0.07441016333938294,0.029781545113209695,1.9001814882032668,54,2
BPIC2012_20000_ABSENCE_2.0_5_inductive_inf.pnml,93,1,0.6394571324851641,5,0.9032258064516129,50,3.72972972972973,9,0.9516129032258065,0.8709677419354839,0.030214424951267055,1.3333333333333333,33,0
BPIC2012_40000_SUBSTITUTION_1.0_2_alpha.pnml,257,10,0.9852281360342515,7,0.9649805447470817,60,9.5,45,0.9583333333333334,0.0311284046692607,0.018915510718789406,0.4669260700389105,0,1
Sepsis_100000_MIXED_2.0_2_alpha.pnml,489,9,0.0,0,0.9959100204498977,56,60.5,65,1.0,0.0,0.062114989733059546,0.2474437627811861,0,0
BPIC2012_100000_MIXED_1.0_1_heuristics.pnml,421,1,0.631263018091612,5,1.0,345,12.063492063492063,62,1.0,0.7363420427553444,0.017784846732215153,1.7529691211401426,113,4
BPIC2012_1000_SUBSTITUTION_2.0_3_alpha.pnml,47,9,0.954434002924965,4,0.7659574468085106,14,3.5,12,0.9069767441860466,0.0,0.05119047619047619,0.9148936170212766,0,0
Sepsis_20000_ORDERING_0.4_5_heuristics.pnml,113,34,0.9503376699710268,8,1.0,89,5.260869565217392,14,1.0,0.5398230088495575,0.035606060606060606,1.663716814159292,63,7
BPIC2012_4000_SUBSTITUTION_0.2_4_alpha.pnml,39,10,1.0,2,0.7692307692307692,6,3.875,12,0.71875,0.0,0.05517241379310345,0.8205128205128205,0,0
RTFMS_2000_ABSENCE_0.1_1_inductive.pnml,57,1,0.7355085815538398,3,0.9298245614035088,31,3.1724137931034484,5,1.0,0.07017543859649122,0.04731457800511509,1.2982456140350878,22,0
Sepsis_10000_ABSENCE_0.1_1_inductive_inf.pnml,95,3,0.5107878229540133,9,0.9789473684210527,44,3.4545454545454546,11,1.0,0.25263157894736843,0.028455284552845527,1.3263157894736841,37,0
BPIC2012_100000_ABSENCE_10.0_1_heuristics.pnml,140,3,0.7642045065086203,5,0.9642857142857143,78,4.711111111111111,16,0.97,0.7071428571428572,0.023674242424242424,1.4285714285714286,71,4
Sepsis_40000_ABSENCE_0.1_1_alpha.pnml,22,14,0.9402859586706311,7,0.9545454545454546,19,4.071428571428571,14,1.0,0.0,0.18229166666666666,1.5909090909090908,0,2
Sepsis_20000_ABSENCE_0.1_1_heuristics.pnml,107,34,0.9503376699710268,8,1.0,83,5.0,14,1.0,0.5514018691588785,0.036036036036036036,1.644859813084112,57,7
RTFMS_40000_MIXED_0.4_4_inductive.pnml,146,3,0.7281342378690551,8,0.9726027397260274,86,3.875,10,1.0,0.1643835616438356,0.02125902992776058,1.4109589041095891,55,0
BPIC2012_40000_MIXED_4.0_4_inductive_inf.pnml,362,3,0.49123734182433315,10,0.9530386740331491,267,7.523809523809524,67,1.0,0.20994475138121546,0.013797909407665506,1.6408839779005524,79,0
BPIC2012_40000_ORDERING_0.2_2_heuristics.pnml,134,4,0.7592757847892833,4,0.9925373134328358,78,5.048780487804878,14,0.9744897959183674,0.753731343283582,0.026063829787234042,1.462686567164179,69,3
BPIC2012_100000_ABSENCE_0.4_4_alpha.pnml,38,11,0.9927744539878083,10,0.9736842105263158,18,4.0,16,1.0,0.0,0.07589285714285714,1.3421052631578947,0,9
Sepsis_4000_MIXED_1.0_3_inductive.pnml,135,5,0.668127333843614,6,0.9703703703703703,74,3.365079365079365,8,1.0,0.762962962962963,0.0206209453197405,1.3185185185185184,57,0
Sepsis_20000_SUBSTITUTION_2.0_1_heuristics.pnml,344,37,0.9121156307204276,8,1.0,309,12.618181818181819,56,1.0,0.622093023255814,0.02559768171939145,1.8488372093023255,77,7
Sepsis_2000_inductive.pnml,89,4,0.5435644431995964,8,0.9775280898876404,39,3.4,10,0.9827586206896551,0.2696629213483146,0.029743589743589743,1.303370786516854,33,0
BPIC2012_40000_SUBSTITUTION_4.0_4_inductive.pnml,1192,6,0.7335379291086666,22,0.9966442953020134,993,10.941176470588236,133,1.0,0.08053691275167785,0.00630468656358624,1.7651006711409396,187,0
RTFMS_1000_ORDERING_0.1_1_heuristics.pnml,52,17,0.9509560484549725,3,0.9615384615384616,30,3.3703703703703702,5,0.9857142857142858,0.1346153846153846,0.05303030303030303,1.3461538461538463,18,4
BPIC2012_20000_ABSENCE_0.1_1_alpha.pnml,36,8,0.9975025463691152,7,0.9166666666666666,16,3.823529411764706,11,0.9523809523809523,0.0,0.07291666666666667,1.1666666666666667,0,5
Sepsis_100000_ABSENCE_4.0_5_inductive_inf.pnml,78,3,0.5813214987637028,7,0.9743589743589743,38,3.5,9,1.0,0.3076923076923077,0.035016835016835016,1.3333333333333333,28,0
RTFMS_10000_MIXED_1.0_5_alpha.pnml,37,6,0.863120568566631,5,0.9459459459459459,17,6.714285714285714,16,1.0,0.24324324324324326,0.08836206896551724,1.1081081081081081,0,4
BPIC2012_4000_SUBSTITUTION_0.2_4_inductive.pnml,164,1,0.6601070987550469,10,0.9695121951219512,87,3.3947368421052633,5,0.9814814814814815,0.7804878048780488,0.016697588126159554,1.3170731707317074,68,0
BPIC2012_100000_ORDERING_0.2_2_inductive.pnml,159,1,0.8342867421739537,12,0.9874213836477987,86,3.2048192771084336,5,0.9807692307692307,0.9371069182389937,0.016872160934458143,1.3081761006289307,67,0
BPIC2012_40000_MIXED_0.2_3_heuristics.pnml,156,4,0.730926377590601,4,0.9807692307692307,97,5.545454545454546,14,0.9742489270386266,0.717948717948718,0.023976126775056596,1.4935897435897436,69,3
Sepsis_100000_INSERTION_10.0_3_inductive.pnml,4804,2,0.7276874545656657,15,0.9991673605328892,4671,68.8695652173913,2103,1.0,0.012489592006661115,0.009119959716465894,1.9604496253122399,120,0
BPIC2012_10000_INSERTION_1.0_5_alpha.pnml,79,14,0.954434002924965,2,0.7974683544303798,13,5.625,21,0.7959183673469388,0.0,0.032754010695187165,0.620253164556962,0,0
Sepsis_4000_MIXED_0.1_1_alpha.pnml,25,11,0.9402859586706311,6,0.96,17,4.0,14,0.9444444444444444,0.0,0.14285714285714285,1.44,0,2
Sepsis_1000_ORDERING_0.1_3_alpha.pnml,23,15,0.9182958340544896,7,0.9130434782608696,16,4.333333333333333,14,1.0,0.0,0.15625,1.5217391304347827,0,2
Sepsis_1000_MIXED_1.0_5_alpha.pnml,21,18,0.9852281360342515,4,0.8095238095238095,11,4.857142857142857,14,0.962962962962963,0.0,0.19852941176470587,1.2857142857142858,0,0
RTFMS_10000_SUBSTITUTION_0.2_2_alpha.pnml,32,11,1.0,8,0.90625,16,5.0,10,0.9743589743589743,0.375,0.08863636363636364,1.21875,0,3
Sepsis_4000_ABSENCE_2.0_5_inductive_inf.pnml,92,2,0.46121604051390946,8,0.9782608695652174,44,3.5121951219512195,10,1.0,0.2608695652173913,0.029511369134010642,1.326086956521739,36,0
RTFMS_10000_ABSENCE_10.0_5_heuristics.pnml,67,26,0.9517626756348311,4,1.0,47,3.7714285714285714,9,1.0,0.3880597014925373,0.04666666666666667,1.462686567164179,30,3
Sepsis_20000_ORDERING_0.1_2_heuristics.pnml,108,34,0.9503376699710268,8,1.0,84,5.043478260869565,14,1.0,0.5462962962962963,0.03595959595959596,1.6481481481481481,58,7
BPIC2012_100000_INSERTION_0.2_1_inductive_inf.pnml,171,0,0.5095157180881823,3,0.9064327485380117,113,5.132075471698113,21,1.0,0.6140350877192983,0.021791352093342483,1.4853801169590644,55,0
RTFMS_20000_ORDERING_2.0_2_heuristics.pnml,69,32,0.9081783472997051,2,1.0,50,3.9411764705882355,10,1.0,0.30434782608695654,0.04722222222222222,1.4782608695652173,33,1
Sepsis_20000_ABSENCE_2.0_3_alpha.pnml,22,15,0.9402859586706311,7,0.9545454545454546,18,4.0,14,1.0,0.0,0.17708333333333334,1.5454545454545454,0,2
Sepsis_40000_SUBSTITUTION_1.0_2_heuristics.pnml,344,13,0.9333572600179805,13,1.0,304,11.142857142857142,53,1.0,0.686046511627907,0.02348569305091044,1.8372093023255813,86,7
BPIC2012_100000_INSERTION_10.0_2_inductive.pnml,5010,5,0.7429792545761842,23,0.9992015968063872,4817,48.411764705882355,715,1.0,0.019161676646706587,0.00624064127969012,1.9449101796407187,184,0
BPIC2012_40000_MIXED_0.4_4_alpha.pnml,78,12,0.9895875212220556,12,0.8717948717948718,28,4.24,20,0.9054054054054054,0.0,0.03567984570877531,0.9487179487179487,0,7
BPIC2012_1000_MIXED_4.0_1_inductive_inf.pnml,153,2,0.5916727785823275,9,0.9215686274509804,72,3.4444444444444446,5,0.9545454545454546,0.5816993464052288,0.01746031746031746,1.2941176470588236,59,0
RTFMS_4000_SUBSTITUTION_0.4_5_heuristics.pnml,77,25,0.9568886656798212,4,1.0,55,4.108108108108108,9,1.0,0.4675324675324675,0.043740573152337855,1.5064935064935066,30,3
Sepsis_40000_SUBSTITUTION_10.0_2_heuristics.pnml,2089,20,0.9852281360342515,34,0.9995213020584012,2040,35.857142857142854,367,1.0,0.8219243657252274,0.013581595498179411,1.964097654380086,146,10
RTFMS_20000_SUBSTITUTION_0.4_1_inductive.pnml,155,1,0.7516499461153355,7,0.9741935483870968,94,4.061538461538461,14,1.0,0.15483870967741936,0.02092760180995475,1.4322580645161291,56,0
RTFMS_1000_SUBSTITUTION_4.0_3_alpha.pnml,32,4,0.9182958340544896,3,0.875,14,5.333333333333333,11,0.9666666666666667,0.0,0.08571428571428572,0.9375,0,2
BPIC2012_100000_ABSENCE_0.1_1_inductive.pnml,146,2,0.739480936716638,9,0.9726027397260274,80,3.4477611940298507,6,0.9742268041237113,0.910958904109589,0.019004702194357365,1.3287671232876712,63,0
BPIC2012_1000_MIXED_2.0_4_heuristics.pnml,123,2,0.41381685030363374,1,0.975609756097561,68,4.833333333333333,13,0.9710982658959537,0.7479674796747967,0.027184160905091136,1.4065040650406504,56,0
RTFMS_20000_ORDERING_2.0_5_inductive.pnml,36,0,0.8366407419411672,4,0.9444444444444444,20,4.0,8,0.96,0.6944444444444444,0.07936507936507936,1.3888888888888888,9,0
Sepsis_2000_INSERTION_10.0_5_alpha.pnml,119,7,0.9182958340544896,1,0.9831932773109243,22,16.333333333333332,26,0.9795918367346939,0.0,0.07040229885057471,0.4117647058823529,0,0
RTFMS_40000_MIXED_0.4_2_alpha.pnml,59,7,0.9709505944546686,6,0.9491525423728814,24,6.8,21,1.0,0.1016949152542373,0.06740196078431372,0.9322033898305084,0,3
RTFMS_100000_ORDERING_10.0_2_alpha.pnml,19,8,0.9182958340544896,7,1.0,15,5.111111111111111,11,1.0,0.0,0.1875,1.736842105263158,0,5
Sepsis_2000_SUBSTITUTION_10.0_4_inductive.pnml,288,5,0.7062740891876007,11,0.9861111111111112,183,4.730769230769231,29,1.0,0.16666666666666666,0.012546685340802988,1.4930555555555556,93,0
Sepsis_10000_INSERTION_0.4_4_inductive.pnml,147,8,0.6252624052234231,9,0.9727891156462585,78,3.78125,16,1.0,0.21768707482993196,0.02031063321385902,1.3877551020408163,51,0
BPIC2012_40000_ORDERING_4.0_3_alpha.pnml,44,10,0.9910760598382222,21,0.9772727272727273,36,5.0,21,1.0,0.36363636363636365,0.08541666666666667,1.8636363636363635,0,15
Sepsis_2000_INSERTION_10.0_3_alpha.pnml,106,6,0.9182958340544896,0,0.9622641509433962,18,14.333333333333334,22,0.9761904761904762,0.0,0.06796116504854369,0.39622641509433965,0,0
RTFMS_10000_SUBSTITUTION_0.2_2_heuristics.pnml,80,25,0.943601631299382,4,1.0,58,4.333333333333333,11,1.0,0.3375,0.04344729344729345,1.525,31,3
Sepsis_4000_ABSENCE_4.0_2_heuristics.pnml,118,42,0.9656361333706098,7,1.0,88,5.130434782608695,14,1.0,0.6694915254237288,0.031698365031698365,1.6101694915254237,64,10
Sepsis_4000_ABSENCE_1.0_5_inductive.pnml,95,3,0.5107878229540133,9,0.9789473684210527,44,3.4545454545454546,11,1.0,0.25263157894736843,0.028455284552845527,1.3263157894736841,37,0
BPIC2012_1000_ABSENCE_0.4_5_heuristics.pnml,111,4,0.4488644887230294,1,0.9459459459459459,57,4.6875,11,0.9477124183006536,0.7657657657657657,0.028759398496240603,1.3783783783783783,52,0
Sepsis_10000_INSERTION_0.1_1_heuristics.pnml,115,33,0.9440870182837794,8,1.0,89,5.148936170212766,16,1.0,0.6521739130434783,0.03431372549019608,1.6434782608695653,59,7
Sepsis_1000_ABSENCE_10.0_1_heuristics.pnml,97,28,0.9268190639645772,4,1.0,72,5.0,14,1.0,0.5360824742268041,0.03904665314401623,1.5876288659793814,51,4
RTFMS_2000_SUBSTITUTION_4.0_1_inductive.pnml,147,0,0.7286561673702678,6,0.9727891156462585,91,4.203389830508475,14,1.0,0.16326530612244897,0.0225531914893617,1.4421768707482994,52,0
Sepsis_1000_INSERTION_4.0_1_heuristics.pnml,122,29,0.9182958340544896,4,1.0,96,6.102564102564102,17,1.0,0.6721311475409836,0.036594202898550726,1.6557377049180328,55,4
Sepsis_40000_SUBSTITUTION_4.0_4_inductive_inf.pnml,929,3,0.6695920597928519,11,0.9956942949407965,829,18.309278350515463,295,1.0,0.06458557588805167,0.012661955241460542,1.8514531754574812,79,0
Sepsis_10000_SUBSTITUTION_0.1_2_heuristics.pnml,115,29,0.9486131982385806,9,1.0,88,4.979591836734694,15,1.0,0.6260869565217392,0.03357142857142857,1.6347826086956523,60,7
RTFMS_2000_INSERTION_4.0_3_inductive.pnml,142,1,0.7147274731317892,6,0.971830985915493,89,4.285714285714286,15,1.0,0.16901408450704225,0.023596792668957617,1.4507042253521127,47,0
Sepsis_10000_ABSENCE_10.0_2_alpha.pnml,23,11,0.9402859586706311,8,0.9565217391304348,20,4.357142857142857,14,1.0,0.0,0.16964285714285715,1.6521739130434783,0,4
RTFMS_2000_MIXED_0.4_3_alpha.pnml,25,15,0.7219280948873623,9,0.96,8,4.0,9,1.0,0.0,0.10576923076923077,1.32,0,6
RTFMS_10000_ABSENCE_2.0_4_inductive.pnml,41,1,0.5435644431995964,1,0.975609756097561,27,3.875,7,1.0,0.7317073170731707,0.07407407407407407,1.3658536585365855,15,0
BPIC2012_10000_MIXED_0.4_5_alpha.pnml,49,15,0.9980008838722996,7,0.8367346938775511,19,3.8421052631578947,12,0.9433962264150944,0.0,0.05408163265306123,1.0816326530612246,0,4
RTFMS_100000_ABSENCE_2.0_2_alpha.pnml,26,27,0.9709505944546686,16,0.9615384615384616,11,4.333333333333333,10,1.0,0.0,0.1303030303030303,1.6538461538461537,0,11
BPIC2012_2000_SUBSTITUTION_2.0_1_heuristics.pnml,135,3,0.5813214987637028,3,0.9925925925925926,87,5.861111111111111,19,0.9803921568627451,0.7037037037037037,0.0297029702970297,1.511111111111111,54,0
RTFMS_1000_INSERTION_0.1_5_alpha.pnml,24,10,0.5435644431995964,6,0.8333333333333334,5,3.5,5,0.8571428571428572,0.0,0.0979020979020979,1.1666666666666667,0,5
RTFMS_20000_ORDERING_2.0_5_alpha.pnml,21,19,0.9456603046006401,10,0.9523809523809523,13,4.545454545454546,11,0.9714285714285714,0.47619047619047616,0.1590909090909091,1.6666666666666667,0,6
Sepsis_10000_MIXED_2.0_2_alpha.pnml,88,9,0.9957274520849255,7,0.9090909090909091,33,6.6923076923076925,21,0.9577464788732395,0.0,0.04551282051282051,0.8068181818181818,0,1
BPIC2012_10000_SUBSTITUTION_1.0_5_inductive_inf.pnml,149,1,0.3860189005698934,6,0.9194630872483222,90,4.377358490566038,17,1.0,0.7315436241610739,0.02163265306122449,1.4228187919463087,52,0
Sepsis_10000_ORDERING_4.0_3_alpha.pnml,23,8,0.9852281360342515,7,0.9565217391304348,19,4.5,15,1.0,0.0,0.17410714285714285,1.6956521739130435,0,5
RTFMS_10000_ABSENCE_0.1_1_inductive_inf.pnml,45,0,0.7219280948873623,2,0.8888888888888888,27,3.55,6,0.9833333333333333,0.8444444444444444,0.06302521008403361,1.3333333333333333,16,0
Sepsis_40000_ORDERING_0.2_5_alpha.pnml,24,16,0.954434002924965,12,0.9583333333333334,23,4.6875,14,1.0,0.25,0.17578125,1.875,0,6
BPIC2012_2000_MIXED_0.1_3_inductive_inf.pnml,136,1,0.7424875695421236,8,0.9264705882352942,66,3.43859649122807,6,0.9318181818181819,0.8897058823529411,0.019642857142857142,1.2941176470588236,54,0
BPIC2012_1000_INSERTION_1.0_1_inductive.pnml,163,0,0.7478061583312325,11,0.9815950920245399,82,3.3733333333333335,6,0.9626168224299065,0.8650306748466258,0.016635572139303483,1.312883435582822,67,0
BPIC2012_100000_MIXED_1.0_3_alpha.pnml,289,7,0.9182958340544896,7,0.9550173010380623,74,10.933333333333334,60,0.9863013698630136,0.0,0.021961492178098677,0.5051903114186851,0,0
RTFMS_10000_MIXED_10.0_2_heuristics.pnml,345,28,0.8756633923230397,3,1.0,312,15.318181818181818,92,1.0,0.34782608695652173,0.030982905982905984,1.8492753623188405,55,2
Sepsis_4000_INSERTION_1.0_3_inductive.pnml,155,8,0.5969995167604552,10,0.9870967741935484,75,3.5652173913043477,11,1.0,0.25806451612903225,0.018137425880711544,1.3419354838709678,57,0
RTFMS_1000_INSERTION_0.2_1_alpha.pnml,29,6,0.863120568566631,9,0.8620689655172413,10,3.5,5,0.9743589743589743,0.0,0.09558823529411764,1.3448275862068966,0,8
BPIC2012_2000_ORDERING_2.0_1_inductive.pnml,139,0,0.7578784625383954,10,0.9640287769784173,75,3.5,6,0.9731182795698925,0.8848920863309353,0.020008605851979347,1.3381294964028776,58,0
Sepsis_20000_INSERTION_10.0_2_inductive_inf.pnml,543,0,0.4021791902022728,6,0.996316758747698,487,20.52,99,1.0,0.08103130755064457,0.022001574665383605,1.852670349907919,46,0
BPIC2012_1000_INSERTION_0.4_3_inductive.pnml,146,0,0.7642045065086203,9,0.9383561643835616,71,3.4285714285714284,6,0.9368421052631579,0.9178082191780822,0.018410852713178296,1.3013698630136987,59,0
BPIC2012_4000_INSERTION_0.2_1_heuristics.pnml,124,2,0.7531979910695014,4,0.935483870967742,68,4.864864864864865,12,0.9542857142857143,0.7258064516129032,0.026774785801713587,1.4112903225806452,58,3
RTFMS_4000_MIXED_4.0_2_inductive.pnml,154,5,0.7281342378690551,8,0.974025974025974,93,4.125,15,1.0,0.15584415584415584,0.0211307824100514,1.4415584415584415,51,0
RTFMS_10000_INSERTION_1.0_5_alpha.pnml,74,7,1.0,5,0.9594594594594594,24,7.375,20,0.962962962962963,0.14864864864864866,0.046153846153846156,0.7297297297297297,0,2
BPIC2012_100000_MIXED_0.1_2_inductive_inf.pnml,121,0,0.6343095546405662,4,0.8512396694214877,72,3.8,7,1.0,0.7520661157024794,0.025015069318866788,1.371900826446281,43,0
Sepsis_4000_SUBSTITUTION_0.1_2_inductive.pnml,113,2,0.6500224216483541,9,0.9823008849557522,52,3.259259259259259,5,0.9863013698630136,0.24778761061946902,0.023278061224489797,1.2920353982300885,45,0
BPIC2012_40000_INSERTION_2.0_3_inductive.pnml,719,9,0.7358460657092719,22,0.9944367176634215,524,6.5353535353535355,59,1.0,0.13351877607788595,0.006618763741868214,1.6244784422809457,176,0
RTFMS_4000_MIXED_2.0_2_heuristics.pnml,99,22,0.934068055375491,4,1.0,71,4.75,15,1.0,0.3838383838383838,0.03793103448275862,1.5555555555555556,40,3
Sepsis_1000_ABSENCE_0.4_1_alpha.pnml,23,15,0.9182958340544896,7,0.9130434782608696,16,4.333333333333333,14,1.0,0.0,0.15625,1.5217391304347827,0,2
BPIC2012_4000_ORDERING_0.2_2_alpha.pnml,33,9,0.9957274520849255,5,0.8484848484848485,13,4.0,13,0.9166666666666666,0.0,0.08333333333333333,1.0909090909090908,0,1
Sepsis_1000_MIXED_0.4_5_inductive.pnml,97,3,0.5032583347756457,9,0.9690721649484536,42,3.311111111111111,11,0.9841269841269842,0.32989690721649484,0.027131782945736434,1.2989690721649485,37,0
BPIC2012_40000_ORDERING_0.2_4_heuristics.pnml,128,2,0.7691928290130138,4,0.9765625,73,4.8,13,0.9672131147540983,0.6953125,0.026361279170267933,1.4296875,64,3
RTFMS_20000_inductive_inf.pnml,50,0,0.8112781244591328,3,0.96,29,3.4166666666666665,4,1.0,0.74,0.055,1.32,18,0
BPIC2012_20000_ABSENCE_10.0_3_inductive.pnml,111,1,0.6420642892306891,6,0.963963963963964,65,3.6122448979591835,8,0.9933333333333333,0.8828828828828829,0.025879917184265012,1.3513513513513513,44,0
RTFMS_4000_ORDERING_1.0_3_alpha.pnml,26,12,0.9910760598382222,16,1.0,20,4.444444444444445,11,1.0,0.46153846153846156,0.14545454545454545,1.8461538461538463,0,13
RTFMS_1000_ORDERING_4.0_1_inductive.pnml,34,1,0.6840384356390417,3,0.9411764705882353,18,4.363636363636363,8,0.9130434782608696,0.5588235294117647,0.08214285714285714,1.3529411764705883,8,0
RTFMS_10000_MIXED_0.4_1_inductive.pnml,75,1,0.6962122601251458,4,0.9466666666666667,46,3.9375,7,1.0,0.41333333333333333,0.041601255886970175,1.4133333333333333,25,0
RTFMS_20000_ABSENCE_10.0_5_alpha.pnml,27,23,0.9886994082884974,16,1.0,13,4.25,9,1.0,0.25925925925925924,0.1278409090909091,1.6666666666666667,0,11
BPIC2012_2000_INSERTION_0.1_1_inductive.pnml,137,0,0.7219280948873623,9,0.927007299270073,67,3.4,6,0.9438202247191011,0.9197080291970803,0.019517543859649124,1.2992700729927007,55,0
RTFMS_2000_INSERTION_1.0_4_inductive.pnml,79,1,0.6252624052234231,3,0.9493670886075949,44,3.6875,7,0.9811320754716981,0.5569620253164557,0.036551724137931035,1.3417721518987342,28,0
RTFMS_20000_SUBSTITUTION_0.4_5_heuristics.pnml,120,23,0.8582307926411411,3,1.0,92,5.794871794871795,22,1.0,0.23333333333333334,0.03675634710117469,1.6166666666666667,44,1
RTFMS_1000_ABSENCE_10.0_4_inductive.pnml,53,3,0.6500224216483541,2,0.9811320754716981,32,3.4166666666666665,5,1.0,0.07547169811320754,0.05303030303030303,1.320754716981132,21,0
Sepsis_20000_SUBSTITUTION_0.1_4_alpha.pnml,30,9,0.9612366047228759,6,0.8666666666666667,22,4.461538461538462,15,1.0,0.0,0.152,1.2666666666666666,0,0
Sepsis_20000_INSERTION_1.0_3_inductive.pnml,279,4,0.7024665512903903,13,0.985663082437276,175,4.571428571428571,37,1.0,0.1863799283154122,0.012553062462098242,1.4838709677419355,90,0
Sepsis_2000_SUBSTITUTION_1.0_3_inductive_inf.pnml,116,1,0.32744491915447627,8,0.9310344827586207,58,3.52,10,1.0,0.3448275862068966,0.02374344742522356,1.3275862068965518,47,0
Sepsis_10000_inductive_inf.pnml,89,4,0.5435644431995964,8,0.9775280898876404,39,3.4,10,0.9827586206896551,0.2696629213483146,0.029743589743589743,1.303370786516854,33,0
Sepsis_10000_MIXED_0.4_5_inductive.pnml,117,1,0.7219280948873623,7,0.9829059829059829,62,3.4545454545454546,8,1.0,0.6153846153846154,0.023882424984690752,1.3333333333333333,45,0
BPIC2012_10000_SUBSTITUTION_0.2_1_heuristics.pnml,134,0,0.7320666900931938,4,0.9253731343283582,80,5.205128205128205,15,0.9743589743589743,0.7164179104477612,0.026726973684210526,1.455223880597015,57,3
Sepsis_1000_inductive.pnml,91,3,0.5349436990971066,9,0.967032967032967,38,3.341463414634146,11,0.9661016949152542,0.26373626373626374,0.02878048780487805,1.2967032967032968,33,0
BPIC2012_4000_SUBSTITUTION_4.0_4_heuristics.pnml,234,5,0.6987003526563343,4,0.9914529914529915,167,7.471698113207547,27,0.9867724867724867,0.6495726495726496,0.02084942084942085,1.6153846153846154,81,3
Sepsis_40000_ORDERING_1.0_4_inductive.pnml,97,0,0.6840384356390417,7,0.979381443298969,50,3.4545454545454546,6,0.984375,0.8247422680412371,0.028070175438596492,1.3195876288659794,40,0
Sepsis_40000_SUBSTITUTION_0.1_2_inductive.pnml,174,3,0.7072324944713735,10,0.9770114942528736,92,3.4457831325301207,8,1.0,0.20689655172413793,0.016320267819779608,1.3448275862068966,70,0
Sepsis_100000_MIXED_0.1_2_inductive.pnml,206,7,0.7537153483720095,11,0.9805825242718447,113,3.5670103092783507,10,1.0,0.1941747572815534,0.014271255060728745,1.3689320388349515,84,0
